# OpenNGC (https://github.com/mattiaverga/OpenNGC), CC-BY-SA-4.0
# id	common	type	ra_hours	dec_deg	mag	size_arcmin	alias
B033	Horsehead Nebula	DN	5.683056	-2.458333	99.0	6.0	
C009	Cave Nebula	EN	22.965	62.518333	99.0	50.0	
C014	Double Cluster	STAR	2.345	57.1375	99.0	50.0	
C041	Hyades	OC	4.448333	15.866667	99.0	329.0	
C099	Coalsack Nebula	DN	12.521944	-63.743333	99.0	0.0	
Cl399	Brocchi's Cluster	STAR	19.423333	20.183333	3.6	70.0	
ESO056-115	Large Magellanic Cloud	GX	5.392917	-69.756111	0.29	646.0	
ESO097-013	Circinus Galaxy	GX	14.219431	-65.339222	10.56	8.71	
ESO107-004		GX	21.058228	-67.181333	11.97	2.14	
ESO121-006		GX	6.124961	-61.807583	12.6	4.17	
ESO121-026		GX	6.360764	-59.739917	11.94	2.4	
ESO138-010		GX	16.984153	-60.216028	11.42	5.5	
ESO142-019		GX	19.555267	-58.11425	11.93	2.45	
ESO183-030		GX	18.948872	-54.545444	11.67	2.34	
ESO185-054		GX	20.057508	-55.947167	11.24	2.09	
ESO208-021		GX	7.565625	-50.443028	11.22	3.8	
ESO213-011		GX	10.282089	-48.881083	11.87	3.55	
ESO221-026		GX	14.139947	-47.970472	11.06	3.16	
ESO265-007		GX	11.130436	-46.524306	11.38	4.68	
ESO269-057		GX	13.167897	-46.437333	11.86	3.71	
ESO270-017	Fourcade-Figueroa	GX	13.579806	-45.5475	11.72	11.48	
ESO273-014		GX	14.975103	-47.698944	11.96	4.79	
ESO274-001		GX	15.237178	-46.807944	11.19	9.77	
ESO311-012		GX	7.792792	-41.452139	11.83	4.37	
ESO351-030	Sculptor Dwarf Elliptical	GX	1.002597	-33.709028	8.6	15.26	
ESO356-004	Fornax Dwarf Spheroidal	GX	2.666481	-34.449194	7.4	12.88	
ESO358-063		GX	3.771947	-34.943556	11.89	4.27	
ESO373-008		GX	9.555975	-33.0335	11.93	3.72	
ESO380-001		GX	12.245867	-35.509806	11.89	2.14	
ESO380-006		GX	12.259519	-35.62975	11.54	3.63	
ESO383-087		GX	13.821528	-36.063444	10.91	4.27	
ESO390-006		GC	16.477806	-35.353611	12.0	5.4	
ESO428-011		GX	7.258689	-29.359028	11.89	1.82	
ESO443-024		GX	13.016886	-32.441306	11.84	2.34	
ESO462-015		GX	20.387178	-27.714556	11.92	2.14	
ESO494-026		GX	8.103081	-27.528417	11.51	4.07	
ESO495-021		GX	8.604203	-26.409389	11.83	1.95	
ESO507-025		GX	12.858844	-26.452083	11.6	2.63	
ESO556-015		GX	6.351544	-20.048417	11.83	2.57	
H05		OC	12.454444	-60.778333	7.1	6.0	
H13		OC	17.064167	-48.083333	99.0	4.5	
H20		OC	19.885	18.333333	7.7	5.1	
H21		OC	23.903667	61.74	9.0	1.8	
HCG079	Seyfert's Sextet	GX	15.986639	20.758611	99.0	2.8	
HCG092	Stephan's Quintet	GX	22.599722	33.958333	99.0	4.4	
IC 1		STAR	0.140847	27.717667	99.0	0.0	
IC 10		GX	0.33815	59.303778	10.35	6.76	
IC 100		GX	1.381656	-4.643028	14.48	1.04	
IC 1000		GX	14.327864	17.854694	14.47	1.01	
IC 1001		GX	14.344353	5.427361	15.01	0.81	
IC 1002		GX	14.345078	5.485778	15.43	0.59	
IC 1003		GX	14.358267	5.073194	15.33	1.04	
IC 1004		GX	14.350633	17.700583	15.82	0.95	
IC 1006		GX	14.383083	23.794333	15.12	0.89	
IC 1007		GX	14.410164	4.559167	15.04	0.75	
IC 1008		GX	14.395164	28.347861	99.0	0.8	
IC 1008 NED01		GX	14.395072	28.346083	15.33	0.57	
IC 1008 NED02		GX	14.395319	28.347417	15.11	0.86	
IC 1009		GX	14.438222	12.352917	15.16	0.87	
IC 101		GX	1.402375	9.930528	15.03	1.24	
IC 1010		GX	14.455656	1.025861	14.56	1.52	
IC 1011		GX	14.467925	1.006306	14.69	0.84	
IC 1012		GX	14.452639	30.948222	14.73	1.09	
IC 1013		GX	14.46635	25.866333	16.62	0.95	
IC 1014		GX	14.471786	13.780222	13.9	2.0	
IC 1015		GX	14.471986	15.420111	99.0	1.0	
IC 1015 NED01		GX	14.471911	15.416361	15.56	0.59	
IC 1015 NED02		GX	14.472142	15.421944	16.54	0.72	
IC 1015 NED03		GX	14.472017	15.421167	16.1	0.74	
IC 1017		GX	14.468675	25.868778	14.64	1.07	
IC 1018		GX	14.470222	25.830528	16.08	0.57	
IC 1019		GX	14.470411	25.947417	15.05	0.6	
IC 102		GX	1.407314	9.886556	15.57	0.75	
IC 1020		GX	14.480414	26.032278	14.95	1.06	
IC 1021		GX	14.488092	20.654528	15.04	0.62	
IC 1022		GX	14.500511	3.772861	15.16	0.97	
IC 1023		OC	14.540317	-35.803583	99.0	5.1	
IC 1024		GX	14.524222	3.009083	13.98	1.11	
IC 1025		GX	14.524522	7.063917	15.35	0.58	
IC 1027		GX	14.496806	53.965028	15.24	1.35	
IC 1028		GX	14.554564	41.650389	14.74	1.04	
IC 1029		GX	14.540906	49.904611	11.29	2.78	
IC 103		GX	1.410122	2.04425	15.36	0.95	
IC 1031		GX	14.573328	48.037444	15.43	0.79	
IC 1032		GX	14.577633	47.967972	15.68	0.65	
IC 1033		GX	14.578264	47.937806	15.02	1.05	
IC 1034		GX	14.620481	14.665139	15.55	0.59	
IC 1035		GX	14.636169	9.336028	14.95	1.07	
IC 1036		GX	14.639664	18.111222	15.66	0.58	
IC 1037		GX	14.640381	18.184028	14.82	0.99	
IC 1038		GX	14.657619	11.928639	15.43	0.63	
IC 1039		GX	14.674833	3.43275	15.72	0.68	
IC 104		STAR	1.409333	-1.456722	8.79	0.0	
IC 1040		GX	14.672981	9.476139	15.44	0.5	
IC 1041		GX	14.677194	3.377028	14.9	0.87	
IC 1042		GX	14.677506	3.469722	14.7	1.13	
IC 1043		GX	14.678708	3.374028	15.76	0.74	
IC 1044		GX	14.691394	9.430917	14.77	1.51	
IC 1046		GX	14.631506	69.014472	14.65	0.78	
IC 1047		GX	14.705547	19.191833	15.53	0.72	
IC 1048		GX	14.716111	4.889472	13.89	2.08	
IC 1049		GX	14.6592	62.002944	14.7	0.92	
IC 105		GX	1.412847	2.075278	15.59	0.58	
IC 1050		GX	14.735311	18.012639	15.24	0.83	
IC 1051		GX	14.736553	19.020222	15.36	0.74	
IC 1052		GX	14.737253	20.614	15.38	1.02	
IC 1053		GX	14.762008	16.946917	15.17	0.55	
IC 1054		GX	14.775344	1.27475	14.79	1.03	
IC 1055		GX	14.790469	-13.716139	13.12	2.26	
IC 1056		GX	14.763625	50.394056	14.32	1.51	
IC 1058		GX	14.820108	17.020944	14.87	1.49	
IC 1059		GX	14.845156	-0.875806	15.23	0.88	
IC 1060		GX	14.863153	-7.232639	15.13	1.22	
IC 1061		GX	14.853956	18.757556	16.0	0.49	
IC 1062		GX	14.854906	18.686972	15.28	0.94	
IC 1063		GX	14.869728	4.682056	14.87	0.74	
IC 1065		GX	14.822658	63.270556	13.71	0.88	
IC 1066		GX	14.884128	3.296028	14.13	1.21	
IC 1067		GX	14.884792	3.331778	13.52	1.82	
IC 1068		GX	14.892478	3.077306	14.64	0.92	
IC 1069		GX	14.846256	54.411167	14.88	1.47	
IC 107		GX	1.423517	14.864611	14.25	1.62	
IC 1070		GX	14.897578	3.484667	15.88	0.78	
IC 1071		GX	14.903472	4.750028	14.46	1.09	
IC 1072		GX	14.90365	4.841556	15.28	0.87	
IC 1073		GX	14.903986	4.794389	15.49	0.52	
IC 1074		GX	14.865922	51.264889	15.05	0.92	
IC 1075		GX	14.913681	18.105972	14.87	1.19	
IC 1076		GX	14.916561	18.037333	13.69	0.91	
IC 1077		GX	14.956033	-19.213694	13.46	1.31	
IC 1078		GX	14.941394	9.354528	14.72	0.99	
IC 1079		GX	14.943378	9.36975	14.65	1.46	
IC 108		GX	1.410822	-12.635583	15.48	1.3	
IC 1080		GX	14.966617	-6.723306	14.98	1.22	
IC 1081		GX	14.981961	-19.239083	14.75	1.66	
IC 1082		GX	14.981247	7.007306	15.28	0.86	
IC 1083		GX	14.925947	68.408583	15.16	0.72	
IC 1084		GX	15.0208	-7.474917	14.23	0.87	
IC 1085		GX	15.045381	17.252528	14.91	0.94	
IC 1086		GX	15.058103	17.114417	15.32	0.69	
IC 1087		GX	15.112192	3.776833	15.47	0.74	
IC 1088		STAR	15.113172	3.791861	99.0	0.0	
IC 1089		GX	15.123886	7.11675	15.24	0.97	
IC 109		GX	1.420303	2.066222	14.87	0.76	
IC 1090		OTHER	15.095319	42.682361	99.0	0.0	
IC 1091		GX	15.137086	-11.140917	14.34	1.09	
IC 1092		GX	15.1267	9.358222	15.04	1.01	
IC 1093		GX	15.126567	14.548	14.99	1.0	
IC 1094		GX	15.128389	14.625	99.0	0.8	
IC 1094 NED01		GX	15.128281	14.621889	16.57	0.55	
IC 1094 NED02		GX	15.128386	14.627972	16.3	0.54	
IC 1094 NED03		GX	15.128497	14.62675	17.14	0.52	
IC 1095		GX	15.143069	13.670611	15.3	0.65	
IC 1096		GX	15.139325	19.192111	15.69	0.56	
IC 1097		GX	15.142028	19.184333	14.83	0.91	
IC 1098		STAR	15.107011	55.601667	99.0	0.0	
IC 1099		GX	15.115181	56.509	14.78	1.12	
IC 110		OTHER	1.429611	33.514694	99.0	0.0	
IC 1101		GX	15.18225	5.744778	15.34	1.2	
IC 1102		GX	15.184708	4.293861	15.5	1.04	
IC 1103		GX	15.193297	19.207778	15.81	0.91	
IC 1104		STAR	15.213856	-5.055611	99.0	0.0	
IC 1105		GX	15.220531	4.287556	14.94	0.95	
IC 1106		GX	15.2323	4.710972	15.13	0.91	
IC 1107		GX	15.235822	4.714417	15.91	0.7	
IC 1109		GX	15.284439	5.256111	15.37	0.81	
IC 111		OTHER	1.433369	33.497111	99.0	0.0	
IC 1110		GX	15.201408	67.362583	14.83	1.26	
IC 1112		GX	15.296486	7.218278	15.07	1.02	
IC 1113		GX	15.304197	12.488667	15.28	0.87	
IC 1114		STAR	15.190469	75.426694	99.0	0.0	
IC 1115		STAR	15.37195	-4.473861	99.0	0.0	
IC 1116		GX	15.365353	8.423778	14.53	1.07	
IC 1117		GX	15.406361	15.488583	15.68	0.73	
IC 1118		GX	15.416536	13.445083	14.91	1.23	
IC 1119		GX	15.428967	-3.656306	99.0	1.0	
IC 1119 NED01		GX	15.428931	-3.653944	16.5	0.52	
IC 1119 NED02		GX	15.429061	-3.658056	15.28	0.62	
IC 112		GX	1.434172	11.442972	14.17	0.72	
IC 1120		GX	15.4364	18.872333	16.23	0.67	
IC 1121		GX	15.462239	6.803889	15.42	1.05	
IC 1122		GX	15.489742	7.617417	15.58	0.6	
IC 1123		STAR	15.481697	42.898528	99.0	0.0	
IC 1124		GX	15.500242	23.638417	14.45	1.1	
IC 1125		GX	15.551558	-1.62825	14.32	1.61	
IC 1126		STAR	15.583561	4.990417	99.0	0.0	
IC 1129		GX	15.533561	68.246333	13.5	1.01	
IC 113		GX	1.440417	19.191972	99.0	0.35	
IC 1130		GX	15.628897	17.244417	15.56	0.74	
IC 1131		GX	15.647694	12.080639	14.73	0.85	
IC 1132		GX	15.668544	20.680611	14.37	1.05	
IC 1133		GX	15.686664	15.573417	14.73	1.27	
IC 1134		GX	15.749583	16.962111	15.41	0.87	
IC 1135		GX	15.759642	17.700083	15.14	0.85	
IC 1136		GX	15.792886	-1.545278	15.21	0.75	
IC 1137		GX	15.809056	8.587917	14.71	0.86	
IC 1138		GX	15.804381	26.206222	15.27	1.04	
IC 1139		GX	15.490583	82.583861	15.62	0.65	
IC 114		GX	1.439606	9.909944	15.62	1.4	
IC 1140		OTHER	15.823683	19.113444	99.0	0.0	
IC 1141		GX	15.829706	12.399333	14.52	0.47	
IC 1142		GX	15.840533	18.139583	14.96	1.03	
IC 1143		GX	15.515544	82.455778	14.62	1.45	
IC 1144		GX	15.856025	43.417667	14.69	0.74	
IC 1145		GX	15.735708	72.431167	15.12	1.45	
IC 1146		GX	15.806133	69.385583	14.65	1.29	
IC 1147		GX	15.836558	69.560056	15.52	0.45	
IC 1149		GX	15.968883	12.070278	14.05	1.07	
IC 115		GX	1.448456	19.214694	14.03	0.76	
IC 1150		OTHER	15.971822	15.874528	99.0	0.0	
IC 1151		GX	15.97565	17.441472	12.92	2.23	
IC 1152		GX	15.945367	48.095	14.21	1.15	
IC 1153		GX	15.950836	48.168389	13.57	1.2	
IC 1154		GX	15.874614	70.375083	14.67	1.77	
IC 1155		GX	16.009933	15.685639	14.35	0.79	
IC 1156		GX	16.010378	19.723222	13.44	1.1	
IC 1157		GX	16.015628	15.526444	15.56	0.82	
IC 1158		GX	16.026133	1.707833	13.09	1.89	
IC 1159		GX	16.017072	15.419972	15.66	0.76	
IC 116		GX	1.447381	-4.982278	14.62	0.87	
IC 1160		GX	16.017364	15.494694	15.59	0.77	
IC 1161		GX	16.021339	15.645417	15.15	0.71	
IC 1162		GX	16.021203	17.677833	14.68	0.72	
IC 1163		GX	16.025153	15.503917	14.93	0.79	
IC 1164		STAR	15.917419	70.586972	99.0	0.0	
IC 1165		GX	16.035611	15.693889	99.0	0.9	
IC 1165 NED01		GX	16.035564	15.696556	14.95	0.69	
IC 1165 NED02		GX	16.035733	15.693167	15.63	0.63	
IC 1166		GX	16.035806	26.327222	99.0	0.6	
IC 1166 NED01		GX	16.035811	26.329333	16.77	0.53	
IC 1166 NED02		GX	16.035786	26.325333	17.07	0.41	
IC 1167		GX	16.064683	14.946444	15.5	0.62	
IC 1168		GX	16.065469	14.902417	15.62	1.32	
IC 1169		GX	16.070397	13.744028	14.06	1.06	
IC 1170		GX	16.075469	17.721472	17.41	0.5	
IC 1171		STAR	16.081067	17.978222	99.0	0.0	
IC 1173		GX	16.086822	17.422861	14.57	0.92	
IC 1174		GX	16.090783	15.025333	14.37	1.03	
IC 1175		STAR	16.089617	18.163111	99.0	0.0	
IC 1177		GX	16.088831	18.315361	16.23	0.54	
IC 1178		GX	16.092533	17.601444	13.92	1.34	
IC 118		GX	1.460011	-4.997472	15.81	0.72	
IC 1180		STAR	16.091697	18.149667	99.0	0.0	
IC 1181		GX	16.092736	17.593694	14.79	1.01	
IC 1182		GX	16.093556	17.802139	14.65	0.84	
IC 1184		OTHER	16.095222	17.79	99.0	0.0	
IC 1185		GX	16.095747	17.717028	13.84	0.74	
IC 1186		GX	16.095617	17.362167	14.69	0.78	
IC 1187		GX	15.986161	70.556972	15.43	0.35	
IC 1188		GX	16.102133	17.46	99.0	0.7	
IC 1188A		GX	16.102028	17.460806	15.65	0.55	
IC 1188B		GX	16.1023	17.461639	17.42	0.28	
IC 1189		GX	16.104119	18.182889	14.43	0.79	
IC 119		GX	1.465283	-2.040472	15.18	1.19	
IC 1190		GX	16.097892	18.220528	14.68	1.28	
IC 1191		GX	16.107986	18.267889	99.0	0.7	
IC 1191 NED01		GX	16.108053	18.267861	16.63	0.71	
IC 1191 NED02		GX	16.10825	18.267861	17.0	0.4	
IC 1192		GX	16.109203	17.775639	14.89	0.91	
IC 1193		GX	16.108944	17.713861	14.38	0.78	
IC 1194		GX	16.110931	17.761194	14.3	0.64	
IC 1195		GX	16.111356	17.191806	14.83	0.61	
IC 1196		GX	16.132881	10.779639	14.69	1.04	
IC 1197		GX	16.138131	7.5385	14.36	2.56	
IC 1198		GX	16.143436	12.330944	14.94	0.79	
IC 1199		GX	16.176208	10.040361	14.54	1.19	
IC 12		GX	0.337514	-2.653111	15.08	0.96	
IC 120		GX	1.470267	-1.915528	15.12	0.92	
IC 1201		GX	16.094903	69.593806	15.58	0.68	
IC 1203		STAR	16.254444	-22.370583	99.0	3.5	
IC 1204		GX	16.120967	69.931472	15.3	0.65	
IC 1205		GX	16.237756	9.537194	14.55	0.69	
IC 1206		GX	16.253631	11.297389	14.81	1.12	
IC 1207		STAR	16.324089	-29.651111	99.0	2.0	
IC 1208		GX	16.263303	36.527333	15.03	1.25	
IC 1209		GX	16.311006	15.558361	14.88	1.36	
IC 121		GX	1.472717	2.513028	14.25	1.0	
IC 1210		GX	16.241708	62.536694	14.56	1.38	
IC 1211		GX	16.281106	53.006028	13.76	1.34	
IC 1212		GX	16.258542	64.224806	15.32	0.77	
IC 1214		GX	16.269917	65.968778	14.95	1.05	
IC 1215		GX	16.259758	68.397667	13.7	0.91	
IC 1216		GX	16.265383	68.349889	14.87	0.75	
IC 1217		OTHER	16.267806	69.6765	99.0	0.0	
IC 1218		GX	16.276972	68.202639	15.3	0.92	
IC 1219		GX	16.407625	19.482583	15.13	1.31	
IC 122		GX	1.470333	-14.838889	15.96	0.65	
IC 1220		GX	16.493972	8.450722	14.73	1.24	
IC 1221		GX	16.578231	46.392056	14.59	1.0	
IC 1222		GX	16.585889	46.213917	13.37	1.51	
IC 1223		GX	16.595128	49.220528	15.3	0.82	
IC 1224		GX	16.715636	19.254361	15.37	1.28	
IC 1225		GX	16.614589	67.629417	15.42	1.37	
IC 1226		GX	16.685158	46.004056	15.3	0.57	
IC 1228		GX	16.7018	65.5855	14.43	1.32	
IC 1229		GX	16.749672	51.308083	15.96	0.44	
IC 123		GX	1.480961	2.446444	15.16	0.67	
IC 1230		GX	16.750411	51.259583	99.0	0.92	
IC 1231		GX	16.783061	58.423167	13.2	1.88	
IC 1234		STAR	16.880808	56.877778	99.0	0.0	
IC 1235		GX	16.867675	63.115806	15.04	0.76	
IC 1236		GX	16.974889	20.041472	13.64	1.17	
IC 1237		GX	16.937792	55.026472	14.6	1.97	
IC 1238		STAR	17.008375	23.07675	99.0	0.0	
IC 124		STAR	1.485856	-1.937028	14.4	0.0	
IC 1240		OTHER	17.016353	61.050444	99.0	0.0	
IC 1241		GX	17.024506	63.691111	13.72	1.16	
IC 1242		GX	17.145244	4.049889	14.86	0.84	
IC 1243		OTHER	17.173486	10.766611	99.0	0.0	
IC 1244		GX	17.176031	36.303306	14.52	1.13	
IC 1245		GX	17.210167	38.020444	14.9	1.85	
IC 1246		STAR	17.236744	20.237306	99.0	0.0	
IC 1247		STAR	17.272817	-12.780889	99.0	0.0	
IC 1248		GX	17.194494	59.995611	14.59	0.82	
IC 1249		GX	17.248644	35.520111	14.83	0.24	
IC 125		GX	1.488431	-13.279833	16.18	0.61	
IC 1250		GX	17.241436	57.416778	15.95	0.59	
IC 1251		GX	17.17025	72.4105	14.33	1.21	
IC 1252		GX	17.263994	57.366806	15.64	1.06	
IC 1254		GX	17.192614	72.402	13.95	0.91	
IC 1255		GX	17.384831	12.695444	14.15	0.98	
IC 1256		GX	17.396475	26.486528	13.55	1.28	
IC 1257		GC	17.452328	-7.093083	99.0	3.3	
IC 1258		GX	17.454828	58.485472	14.43	0.91	
IC 1259		GX	17.457167	58.516667	99.0	0.9	
IC 1259 NED01		GX	17.456864	58.516917	15.22	0.91	
IC 1259 NED02		GX	17.457439	58.516556	14.11	1.11	
IC 126		GX	1.496628	-1.98375	15.66	0.89	
IC 1260		GX	17.458811	58.475861	15.7	0.42	
IC 1261		GX	17.389822	71.263639	99.0	1.1	
IC 1261 NED01		GX	17.390589	71.262806	15.98	0.84	
IC 1261 NED02		GX	17.389133	71.264361	14.9	0.69	
IC 1262		GX	17.550561	43.759611	13.65	1.64	
IC 1263		GX	17.552	43.822083	14.71	1.63	
IC 1264		GX	17.554678	43.629222	15.52	1.37	
IC 1265		GX	17.610953	42.088417	14.04	1.85	
IC 1266		PN	17.759806	-46.089861	11.2	0.16	
IC 1267		GX	17.646081	59.373139	13.42	1.38	
IC 1268		GX	17.844247	17.209444	15.21	0.66	
IC 1269		GX	17.868333	21.569639	12.82	1.32	
IC 127		GX	1.496558	-6.980056	9.2	1.69	
IC 1270		STAR	17.799167	62.223444	99.0	0.0	
IC 1271		EN	18.086975	-24.410528	99.0	0.0	
IC 1272		OTHER	18.082153	25.129194	99.0	0.0	
IC 1273		STAR	18.084097	25.132111	99.0	0.0	
IC 1274		EN	18.164175	-23.648222	99.0	20.0	
IC 1275		EN	18.168664	-23.761222	99.0	0.0	
IC 1276		GC	18.178964	-7.207583	99.0	9.6	
IC 1277		GX	18.174247	31.003167	14.95	0.98	
IC 1278		OTHER	18.178236	31.149917	99.0	0.0	
IC 1279		GX	18.187606	36.007778	14.38	2.34	
IC 128		GX	1.523297	-12.624389	15.35	0.82	
IC 1281		GX	18.193917	35.992222	99.0	1.3	
IC 1281 NED01		GX	18.193894	35.987417	16.39	0.54	
IC 1281 NED02		GX	18.193933	35.99725	15.58	0.57	
IC 1282		OTHER	18.234792	21.102194	99.0	0.0	
IC 1283		EN	18.288014	-19.762222	99.0	15.0	
IC 1284		EN	18.294342	-19.672028	7.7	16.98	
IC 1285		OTHER	18.269492	25.100333	99.0	0.0	
IC 1286		GX	18.270631	55.591	14.72	1.42	
IC 1287		RN	18.523803	-10.795806	6.1	20.0	
IC 1288		GX	18.489572	39.713361	14.24	1.09	
IC 1289		GX	18.500636	39.964028	15.27	0.66	
IC 129		GX	1.52535	-12.654389	15.28	1.23	
IC 1290		STAR	18.643142	-24.096833	99.0	0.0	
IC 1291		GX	18.564603	49.278611	13.03	1.33	
IC 1292		OTHER	18.744569	-27.816278	99.0	0.0	
IC 1293		OTHER	18.693514	56.317778	99.0	0.0	
IC 1294		OTHER	18.830681	40.209389	99.0	0.0	
IC 1295		PN	18.910314	-8.827028	12.5	1.5	
IC 1296		GX	18.888564	33.066583	15.35	0.99	
IC 1297		PN	19.289833	-39.613056	10.7	0.12	
IC 1298		OTHER	19.309914	-1.596194	99.0	0.0	
IC 1299		OC	19.378342	20.739556	14.0	2.0	
IC 13		GX	0.338914	7.7005	14.93	1.29	
IC 130		GX	1.52465	-15.591611	15.49	0.75	
IC 1301		GX	19.442217	50.125278	14.25	1.44	
IC 1302		GX	19.514692	35.78525	13.35	0.95	
IC 1303		GX	19.525017	35.876611	14.83	1.18	
IC 1304		STAR	19.592914	41.111833	99.0	0.0	
IC 1305		OTHER	19.65475	20.194278	99.0	0.0	
IC 1306		STAR	19.694775	37.685194	99.0	0.0	
IC 1307		STAR	19.708917	27.752639	99.0	0.0	
IC 1308		EN	19.751456	-14.72025	99.0	0.0	
IC 1309		GX	20.050422	-17.232083	15.06	0.87	
IC 131		EN	1.55405	30.75325	12.52	0.3	
IC 1310		OC	20.166939	34.968889	99.0	15.0	
IC 1311		OC	20.17995	41.173944	13.1	6.3	
IC 1312		OTHER	20.280972	18.045972	99.0	0.0	
IC 1313		GX	20.312128	-16.945972	15.0	1.61	
IC 1314		STAR	20.297222	25.089778	99.0	0.0	
IC 1315		OTHER	20.289431	30.689083	99.0	0.0	
IC 1316		OTHER	20.373844	6.501694	99.0	0.0	
IC 1317		GX	20.387664	0.664722	13.73	0.76	
IC 1318	gam Cyg	STAR	20.370469	40.256694	2.23	0.0	
IC 1319		GX	20.433869	-18.504083	14.84	0.79	
IC 132		EN	1.554422	30.945611	14.82	0.67	
IC 1320		GX	20.440461	2.909722	14.44	1.07	
IC 1321		GX	20.469736	-18.2915	15.24	1.1	
IC 1322		GX	20.502356	-15.227833	15.47	1.1	
IC 1323		STAR	20.508056	-15.181944	99.0	0.0	
IC 1324		GX	20.536753	-9.056111	14.29	1.25	
IC 1327		GX	20.594797	-0.005778	14.92	0.93	
IC 1328		GX	20.699178	-19.633056	14.88	0.89	
IC 1329		OTHER	20.728364	15.597417	99.0	0.0	
IC 133		EN	1.554217	30.888389	18.45	0.45	
IC 1330		GX	20.770817	-14.023222	99.0	1.25	
IC 1331		GX	20.796881	-9.995944	14.69	1.75	
IC 1332		GX	20.864275	-13.711528	15.88	1.16	
IC 1333		GX	20.871444	-16.28575	15.46	1.37	
IC 1335		GX	20.885033	-16.335444	15.96	0.89	
IC 1336		GX	20.918033	-18.038722	15.29	0.86	
IC 1337		GX	20.947972	-16.585833	14.68	0.84	
IC 1338		GX	20.9494	-16.492611	15.59	0.76	
IC 1339		GX	20.965422	-17.942833	14.17	1.51	
IC 134		STAR	1.556944	30.900667	15.98	0.0	
IC 1340		SNR	20.935625	31.047861	99.0	25.12	
IC 1341		GX	21.004633	-13.976333	15.24	0.95	
IC 1342		GX	21.007067	-14.495861	99.0	1.08	
IC 1343		GX	21.01685	-15.403694	15.16	1.02	
IC 1344		GX	21.021236	-13.380278	14.57	1.15	
IC 1345		GX	21.022833	-13.397611	15.58	0.48	
IC 1346		GX	21.02695	-13.960694	14.92	1.23	
IC 1347		GX	21.028997	-13.313306	15.62	1.42	
IC 1348		GX	21.028919	-13.358	15.58	0.37	
IC 1349		GX	21.030681	-13.2655	15.47	0.72	
IC 135		EN	1.570981	30.620083	99.0	0.4	
IC 1350		GX	21.031192	-13.852667	14.79	0.91	
IC 1351		GX	21.031233	-13.201861	15.65	0.74	
IC 1352		GX	21.031917	-13.384083	16.38	0.5	
IC 1353		GX	21.032311	-13.272833	16.38	0.45	
IC 1355		GX	21.032886	-13.173	15.66	0.4	
IC 1356		GX	21.048056	-15.811583	15.2	0.82	
IC 1357		GX	21.099253	-10.71625	15.85	1.28	
IC 1358		GX	21.108169	-16.204444	15.65	0.5	
IC 1359		GX	21.145283	12.484278	14.74	1.16	
IC 136		STAR	1.571122	30.562056	11.04	0.0	
IC 1360		GX	21.180644	5.071361	15.4	0.8	
IC 1361		GX	21.191428	5.054333	15.39	0.78	
IC 1362		GX	21.197958	2.328972	15.88	0.62	
IC 1363		OC	21.177894	46.870056	99.0	0.0	
IC 1364		GX	21.223522	2.769722	13.41	1.07	
IC 1365		GX	21.232197	2.565389	99.0	1.0	
IC 1365 NED01		GX	21.2322	2.565389	14.95	1.66	
IC 1365 NED02		GX	21.23185	2.563806	15.81	1.38	
IC 1366		GX	21.235561	1.776111	15.79	0.81	
IC 1367		GX	21.236028	2.993806	15.52	0.65	
IC 1368		GX	21.236831	2.178	14.3	1.36	
IC 1369		OC	21.202511	47.7685	99.0	5.1	
IC 137		STAR	1.560808	30.5225	99.0	0.0	
IC 1370		GX	21.253964	2.192028	15.07	0.66	
IC 1371		GX	21.337681	-4.876528	14.98	1.42	
IC 1372		GX	21.338081	-5.604583	15.04	0.83	
IC 1373		GX	21.343681	1.092417	15.34	0.89	
IC 1374		GX	21.350736	1.712972	15.78	0.63	
IC 1375		GX	21.349942	3.985417	15.17	0.58	
IC 1376		OTHER	21.411417	-5.742444	99.0	0.0	
IC 1377		GX	21.424064	4.314222	14.77	0.73	
IC 1378		OTHER	21.381031	55.464306	99.0	0.0	
IC 1379		GX	21.433683	3.097389	15.68	0.59	
IC 138		GX	1.55055	-0.689833	14.72	1.12	
IC 1380		GX	21.453058	2.717667	15.65	0.68	
IC 1381		GX	21.459361	-1.188611	15.49	0.9	
IC 1383		GX	21.461011	-1.102167	15.94	0.62	
IC 1384		GX	21.464742	-1.368556	15.36	0.77	
IC 1385		GX	21.480886	-1.070111	18.25	0.59	
IC 1386		GX	21.493731	-21.195694	13.12	0.97	
IC 1387		GX	21.492908	-1.350917	15.04	0.48	
IC 1388		GX	21.497828	-0.631278	15.02	0.82	
IC 1389		GX	21.535511	-18.018361	15.46	0.81	
IC 139		STAR	1.566456	30.567444	13.1	0.0	
IC 1390		GX	21.540217	-1.862528	15.07	0.65	
IC 1391		GX	21.583444	-0.511444	15.85	0.64	
IC 1392		GX	21.592414	35.398333	12.95	1.53	
IC 1393		GX	21.670625	-22.411389	15.6	0.74	
IC 1394		GX	21.670286	14.633028	14.84	1.23	
IC 1395		GX	21.694836	4.104528	15.44	0.74	
IC 1396		OC	21.649339	57.489056	99.0	14.0	
IC 1397		GX	21.733975	-4.884806	15.29	0.85	
IC 1398		GX	21.764286	9.475333	15.35	0.76	
IC 1399		GX	21.769142	4.402222	15.62	0.68	
IC 14		STAR	0.375358	10.49025	99.0	0.0	
IC 140		STAR	1.566158	30.550139	99.0	0.0	
IC 1400		STAR	21.737856	52.967028	99.0	0.0	
IC 1401		GX	21.783192	1.71275	13.72	1.68	
IC 1402		STAR	21.749714	53.2625	99.0	0.0	
IC 1403		GX	21.841411	-2.716167	16.42	0.49	
IC 1404		GX	21.848994	-9.266583	14.63	0.97	
IC 1405		GX	21.847178	2.020806	15.12	0.87	
IC 1406		GX	21.851353	1.987056	15.57	0.62	
IC 1407		GX	21.873178	3.427167	15.05	0.76	
IC 1408		GX	21.885839	-13.346778	14.92	1.0	
IC 1409		GX	21.888778	-7.499861	15.62	0.69	
IC 141		GX	1.547697	-14.814611	14.33	1.23	
IC 1410		GX	21.933928	-2.900278	15.5	0.83	
IC 1411		GX	21.933497	-1.517056	14.38	0.87	
IC 1412		GX	21.971794	-17.176167	14.55	1.27	
IC 1413		GX	21.974058	-3.102417	15.72	0.93	
IC 1414		GX	21.971681	8.423806	15.2	0.47	
IC 1415		OTHER	21.978511	1.350361	99.0	0.0	
IC 1416		OTHER	21.980411	1.451556	99.0	0.0	
IC 1417		GX	22.006003	-13.147361	14.0	1.65	
IC 1418		GX	22.033311	4.384333	15.23	0.86	
IC 1419		GX	22.049678	-9.920972	16.06	0.54	
IC 142		EN	1.565425	30.757806	14.2	0.5	
IC 1420		GX	22.042214	19.750111	99.0	1.3	
IC 1420 NED01		GX	22.042028	19.750361	14.35	1.32	
IC 1420 NED02		GX	22.0423	19.750111	15.02	0.86	
IC 1421		GX	22.051119	-9.978167	15.45	0.63	
IC 1422		GX	22.050017	2.598889	15.85	0.46	
IC 1423		GX	22.053525	4.297583	14.76	0.92	
IC 1424		STAR	22.052608	11.197139	99.0	0.0	
IC 1425		GX	22.056808	2.594917	15.1	0.79	
IC 1426		STAR	22.064244	-9.919306	99.0	0.0	
IC 1427		GX	22.059767	15.106778	15.19	1.14	
IC 1428		GX	22.074353	2.630861	15.56	0.71	
IC 1429		STAR	22.117347	10.109222	99.0	0.0	
IC 143		EN	1.569703	30.776417	11.4	0.3	
IC 1430		GX	22.12495	-13.581194	15.63	0.56	
IC 1431		GX	22.127667	-13.513389	15.27	0.75	
IC 1432		GX	22.167769	3.689583	16.75	0.44	
IC 1433		GX	22.202833	-12.765278	99.0	1.0	
IC 1433 NED01		GX	22.202956	-12.765583	15.64	0.83	
IC 1433 NED02		GX	22.202736	-12.765611	99.0	0.18	
IC 1433 NED03		GX	22.202561	-12.763139	17.74	0.21	
IC 1434		OC	22.178378	52.850083	99.0	4.8	
IC 1435		GX	22.223969	-22.096694	13.89	1.07	
IC 1436		GX	22.230956	-10.191778	16.06	0.56	
IC 1437		GX	22.262497	2.065944	14.84	1.08	
IC 1438		GX	22.274747	-21.430694	12.75	2.33	
IC 1439		GX	22.277817	-21.485944	14.75	1.25	
IC 144		GX	1.628014	-13.314667	15.74	0.74	
IC 1440		GX	22.275894	-16.016444	14.91	1.67	
IC 1441		GX	22.255317	37.3015	15.37	1.07	
IC 1442		OC	22.267036	53.991333	9.1	4.2	
IC 1443		GX	22.317683	-20.939917	13.53	1.55	
IC 1444		GX	22.373311	5.139167	15.81	0.58	
IC 1445		GX	22.425092	-17.243306	12.74	1.41	
IC 1446		GX	22.484639	-1.184917	15.5	0.78	
IC 1447		GX	22.499944	-5.119889	13.71	1.48	
IC 1449		GX	22.585278	-8.765333	15.23	0.57	
IC 145		GX	1.644022	0.7415	15.4	0.69	
IC 1450		STAR	22.632758	34.5355	99.0	0.0	
IC 1451		GX	22.768739	-10.369417	15.0	0.91	
IC 1453		GX	22.781731	-13.449611	15.1	0.84	
IC 1454		PN	22.706947	80.442222	14.0	0.47	
IC 1455		GX	22.896128	1.371972	14.62	1.0	
IC 1456		GX	22.921719	-12.732	15.91	0.95	
IC 1457		OTHER	22.923267	-5.56275	99.0	0.0	
IC 1459		GX	22.952947	-36.462222	10.54	4.61	
IC 1460		GX	22.951133	4.677028	14.3	0.61	
IC 1461		GX	22.976194	15.172778	15.01	0.6	
IC 1462		STAR	22.976986	8.441306	99.0	0.0	
IC 1463		STAR	22.989147	-10.530861	99.0	0.0	
IC 1464		GX	23.053222	-8.990833	99.0	1.2	
IC 1464A		GX	23.053356	-8.992972	15.32	0.26	
IC 1464B		GX	23.053067	-8.989167	15.5	0.68	
IC 1465		OTHER	23.048111	16.582472	99.0	0.0	
IC 1466		GX	23.060847	-2.775444	14.55	0.6	
IC 1467		GX	23.080475	-3.229944	14.75	0.79	
IC 1468		GX	23.085436	-3.2045	15.25	1.06	
IC 1469		GX	23.107964	-13.536583	99.0	0.45	
IC 147		GX	1.666597	-14.862639	15.23	0.76	
IC 1470		EN	23.086169	60.244083	11.5	1.8	
IC 1471		GX	23.145792	-12.639444	14.63	1.07	
IC 1472		GX	23.151856	17.259139	15.21	1.01	
IC 1473		GX	23.184836	29.643444	14.16	1.74	
IC 1474		GX	23.214242	5.806361	13.94	1.04	
IC 1475		OTHER	23.23395	-28.422444	99.0	0.0	
IC 1476		GX	23.237875	30.551472	15.53	0.91	
IC 1479		GX	23.312892	-10.39925	14.6	1.16	
IC 148		GX	1.707492	13.977028	13.84	1.82	
IC 1481		GX	23.323644	5.906167	14.4	0.73	
IC 1482		GX	23.347089	1.739028	15.08	0.81	
IC 1484		GX	23.377761	11.384472	17.78	0.62	
IC 1488		GX	23.427375	15.354417	15.73	1.08	
IC 1489		GX	23.442258	-12.5165	15.11	0.54	
IC 149		GX	1.70705	-16.300417	14.4	1.27	
IC 1490		GX	23.986311	-4.127	14.5	1.45	
IC 1491		GX	23.490192	-16.316611	15.03	0.77	
IC 1492		GX	23.510028	-3.039917	14.37	1.47	
IC 1493		GX	23.507642	14.458861	16.55	0.52	
IC 1494		GX	23.512817	-12.724528	15.83	0.73	
IC 1495		GX	23.513261	-13.485444	13.0	1.33	
IC 1496		GX	23.514864	-2.934306	14.41	1.65	
IC 1497		OTHER	23.480581	11.987	99.0	0.0	
IC 1498		GX	23.531569	-5.006972	14.03	2.24	
IC 1499		STAR	23.532508	-13.439694	99.0	0.0	
IC 15		GX	0.465997	-0.061278	15.9	0.44	
IC 150		GX	1.715978	4.200167	14.86	0.88	
IC 1500		GX	23.5526	4.552528	15.2	0.47	
IC 1501		GX	23.577794	-3.152833	14.6	1.48	
IC 1502		GX	23.6057	75.648139	14.66	1.01	
IC 1503		GX	23.640864	4.801417	14.26	0.9	
IC 1504		GX	23.688747	4.017472	14.41	1.64	
IC 1505		GX	23.693642	-3.565083	14.67	0.6	
IC 1506		GX	23.746781	4.735667	15.52	0.91	
IC 1507		GX	23.759214	1.68875	14.73	1.29	
IC 1508		GX	23.765297	12.06175	13.4	0.76	
IC 1509		GX	23.787967	-15.306417	15.21	1.29	
IC 151		OTHER	1.732631	13.202611	99.0	0.0	
IC 1510		GX	23.842444	2.073333	99.0	1.0	
IC 1510 NED01		GX	23.842361	2.074722	16.08	0.51	
IC 1510 NED02		GX	23.842511	2.072361	15.16	0.68	
IC 1511		STAR	23.850125	27.060861	99.0	0.0	
IC 1512		STAR	23.850397	27.027139	99.0	0.0	
IC 1513		GX	23.891494	11.317611	15.04	1.1	
IC 1515		GX	23.934419	-0.988528	14.4	1.31	
IC 1516		GX	23.935303	-0.916528	14.08	1.19	
IC 1517		GX	23.938558	-0.305611	14.62	1.01	
IC 1518		GX	23.9517	12.464972	15.93	0.5	
IC 1519		GX	23.952325	12.457556	15.95	0.63	
IC 152		OTHER	1.735386	13.035861	99.0	0.0	
IC 1520		GX	23.965128	-14.039333	14.69	0.55	
IC 1521		GX	23.983239	-7.146778	15.04	0.92	
IC 1522		GX	23.984292	1.719889	15.25	0.76	
IC 1523		GX	23.985167	6.873056	16.28	0.36	
IC 1525		GX	23.987708	46.889667	13.2	1.79	
IC 1526		GX	0.025422	11.345889	15.07	0.74	
IC 1527		GX	0.039333	4.08975	15.42	0.91	
IC 1528		GX	0.084825	-7.093417	13.59	2.15	
IC 1529		GX	0.086992	-11.502806	14.51	1.15	
IC 153		OTHER	1.743392	12.628944	99.0	0.0	
IC 1531		GX	0.159883	-32.277	13.52	1.89	
IC 1532		GX	0.164667	-64.372083	14.84	1.83	
IC 1533		OTHER	0.176781	-7.415139	99.0	0.0	
IC 1534		GX	0.229289	48.151361	15.06	1.02	
IC 1535		GX	0.232594	48.157972	15.15	0.99	
IC 1536		GX	0.238614	48.143278	15.53	0.81	
IC 1537		OTHER	0.264242	-39.262083	16.04	1.32	
IC 1538		OTHER	0.300433	30.029278	99.0	0.0	
IC 154		GX	1.754519	10.649194	14.83	1.19	
IC 1540		GX	0.330208	23.772611	14.89	0.97	
IC 1541		GX	0.333878	21.99975	15.59	0.72	
IC 1542		GX	0.344775	22.592444	15.0	0.53	
IC 1543		GX	0.348736	21.866028	14.17	0.8	
IC 1544		GX	0.354861	23.090861	14.05	1.1	
IC 1545		GX	0.355808	21.983444	16.67	0.45	
IC 1547		OTHER	0.359914	22.506444	99.0	0.0	
IC 1548		GX	0.365322	22.006306	15.63	0.68	
IC 1549		GX	0.380508	6.964278	14.97	1.45	
IC 155		OTHER	1.792314	60.610833	99.0	0.0	
IC 1550		GX	0.407681	38.185639	15.03	0.91	
IC 1551		GX	0.459858	8.8775	14.88	2.42	
IC 1552		GX	0.495475	21.476833	15.35	0.94	
IC 1553		GX	0.544478	-25.607528	14.44	1.36	
IC 1554		GX	0.552042	-32.258361	13.81	1.38	
IC 1555		GX	0.575733	-30.017861	14.35	1.31	
IC 1556		GX	0.584142	-9.368417	15.21	0.84	
IC 1557		GX	0.592922	-2.876417	15.54	0.69	
IC 1558		GX	0.596408	-25.374417	12.46	2.8	
IC 156		GX	1.758114	10.552722	14.92	1.51	
IC 1560		OTHER	0.627564	2.671556	99.0	0.0	
IC 1561		GX	0.642358	-24.339944	15.16	1.41	
IC 1562		GX	0.642767	-24.274056	13.6	1.5	
IC 1564		GX	0.651425	6.021056	14.75	1.01	
IC 1565		GX	0.657297	6.73425	14.5	1.8	
IC 1566		GX	0.659267	6.815139	15.45	0.91	
IC 1568		GX	0.665544	6.848583	15.72	1.15	
IC 1569		GX	0.67445	6.719694	15.69	0.72	
IC 157		OTHER	1.761778	12.873333	99.0	0.0	
IC 1570		GX	0.676139	6.752667	16.45	0.58	
IC 1571		GX	0.677181	-0.330667	14.58	1.05	
IC 1572		OTHER	0.686694	16.2375	99.0	0.0	
IC 1573		GX	0.702906	-23.591583	16.69	1.29	
IC 1574		GX	0.717728	-22.246889	13.86	1.83	
IC 1575		GX	0.725933	-4.117833	14.85	0.87	
IC 1576		GX	0.737264	-25.109278	15.56	0.76	
IC 1578		GX	0.740536	-25.076833	15.28	0.84	
IC 1579		GX	0.759014	-26.565444	14.78	1.02	
IC 158		GX	1.764867	-6.935694	15.88	0.7	
IC 1580		OTHER	0.772592	29.936611	99.0	0.0	
IC 1581		GX	0.762867	-25.920167	16.23	1.0	
IC 1582		GX	0.771339	-24.279333	15.8	1.21	
IC 1583		GX	0.786194	23.073833	15.33	0.6	
IC 1584		GX	0.788494	27.827667	15.02	1.38	
IC 1585		GX	0.787306	23.053556	15.11	0.75	
IC 1586		GX	0.798978	22.372889	14.7	0.28	
IC 1587		GX	0.812028	-23.561667	15.55	1.16	
IC 1588		GX	0.849364	-23.557944	16.37	0.69	
IC 1589		STAR	0.866489	-34.422056	99.0	0.0	
IC 159		GX	1.773625	-8.636611	14.18	1.35	
IC 1590		OC	0.880611	56.643028	99.0	6.3	
IC 1592		GX	0.890844	5.770389	15.36	0.86	
IC 1593		STAR	0.911008	32.519472	99.0	0.0	
IC 1594		GX	0.895925	-47.647472	15.17	1.25	
IC 1595		GX	0.896403	-45.186639	15.38	1.45	
IC 1596		GX	0.911897	21.522639	15.0	1.88	
IC 1597		GX	0.892247	-58.107139	15.02	1.61	
IC 1598		GX	0.911603	5.773806	14.97	1.01	
IC 1599		GX	0.909114	-23.494917	15.53	1.19	
IC 16		GX	0.468792	-13.093917	15.15	0.58	
IC 160		GX	1.774878	-13.247722	14.88	1.28	
IC 1600		GX	0.917844	-23.524889	15.52	0.8	
IC 1601		GX	0.926344	-24.153389	14.47	0.92	
IC 1602		GX	0.931081	-9.985667	15.44	1.08	
IC 1603		GX	0.949911	-45.412944	14.63	1.41	
IC 1604		OTHER	0.966375	-16.230056	99.0	0.0	
IC 1605		GX	0.960456	-48.902667	12.94	1.68	
IC 1606		OTHER	0.972825	-12.1785	99.0	0.0	
IC 1607		GX	0.980239	0.58725	14.41	0.94	
IC 1608		GX	0.990103	-34.328944	13.71	2.05	
IC 1609		GX	0.996283	-40.333556	13.73	1.13	
IC 161		GX	1.81215	10.507889	14.27	0.9	
IC 1610		GX	1.028494	-15.567778	13.86	1.59	
IC 1611		OC	0.996639	-72.332333	11.96	1.5	
IC 1612		OC	0.999614	-72.370722	12.31	1.2	
IC 1613		GX	1.079942	2.117778	9.54	18.32	
IC 1614		GX	1.085267	33.189806	17.62	0.62	
IC 1615		GX	1.068622	-51.133056	14.3	1.33	
IC 1616		GX	1.082272	-27.429361	12.89	1.63	
IC 1617		GX	1.071333	-51.032806	14.6	1.35	
IC 1618		GX	1.098883	32.412167	15.59	0.86	
IC 1619		GX	1.1229	33.067278	15.18	0.75	
IC 162		GX	1.814842	10.521611	14.46	1.32	
IC 1620		GX	1.120625	13.955111	14.6	0.96	
IC 1621		GX	1.106286	-46.7255	14.62	1.38	
IC 1622		GX	1.126853	-17.538639	14.64	0.7	
IC 1623		GX	1.129772	-17.507028	99.0	1.2	
IC 1623A		GX	1.129639	-17.507222	14.26	1.05	
IC 1623B		GX	1.129878	-17.506972	13.89	0.8	
IC 1624		OC	1.0894	-72.042528	12.42	0.9	
IC 1625		GX	1.128503	-46.907583	12.08	1.8	
IC 1626		OC	1.103731	-73.296111	13.82	1.0	
IC 1627		GX	1.136344	-46.094056	13.72	1.62	
IC 1628		GX	1.146536	-28.582333	12.52	1.65	
IC 1629		GX	1.155056	2.567472	15.97	0.78	
IC 163		GX	1.820831	20.711306	13.26	1.62	
IC 1630		GX	1.137992	-46.754028	15.19	1.65	
IC 1631		GX	1.145797	-46.475806	14.23	0.81	
IC 1632		GX	1.178717	17.68325	16.48	0.23	
IC 1633		GX	1.165439	-45.931194	11.39	2.9	
IC 1634		GX	1.184386	17.663056	15.66	0.83	
IC 1635		GX	1.184314	17.652028	15.64	1.15	
IC 1636		GX	1.193044	33.365389	15.0	0.55	
IC 1637		GX	1.18365	-30.438528	12.88	1.69	
IC 1638		GX	1.206058	33.364528	14.92	0.75	
IC 1639		GX	1.196264	-0.664361	14.37	0.76	
IC 164		GX	1.819003	-3.904389	14.04	1.58	
IC 1640		GX	1.197583	-0.630361	15.45	0.18	
IC 1641		OC	1.160886	-71.768972	14.99	0.75	
IC 1643		GX	1.202397	-0.410194	15.15	0.9	
IC 1644		EN	1.153614	-73.194111	11.7	0.8	
IC 1645		GX	1.207594	15.750083	14.4	0.86	
IC 1646		GX	1.212175	15.707806	15.1	0.65	
IC 1647		GX	1.220725	38.885278	15.13	0.9	
IC 1648		GX	1.228367	33.218222	15.14	0.4	
IC 1649		GX	1.197483	-55.857333	14.72	1.9	
IC 1650		GX	1.205303	-50.401722	13.64	1.32	
IC 1651		OTHER	1.224322	2.069167	99.0	0.0	
IC 1652		GX	1.248961	31.9485	14.23	1.32	
IC 1654		GX	1.2533	30.194833	14.52	0.99	
IC 1655		OC	1.198361	-71.330611	14.0	1.7	
IC 1657		GX	1.235283	-32.650889	13.14	2.32	
IC 1659		GX	1.268339	30.349083	14.56	0.83	
IC 166		OC	1.873283	61.852611	11.7	7.5	
IC 1660		OC	1.210464	-71.76175	13.51	1.1	
IC 1662		OC	1.209097	-73.45675	14.03	1.2	
IC 1664		OTHER	1.238475	-69.811528	99.0	0.0	
IC 1665		OTHER	1.295808	34.701667	99.0	0.0	
IC 1666		GX	1.331497	32.467333	14.35	0.93	
IC 1667		GX	1.311764	-17.050222	15.41	0.96	
IC 1668		GX	1.31475	33.173056	15.75	0.34	
IC 1669		GX	1.335233	33.18475	15.65	0.77	
IC 167		GX	1.852378	21.912806	13.26	1.6	
IC 1670		GX	1.314111	-16.802778	99.0	3.0	
IC 1670A		GX	1.313567	-16.803444	14.77	1.6	
IC 1670B		GX	1.314681	-16.803444	14.5	1.99	
IC 1672		GX	1.343944	29.698833	13.92	1.42	
IC 1673		GX	1.346208	33.044944	14.79	0.54	
IC 1674		GX	1.321789	-50.963583	14.92	0.52	
IC 1675		GX	1.349972	34.248611	14.27	0.72	
IC 1676		GX	1.349608	30.259472	15.58	0.59	
IC 1677		GX	1.351969	33.216139	15.17	0.65	
IC 1678		GX	1.350703	5.560528	15.3	0.34	
IC 1679		GX	1.362389	33.493611	15.48	0.6	
IC 168		GX	1.841008	-8.522944	14.85	1.12	
IC 1680		GX	1.364222	33.2825	14.86	0.7	
IC 1681		GX	1.355922	0.090389	14.89	1.0	
IC 1682		GX	1.370361	33.260278	14.26	0.86	
IC 1683		GX	1.3775	34.436944	14.13	1.32	
IC 1684		GX	1.381444	33.413611	15.77	0.68	
IC 1685		GX	1.385167	33.189444	99.0	0.4	
IC 1687		GX	1.388639	33.275278	14.77	0.68	
IC 1688		GX	1.391139	33.083056	16.42	0.38	
IC 1689		GX	1.396628	33.055333	14.78	0.62	
IC 169		GX	1.844267	-12.679611	15.79	0.74	
IC 1690		GX	1.397094	33.156278	14.98	0.49	
IC 1691		GX	1.407167	33.406944	16.26	0.46	
IC 1692		GX	1.410989	33.235806	15.6	0.5	
IC 1693		GX	1.400667	-1.657028	15.99	0.65	
IC 1694		GX	1.413278	1.607167	14.8	1.12	
IC 1695		GX	1.418786	8.6995	15.3	1.84	
IC 1696		GX	1.414544	-1.617056	13.61	0.83	
IC 1697		GX	1.417483	0.444361	15.02	0.81	
IC 1698		GX	1.422817	14.838722	14.82	1.87	
IC 17		GX	0.474939	2.648611	14.77	0.67	
IC 170		GX	1.865978	-8.517611	15.34	0.78	
IC 1701		GX	1.430667	18.184472	15.31	0.79	
IC 1702		GX	1.432303	16.601806	14.44	1.13	
IC 1704		GX	1.452647	14.776278	14.26	1.08	
IC 1705		GX	1.445789	-3.501472	14.38	0.63	
IC 1706		GX	1.458617	14.819556	15.56	0.5	
IC 1707		OTHER	1.466756	37.117056	99.0	0.0	
IC 1708		OC	1.415578	-71.184444	14.3	1.2	
IC 171		GX	1.919503	35.281889	13.69	2.26	
IC 1711		GX	1.51535	17.188556	14.68	2.49	
IC 1713		STAR	1.5455	35.324472	99.0	0.0	
IC 1714		GX	1.548103	-13.024972	16.57	0.62	
IC 1715		GX	1.559483	12.585444	14.48	0.65	
IC 1716		STAR	1.557458	-12.307944	99.0	0.0	
IC 1717		OTHER	1.541758	-67.536833	99.0	0.0	
IC 1718		GX	1.640764	33.366528	14.96	0.68	
IC 1719		GX	1.626644	-33.924083	13.96	1.49	
IC 172		GX	1.915064	0.811222	14.74	0.48	
IC 1720		GX	1.672664	-28.91275	13.81	1.21	
IC 1721		GX	1.690122	8.525528	14.59	1.05	
IC 1722		GX	1.717419	-34.187722	14.81	1.52	
IC 1723		GX	1.720606	8.889361	14.08	2.45	
IC 1724		GX	1.719356	-34.241889	14.22	1.29	
IC 1725		GX	1.753286	21.776556	15.3	0.52	
IC 1726		GX	1.755464	4.618528	14.62	0.3	
IC 1727		GX	1.791636	27.333361	11.57	6.52	
IC 1728		GX	1.795692	-33.6015	13.35	1.29	
IC 1729		GX	1.798683	-26.892139	12.53	2.22	
IC 173		GX	1.932542	1.285167	14.09	0.92	
IC 1730		GX	1.832761	22.012111	15.64	0.75	
IC 1731		GX	1.836761	27.196167	14.12	1.45	
IC 1732		GX	1.846639	35.93275	14.82	1.32	
IC 1733		GX	1.845247	33.082028	13.01	1.54	
IC 1734		GX	1.821403	-32.742611	12.86	1.63	
IC 1735		GX	1.847706	33.092333	15.07	0.85	
IC 1736		GX	1.848111	18.302778	14.95	1.04	
IC 1737		OTHER	1.861867	36.251194	99.0	0.0	
IC 1738		GX	1.852194	-9.792028	14.7	0.93	
IC 1739		GX	1.841556	-34.055583	14.75	0.88	
IC 174		GX	1.9378	3.761861	14.52	1.49	
IC 1740		STAR	1.814322	-30.085972	99.0	0.0	
IC 1741		GX	1.865758	-16.788028	15.52	1.05	
IC 1742		GX	1.887286	22.721389	15.16	0.68	
IC 1745		GX	1.883081	-16.669	16.07	0.75	
IC 1746		GX	1.906753	4.803889	15.01	1.58	
IC 1747		PN	1.959925	63.321778	12.0	0.22	
IC 1748		GX	1.935794	17.641278	14.68	0.69	
IC 1749		GX	1.936417	6.744944	14.69	1.06	
IC 175		GX	1.938572	1.332417	15.7	0.52	
IC 1750		GX	1.938489	4.076278	15.35	1.02	
IC 1752		GX	1.954283	28.6135	16.29	0.62	
IC 1753		GX	1.955364	28.58925	14.94	0.84	
IC 1754		GX	1.947189	4.025611	15.36	0.92	
IC 1755		GX	1.952719	14.549889	14.71	1.46	
IC 1756		GX	1.951483	-0.46825	15.56	1.31	
IC 1757		GX	1.953156	-0.473972	16.74	0.4	
IC 1758		GX	1.947914	-16.542056	15.22	0.56	
IC 1759		GX	1.965378	-32.987056	13.94	1.47	
IC 176		GX	1.948167	-2.018972	14.9	1.78	
IC 1760		GX	1.956856	-31.988333	16.61	0.62	
IC 1761		GX	1.981192	0.568306	15.54	0.63	
IC 1762		GX	1.963511	-33.239806	14.3	1.69	
IC 1763		GX	1.986597	-27.810694	14.64	1.09	
IC 1764		GX	2.006492	24.580556	14.43	1.2	
IC 1767		GX	1.999828	-11.078972	14.77	1.69	
IC 1768		GX	2.013853	-25.026694	14.8	1.45	
IC 1769		GX	2.015256	-31.919778	15.51	0.93	
IC 177		GX	1.950161	-0.089861	15.47	0.51	
IC 1770		GX	2.037331	9.980944	15.32	1.41	
IC 1771		GX	2.037739	9.968583	15.35	0.75	
IC 1772		GX	2.045258	7.745528	99.0	0.68	
IC 1774		GX	2.066389	15.318056	13.61	1.41	
IC 1775		GX	2.088206	13.505722	15.52	0.75	
IC 1776		GX	2.087561	6.106833	14.33	1.26	
IC 1777		GX	2.102417	15.209472	15.4	0.91	
IC 1779		GX	2.107203	3.705972	15.2	0.37	
IC 178		GX	1.981908	36.674694	13.28	0.94	
IC 1780		GX	2.114211	14.721917	15.53	0.64	
IC 1781		GX	2.114664	-0.518083	15.95	0.68	
IC 1783		GX	2.168369	-32.939861	12.48	1.98	
IC 1784		GX	2.270219	32.6495	13.14	1.4	
IC 1785		GX	2.272511	32.666528	15.59	0.81	
IC 1786		GX	2.268231	5.145472	15.47	0.66	
IC 1788		GX	2.263878	-31.201	12.37	2.53	
IC 1789		GX	2.29755	32.396028	14.7	1.95	
IC 179		GX	2.003194	38.021333	12.56	1.12	
IC 1790		GX	2.293831	12.508972	15.66	0.82	
IC 1791		GX	2.294817	12.470611	14.54	1.09	
IC 1792		GX	2.316969	34.462389	14.92	1.39	
IC 1793		GX	2.359	32.5445	14.79	1.28	
IC 1794		GX	2.358381	15.761639	15.04	0.93	
IC 1795		EN	2.442211	62.041639	99.0	12.0	
IC 1796		GX	2.379811	-41.371083	13.67	1.07	
IC 1797		GX	2.424414	20.395333	15.25	0.97	
IC 1798		GX	2.437642	13.430778	99.0	0.31	
IC 1799		GX	2.479419	45.970639	14.89	0.79	
IC 18		GX	0.476378	-11.586694	15.03	1.08	
IC 180		GX	2.000114	23.604333	15.3	0.83	
IC 1800		OTHER	2.475322	31.409667	99.0	0.0	
IC 1801		GX	2.470208	19.583333	13.98	1.18	
IC 1802		GX	2.487217	23.082694	13.37	0.98	
IC 1803		GX	2.497206	23.108583	15.72	0.46	
IC 1804		GX	2.49845	23.097083	15.81	0.97	
IC 1805		OC	2.544864	61.456889	6.5	60.0	
IC 1806		GX	2.493042	22.943222	15.69	0.63	
IC 1807		GX	2.508611	22.949722	15.56	0.56	
IC 1809		GX	2.527875	22.917194	14.96	0.85	
IC 181		GX	2.000647	23.658639	15.85	0.57	
IC 1810		GX	2.490786	-43.076333	14.15	1.37	
IC 1811		GX	2.510608	-34.264167	14.42	1.15	
IC 1812		GX	2.492161	-42.811361	12.21	2.08	
IC 1813		GX	2.513747	-34.220889	14.3	1.13	
IC 1815		GX	2.572222	32.429472	14.26	1.35	
IC 1816		GX	2.530833	-36.672056	14.26	1.26	
IC 1817		GX	2.563944	11.203333	99.0	0.9	
IC 1817 NED01		GX	2.563778	11.203306	16.43	0.49	
IC 1817 NED02		GX	2.564106	11.2035	15.18	0.67	
IC 1818		GX	2.56865	-11.04075	15.27	0.83	
IC 1819		GX	2.594953	4.051806	15.03	2.01	
IC 182		GX	1.997725	7.411833	14.54	1.06	
IC 1820		GX	2.597964	6.040611	15.2	0.53	
IC 1821		GX	2.607258	13.779556	99.0	1.0	
IC 1821 NED01		GX	2.607058	13.780167	15.65	0.7	
IC 1821 NED02		GX	2.607417	13.778917	99.0	0.26	
IC 1822		STAR	2.595097	-8.562806	99.0	0.0	
IC 1823		GX	2.643606	32.069694	13.28	1.38	
IC 1825		GX	2.648786	9.097361	14.84	1.15	
IC 1826		GX	2.650986	-27.443139	12.76	2.06	
IC 1827		GX	2.662906	1.558278	14.44	1.09	
IC 1829		GX	2.675775	14.297944	15.83	0.94	
IC 183		GX	1.992792	-5.347139	14.89	1.19	
IC 1831		EN	2.732333	62.411639	99.0	120.23	
IC 1832		GX	2.69935	19.030083	15.17	0.74	
IC 1833		GX	2.694083	-28.171278	14.14	1.43	
IC 1834		GX	2.713358	3.084167	15.18	0.69	
IC 1835		GX	2.730319	14.889583	99.0	0.72	
IC 1836		GX	2.723183	3.105389	15.57	0.63	
IC 1838		GX	2.745275	19.455111	15.17	0.64	
IC 1839		GX	2.745253	15.240083	15.25	0.97	
IC 184		GX	1.997564	-6.840389	13.89	1.12	
IC 1841		GX	2.760064	18.928917	15.07	0.64	
IC 1842		GX	2.756506	11.458111	15.61	1.07	
IC 1843		GX	2.756839	2.880528	14.15	1.04	
IC 1844		GX	2.763722	3.230306	14.99	0.94	
IC 1845		STAR	2.732472	-27.968917	10.17	0.0	
IC 1847		GX	2.798242	14.505111	15.98	0.56	
IC 1848		OC	2.852942	60.402472	6.5	40.0	
IC 1849		GX	2.795731	9.356806	15.44	0.83	
IC 185		GX	2.001678	-1.528333	15.72	0.79	
IC 1851		STAR	2.862756	58.314306	6.44	0.0	
IC 1853		GX	2.801186	-13.993111	14.36	1.39	
IC 1854		GX	2.822422	19.303917	14.81	0.52	
IC 1855		GX	2.817864	13.442889	16.27	0.45	
IC 1856		GX	2.814111	-0.767389	14.38	1.14	
IC 1857		GX	2.827478	14.619806	15.07	0.79	
IC 1858		GX	2.819003	-31.289583	14.2	1.88	
IC 1859		GX	2.817756	-31.1725	14.3	1.3	
IC 186		GX	2.006806	-1.551722	99.0	1.1	
IC 186 NED03		GX	2.007056	-1.550833	99.0	0.25	
IC 1860		GX	2.826031	-31.189111	12.59	2.64	
IC 1861		GX	2.885272	25.490389	14.63	1.28	
IC 1862		GX	2.866333	-33.340167	14.59	2.67	
IC 1863		GX	2.914094	8.784389	15.7	0.6	
IC 1864		GX	2.894253	-34.197639	12.72	1.3	
IC 1865		GX	2.922272	8.828167	14.93	1.3	
IC 1866		GX	2.914719	-15.652556	15.22	1.01	
IC 1867		GX	2.931175	9.311833	14.6	1.52	
IC 1868		GX	2.934958	9.378833	15.86	0.4	
IC 1869		GX	2.969914	5.836583	15.56	0.7	
IC 186A		GX	2.006667	-1.552861	14.87	1.21	
IC 186B		GX	2.007069	-1.549806	15.8	0.69	
IC 187		GX	2.025211	26.480972	13.79	2.23	
IC 1870		GX	2.964869	-2.347083	13.5	1.55	
IC 1871		EN	2.956053	60.672361	99.0	4.0	
IC 1872		OTHER	3.076281	42.810667	99.0	0.0	
IC 1873		GX	3.064689	9.61325	15.3	1.17	
IC 1874		GX	3.106106	36.014528	14.69	0.94	
IC 1875		GX	3.065733	-39.440417	12.55	1.57	
IC 1876		GX	3.075636	-27.4605	14.12	1.16	
IC 1877		GX	3.052661	-50.511917	16.32	0.9	
IC 1878		GX	3.061167	-52.108028	15.18	0.58	
IC 1879		GX	3.064569	-52.11775	15.96	1.21	
IC 188		GX	2.029583	26.546889	14.4	0.54	
IC 1880		GX	3.10795	-9.731472	14.86	1.85	
IC 1882		GX	3.130361	3.147889	15.04	1.14	
IC 1885		GX	3.111231	-32.863639	14.88	1.45	
IC 1886		GX	3.134233	-4.399833	14.81	1.11	
IC 189		GX	2.031364	23.5515	14.85	0.78	
IC 1890		GX	3.166231	19.208056	15.63	1.02	
IC 1891		GX	3.170006	19.606556	16.61	0.44	
IC 1892		GX	3.140897	-23.055778	13.84	1.78	
IC 1893		GX	3.171269	19.616861	17.13	0.39	
IC 1894		GX	3.173742	19.606611	15.83	0.78	
IC 1895		GX	3.160061	-25.253583	13.29	1.4	
IC 1896		GX	3.131256	-54.214472	15.82	0.81	
IC 1897		GX	3.179425	-10.796056	14.67	0.99	
IC 1898		GX	3.172164	-22.404861	13.62	3.66	
IC 1899		GX	3.203642	-25.304917	14.39	1.32	
IC 19		GX	0.477633	-11.640778	15.15	0.79	
IC 190		GX	2.035356	23.549833	15.03	0.25	
IC 1900		GX	3.265342	37.154111	13.86	0.83	
IC 1901		GX	3.267392	37.112444	16.76	0.91	
IC 1902		GX	3.270117	37.177444	15.6	0.69	
IC 1903		GX	3.219542	-50.569833	99.0	1.9	
IC 1903 NED01		GX	3.219044	-50.562611	17.32	0.48	
IC 1903 NED02		GX	3.220153	-50.57775	16.6	0.65	
IC 1904		GX	3.250214	-30.708028	14.42	1.37	
IC 1905		OTHER	3.313333	41.365444	99.0	0.0	
IC 1906		GX	3.268236	-34.360639	14.46	1.21	
IC 1908		GX	3.251472	-54.819972	14.08	1.23	
IC 1909		GX	3.288894	-33.690056	14.52	1.25	
IC 1910		OTHER	3.299386	-21.43475	99.0	0.0	
IC 1911		STAR	3.346994	35.321806	99.0	0.0	
IC 1912		GX	3.278731	-50.654889	15.83	1.05	
IC 1913		GX	3.326261	-32.465028	14.44	1.96	
IC 1914		GX	3.323678	-49.599722	13.04	1.95	
IC 1915		GX	3.331097	-50.691194	16.17	0.61	
IC 1916		GX	3.337922	-49.041917	15.4	0.86	
IC 1917		GX	3.3701	-53.185194	16.17	0.83	
IC 1918		GX	3.438303	4.541028	15.57	0.6	
IC 1919		GX	3.433956	-32.894556	13.79	1.73	
IC 192		GX	2.042331	16.014167	14.75	0.95	
IC 1920		GX	3.406778	-52.713583	16.0	0.56	
IC 1921		OTHER	3.411697	-50.698	99.0	0.0	
IC 1922		GX	3.411953	-50.740528	16.9	0.41	
IC 1923		OTHER	3.414622	-50.555833	99.0	0.0	
IC 1923 NED01		GX	3.414697	-50.555556	17.6	0.3	
IC 1923 NED02		STAR	3.414381	-50.555694	99.0	0.0	
IC 1924		GX	3.418797	-51.703444	16.69	0.74	
IC 1925		OTHER	3.421025	-51.256889	99.0	0.0	
IC 1926		GX	3.421953	-51.701056	16.59	0.55	
IC 1927		STAR	3.422136	-51.719444	99.0	0.0	
IC 1928		GX	3.458106	-21.560167	14.13	1.77	
IC 1929		GX	3.423847	-51.267194	14.16	0.94	
IC 193		GX	2.041939	11.093083	14.62	1.36	
IC 1930		GX	3.479517	4.383556	15.81	0.76	
IC 1931		GX	3.4827	1.750722	15.44	0.8	
IC 1932		GX	3.431675	-51.343167	14.59	0.94	
IC 1933		GX	3.427747	-52.7855	12.57	2.27	
IC 1934		GX	3.520561	42.792278	16.0	0.99	
IC 1935		GX	3.437028	-50.010444	14.26	1.0	
IC 1936		GX	3.441122	-51.323194	16.04	0.64	
IC 1937		GX	3.446567	-48.702556	14.89	0.89	
IC 1938		GX	3.4529	-53.009889	15.51	0.82	
IC 1939		OTHER	3.462381	-51.070917	99.0	0.0	
IC 194		GX	2.05145	2.61425	15.18	1.85	
IC 1940		GX	3.461761	-52.139444	14.78	0.96	
IC 1941		OTHER	3.537483	24.383722	99.0	0.0	
IC 1942		GX	3.464806	-52.676944	99.0	0.7	
IC 1942 NED01		GX	3.464653	-52.677472	17.28	0.39	
IC 1942 NED02		GX	3.464975	-52.675806	15.37	0.89	
IC 1944		GX	3.494444	-47.996167	15.75	0.5	
IC 1945		GX	3.487933	-52.627167	15.31	0.81	
IC 1946		GX	3.489497	-52.619333	14.44	0.91	
IC 1947		GX	3.509117	-50.338528	14.78	0.58	
IC 1948		GX	3.513903	-47.964861	15.69	0.83	
IC 1949		GX	3.514672	-47.97925	13.15	1.18	
IC 195		GX	2.062392	14.709278	13.15	1.46	
IC 1950		GX	3.517922	-50.433417	14.47	1.56	
IC 1951		GX	3.515647	-53.126194	17.13	0.54	
IC 1952		GX	3.557408	-23.712778	13.52	2.58	
IC 1953		GX	3.561631	-21.478639	11.96	2.26	
IC 1954		GX	3.525386	-51.904833	11.58	2.99	
IC 1955		GX	3.523522	-57.241861	15.77	0.68	
IC 1956		GX	3.592547	5.067	15.53	1.32	
IC 1957		GX	3.537078	-52.456639	16.54	1.02	
IC 1958		GX	3.546225	-51.441694	16.03	0.46	
IC 1959		GX	3.553497	-50.41425	12.83	3.05	
IC 196		GX	2.063833	14.739139	14.11	2.47	
IC 1960		GX	3.542492	-57.206611	15.21	1.13	
IC 1961		GX	3.559264	-48.950639	15.48	0.63	
IC 1962		GX	3.593747	-21.294056	14.76	2.25	
IC 1964		GX	3.558356	-53.173139	16.61	0.55	
IC 1965		GX	3.553067	-56.554083	15.09	0.96	
IC 1966		GX	3.567608	-51.32225	15.61	0.58	
IC 1967		GX	3.629922	3.271028	14.94	0.83	
IC 1968		GX	3.577164	-50.651278	16.2	0.46	
IC 1969		GX	3.60385	-45.179611	14.88	1.32	
IC 197		GX	2.068036	2.786833	14.25	1.01	
IC 1970		GX	3.608756	-43.956833	12.44	2.99	
IC 1971		GX	3.599275	-52.65125	15.9	0.78	
IC 1972		GX	3.605922	-51.968139	16.41	0.69	
IC 1973		GX	3.605839	-51.994167	16.71	0.5	
IC 1974		GX	3.611733	-49.550278	15.91	0.78	
IC 1975		GX	3.650986	-15.500139	15.57	0.42	
IC 1976		GX	3.6191	-47.437917	15.78	0.8	
IC 1977		GX	3.6792	17.741167	14.56	0.85	
IC 1978		GX	3.618219	-50.150833	15.7	1.21	
IC 1979		STAR	3.612853	-57.944556	99.0	0.0	
IC 198		GX	2.100867	9.295556	14.81	1.01	
IC 1980		GX	3.616386	-57.973861	14.94	1.27	
IC 1982		GX	3.628464	-57.776278	15.66	0.49	
IC 1984		GX	3.663953	-47.075833	16.39	0.75	
IC 1986		GX	3.676431	-45.355806	14.63	1.27	
IC 1987		GX	3.669797	-55.054806	99.0	1.4	
IC 1987 NED01		GX	3.669358	-55.054889	16.5	0.56	
IC 1987 NED02		GX	3.669872	-55.059083	15.95	0.78	
IC 1987 NED03		GX	3.670011	-55.053444	16.39	0.79	
IC 1987 NED04		GX	3.670058	-55.056278	99.0	0.2	
IC 1988		OTHER	3.712669	-39.887111	99.0	0.0	
IC 1989		GX	3.698519	-50.957806	14.61	1.37	
IC 199		GX	2.105389	9.227417	15.33	1.28	
IC 1990		EN	3.787175	24.333889	99.0	0.0	
IC 1991		GX	3.746331	-51.523417	16.18	0.84	
IC 1992		OTHER	3.752233	-51.004694	99.0	0.0	
IC 1993		GX	3.784669	-33.709861	11.9	2.81	
IC 1994		GX	3.765292	-51.643333	16.02	0.73	
IC 1995		EN	3.838483	25.580778	99.0	2.0	
IC 1996		GX	3.752136	-57.324806	16.32	0.92	
IC 1997		GX	3.74775	-59.137667	13.47	1.01	
IC 1998		GX	3.8587	1.189806	15.69	0.77	
IC 1999		GX	3.795233	-56.952083	15.08	0.79	
IC 2		GX	0.183578	-12.822861	15.46	0.98	
IC 20		GX	0.477689	-13.010306	14.88	0.91	
IC 200		GX	2.090733	31.175333	12.82	1.38	
IC 2000		GX	3.818817	-48.858194	12.38	4.88	
IC 2001		STAR	3.8477	-48.599639	99.0	0.0	
IC 2003		PN	3.939453	33.874861	11.4	0.14	
IC 2004		GX	3.862703	-49.419611	14.99	0.91	
IC 2005		GX	3.960983	36.787472	15.76	0.34	
IC 2006		GX	3.907903	-35.967139	11.34	2.36	
IC 2007		GX	3.922989	-28.158333	13.73	1.29	
IC 2009		GX	3.893014	-48.989472	14.9	1.5	
IC 201		GX	2.120914	9.115056	16.77	0.54	
IC 2010		GX	3.866119	-59.929361	13.71	1.19	
IC 2011		STAR	3.874208	-57.468417	99.0	0.0	
IC 2012		GX	3.882033	-58.651	99.0	0.7	
IC 2012 NED01		GX	3.882017	-58.649556	16.28	0.51	
IC 2013		OTHER	3.945572	-17.1095	99.0	0.0	
IC 2014		GX	3.922689	-56.746306	15.67	0.63	
IC 2015		GX	3.969839	-40.389139	15.66	0.59	
IC 2016		GX	4.033297	20.240444	15.7	0.51	
IC 2017		GX	3.944269	-59.39475	15.0	1.11	
IC 2018		GX	3.965147	-52.781111	14.78	0.79	
IC 2019		GX	4.031569	5.639444	15.24	0.84	
IC 202		GX	2.124628	9.168306	15.22	1.35	
IC 2020		GX	3.981428	-54.057611	15.62	0.67	
IC 2021		GX	3.989981	-52.656722	15.76	0.65	
IC 2022		GX	3.977781	-59.043667	16.14	1.1	
IC 2023		GX	3.994619	-52.681139	15.86	0.59	
IC 2024		GX	4.00115	-53.371	15.55	1.1	
IC 2025		GX	4.006439	-53.065611	15.3	1.16	
IC 2027		GX	4.110997	37.11575	16.0	0.94	
IC 2028		GX	4.021731	-52.707444	14.22	0.86	
IC 2029		GX	4.021653	-52.800778	15.74	1.03	
IC 203		GX	2.124903	9.122639	16.9	0.6	
IC 2030		OTHER	4.082303	-19.231472	99.0	0.0	
IC 2031		GX	4.104089	-5.651889	15.8	0.56	
IC 2032		GX	4.117511	-55.323833	14.73	1.12	
IC 2033		GX	4.120672	-53.680917	14.99	1.19	
IC 2034		GX	4.110231	-57.961389	15.9	1.35	
IC 2035		GX	4.150519	-45.517528	11.75	1.41	
IC 2036		GX	4.165306	-39.688694	14.45	1.12	
IC 2037		GX	4.138611	-58.751167	14.78	1.74	
IC 2038		GX	4.148264	-55.989556	14.68	1.85	
IC 2039		GX	4.150658	-56.011694	14.26	1.09	
IC 204		GX	2.124189	-1.430194	15.82	0.55	
IC 2040		GX	4.216603	-32.553278	13.68	1.35	
IC 2041		GX	4.209694	-32.817361	14.68	1.07	
IC 2042		STAR	4.19535	-47.270083	10.94	0.0	
IC 2043		GX	4.185958	-53.686639	14.51	1.43	
IC 2044		GX	4.187214	-54.532556	16.51	0.62	
IC 2045		GX	4.243336	-13.174917	15.49	0.91	
IC 2046		GX	4.19015	-54.673194	15.15	0.82	
IC 2049		GX	4.201189	-58.557	14.74	1.06	
IC 205		GX	2.124286	-2.091278	14.76	0.92	
IC 2050		GX	4.232258	-53.475361	13.8	1.17	
IC 2051		GX	3.866897	-83.830694	11.23	2.86	
IC 2052		GX	4.249589	-54.336194	15.37	1.06	
IC 2053		GX	4.26545	-49.358333	15.27	0.53	
IC 2054		GX	4.123983	-78.253306	16.38	0.46	
IC 2055		OTHER	4.296811	-48.924111	99.0	0.0	
IC 2056		GX	4.273483	-60.206806	11.87	1.85	
IC 2057		GX	4.365581	4.048639	15.18	0.63	
IC 2058		GX	4.298431	-55.932889	13.76	3.4	
IC 2059		GX	4.340639	-31.724583	13.98	1.34	
IC 206		GX	2.158522	-6.968389	14.34	1.22	
IC 2060		GX	4.298156	-56.61625	13.91	1.25	
IC 2061		OTHER	4.400036	21.083194	99.0	0.0	
IC 2062		STAR	4.53385	71.919861	99.0	0.0	
IC 2063		GX	4.377867	-15.6605	14.83	0.87	
IC 2064		GX	4.390761	-15.685167	15.75	0.53	
IC 2065		GX	4.357772	-55.933306	14.61	1.19	
IC 2066		GX	4.392314	-54.733389	15.27	0.86	
IC 2067		EN	4.514175	35.446167	11.49	0.0	
IC 2068		GX	4.443578	-42.093722	14.27	1.29	
IC 2069		OTHER	4.432261	-48.208056	99.0	0.0	
IC 207		GX	2.160931	-6.922194	14.53	1.81	
IC 2070		GX	4.409914	-57.980889	14.5	1.44	
IC 2071		GX	4.436997	-53.152111	99.0	1.2	
IC 2072		OTHER	4.4485	-48.3775	99.0	0.0	
IC 2073		GX	4.442733	-53.187333	13.72	1.43	
IC 2074		OTHER	4.523064	7.702611	99.0	0.0	
IC 2076		OTHER	4.468836	-48.228861	99.0	0.0	
IC 2078		STAR	4.531172	-4.698694	14.4	0.0	
IC 2079		GX	4.475228	-53.737917	14.0	1.4	
IC 208		GX	2.141039	6.394917	14.73	1.32	
IC 2080		GX	4.531153	-5.756833	15.84	0.78	
IC 2081		GX	4.483583	-53.613694	13.27	1.0	
IC 2082		GX	4.485444	-53.827222	99.0	1.4	
IC 2082 NED01		GX	4.485614	-53.827944	12.79	1.23	
IC 2082 NED02		GX	4.485283	-53.826694	13.77	1.02	
IC 2083		GX	4.512297	-53.980833	14.93	0.95	
IC 2084		OTHER	4.535047	-48.288306	99.0	0.0	
IC 2085		GX	4.5234	-54.416833	13.18	2.45	
IC 2086		GX	4.525603	-53.647639	15.71	0.64	
IC 2087		EN	4.666658	25.742222	99.0	4.0	
IC 2088		EN	4.517933	26.607028	99.0	0.0	
IC 2089		GX	4.547344	-75.539444	15.13	0.99	
IC 209		GX	2.149642	-7.058917	13.8	1.51	
IC 2090		OTHER	4.745575	-33.994083	99.0	0.0	
IC 2091		OTHER	4.777561	-4.671806	99.0	0.0	
IC 2092		OTHER	4.779894	-4.943361	99.0	0.0	
IC 2093		STAR	4.7923	-2.709028	99.0	0.0	
IC 2094		GX	4.806897	-5.352639	15.82	1.04	
IC 2095		GX	4.812675	-5.124806	16.13	1.46	
IC 2096		OTHER	4.828017	-4.978639	99.0	0.0	
IC 2097		GX	4.840061	-5.081222	15.33	1.16	
IC 2098		GX	4.845642	-5.418667	14.66	2.45	
IC 21		GX	0.486231	-0.163778	15.54	0.49	
IC 210		GX	2.157856	-9.680333	13.82	2.35	
IC 2100		STAR	4.85415	-4.830917	99.0	0.0	
IC 2101		GX	4.861733	-6.231444	14.42	1.76	
IC 2102		GX	4.865367	-4.951611	14.52	1.28	
IC 2103		GX	4.663347	-76.836806	14.67	2.02	
IC 2104		GX	4.9386	-15.797889	13.79	2.11	
IC 2105		OC	4.824072	-69.200917	11.3	0.65	
IC 2106		GX	4.942747	-28.503917	13.79	1.79	
IC 2109		STAR	4.983106	-0.305306	99.0	0.0	
IC 211		GX	2.185556	3.8525	14.07	1.66	
IC 2110		STAR	4.983833	-0.302639	99.0	0.0	
IC 2111		OC	4.864478	-69.392167	99.0	0.65	
IC 2112		GX	5.008375	4.386528	15.36	0.32	
IC 2115		STAR	4.952422	-66.390194	11.27	0.0	
IC 2116		EN	4.954517	-66.389028	14.21	0.6	
IC 2117		OC	4.954225	-68.441472	99.0	1.0	
IC 2119		GX	5.114153	-20.345194	14.69	1.2	
IC 212		GX	2.227294	16.593944	15.75	0.79	
IC 2120		OTHER	5.319528	38.185	99.0	0.0	
IC 2122		GX	5.317056	-37.089389	13.93	1.75	
IC 2125		GX	5.407811	-27.016056	14.5	1.02	
IC 2128		OC	5.378936	-68.061083	11.1	4.8	
IC 2129		GX	5.530686	-23.145056	13.85	1.82	
IC 213		GX	2.234522	16.455889	13.2	1.43	
IC 2132		GX	5.541297	-13.927111	14.15	1.88	
IC 2134		GC	5.384956	-75.446833	13.94	1.4	
IC 2135		GX	5.553583	-36.398833	13.28	3.24	
IC 2137		GX	5.572689	-23.533333	13.94	1.29	
IC 2139		STAR	5.587842	-17.933667	99.0	0.0	
IC 214		GX	2.234886	5.17325	14.16	0.58	
IC 2140		GC	5.556086	-75.375361	13.48	2.3	
IC 2141		STAR	5.706206	-51.032861	99.0	0.0	
IC 2142		GX	5.552544	-78.019417	15.53	0.86	
IC 2143		GX	5.781281	-18.726389	13.42	1.9	
IC 2144		EN	5.837192	23.872417	99.0	1.0	
IC 2145		EN	5.673542	-69.670306	12.0	0.19	
IC 2146		GC	5.629703	-74.783194	12.41	3.3	
IC 2147		GX	5.724461	-30.495028	13.62	1.56	
IC 2148		GC	5.653294	-75.562444	14.23	1.3	
IC 2149		PN	5.939969	46.104778	10.78	0.14	
IC 215		GX	2.235961	-6.806333	15.62	0.84	
IC 2150		GX	5.855156	-38.320472	12.94	2.9	
IC 2151		GX	5.876786	-17.787278	14.17	1.24	
IC 2152		GX	5.964836	-23.180778	13.49	1.65	
IC 2153		GX	6.001439	-33.91975	99.0	1.0	
IC 2153 NED01		GX	6.001175	-33.920083	14.26	1.15	
IC 2153 NED02		GX	6.001511	-33.918194	14.33	1.08	
IC 2155		GX	6.010675	-33.997333	16.54	0.37	
IC 2156		OC	6.081225	24.158444	99.0	0.0	
IC 2157		OC	6.079883	24.071028	8.4	2.7	
IC 2158		GX	6.088322	-27.856972	12.91	1.36	
IC 2159		EN	6.166006	20.431389	99.0	0.0	
IC 216		GX	2.265422	-2.015111	15.87	0.5	
IC 2160		GX	5.9246	-76.92025	13.11	1.8	
IC 2161		GC	5.956906	-75.139472	14.24	1.6	
IC 2162		EN	6.217972	17.980083	99.0	4.0	
IC 2163		GX	6.274439	-21.375861	11.11	3.37	
IC 2164		GX	6.114517	-75.364694	14.57	1.15	
IC 2165		PN	6.361861	-12.987222	10.5	0.15	
IC 2166		GX	6.448789	59.080083	12.45	2.2	
IC 2168		STAR	6.563256	44.685472	99.0	0.0	
IC 217		GX	2.269567	-11.926722	15.08	2.0	
IC 2170		OTHER	6.568031	44.688444	99.0	0.0	
IC 2171		GX	6.741025	-17.932472	15.19	1.63	
IC 2173		STAR	6.846433	33.458056	99.0	0.0	
IC 2174		GX	7.151558	75.353028	13.55	0.78	
IC 2175		STAR	7.14435	35.28825	99.0	0.0	
IC 2176		GX	7.125508	32.46975	15.12	0.93	
IC 2177		RN	7.076919	-10.471056	99.0	20.0	
IC 2178		GX	7.127128	32.512389	16.01	0.59	
IC 2179		GX	7.258975	64.926194	12.51	0.85	
IC 218		GX	2.285347	1.282333	15.63	0.91	
IC 2180		GX	7.188772	26.371528	14.96	0.9	
IC 2181		GX	7.219542	18.995833	14.78	1.02	
IC 2182		GX	7.236397	18.945028	14.89	1.51	
IC 2183		OTHER	7.2823	-20.410472	99.0	0.0	
IC 2184		GX	7.490389	72.128889	99.0	1.1	
IC 2184 NED01		GX	7.490044	72.127889	14.29	0.86	
IC 2184 NED02		GX	7.490839	72.130972	14.0	0.73	
IC 2185		GX	7.387789	32.495333	14.88	0.6	
IC 2186		GX	7.379939	21.52925	16.09	0.33	
IC 2187		GX	7.378697	21.483361	15.1	0.2	
IC 2188		GX	7.378661	21.513028	15.05	1.1	
IC 2189		OTHER	7.415997	8.920694	99.0	0.0	
IC 219		GX	2.310786	-6.903333	14.44	1.56	
IC 2190		GX	7.498417	37.45175	14.68	0.93	
IC 2191		GX	7.50485	24.327722	15.18	0.81	
IC 2192		GX	7.555642	31.361389	15.56	0.52	
IC 2193		GX	7.556586	31.483556	14.62	1.47	
IC 2194		GX	7.561164	31.334417	14.96	1.51	
IC 2195		OTHER	7.474342	-51.257417	99.0	0.0	
IC 2196		GX	7.569372	31.405667	13.92	1.67	
IC 2197		GX	7.573697	31.422	17.07	0.5	
IC 2198		GX	7.569758	23.966333	15.27	0.65	
IC 2199		GX	7.58215	31.27625	13.55	1.03	
IC 22		GX	0.492547	-9.08075	14.73	0.81	
IC 220		GX	2.319925	-12.781639	15.08	0.67	
IC 2200		GX	7.471531	-62.352917	13.16	1.33	
IC 2201		GX	7.604669	33.122722	14.91	1.16	
IC 2202		GX	7.465206	-67.574222	13.6	2.16	
IC 2203		GX	7.676003	34.230056	14.58	0.9	
IC 2204		GX	7.688361	34.232167	16.26	0.89	
IC 2205		GX	7.781825	26.872333	14.98	0.71	
IC 2206		STAR	7.763997	-34.330167	10.5	0.0	
IC 2207		GX	7.830803	33.962278	15.15	1.71	
IC 2208		GX	7.868844	27.483917	15.18	0.43	
IC 2209		GX	7.937281	60.304083	13.8	0.84	
IC 221		GX	2.378028	28.256972	13.81	1.54	
IC 2210		STAR	7.949025	56.682333	99.0	0.0	
IC 2211		GX	7.962683	32.558111	14.56	0.82	
IC 2212		GX	7.982556	32.61225	15.7	0.73	
IC 2213		GX	7.985153	27.464	15.44	0.73	
IC 2214		GX	7.998281	33.290528	14.45	0.92	
IC 2215		OTHER	7.992542	24.928972	99.0	0.0	
IC 2216		STAR	7.990986	5.6145	99.0	0.0	
IC 2217		GX	8.013814	27.500306	14.3	0.59	
IC 2218		GX	8.027358	24.432444	15.57	0.85	
IC 2219		GX	8.043481	27.4375	14.41	1.16	
IC 222		GX	2.379958	11.638333	15.14	0.84	
IC 2220	Toby Jug Nebula	RN	7.947486	-59.125778	99.0	5.0	
IC 2221		GX	8.085542	37.450639	16.22	0.64	
IC 2222		GX	8.087436	37.472583	15.43	0.79	
IC 2223		GX	8.097308	37.460056	16.31	0.46	
IC 2225		GX	8.091144	35.946694	14.76	1.07	
IC 2226		GX	8.103117	12.5435	13.43	1.05	
IC 2227		GX	8.118661	36.233472	14.19	1.11	
IC 2228		STAR	8.118236	8.025361	99.0	0.0	
IC 223		GX	2.366972	-20.745917	14.09	1.15	
IC 2230		GX	8.182375	25.684694	15.67	0.57	
IC 2231		GX	8.183778	5.087333	14.91	1.67	
IC 2233		GX	8.233031	45.742139	12.61	2.88	
IC 2234		GX	8.231006	35.492917	15.98	0.54	
IC 2235		STAR	8.226064	24.076778	99.0	0.0	
IC 2236		STAR	8.227089	24.048806	99.0	0.0	
IC 2237		STAR	8.235581	24.679306	99.0	0.0	
IC 2238		STAR	8.235725	24.661889	99.0	0.0	
IC 2239		GX	8.235219	23.866361	15.24	0.84	
IC 224		GX	2.412539	-12.564472	15.0	0.86	
IC 2240		STAR	8.246522	24.467556	99.0	0.0	
IC 2241		STAR	8.2524	24.129389	99.0	0.0	
IC 2242		STAR	8.253183	24.132944	99.0	0.0	
IC 2243		STAR	8.255119	23.962278	99.0	0.0	
IC 2244		STAR	8.256186	24.545833	99.0	0.0	
IC 2245		STAR	8.257894	24.536056	99.0	0.0	
IC 2246		STAR	8.266886	23.84975	99.0	0.0	
IC 2247		GX	8.266417	23.199611	14.04	1.82	
IC 2248		GX	8.268003	23.134028	15.03	0.79	
IC 2249		GX	8.276231	24.493722	16.54	0.31	
IC 225		GX	2.441192	1.160528	14.83	1.01	
IC 2250		GX	8.2756	23.632972	16.58	0.41	
IC 2251		STAR	8.277442	23.949639	99.0	0.0	
IC 2252		STAR	8.278319	24.693889	99.0	0.0	
IC 2253		GX	8.276078	21.409889	14.7	0.95	
IC 2254		GX	8.279308	24.780222	15.28	0.7	
IC 2255		STAR	8.278661	23.457111	99.0	0.0	
IC 2256		GX	8.281786	24.176833	15.13	0.79	
IC 2257		STAR	8.286336	23.649917	99.0	0.0	
IC 2258		STAR	8.2879	23.577528	99.0	0.0	
IC 2259		STAR	8.288375	23.565639	99.0	0.0	
IC 226		GX	2.462758	28.208833	16.0	0.81	
IC 2260		STAR	8.290994	24.67325	99.0	0.0	
IC 2261		STAR	8.29245	23.512333	99.0	0.0	
IC 2262		STAR	8.2896	18.4545	99.0	0.0	
IC 2263		STAR	8.2947	23.580111	99.0	0.0	
IC 2264		STAR	8.295814	23.71475	99.0	0.0	
IC 2265		STAR	8.297286	24.193528	99.0	0.0	
IC 2266		STAR	8.294014	18.410361	99.0	0.0	
IC 2267		GX	8.300447	24.735333	15.2	1.85	
IC 2268		GX	8.301822	24.796444	15.47	0.38	
IC 2269		GX	8.302433	23.047583	15.6	0.98	
IC 227		GX	2.467669	28.175333	15.39	2.01	
IC 2270		STAR	8.300103	19.097667	99.0	0.0	
IC 2271		GX	8.305472	24.526917	15.42	0.4	
IC 2272		STAR	8.301992	18.735889	99.0	0.0	
IC 2273		STAR	8.303561	18.401667	99.0	0.0	
IC 2274		OTHER	8.303892	18.665833	99.0	0.0	
IC 2275		STAR	8.303811	18.411444	99.0	0.0	
IC 2276		OTHER	8.308158	18.477722	99.0	0.0	
IC 2277		STAR	8.309011	18.650056	99.0	0.0	
IC 2278		OTHER	8.309569	18.461528	99.0	0.0	
IC 2279		STAR	8.309867	18.567944	99.0	0.0	
IC 2280		STAR	8.3107	18.44975	99.0	0.0	
IC 2281		STAR	8.315042	18.909111	12.29	0.0	
IC 2282		GX	8.320981	24.792639	13.93	0.88	
IC 2283		STAR	8.321536	24.786417	99.0	0.0	
IC 2284		STAR	8.3163	18.605583	99.0	0.0	
IC 2285		STAR	8.317447	18.914667	99.0	0.0	
IC 2286		STAR	8.317803	18.956111	99.0	0.0	
IC 2287		STAR	8.318786	19.400472	99.0	0.0	
IC 2288		GX	8.322883	23.747306	15.62	0.53	
IC 2289		STAR	8.318789	18.498278	99.0	0.0	
IC 229		OTHER	2.456136	-23.813	99.0	0.0	
IC 2290		GX	8.321072	19.31325	15.34	0.58	
IC 2291		STAR	8.321708	18.508389	99.0	0.0	
IC 2292		STAR	8.322775	19.563583	99.0	0.0	
IC 2293		GX	8.325586	21.394306	14.37	0.89	
IC 2294		STAR	8.3239	18.984694	99.0	0.0	
IC 2295		STAR	8.324164	18.414222	99.0	0.0	
IC 2296		STAR	8.324597	18.89875	99.0	0.0	
IC 2297		STAR	8.334617	18.381972	99.0	0.0	
IC 2298		STAR	8.3353	18.403111	99.0	0.0	
IC 2299		STAR	8.335947	19.337444	99.0	0.0	
IC 23		GX	0.514111	-12.72025	15.05	0.85	
IC 230		GX	2.479803	-10.831361	15.54	0.64	
IC 2300		STAR	8.336833	18.420056	99.0	0.0	
IC 2301		STAR	8.337203	18.43375	99.0	0.0	
IC 2302		STAR	8.338133	19.357222	99.0	0.0	
IC 2303		STAR	8.338686	19.419	99.0	0.0	
IC 2304		STAR	8.343247	19.439528	99.0	0.0	
IC 2305		STAR	8.344467	19.452917	99.0	0.0	
IC 2306		STAR	8.344278	19.110278	99.0	0.0	
IC 2307		GX	8.345228	19.440667	15.4	0.85	
IC 2308		GX	8.345903	19.362278	99.0	0.63	
IC 2308 NED01		GX	8.345792	19.362222	17.1	0.28	
IC 2309		GX	8.345447	18.397833	15.97	0.76	
IC 231		GX	2.498997	1.179083	15.14	0.74	
IC 2310		STAR	8.3462	18.4635	99.0	0.0	
IC 2311		GX	8.312772	-25.36975	11.52	2.14	
IC 2312		GX	8.348161	18.510889	99.0	0.7	
IC 2312 NED01		GX	8.348128	18.508528	16.68	0.44	
IC 2312 NED02		GX	8.348208	18.512389	18.21	0.25	
IC 2313		STAR	8.348494	18.514194	99.0	0.0	
IC 2314		STAR	8.351011	18.762667	99.0	0.0	
IC 2315		STAR	8.352969	18.91525	99.0	0.0	
IC 2316		STAR	8.354222	19.759417	99.0	0.0	
IC 2317		STAR	8.355961	18.844333	99.0	0.0	
IC 2318		STAR	8.3591	18.622889	99.0	0.0	
IC 2319		STAR	8.359183	18.476722	99.0	0.0	
IC 232		GX	2.519894	1.265639	14.3	1.1	
IC 2320		STAR	8.359833	18.67025	99.0	0.0	
IC 2321		STAR	8.360881	18.469139	99.0	0.0	
IC 2322		STAR	8.360828	18.484111	99.0	0.0	
IC 2323		STAR	8.36145	18.61325	99.0	0.0	
IC 2324		STAR	8.366314	19.194028	99.0	0.0	
IC 2325		OTHER	8.369092	18.912139	99.0	0.0	
IC 2326		OTHER	8.370039	19.012083	99.0	0.0	
IC 2327		GX	8.357769	3.169278	13.95	1.21	
IC 2328		OTHER	8.371494	19.616444	99.0	0.0	
IC 2329		GX	8.372078	19.415972	14.89	2.0	
IC 233		GX	2.527972	2.809917	15.53	0.33	
IC 2330		STAR	8.373094	18.853611	99.0	0.0	
IC 2331		STAR	8.376431	19.679667	99.0	0.0	
IC 2332		STAR	8.377675	19.923056	99.0	0.0	
IC 2333		STAR	8.383569	19.081861	99.0	0.0	
IC 2334		STAR	8.383325	18.613778	99.0	0.0	
IC 2335		GX	8.385289	19.408028	16.77	0.45	
IC 2336		STAR	8.388622	18.537444	99.0	0.0	
IC 2337		GX	8.388969	18.535222	16.06	0.48	
IC 2338		GX	8.392408	21.338083	14.75	0.55	
IC 2339		GX	8.392836	21.347639	14.01	0.89	
IC 234		GX	2.527144	-0.14025	15.22	0.69	
IC 2340		GX	8.391681	18.749444	14.44	1.07	
IC 2341		GX	8.394844	21.434889	14.64	1.18	
IC 2342		STAR	8.39225	18.579611	99.0	0.0	
IC 2343		STAR	8.398314	19.025639	99.0	0.0	
IC 2344		STAR	8.398539	18.659722	99.0	0.0	
IC 2345		STAR	8.402344	19.952167	99.0	0.0	
IC 2346		STAR	8.403028	19.706222	99.0	0.0	
IC 2347		STAR	8.403911	18.773861	99.0	0.0	
IC 2348		GX	8.405625	20.53325	14.98	0.66	
IC 2349		STAR	8.404642	19.008056	99.0	0.0	
IC 235		GX	2.547442	20.64125	14.35	0.39	
IC 2350		OTHER	8.407883	19.552056	99.0	0.0	
IC 2351		STAR	8.408389	18.588778	99.0	0.0	
IC 2352		STAR	8.411106	19.602778	99.0	0.0	
IC 2353		STAR	8.410472	18.656556	99.0	0.0	
IC 2354		STAR	8.411322	18.666444	99.0	0.0	
IC 2355		STAR	8.414392	20.463472	99.0	0.0	
IC 2356		STAR	8.416906	19.497556	99.0	0.0	
IC 2357		STAR	8.417933	19.508861	99.0	0.0	
IC 2358		STAR	8.418083	19.495194	99.0	0.0	
IC 236		GX	2.548836	-0.13125	15.97	0.74	
IC 2360		STAR	8.420858	19.516444	99.0	0.0	
IC 2361		GX	8.429028	27.874583	14.76	1.56	
IC 2362		STAR	8.428172	19.942222	99.0	0.0	
IC 2363		GX	8.429283	19.449278	14.87	0.83	
IC 2364		STAR	8.430969	19.759722	99.0	0.0	
IC 2365		GX	8.43835	27.840139	14.53	1.21	
IC 2367		GX	8.4028	-18.775556	12.05	2.45	
IC 2368		STAR	8.433692	19.883	99.0	0.0	
IC 2369		STAR	8.437794	20.23225	99.0	0.0	
IC 237		GX	2.558769	1.139889	14.71	0.54	
IC 2370		STAR	8.439672	19.638056	99.0	0.0	
IC 2371		STAR	8.443606	19.798583	99.0	0.0	
IC 2372		STAR	8.444617	19.883083	99.0	0.0	
IC 2373		GX	8.446939	20.364833	14.88	0.59	
IC 2374		GX	8.472817	30.443194	15.26	0.53	
IC 2375		GX	8.438797	-13.303139	99.0	2.18	
IC 2376		GX	8.473925	30.407694	14.58	0.89	
IC 2377		GX	8.440578	-13.306167	14.76	1.05	
IC 2378		GX	8.475458	30.431333	13.23	1.31	
IC 2379		GX	8.441056	-13.292861	99.0	0.96	
IC 238		GX	2.589633	12.837722	14.02	1.38	
IC 2380		GX	8.478858	30.404528	14.15	0.8	
IC 2381		STAR	8.472706	19.791639	99.0	0.0	
IC 2382		GX	8.479478	22.053472	14.59	0.89	
IC 2383		GX	8.494819	30.687972	14.45	0.61	
IC 2384		GX	8.573189	32.434778	15.38	0.88	
IC 2385		GX	8.586211	37.265972	15.07	0.79	
IC 2386		STAR	8.578844	25.806694	99.0	0.0	
IC 2387		GX	8.642778	30.798694	14.73	1.16	
IC 2388		GX	8.6657	19.645306	15.81	0.57	
IC 2389		GX	8.799381	73.539194	13.32	1.3	
IC 239		GX	2.607744	38.969917	11.2	4.25	
IC 2391	omi Vel Cluster	OC	8.675522	-53.035472	2.5	29.1	
IC 2392		GX	8.741889	18.286139	14.58	0.61	
IC 2393		GX	8.780331	28.171306	14.33	1.18	
IC 2394		GX	8.785253	28.236556	15.07	0.68	
IC 2395		OC	8.708364	-48.150556	4.6	6.0	
IC 2396		STAR	8.777942	17.649194	99.0	0.0	
IC 2397		STAR	8.778294	17.659778	99.0	0.0	
IC 2398		GX	8.779047	17.754917	15.3	0.64	
IC 2399		GX	8.797147	18.911889	15.73	0.53	
IC 24		STAR	0.521286	30.839306	99.0	0.0	
IC 240		OTHER	2.649603	41.719417	99.0	0.0	
IC 2400		GX	8.799764	38.069806	15.09	0.9	
IC 2401		GX	8.802861	37.755361	14.9	1.12	
IC 2402		GX	8.799733	31.785639	15.4	0.82	
IC 2403		GX	8.769258	-15.357	15.42	0.7	
IC 2404		GX	8.802903	29.491361	14.75	0.76	
IC 2405		GX	8.811878	37.218639	14.86	0.76	
IC 2406		GX	8.801281	17.702389	14.21	1.64	
IC 2407		GX	8.802542	17.611472	15.12	1.25	
IC 2408		STAR	8.805622	19.037417	16.5	0.0	
IC 2409		GX	8.80685	18.331139	14.3	0.92	
IC 241		GX	2.631806	2.328028	14.48	0.9	
IC 2412		STAR	8.823253	18.543167	99.0	0.0	
IC 2413		STAR	8.825436	18.74475	99.0	0.0	
IC 2414		GX	8.830589	18.792417	15.67	0.58	
IC 2415		STAR	8.833864	18.651611	16.3	0.0	
IC 2416		STAR	8.842264	18.559611	99.0	0.0	
IC 2417		STAR	8.852267	18.624917	14.5	0.0	
IC 2418		GX	8.856967	17.94525	16.42	0.39	
IC 2419		STAR	8.869278	18.101361	99.0	0.0	
IC 242		STAR	2.639981	-6.933944	99.0	0.0	
IC 2420		GX	8.859378	3.100694	14.85	0.84	
IC 2421		GX	8.906	32.680861	13.31	1.41	
IC 2422		GX	8.906753	20.224806	15.66	0.66	
IC 2423		GX	8.913078	20.220278	14.57	0.84	
IC 2425		STAR	8.930592	-3.423139	99.0	0.0	
IC 2426		GX	8.975133	2.9255	15.17	0.61	
IC 2427		GX	9.017139	37.875444	15.56	0.74	
IC 2428		GX	9.054083	30.591333	14.6	1.61	
IC 2429		GX	9.061814	29.296	14.61	0.59	
IC 243		GX	2.642267	-6.902139	15.46	1.22	
IC 2430		GX	9.073008	27.953	14.38	0.96	
IC 2431		GX	9.076486	14.594083	99.0	1.0	
IC 2431 NED01		GX	9.076267	14.597889	17.47	0.04	
IC 2431 NED02	Browning	GX	9.076311	14.595778	14.04	0.6	
IC 2431 NED03		GX	9.076339	14.593417	99.0	0.45	
IC 2431 NED04		GX	9.076511	14.595056	17.44	0.28	
IC 2432		GX	9.07765	5.512056	15.59	0.82	
IC 2433		GX	9.091314	22.602222	15.22	0.82	
IC 2434		GX	9.121128	37.215278	14.49	1.3	
IC 2435		GX	9.113831	26.275444	14.96	0.88	
IC 2436		STAR	9.089922	-19.165472	99.0	0.0	
IC 2437		GX	9.092531	-19.207111	12.92	1.79	
IC 2438		OTHER	9.235786	73.417361	99.0	0.0	
IC 2439		GX	9.144017	32.592944	16.06	1.4	
IC 244		GX	2.656869	2.728806	15.26	0.7	
IC 2440		STAR	9.263933	73.459056	99.0	0.0	
IC 2441		GX	9.167306	22.853333	99.0	0.9	
IC 2441 NED01		GX	9.167172	22.855056	15.29	0.63	
IC 2441 NED02		GX	9.167472	22.851778	15.78	0.66	
IC 2442		GX	9.168103	22.838333	15.33	0.83	
IC 2443		GX	9.191914	28.826583	14.21	0.66	
IC 2444		GX	9.214128	30.212278	15.23	0.82	
IC 2445		GX	9.220167	31.807861	15.25	0.76	
IC 2446		GX	9.225383	28.95175	13.64	1.49	
IC 2448		PN	9.118406	-69.941833	10.4	0.15	
IC 245		GX	2.648511	-14.305556	15.0	1.11	
IC 2450		GX	9.2848	25.429167	13.93	1.35	
IC 2451		GX	9.263272	23.496417	15.77	0.93	
IC 2452		GX	9.265994	23.47225	15.68	0.68	
IC 2453		GX	9.265147	20.928889	15.37	0.72	
IC 2454		GX	9.267158	17.820694	14.44	0.97	
IC 2456		GX	9.290067	34.674389	15.65	0.63	
IC 2457		GX	9.284483	20.0935	16.21	0.55	
IC 2459		GX	9.316519	34.862194	15.78	0.66	
IC 246		GX	2.674611	2.478639	15.39	0.69	
IC 2461		GX	9.332786	37.19125	14.77	2.41	
IC 2462		GX	9.382292	22.686361	16.06	0.69	
IC 2463		GX	9.383403	22.618556	15.79	0.54	
IC 2464		GX	9.389519	22.63025	15.25	0.8	
IC 2465		GX	9.392086	24.445694	15.09	0.97	
IC 2466		GX	9.395842	24.518444	15.44	0.83	
IC 2467		GX	9.414644	38.35175	14.77	0.95	
IC 2468		GX	9.417081	38.344028	16.09	0.51	
IC 2469		GX	9.383628	-32.44975	11.09	5.79	
IC 247		GX	2.669106	-11.733778	14.74	0.88	
IC 2470		GX	9.428144	23.361611	15.21	1.01	
IC 2471		GX	9.420047	-6.829917	14.4	1.08	
IC 2472		GX	9.4427	21.385028	15.49	0.62	
IC 2473		GX	9.456528	30.440806	14.69	1.08	
IC 2474		GX	9.453169	23.034278	15.75	0.59	
IC 2475		GX	9.465092	29.791861	15.61	1.01	
IC 2476		GX	9.464675	29.98575	14.24	1.3	
IC 2477		GX	9.471619	29.706056	14.65	0.6	
IC 2478		GX	9.466925	30.036972	15.56	0.57	
IC 2479		GX	9.467803	29.991444	15.5	0.58	
IC 248		GX	2.690508	17.812222	14.35	0.99	
IC 2481		GX	9.458003	3.929611	14.48	0.83	
IC 2482		GX	9.449783	-12.108917	13.92	2.84	
IC 2483		GX	9.490497	30.994722	15.64	0.66	
IC 2484		OTHER	9.4473	-42.842806	99.0	0.0	
IC 2485		OTHER	9.4533	-39.284722	99.0	0.0	
IC 2486		GX	9.504825	26.641278	14.98	0.92	
IC 2487		GX	9.502547	20.090861	14.13	1.84	
IC 2488		OC	9.460619	-57.006944	7.4	7.2	
IC 2489		OTHER	9.519897	-5.884167	99.0	0.0	
IC 2490		GX	9.551014	29.928361	14.6	0.97	
IC 2491		GX	9.587283	34.731667	14.9	0.87	
IC 2492		GX	9.554131	-37.866333	15.72	0.76	
IC 2493		GX	9.604872	37.364	14.75	0.97	
IC 2495		GX	9.635386	28.057667	14.74	0.73	
IC 2496		GX	9.645694	34.726778	15.44	0.73	
IC 2497		GX	9.684469	34.732722	15.78	0.72	
IC 2498		GX	9.689428	28.114472	15.3	0.83	
IC 2499		GX	9.690175	27.89525	16.21	0.63	
IC 25		GX	0.520025	-0.407361	15.29	0.86	
IC 250		GX	2.681742	-13.313556	15.05	0.91	
IC 2500		GX	9.706492	36.349694	14.94	1.35	
IC 2501		PN	9.646439	-60.091861	10.4	0.03	
IC 2502		GX	9.720944	35.160528	15.57	0.55	
IC 2503		GX	9.721067	35.206222	16.49	0.42	
IC 2504		OTHER	9.642728	-69.085111	99.0	0.0	
IC 2505		GX	9.751931	27.268583	15.82	0.75	
IC 2506		GX	9.753547	27.252	15.71	0.55	
IC 2507		GX	9.74275	-31.79	13.34	1.74	
IC 2508		GX	9.7853	33.508056	15.78	0.69	
IC 2509		STAR	9.7822	5.701944	99.0	0.0	
IC 251		GX	2.687181	-14.957833	15.0	0.84	
IC 2510		GX	9.795411	-32.837444	15.5	1.59	
IC 2511		GX	9.823486	-32.839194	13.09	4.22	
IC 2513		GX	9.833553	-32.882833	13.3	3.39	
IC 2515		GX	9.91095	37.408583	14.95	1.13	
IC 2516		GX	9.913433	37.686944	14.89	0.97	
IC 2517		GX	9.880742	-33.741944	15.45	0.68	
IC 2518		GX	9.932925	37.155528	15.77	0.7	
IC 2519		GX	9.933003	34.036583	15.48	0.35	
IC 252		GX	2.695869	-14.84825	15.35	1.01	
IC 2520		GX	9.938922	27.227583	14.31	0.88	
IC 2521		GX	9.954375	33.976306	15.63	0.61	
IC 2522		GX	9.919156	-33.137139	12.0	2.3	
IC 2523		GX	9.919311	-33.210222	13.63	1.43	
IC 2524		GX	9.959128	33.619722	14.76	0.74	
IC 2525		GX	9.9736	37.101861	15.81	0.65	
IC 2526		GX	9.950842	-32.256861	13.66	2.07	
IC 2527		GX	10.001803	38.172194	15.55	0.57	
IC 253		GX	2.701597	-15.046833	14.87	0.95	
IC 2530		GX	10.025294	37.203944	14.96	0.97	
IC 2531		GX	9.998825	-29.616972	12.22	6.55	
IC 2532		GX	10.0015	-34.228278	14.04	2.04	
IC 2533		GX	10.008797	-31.245	11.97	2.04	
IC 2534		GX	10.024961	-34.112417	13.41	1.84	
IC 2535		GX	10.075508	38.006028	14.77	0.85	
IC 2536		GX	10.058394	-33.94975	14.55	1.88	
IC 2537		GX	10.064414	-27.570861	12.22	2.61	
IC 2538		GX	10.065692	-34.807528	15.0	1.49	
IC 2539		GX	10.071169	-31.362944	14.06	1.98	
IC 254		GX	2.701383	-15.106639	14.91	0.26	
IC 2540		GX	10.112975	31.475722	15.2	0.91	
IC 2541		GX	10.096669	-17.434556	13.88	1.47	
IC 2542		GX	10.130706	34.315306	14.53	1.04	
IC 2543		GX	10.139944	37.842778	99.0	0.8	
IC 2543 NED01		GX	10.139878	37.841528	15.73	0.74	
IC 2543 NED02		GX	10.139992	37.844222	17.51	0.2	
IC 2544		GX	10.141592	33.346389	15.32	0.52	
IC 2545		STAR	10.109739	-33.858278	99.0	0.0	
IC 2546		GX	10.118311	-33.261361	15.6	0.83	
IC 2547		GX	10.167914	36.502444	15.62	0.82	
IC 2548		GX	10.131931	-35.229611	14.04	2.17	
IC 2549		GX	10.169489	36.464861	15.88	0.47	
IC 255		GX	2.784225	16.288028	15.68	0.59	
IC 2550		GX	10.174422	27.956111	14.48	0.93	
IC 2551		GX	10.177867	24.414139	14.53	0.76	
IC 2552		GX	10.179483	-34.844694	12.06	1.87	
IC 2553		PN	10.155797	-62.613694	10.3	0.15	
IC 2554		GX	10.147378	-67.030861	11.7	3.31	
IC 2556		GX	10.210453	-34.728861	14.26	1.83	
IC 2557		GX	10.268297	38.109222	15.6	0.6	
IC 2558		GX	10.245594	-34.338722	13.74	1.01	
IC 2559		GX	10.245942	-34.058806	14.42	1.69	
IC 256		GX	2.827861	46.954667	14.31	0.46	
IC 2560		GX	10.271867	-33.563806	12.06	3.55	
IC 2561		GX	10.319058	34.675028	14.81	0.89	
IC 2562		GX	10.315139	16.155528	14.97	0.66	
IC 2563		GX	10.314425	-32.596556	15.56	0.91	
IC 2564		GX	10.357694	36.452056	15.83	0.71	
IC 2565		GX	10.354964	27.930083	15.14	0.67	
IC 2566		GX	10.372053	36.583028	14.72	0.98	
IC 2567		GX	10.366056	24.655222	15.36	0.79	
IC 2568		GX	10.375003	36.599306	14.93	1.1	
IC 2569		GX	10.381553	24.606417	15.46	0.67	
IC 257		GX	2.829289	46.976194	12.68	1.93	
IC 2570		GX	10.359528	-33.623222	16.05	0.82	
IC 2572		GX	10.418689	28.094806	15.47	0.9	
IC 2573		GX	10.391717	-35.455583	15.38	1.5	
IC 2574	Coddington's Nebula	GX	10.473189	68.412139	10.46	12.91	
IC 2575		GX	10.423333	-32.63625	15.95	0.63	
IC 2576		GX	10.43305	-32.903472	14.86	0.94	
IC 2577		GX	10.467069	32.763889	15.35	0.7	
IC 2578		GX	10.456303	-33.877333	15.06	1.51	
IC 258		GX	2.829472	41.051667	15.52	1.48	
IC 2580		GX	10.471661	-31.518028	12.72	2.05	
IC 2581		OC	10.458097	-57.617306	4.3	6.0	
IC 2582		GX	10.486389	-30.3425	12.91	1.29	
IC 2583		GX	10.519567	26.055056	14.92	0.59	
IC 2584		GX	10.497636	-34.911639	12.67	1.44	
IC 2586		GX	10.517333	-28.716639	12.52	1.53	
IC 2587		GX	10.516556	-34.562944	12.35	1.98	
IC 2588		GX	10.530594	-30.384528	12.53	1.65	
IC 2589		GX	10.539117	-24.037556	14.31	0.82	
IC 259		GX	2.828022	41.055111	15.38	0.69	
IC 2590		GX	10.604606	26.962472	14.73	0.97	
IC 2591		GX	10.610742	35.052917	14.45	1.0	
IC 2593		GX	10.604431	-12.725806	15.54	0.87	
IC 2594		GX	10.601158	-24.323083	13.48	1.66	
IC 2595		OTHER	10.625867	-11.116722	99.0	0.0	
IC 2596		GX	10.570128	-73.240139	13.87	1.32	
IC 2597		GX	10.629847	-27.081694	11.68	2.62	
IC 2598		GX	10.661758	26.727556	15.29	0.66	
IC 2599		EN	10.624192	-58.733389	99.0	20.0	
IC 260		GX	2.850244	46.954778	15.12	1.53	
IC 2600		GX	10.777444	72.320444	15.58	0.62	
IC 2601		GX	10.787033	72.323028	15.46	0.35	
IC 2602	tet Car Cluster	OC	10.715964	-64.394194	99.0	48.0	
IC 2603		OTHER	10.807044	32.927306	99.0	0.0	
IC 2604		GX	10.823631	32.772722	14.86	1.18	
IC 2605		OTHER	10.829872	32.973194	15.39	0.4	
IC 2606		GX	10.838236	37.956222	14.58	1.07	
IC 2607		GX	10.838594	37.993944	15.27	0.75	
IC 2608		GX	10.837644	32.768167	15.45	0.79	
IC 2610		OTHER	10.868908	33.083167	99.0	0.0	
IC 2611		STAR	10.877481	10.136361	99.0	0.0	
IC 2612		GX	10.893656	32.767639	15.78	0.82	
IC 2614		GX	11.026056	38.803667	16.5	0.24	
IC 2615		GX	11.033967	37.94525	15.45	0.38	
IC 2616		GX	11.034933	38.78725	15.35	0.66	
IC 2617		GX	11.035453	38.66425	14.8	0.89	
IC 2618		STAR	11.033006	27.78925	99.0	0.0	
IC 2619		GX	11.037572	37.966083	15.66	0.33	
IC 262		GX	2.862019	42.828278	14.69	2.1	
IC 2620		GX	11.039986	38.505028	14.22	1.04	
IC 2621		PN	11.005553	-65.249361	11.2	0.08	
IC 2623		GX	11.064156	-20.093056	13.5	1.06	
IC 2626		GX	11.151075	26.904167	15.8	0.77	
IC 2627		GX	11.164831	-23.725944	12.0	2.4	
IC 2628		GX	11.193853	12.121972	15.72	0.75	
IC 2629		GX	11.210261	12.104944	16.2	0.7	
IC 263		GX	2.827767	-0.069861	14.72	0.65	
IC 2630		STAR	11.211997	12.318944	99.0	0.0	
IC 2631		EN	11.164664	-76.614306	99.0	0.0	
IC 2632		GX	11.218317	11.673278	17.07	0.41	
IC 2633		GX	11.219456	11.601	16.53	0.62	
IC 2634		GX	11.224514	10.485972	15.0	0.9	
IC 2635		STAR	11.224947	11.463889	99.0	0.0	
IC 2636		GX	11.226122	11.456167	16.6	0.67	
IC 2637		GX	11.230486	9.586306	14.17	0.97	
IC 2638		GX	11.231086	10.563389	15.04	0.97	
IC 2639		GX	11.232094	9.642806	16.43	0.57	
IC 264		GX	2.813228	-0.109194	16.88	0.5	
IC 2640		GX	11.234858	10.997667	16.65	0.43	
IC 2641		STAR	11.236264	9.399333	99.0	0.0	
IC 2642		OTHER	11.237722	12.265667	99.0	0.0	
IC 2643		STAR	11.240711	10.126222	99.0	0.0	
IC 2644		GX	11.241614	10.768472	16.52	0.61	
IC 2645		GX	11.241894	11.886778	15.71	0.79	
IC 2646		GX	11.243778	12.5285	16.91	0.45	
IC 2647		STAR	11.244061	12.142	99.0	0.0	
IC 2648		GX	11.246008	10.224833	16.14	0.58	
IC 2649		GX	11.246236	11.127694	15.35	0.85	
IC 265		GX	2.912217	41.655333	15.49	0.71	
IC 2650		GX	11.247961	13.852472	16.74	0.48	
IC 2651		GX	11.247856	12.239778	16.27	0.52	
IC 2652		GX	11.247867	12.448056	16.32	0.67	
IC 2653		STAR	11.248286	10.548361	99.0	0.0	
IC 2654		GX	11.250794	12.499472	16.85	0.41	
IC 2655		GX	11.251433	12.164389	17.44	0.36	
IC 2656		GX	11.251494	12.379139	16.88	0.64	
IC 2657		GX	11.252419	13.694722	17.27	0.29	
IC 2658		STAR	11.252431	12.996611	99.0	0.0	
IC 2659		STAR	11.257733	12.887667	99.0	0.0	
IC 266		GX	2.918008	42.262333	15.65	0.74	
IC 2660		GX	11.2579	12.437194	16.78	0.4	
IC 2661		GX	11.258103	13.608667	15.79	0.68	
IC 2662		OTHER	11.258553	12.771056	99.0	0.0	
IC 2663		STAR	11.258994	12.603917	99.0	0.0	
IC 2664		STAR	11.260678	12.562694	99.0	0.0	
IC 2665		GX	11.261328	11.724139	17.51	0.59	
IC 2666		GX	11.262158	13.78225	14.26	1.07	
IC 2667		GX	11.262233	12.116833	16.68	0.63	
IC 2668		GX	11.258967	-14.171083	14.59	1.55	
IC 2669		STAR	11.264783	13.429556	99.0	0.0	
IC 267		GX	2.897292	12.849222	13.09	1.86	
IC 2670		GX	11.266544	11.783361	16.57	0.46	
IC 2671		STAR	11.267589	13.12425	99.0	0.0	
IC 2672		STAR	11.267728	10.157278	99.0	0.0	
IC 2673		GX	11.267814	10.162556	15.35	0.85	
IC 2674		GX	11.268958	11.048639	15.4	1.12	
IC 2675		STAR	11.269669	12.249306	99.0	0.0	
IC 2676		GX	11.271808	9.821833	17.69	0.14	
IC 2677		GX	11.272028	12.215861	18.16	0.23	
IC 2678		GX	11.272678	11.949111	16.39	0.67	
IC 2679		GX	11.273111	12.015389	15.67	0.87	
IC 268		GX	2.924153	-14.103	15.31	0.97	
IC 2680		GX	11.273758	9.807139	15.87	0.79	
IC 2681		OTHER	11.275903	11.207194	99.0	0.0	
IC 2682		STAR	11.2767	9.410778	99.0	0.0	
IC 2683		GX	11.28175	12.099278	17.01	0.42	
IC 2684		GX	11.283625	13.099639	17.03	0.76	
IC 2685		STAR	11.283358	10.094083	99.0	0.0	
IC 2686		STAR	11.284031	12.951667	99.0	0.0	
IC 2687		STAR	11.286661	10.158111	99.0	0.0	
IC 2689		GX	11.28875	12.959944	16.94	0.66	
IC 269		GX	2.924025	-14.066806	15.34	1.19	
IC 2690		GX	11.289331	12.975417	18.03	0.28	
IC 2691		STAR	11.290161	12.031083	99.0	0.0	
IC 2692		GX	11.292561	10.768056	16.62	0.52	
IC 2693		STAR	11.293419	13.548833	99.0	0.0	
IC 2694		GX	11.294056	13.376111	15.62	0.76	
IC 2695		GX	11.296825	13.727667	16.53	0.51	
IC 2696		STAR	11.296925	12.75575	99.0	0.0	
IC 2697		STAR	11.297536	13.399972	99.0	0.0	
IC 2698		GX	11.297506	11.885778	15.81	0.7	
IC 2699		STAR	11.297958	11.909222	99.0	0.0	
IC 27		GX	0.551733	-13.3715	15.82	0.58	
IC 270		GX	2.928942	-14.207889	14.14	1.8	
IC 2700		GX	11.298383	12.054194	17.03	0.38	
IC 2701		GX	11.299172	11.118056	17.2	0.44	
IC 2702		GX	11.299231	9.412472	17.0	0.4	
IC 2703		GX	11.301425	17.649528	15.81	0.93	
IC 2704		GX	11.301114	12.454194	15.71	0.65	
IC 2705		STAR	11.301022	11.904083	99.0	0.0	
IC 2706		STAR	11.308111	12.548444	99.0	0.0	
IC 2707		GX	11.308567	9.474861	16.51	0.46	
IC 2708		GX	11.309614	12.711111	15.06	0.92	
IC 2709		GX	11.311711	12.561694	17.47	0.54	
IC 271		GX	2.933181	-12.007861	14.7	1.06	
IC 2710		STAR	11.312311	13.566583	99.0	0.0	
IC 2711		STAR	11.312914	13.738444	99.0	0.0	
IC 2712		GX	11.314661	9.626889	16.55	0.46	
IC 2713		GX	11.319506	12.164806	16.29	0.59	
IC 2714		OC	11.290931	-62.725111	8.2	7.2	
IC 2715		GX	11.320664	11.952167	21.01	0.74	
IC 2716		GX	11.321206	11.698556	17.7	0.38	
IC 2717		STAR	11.321881	12.048556	99.0	0.0	
IC 2718		GX	11.322472	12.022278	15.84	0.59	
IC 2719		GX	11.325611	12.059778	17.87	0.22	
IC 272		GX	2.935122	-14.186639	14.86	0.96	
IC 2720		GX	11.326569	12.076583	15.64	0.79	
IC 2721		OTHER	11.328558	12.310639	99.0	0.0	
IC 2722		GX	11.328989	13.962917	99.0	0.7	
IC 2722 NED01		GX	11.328872	13.963917	16.1	0.69	
IC 2722 NED03		GX	11.328989	13.962917	17.08	0.11	
IC 2723		GX	11.329972	12.033444	17.38	0.47	
IC 2724		GX	11.330122	10.716556	16.84	0.48	
IC 2725		GX	11.332622	13.429278	17.2	0.48	
IC 2726		OTHER	11.3329	13.415583	99.0	0.0	
IC 2727		GX	11.333353	12.033333	16.7	0.43	
IC 2728		STAR	11.334758	13.427	99.0	0.0	
IC 2729		GX	11.335214	13.409306	17.65	0.43	
IC 273		GX	2.952994	2.775056	14.32	1.49	
IC 2730		STAR	11.335386	12.366528	99.0	0.0	
IC 2731		STAR	11.336186	13.558278	99.0	0.0	
IC 2732		GX	11.336772	12.404028	17.17	0.4	
IC 2733		STAR	11.338142	13.83525	99.0	0.0	
IC 2734		GX	11.33995	12.443028	16.51	0.84	
IC 2735		GX	11.351083	34.343944	15.1	1.18	
IC 2736		STAR	11.348506	12.408667	99.0	0.0	
IC 2737		STAR	11.352292	14.293194	99.0	0.0	
IC 2738		GX	11.356406	34.356667	15.06	0.85	
IC 2739		GX	11.353453	11.91475	16.86	0.37	
IC 274		OTHER	3.001453	44.213167	99.0	0.0	
IC 2740		GX	11.354739	8.752306	17.39	0.37	
IC 2741		GX	11.354853	9.152361	16.65	0.42	
IC 2742		GX	11.355203	10.446722	17.46	0.34	
IC 2743		STAR	11.356942	8.693111	99.0	0.0	
IC 2744		GX	11.361808	34.362806	14.77	1.12	
IC 2745		GX	11.358822	13.426611	15.21	0.62	
IC 2746		GX	11.360117	11.737083	16.72	0.53	
IC 2747		STAR	11.361156	8.80325	99.0	0.0	
IC 2748		GX	11.362233	8.804972	16.63	0.54	
IC 2749		GX	11.362556	8.574778	15.8	0.6	
IC 275		GX	3.015917	44.348333	99.0	1.0	
IC 275 NED01		GX	3.015519	44.346306	99.0	0.32	
IC 275 NED02		GX	3.015528	44.350361	14.44	1.38	
IC 275 NED03		GX	3.016297	44.350167	16.56	0.3	
IC 2750		GX	11.364108	9.658444	17.37	0.43	
IC 2751		GX	11.368719	34.366361	15.4	0.63	
IC 2752		GX	11.367206	14.1245	16.73	0.63	
IC 2753		GX	11.366586	9.878056	16.66	0.32	
IC 2754		GX	11.367328	14.144056	16.97	0.52	
IC 2755		STAR	11.367336	13.793111	99.0	0.0	
IC 2756		GX	11.366919	9.960167	17.1	0.51	
IC 2757		GX	11.36725	8.393833	15.25	0.72	
IC 2758		GX	11.367592	7.813528	15.45	0.65	
IC 2759		GX	11.370356	24.317167	15.1	0.73	
IC 276		GX	2.978072	-15.703111	13.97	1.67	
IC 2760		GX	11.370222	12.665417	17.39	0.45	
IC 2761		GX	11.371436	14.177583	16.79	0.4	
IC 2762		GX	11.371644	12.722528	15.82	0.92	
IC 2763		GX	11.371822	13.065056	14.89	1.44	
IC 2764		GX	11.451397	-28.980222	12.26	2.2	
IC 2765		GX	11.373089	14.199056	17.17	0.31	
IC 2766		GX	11.373072	12.903472	17.12	0.53	
IC 2767		GX	11.373108	13.077806	17.03	0.87	
IC 2768		GX	11.373211	12.528917	17.32	0.4	
IC 2769		GX	11.373792	14.195889	15.95	0.43	
IC 277		GX	2.997389	2.771361	13.12	1.0	
IC 2770		GX	11.373544	9.220667	16.64	0.39	
IC 2771		GX	11.374458	12.519167	18.11	0.28	
IC 2772		STAR	11.375111	13.599139	99.0	0.0	
IC 2773		STAR	11.376475	13.574528	99.0	0.0	
IC 2774		STAR	11.376986	12.514944	99.0	0.0	
IC 2775		GX	11.377656	12.512	17.73	0.32	
IC 2776		GX	11.377775	13.330528	15.15	0.87	
IC 2777		GX	11.377931	12.025583	15.33	0.79	
IC 2778		OTHER	11.378314	12.526306	99.0	0.0	
IC 2779		GX	11.379031	13.345306	17.47	0.3	
IC 278		GX	3.025122	37.766	14.69	2.17	
IC 2780		GX	11.380036	10.149556	16.53	0.65	
IC 2781		GX	11.380742	12.344889	17.19	0.36	
IC 2782		GX	11.382044	13.441278	15.2	0.94	
IC 2783		GX	11.381564	8.884056	16.36	0.7	
IC 2784		GX	11.386564	13.117722	16.36	0.65	
IC 2785		GX	11.3876	13.39125	15.54	0.87	
IC 2786		GX	11.388194	13.392	16.55	0.95	
IC 2787		GX	11.388633	13.629778	15.53	0.8	
IC 2788		GX	11.390825	12.698028	18.15	0.42	
IC 2789		GX	11.392406	14.188028	18.04	0.05	
IC 279		GX	3.020058	16.209222	15.19	0.54	
IC 2790		GX	11.392794	9.555361	16.91	0.46	
IC 2791		GX	11.393783	12.895778	17.08	0.57	
IC 2792		GX	11.394864	11.404833	17.06	0.49	
IC 2793		GX	11.396497	9.449778	99.0	0.5	
IC 2793 NED01		GX	11.396467	9.451333	17.65	0.35	
IC 2793 NED02		GX	11.396539	9.448444	17.69	0.36	
IC 2794		STAR	11.401014	12.790972	99.0	0.0	
IC 2795		GX	11.401131	12.135111	17.36	0.36	
IC 2796		GX	11.402319	9.344139	99.0	0.6	
IC 2796 NED01		GX	11.402331	9.345722	17.44	0.51	
IC 2796 NED02		GX	11.402339	9.342917	18.19	0.37	
IC 2797		GX	11.40585	11.705944	16.41	0.76	
IC 2798		GX	11.406664	12.415611	16.93	0.77	
IC 2799		GX	11.407408	13.849111	17.18	0.45	
IC 28		GX	0.552422	-13.456278	15.56	0.3	
IC 280		OTHER	3.051003	42.359306	99.0	0.0	
IC 2800		GX	11.407522	12.208806	17.35	0.63	
IC 2801		GX	11.408064	10.183833	16.34	0.5	
IC 2802		GX	11.408433	12.20875	17.8	0.28	
IC 2803		GX	11.409836	9.850028	17.3	0.43	
IC 2804		GX	11.415481	13.222056	15.11	0.87	
IC 2805		STAR	11.416636	14.014472	99.0	0.0	
IC 2806		STAR	11.420917	9.652222	99.0	0.0	
IC 2807		GX	11.421403	11.530056	17.47	0.32	
IC 2808		STAR	11.424133	9.132056	99.0	0.0	
IC 2809		STAR	11.427158	8.526278	99.0	0.0	
IC 2810		GX	11.429181	14.676583	15.24	1.03	
IC 2811		GX	11.429069	9.170528	16.7	0.73	
IC 2812		GX	11.432172	11.529917	16.94	0.52	
IC 2813		GX	11.435139	11.25575	16.75	0.48	
IC 2814		GX	11.435697	9.661806	16.7	0.4	
IC 2815		GX	11.437931	12.803833	17.09	0.5	
IC 2816		GX	11.438411	10.6365	16.58	0.74	
IC 2817		STAR	11.438558	9.149	99.0	0.0	
IC 2818		GX	11.440797	12.920944	17.31	0.46	
IC 2819		GX	11.440956	13.844889	16.05	0.59	
IC 2820		GX	11.440792	10.238472	16.55	0.54	
IC 2821		GX	11.443022	13.962917	16.82	0.25	
IC 2822		GX	11.442792	11.440083	15.12	1.35	
IC 2823		GX	11.445742	12.848417	15.8	0.89	
IC 2824		STAR	11.451353	14.085278	99.0	0.0	
IC 2825		STAR	11.450989	8.443917	99.0	0.0	
IC 2826		GX	11.451689	13.238722	15.17	0.73	
IC 2827		STAR	11.452686	11.514389	99.0	0.0	
IC 2828		GX	11.453039	8.731056	14.88	1.01	
IC 2829		GX	11.454161	10.322361	15.66	0.88	
IC 283		GX	3.064017	-0.204444	17.93	0.71	
IC 2830		GX	11.455994	7.814306	15.54	0.5	
IC 2831		STAR	11.456281	8.978917	99.0	0.0	
IC 2832		STAR	11.456978	13.989444	99.0	0.0	
IC 2833		STAR	11.457253	13.602806	99.0	0.0	
IC 2834		GX	11.458839	13.570333	17.47	0.45	
IC 2835		GX	11.458775	12.142889	16.86	0.59	
IC 2836		STAR	11.460336	9.084806	99.0	0.0	
IC 2837		GX	11.461656	10.313056	16.48	0.43	
IC 2838		GX	11.462567	14.01125	16.82	0.22	
IC 2839		GX	11.462617	10.81975	17.15	0.54	
IC 284		GX	3.102753	42.371917	11.59	4.29	
IC 2840		GX	11.463222	13.425889	17.28	0.43	
IC 2841		STAR	11.463572	12.603111	99.0	0.0	
IC 2842		GX	11.463247	9.651972	17.12	0.45	
IC 2843		GX	11.466136	13.183917	15.54	0.73	
IC 2844		GX	11.466139	11.453278	16.38	0.7	
IC 2845		GX	11.466794	12.52975	16.75	0.71	
IC 2846		GX	11.466803	11.158278	15.01	0.89	
IC 2847		GX	11.467608	13.930389	17.2	0.17	
IC 2848		GX	11.470464	13.030472	17.12	0.47	
IC 2849		STAR	11.469906	9.094	99.0	0.0	
IC 285		GX	3.068394	-12.015444	15.02	1.45	
IC 2850		GX	11.470267	9.06225	14.99	0.8	
IC 2851		GX	11.470725	11.394389	17.27	0.44	
IC 2852		GX	11.470569	9.800472	16.73	0.49	
IC 2853		GX	11.470794	9.147028	14.48	0.91	
IC 2854		STAR	11.472186	8.968722	99.0	0.0	
IC 2855		GX	11.473608	9.68775	18.49	0.34	
IC 2856		GX	11.471197	-12.890694	14.6	0.99	
IC 2857		GX	11.475289	9.104417	15.31	1.79	
IC 2858		GX	11.476656	13.6615	16.95	0.21	
IC 2859		STAR	11.478267	9.1085	99.0	0.0	
IC 286		OTHER	3.079783	-6.484528	99.0	0.0	
IC 2860		GX	11.479056	14.041889	16.64	0.29	
IC 2861		GX	11.483047	38.851278	15.33	0.83	
IC 2862		GX	11.4787	10.127278	16.91	0.54	
IC 2863		STAR	11.481661	9.095306	99.0	0.0	
IC 2864		GX	11.483242	12.367722	16.8	0.61	
IC 2865		STAR	11.483264	9.1155	99.0	0.0	
IC 2866		STAR	11.483342	9.042194	99.0	0.0	
IC 2867		GX	11.483483	9.089389	15.92	0.45	
IC 2868		STAR	11.484944	9.094306	99.0	0.0	
IC 2869		STAR	11.485756	9.017389	99.0	0.0	
IC 287		GX	3.082728	-12.070444	15.36	0.81	
IC 2870		GX	11.486783	11.8655	18.0	1.05	
IC 2871		GX	11.489081	8.602361	15.22	0.91	
IC 2872		EN	11.468897	-62.988944	99.0	15.14	
IC 2873		GX	11.490953	13.218306	99.0	0.7	
IC 2873 NED01		GX	11.490964	13.215694	17.39	0.42	
IC 2873 NED02		GX	11.491011	13.220111	15.08	0.82	
IC 2874		GX	11.490986	10.629167	16.85	0.45	
IC 2875		STAR	11.493036	12.989889	99.0	0.0	
IC 2876		GX	11.492667	9.016167	16.74	0.62	
IC 2877		GX	11.493817	12.853278	16.05	0.58	
IC 2878		GX	11.493947	9.967583	16.54	0.53	
IC 2879		GX	11.495636	9.013861	16.84	0.44	
IC 288		GX	3.125808	42.387556	14.95	1.01	
IC 2880		STAR	11.498061	13.198833	99.0	0.0	
IC 2881		GX	11.498447	12.511222	18.52	0.32	
IC 2882		STAR	11.502622	11.989139	99.0	0.0	
IC 2883		GX	11.504386	10.910917	17.23	0.33	
IC 2884		STAR	11.461403	-79.734389	99.0	0.0	
IC 2885		STAR	11.506281	9.772056	99.0	0.0	
IC 2886		GX	11.506789	11.562667	17.06	0.32	
IC 2888		OTHER	11.509753	9.9085	99.0	0.0	
IC 2889		GX	11.508053	-13.091	14.7	1.22	
IC 289		PN	3.172017	61.316778	13.2	0.58	
IC 2890		STAR	11.512819	13.181833	99.0	0.0	
IC 2891		GX	11.513372	12.677722	16.65	0.46	
IC 2892		GX	11.513586	10.588556	16.95	0.68	
IC 2893		GX	11.5148	13.391028	99.0	0.5	
IC 2893 NED01		GX	11.514781	13.391972	17.75	0.06	
IC 2893 NED02		GX	11.51485	13.389917	15.96	0.45	
IC 2894		GX	11.515972	13.235361	15.97	0.62	
IC 2895		STAR	11.515914	9.976861	99.0	0.0	
IC 2896		GX	11.520397	12.350056	16.56	0.47	
IC 2897		STAR	11.522047	11.549056	99.0	0.0	
IC 2898		GX	11.522336	13.336222	16.63	0.48	
IC 2899		STAR	11.522325	10.634722	99.0	0.0	
IC 29		GX	0.569667	-2.177639	15.79	0.66	
IC 290		GX	3.161872	40.974222	15.43	1.24	
IC 2900		GX	11.524914	13.167306	17.3	0.33	
IC 2901		GX	11.525592	12.699722	16.97	0.61	
IC 2902		STAR	11.525878	14.22275	99.0	0.0	
IC 2903		GX	11.527989	12.642583	16.81	0.44	
IC 2904		STAR	11.528436	13.184139	16.8	0.0	
IC 2905		STAR	11.529717	9.106972	99.0	0.0	
IC 2906		STAR	11.530447	13.132889	99.0	0.0	
IC 2907		STAR	11.530208	9.899444	99.0	0.0	
IC 2908		STAR	11.530689	12.937889	99.0	0.0	
IC 2909		GX	11.530803	11.470222	17.77	0.24	
IC 291		GX	3.124014	-12.587444	14.65	1.19	
IC 2910		GX	11.531864	-9.725361	14.63	1.28	
IC 2911		STAR	11.534619	12.977361	99.0	0.0	
IC 2912		GX	11.535308	11.70975	17.11	0.55	
IC 2913		GX	11.530931	-30.410778	13.83	1.0	
IC 2914		GX	11.536786	13.492472	15.54	0.65	
IC 2916		STAR	11.537819	11.683722	99.0	0.0	
IC 2917		GX	11.538703	10.945444	18.0	0.26	
IC 2918		STAR	11.540619	13.2485	99.0	0.0	
IC 2919		GX	11.543028	14.189222	15.93	0.55	
IC 292		GX	3.170256	40.765667	13.47	1.19	
IC 2920		STAR	11.546853	12.557111	99.0	0.0	
IC 2921		GX	11.547022	10.296472	16.94	0.59	
IC 2922		STAR	11.547561	12.922833	99.0	0.0	
IC 2923		GX	11.548208	13.163972	16.79	0.41	
IC 2924		STAR	11.547831	9.023278	99.0	0.0	
IC 2925		GX	11.553675	34.265111	15.34	0.48	
IC 2926		STAR	11.551131	12.436444	99.0	0.0	
IC 2927		STAR	11.551325	13.085722	99.0	0.0	
IC 2928		GX	11.558322	34.31625	14.67	0.9	
IC 2929		GX	11.558742	12.137333	16.21	0.53	
IC 293		GX	3.182267	41.137111	15.48	1.05	
IC 2930		GX	11.562261	10.088667	15.75	0.69	
IC 2931		STAR	11.564025	12.467222	99.0	0.0	
IC 2932		STAR	11.564919	10.543389	99.0	0.0	
IC 2933		GX	11.570208	34.3125	14.95	1.18	
IC 2934		GX	11.572097	13.322	15.24	0.74	
IC 2935		STAR	11.580058	10.250139	99.0	0.0	
IC 2936		GX	11.58245	13.008806	16.48	0.39	
IC 2937		STAR	11.584269	10.103361	99.0	0.0	
IC 2938		GX	11.593417	13.680722	15.26	0.89	
IC 2939		STAR	11.593883	10.697083	99.0	0.0	
IC 294		GX	3.184197	40.622111	15.52	1.49	
IC 2940		OTHER	11.600761	21.961667	99.0	0.0	
IC 2941		GX	11.602769	10.055583	14.96	0.85	
IC 2942		GX	11.603392	11.815889	16.18	0.66	
IC 2943		GX	11.611753	54.846028	15.14	0.41	
IC 2944	lam Cen Nebula	OC	11.596369	-63.019833	4.5	7.2	
IC 2945		GX	11.617858	12.926583	99.0	1.0	
IC 2945 NED01		GX	11.617861	12.926444	15.21	0.96	
IC 2946		GX	11.624914	32.252472	15.03	0.46	
IC 2947		GX	11.625269	31.362333	14.21	0.75	
IC 2948		OC	11.65165	-63.443861	99.0	6.0	
IC 2949		STAR	11.681764	-46.454583	99.0	0.0	
IC 295		OTHER	3.183539	40.61525	99.0	0.0	
IC 2950		GX	11.693867	37.992111	14.88	0.65	
IC 2951		GX	11.723489	19.749806	13.57	1.54	
IC 2952		GX	11.738092	33.351361	15.78	0.35	
IC 2954		STAR	11.750906	26.7865	99.0	0.0	
IC 2955		GX	11.751086	19.620611	14.19	0.38	
IC 2956		GX	11.754878	26.767389	14.83	0.94	
IC 2957		GX	11.760261	31.299556	14.91	0.79	
IC 2958		GX	11.761756	33.154444	15.7	0.71	
IC 296		OTHER	3.184658	40.626861	99.0	0.0	
IC 2960		GX	11.772139	35.00375	15.37	0.83	
IC 2961		GX	11.797103	31.34475	15.66	0.48	
IC 2962		OTHER	11.818331	-12.311361	99.0	0.0	
IC 2964		OTHER	11.831242	12.050306	99.0	0.0	
IC 2966		RN	11.837097	-64.872944	99.0	3.0	
IC 2967		GX	11.848647	30.850694	14.7	0.85	
IC 2968		GX	11.875147	20.625472	15.59	0.89	
IC 2969		GX	11.875353	-3.87225	13.78	1.3	
IC 297		STAR	3.221772	42.148778	99.0	0.0	
IC 2970		OTHER	11.886042	-23.123278	99.0	0.0	
IC 2971		GX	11.890983	30.696917	15.73	0.7	
IC 2973		GX	11.897433	33.3655	14.42	1.42	
IC 2974		GX	11.896869	-5.167833	14.0	2.19	
IC 2977		GX	11.920739	-37.696306	12.24	2.14	
IC 2978		GX	11.939786	32.038722	15.36	1.0	
IC 2979		GX	11.9484	32.158806	14.46	0.84	
IC 298		GX	3.188583	1.314722	99.0	0.8	
IC 2980		GX	11.958378	-73.6845	13.26	2.04	
IC 2981		GX	11.928506	32.188889	14.95	0.53	
IC 2983		OTHER	11.971314	-2.110056	99.0	0.0	
IC 2984		GX	11.985342	30.696944	15.49	0.73	
IC 2985		GX	11.986875	30.731222	15.1	0.9	
IC 2986		GX	11.997114	30.844417	14.76	0.99	
IC 2987		GX	12.056817	38.813306	15.32	0.6	
IC 2988		OTHER	12.061722	3.42925	99.0	0.0	
IC 298A		GX	3.188472	1.315028	16.12	0.54	
IC 298B		GX	3.188758	1.313389	15.1	0.43	
IC 299		GX	3.184042	-13.109583	15.79	0.87	
IC 2990		GX	12.077389	11.050056	15.09	0.73	
IC 2991		GX	12.086808	10.640361	15.83	0.67	
IC 2992		GX	12.087731	30.855639	14.83	0.63	
IC 2993		GX	12.093981	32.822194	16.01	0.35	
IC 2994		GX	12.091075	12.702889	15.65	0.47	
IC 2995		GX	12.096364	-27.940139	12.57	3.37	
IC 2996		GX	12.096842	-29.971917	14.37	1.78	
IC 2997		OTHER	12.095686	20.280861	99.0	0.0	
IC 2998		OTHER	12.098678	20.753361	99.0	0.0	
IC 2999		GX	12.099317	31.3485	15.72	0.67	
IC 3		GX	0.201692	-0.415222	14.78	0.93	
IC 30		GX	0.570756	-2.084583	15.17	0.69	
IC 300		GX	3.237783	42.415333	16.06	0.65	
IC 3000		OTHER	12.102375	-29.673389	99.0	0.0	
IC 3001		GX	12.104669	33.525861	15.46	0.73	
IC 3002		GX	12.117831	33.382833	15.59	0.61	
IC 3003		GX	12.125728	32.813	14.91	0.8	
IC 3004		GX	12.119511	13.247528	15.77	0.61	
IC 3005		GX	12.120603	-30.024639	13.83	2.42	
IC 3006		OTHER	12.123428	12.993389	99.0	0.0	
IC 3007		GX	12.125217	31.348111	15.55	0.69	
IC 3008		GX	12.131056	13.577306	14.74	0.93	
IC 3009		OTHER	12.133364	12.646472	99.0	0.0	
IC 301		GX	3.246586	42.222639	14.95	1.26	
IC 3010		GX	12.132614	-30.339472	12.22	2.09	
IC 3012		GX	12.139983	11.176611	15.89	0.59	
IC 3013		GX	12.140439	10.016667	15.28	0.58	
IC 3014		GX	12.143611	38.831778	14.46	0.82	
IC 3015		GX	12.150078	-31.519889	13.15	0.72	
IC 3016		GX	12.15515	11.430222	15.23	0.49	
IC 3017		GX	12.156342	13.618167	16.43	0.6	
IC 3018		GX	12.156933	13.574444	15.88	0.66	
IC 3019		GX	12.156183	13.992417	13.98	1.26	
IC 302		GX	3.214242	4.707028	12.89	1.84	
IC 3020		GX	12.157561	14.2245	16.42	0.36	
IC 3021		GX	12.165158	13.049972	15.53	1.29	
IC 3022		GX	12.167328	38.739972	14.3	0.2	
IC 3023		GX	12.167153	14.366861	15.92	1.04	
IC 3024		GX	12.169981	12.325667	15.06	0.9	
IC 3025		GX	12.173081	10.188556	14.94	0.73	
IC 3026		OTHER	12.176194	-29.923222	99.0	0.0	
IC 3027		OTHER	12.175019	14.193528	99.0	0.0	
IC 3028		GX	12.176581	11.760806	15.72	0.55	
IC 3029		GX	12.178294	13.331278	14.84	1.26	
IC 303		GX	3.211353	-11.689944	16.16	0.59	
IC 3030		OTHER	12.185008	14.143556	99.0	0.0	
IC 3031		GX	12.184494	13.308444	16.98	0.61	
IC 3032		GX	12.185489	14.274806	15.25	0.59	
IC 3033		GX	12.186097	13.5875	15.09	1.03	
IC 3034		GX	12.196611	14.201139	16.23	0.74	
IC 3036		GX	12.204197	12.488389	14.77	0.88	
IC 3037		GX	12.205689	9.986444	15.26	0.48	
IC 3038		GX	12.209058	11.352833	15.3	0.41	
IC 3039		GX	12.209047	12.309889	15.06	0.91	
IC 304		GX	3.250381	37.881833	14.74	1.06	
IC 3040		GX	12.209592	11.075028	15.29	0.77	
IC 3041		GX	12.21185	12.762833	16.96	0.62	
IC 3043		GX	12.213106	10.009667	16.6	0.93	
IC 3044		GX	12.213478	13.976472	14.28	1.26	
IC 3045		OTHER	12.216575	12.7795	99.0	0.0	
IC 3046		GX	12.218853	12.918222	15.31	1.34	
IC 3047		GX	12.220731	12.997667	16.54	0.58	
IC 3048		STAR	12.222622	13.069028	99.0	0.0	
IC 3049		GX	12.226028	14.480278	15.66	0.9	
IC 305		GX	3.251056	37.86	15.57	0.79	
IC 3052		GX	12.230075	12.690556	17.15	0.49	
IC 3053		GX	12.231092	14.222972	15.27	0.56	
IC 3054		GX	12.237342	13.542944	16.33	0.68	
IC 3055		GX	12.239528	12.091389	99.0	0.5	
IC 3055 NED01		GX	12.239408	12.090556	17.47	0.52	
IC 3055 NED02		GX	12.239475	12.091889	99.0	0.12	
IC 3055 NED03		GX	12.239614	12.091639	16.46	0.42	
IC 3056		GX	12.243594	12.811861	14.84	1.3	
IC 3057		OTHER	12.250742	-44.472972	99.0	0.0	
IC 3058		GX	12.246514	14.0955	16.29	0.54	
IC 3059		GX	12.248617	13.460528	14.27	1.69	
IC 306		GX	3.216725	-11.715694	15.5	0.71	
IC 3060		GX	12.250581	12.547111	14.82	0.72	
IC 3061		GX	12.251233	14.028972	13.61	2.22	
IC 3062		GX	12.251492	13.59475	14.6	0.81	
IC 3063		GX	12.251869	12.016722	14.76	0.98	
IC 3065		GX	12.253489	14.432889	14.39	1.24	
IC 3066		GX	12.254606	13.473139	15.72	0.97	
IC 3068		GX	12.256444	11.510889	16.52	0.46	
IC 3069		GX	12.255519	10.160806	16.58	0.5	
IC 307		GX	3.229225	-0.241444	14.5	1.6	
IC 3070		STAR	12.256853	13.039472	99.0	0.0	
IC 3071		STAR	12.25885	9.545556	99.0	0.0	
IC 3072		STAR	12.260592	9.555639	99.0	0.0	
IC 3073		GX	12.259889	13.619167	15.15	0.88	
IC 3074		GX	12.262831	10.699194	14.81	0.34	
IC 3075		GX	12.265303	23.595556	15.13	0.93	
IC 3076		STAR	12.267772	9.078944	99.0	0.0	
IC 3077		GX	12.26565	14.433028	14.6	1.07	
IC 3078		GX	12.266678	12.687306	15.7	0.58	
IC 3079		GX	12.267814	11.534861	15.29	0.71	
IC 308		GX	3.271064	41.18075	14.22	1.16	
IC 3080		GX	12.267408	14.189389	15.0	0.73	
IC 3081		GX	12.269183	12.691306	15.0	0.77	
IC 3082		GX	12.270028	23.842083	15.91	0.67	
IC 3083		GX	12.272567	12.527778	17.14	0.47	
IC 3084		GX	12.273183	23.917889	15.65	0.45	
IC 3085		STAR	12.273892	9.469	99.0	0.0	
IC 3086		STAR	12.274372	9.009167	99.0	0.0	
IC 3087		STAR	12.274028	13.287778	99.0	0.0	
IC 3088		STAR	12.274544	9.458806	99.0	0.0	
IC 3089		GX	12.274917	23.827722	15.67	0.73	
IC 309		GX	3.268414	40.804556	14.81	1.02	
IC 3090		STAR	12.275447	9.439444	99.0	0.0	
IC 3091		GX	12.274769	14.012361	14.47	1.08	
IC 3092		GX	12.275636	10.046417	16.38	0.37	
IC 3093		GX	12.278433	14.277806	14.79	0.37	
IC 3094		GX	12.282225	13.625417	14.53	0.54	
IC 3095		GX	12.282094	23.957917	15.77	0.53	
IC 3096		GX	12.281211	14.514583	15.18	1.11	
IC 3097		GX	12.283642	9.407556	15.26	0.79	
IC 3099		GX	12.285908	12.454028	14.97	1.85	
IC 31		GX	0.573508	12.268167	15.62	1.16	
IC 310		GX	3.278606	41.324972	12.71	1.5	
IC 3100		GX	12.284875	12.289833	15.09	1.41	
IC 3101		GX	12.288792	11.943472	15.75	0.63	
IC 3103		STAR	12.291236	9.360444	14.56	0.0	
IC 3104		GX	12.312794	-79.726056	13.66	2.4	
IC 3105		GX	12.292708	12.388111	14.81	1.55	
IC 3106		STAR	12.296058	9.613139	99.0	0.0	
IC 3107		GX	12.296369	10.844639	14.3	1.25	
IC 3108		GX	12.295194	13.379917	14.76	0.77	
IC 3109		GX	12.295586	13.171028	14.86	0.67	
IC 311		GX	3.279647	40.003611	15.65	1.0	
IC 3110		GX	12.295789	37.399694	16.39	0.27	
IC 3111		GX	12.297447	8.430278	14.99	0.62	
IC 3112		GX	12.296767	26.030722	15.0	1.14	
IC 3114		STAR	12.299097	9.135389	99.0	0.0	
IC 3116		GX	12.299214	25.076528	16.19	0.45	
IC 3117		STAR	12.301294	9.076528	99.0	0.0	
IC 3118		GX	12.303069	9.499806	14.74	1.29	
IC 3119		GX	12.302356	24.688306	15.4	0.57	
IC 312		GX	3.302392	41.754111	14.64	1.19	
IC 3120		GX	12.304264	13.749139	15.8	0.64	
IC 3121		GX	12.304861	13.257222	99.0	0.5	
IC 3121 NED01		GX	12.304914	13.256444	17.33	0.53	
IC 3121 NED02		GX	12.304822	13.258278	17.5	0.49	
IC 3122		GX	12.30595	25.216806	14.59	1.27	
IC 3123		STAR	12.307664	8.064917	7.26	0.0	
IC 3124		STAR	12.307647	9.588389	99.0	0.0	
IC 3125		STAR	12.307075	24.365111	99.0	0.0	
IC 3126		GX	12.310322	13.815167	16.18	0.5	
IC 3127		GX	12.309786	11.870417	15.3	0.52	
IC 3128		GX	12.311167	11.733611	99.0	1.4	
IC 3128A		GX	12.311631	11.731833	15.0	0.65	
IC 3128B		GX	12.310711	11.735028	18.27	0.33	
IC 3129		STAR	12.312489	9.590667	99.0	0.0	
IC 313		GX	3.349417	41.893833	14.79	1.26	
IC 3130		STAR	12.313778	8.232972	99.0	0.0	
IC 3131		GX	12.314136	7.861889	14.09	1.0	
IC 3133		OTHER	12.315156	7.639667	99.0	0.0	
IC 3134		GX	12.315589	8.961611	14.73	0.8	
IC 3135		GX	12.314606	27.4915	17.05	0.33	
IC 3136		GX	12.315936	6.184389	14.89	1.22	
IC 3137		GX	12.315186	12.470056	16.89	0.67	
IC 3138		GX	12.315611	12.443889	99.0	0.5	
IC 3138 NED01		GX	12.3156	12.445278	16.53	0.44	
IC 3138 NED02		GX	12.315611	12.442111	99.0	0.17	
IC 3139		STAR	12.316878	9.126778	99.0	0.0	
IC 3140		STAR	12.316078	27.129472	99.0	0.0	
IC 3141		GX	12.316233	24.186278	15.34	0.89	
IC 3142		GX	12.317639	13.981389	99.0	1.4	
IC 3142 NED01		GX	12.317217	13.982444	15.39	0.67	
IC 3142 NED02		GX	12.318097	13.980528	15.2	0.86	
IC 3143		GX	12.318164	27.298417	15.63	0.63	
IC 3144		GX	12.319378	25.296972	16.77	0.38	
IC 3145		STAR	12.319581	24.294139	99.0	0.0	
IC 3146		GX	12.320139	25.715028	16.77	0.51	
IC 3147		GX	12.321639	12.017222	99.0	1.0	
IC 3147 NED01		GX	12.321442	12.016194	16.12	0.66	
IC 3147 NED02		GX	12.321853	12.018194	16.17	0.51	
IC 3148		GX	12.322672	7.870333	15.61	0.62	
IC 3149		GX	12.323392	12.301389	15.2	0.64	
IC 315		GX	3.319261	4.038556	15.49	0.68	
IC 3150		GX	12.324581	7.798222	15.44	0.36	
IC 3151		GX	12.3258	9.414222	14.78	0.9	
IC 3152		GX	12.326664	-26.1455	12.43	1.66	
IC 3153		GX	12.3269	5.397806	15.0	0.54	
IC 3154		GX	12.326108	25.585917	15.99	0.61	
IC 3155		GX	12.329253	6.00575	14.42	1.0	
IC 3156		GX	12.328928	9.148583	14.66	0.72	
IC 3157		GX	12.329978	12.421944	15.09	0.96	
IC 3158		STAR	12.330517	9.28975	99.0	0.0	
IC 3159		GX	12.331447	11.674472	16.6	0.5	
IC 316		GX	3.355528	41.930556	99.0	0.8	
IC 316 NED01		GX	3.355542	41.928944	15.24	0.45	
IC 316 NED02		GX	3.355528	41.931917	15.03	1.06	
IC 3160		STAR	12.333292	9.101889	99.0	0.0	
IC 3161		STAR	12.333669	8.999056	99.0	0.0	
IC 3162		STAR	12.334203	8.996972	99.0	0.0	
IC 3163		STAR	12.334931	9.255611	99.0	0.0	
IC 3164		STAR	12.334692	24.955917	99.0	0.0	
IC 3165		GX	12.334658	27.975333	14.75	1.0	
IC 3166		OTHER	12.331667	60.694278	99.0	0.0	
IC 3167		GX	12.33855	9.545361	14.72	1.35	
IC 3168		GX	12.338483	27.920389	15.66	0.72	
IC 3169		GX	12.339275	25.5995	16.57	0.48	
IC 317		GX	3.315419	-12.740194	14.87	0.88	
IC 3170		GX	12.340708	9.42425	14.63	0.58	
IC 3171		GX	12.340017	25.560583	14.63	0.92	
IC 3172		GX	12.340153	27.818778	16.29	0.68	
IC 3173		GX	12.341717	11.340944	15.3	0.72	
IC 3174		GX	12.341536	10.245167	15.25	0.63	
IC 3175		GX	12.342597	9.853417	15.0	0.83	
IC 3176		GX	12.341689	25.515417	16.33	0.67	
IC 3177		OTHER	12.342869	14.127611	99.0	0.0	
IC 3178		STAR	12.343072	26.169306	99.0	0.0	
IC 3179		GX	12.343814	26.165389	16.62	0.32	
IC 318		GX	3.345508	-14.568222	14.72	1.08	
IC 3180		OTHER	12.339928	60.694333	99.0	0.0	
IC 3182		STAR	12.3466	12.730139	99.0	0.0	
IC 3183		STAR	12.346908	6.686722	99.0	0.0	
IC 3184		GX	12.346333	24.915583	15.64	0.77	
IC 3185		GX	12.347967	25.429694	15.9	0.68	
IC 3186		GX	12.348856	24.668583	14.44	0.53	
IC 3187		GX	12.348522	11.161806	15.47	0.69	
IC 3188		GX	12.348639	11.008889	14.81	0.77	
IC 3189		GX	12.348978	25.426528	16.24	0.6	
IC 319		STAR	3.391403	41.416361	99.0	0.0	
IC 3190		STAR	12.350669	9.569778	99.0	0.0	
IC 3191		STAR	12.351431	7.704417	99.0	0.0	
IC 3192		GX	12.351336	11.754611	16.11	0.58	
IC 3193		GX	12.350356	27.898778	15.65	0.98	
IC 3194		GX	12.3525	25.1335	16.37	0.57	
IC 3195		GX	12.354842	25.808278	16.38	0.52	
IC 3196		GX	12.357397	11.757778	16.43	0.53	
IC 3197		STAR	12.357194	25.443889	99.0	0.0	
IC 3198		STAR	12.35865	26.366306	99.0	0.0	
IC 3199		GX	12.362667	10.595639	15.03	1.0	
IC 32		GX	0.583803	-2.141694	16.15	0.62	
IC 320		GX	3.433106	40.789028	15.34	1.12	
IC 3200		GX	12.360331	26.760778	16.46	0.53	
IC 3201		GX	12.361214	25.726	17.05	0.4	
IC 3202		GX	12.362314	27.057111	16.69	0.67	
IC 3203		GX	12.362675	25.884667	15.43	1.31	
IC 3204		GX	12.364008	24.249111	16.79	0.52	
IC 3205		GX	12.36415	26.341	15.55	0.62	
IC 3206		GX	12.364253	26.363583	15.79	0.53	
IC 3207		GX	12.364508	24.354556	16.36	0.79	
IC 3208		GX	12.365439	11.966833	15.96	0.98	
IC 3209		GX	12.368375	11.754722	14.97	1.0	
IC 321		GX	3.408219	-14.985472	14.79	1.03	
IC 3210		GX	12.366939	28.431083	15.38	0.66	
IC 3212		GX	12.367611	28.186	15.53	0.71	
IC 3213		GX	12.368797	23.869611	15.5	0.49	
IC 3214		STAR	12.369197	27.235083	99.0	0.0	
IC 3215		GX	12.36955	26.051944	15.53	1.27	
IC 3216		GX	12.369947	25.286694	16.52	0.52	
IC 3217		GX	12.370297	26.388028	17.53	0.41	
IC 3218		GX	12.372089	6.927917	15.66	0.64	
IC 3219		GX	12.370842	25.951333	16.45	0.84	
IC 322		GX	3.433464	3.680556	15.35	0.76	
IC 3220		GX	12.372664	10.601972	15.95	1.05	
IC 3221		GX	12.372264	25.283778	17.14	0.57	
IC 3222		GX	12.372075	28.831583	15.1	0.59	
IC 3223		OTHER	12.375169	9.48725	99.0	0.0	
IC 3224		GX	12.376642	12.158028	16.3	0.38	
IC 3225		GX	12.377497	6.677056	14.38	0.91	
IC 3226		STAR	12.376375	26.067333	99.0	0.0	
IC 3227		GX	12.376572	24.085139	16.52	0.46	
IC 3228		GX	12.377606	24.330083	16.19	1.11	
IC 3229		GX	12.381333	6.679861	15.25	1.23	
IC 323		OTHER	3.492653	41.855083	99.0	0.0	
IC 3230		GX	12.377689	27.746972	16.41	0.44	
IC 3231		GX	12.378828	24.820472	99.0	0.65	
IC 3232		STAR	12.379942	24.424528	99.0	0.0	
IC 3233		GX	12.381914	12.566778	16.56	0.69	
IC 3234		GX	12.381156	28.112528	16.93	0.42	
IC 3235		GX	12.38275	13.545778	16.55	0.62	
IC 3236		GX	12.383397	10.101222	16.46	0.42	
IC 3237		GX	12.382781	28.494167	15.89	0.47	
IC 3238		GX	12.385106	14.458333	14.67	0.67	
IC 3239		GX	12.385992	11.726	16.16	0.78	
IC 3240		GX	12.385367	10.362278	16.54	0.46	
IC 3241		GX	12.385678	26.905278	16.33	0.67	
IC 3242		GX	12.386233	26.248889	16.48	0.63	
IC 3243		GX	12.386481	27.765694	15.66	0.75	
IC 3244		GX	12.386739	14.388972	15.0	0.77	
IC 3245		OTHER	12.388253	9.129556	99.0	0.0	
IC 3246		GX	12.388097	13.051833	16.32	0.54	
IC 3247		GX	12.387219	28.89375	15.4	1.86	
IC 3248		STAR	12.388022	25.552028	99.0	0.0	
IC 3249		GX	12.388314	25.444667	16.79	0.37	
IC 325		GX	3.513572	-7.046722	15.58	0.83	
IC 3250		STAR	12.388283	25.628806	99.0	0.0	
IC 3251		STAR	12.388581	25.653389	99.0	0.0	
IC 3252		STAR	12.390256	28.618222	99.0	0.0	
IC 3253		GX	12.395894	-34.622194	12.12	3.02	
IC 3255		GX	12.392983	9.648611	14.73	0.6	
IC 3257		OTHER	12.395753	7.253778	99.0	0.0	
IC 3258		GX	12.395686	12.478333	13.3	1.35	
IC 3259		GX	12.396811	7.186833	13.52	1.64	
IC 326		GX	3.510169	-14.425556	15.41	1.13	
IC 3261		GX	12.397917	11.481306	17.21	0.47	
IC 3262		GX	12.396714	27.394278	15.23	0.77	
IC 3263		GX	12.397386	28.1995	14.4	0.6	
IC 3264		GX	12.397764	25.557389	16.72	0.59	
IC 3265		STAR	12.399675	7.803778	99.0	0.0	
IC 3267		GX	12.401536	7.041278	13.42	1.21	
IC 3268		GX	12.402067	6.607472	13.77	1.0	
IC 3269		GX	12.401222	27.434778	16.48	0.75	
IC 327		GX	3.519439	-14.692139	15.21	0.8	
IC 3270		GX	12.401625	27.577889	16.34	0.61	
IC 3271		GX	12.403869	7.952972	14.57	0.79	
IC 3272		GX	12.402586	23.284639	16.81	0.51	
IC 3275		GX	12.405411	10.446333	16.49	0.53	
IC 3276		GX	12.403917	25.818778	16.48	0.57	
IC 3277		OTHER	12.404364	25.564	99.0	0.0	
IC 3278		GX	12.404156	27.420806	99.0	0.9	
IC 3278 NED01		GX	12.403986	27.423472	17.69	0.36	
IC 3278 NED02		GX	12.404183	27.42325	16.71	0.54	
IC 3278 NED03		GX	12.404289	27.418472	16.75	0.43	
IC 3279		STAR	12.406675	12.852444	99.0	0.0	
IC 328		GX	3.519708	-14.637861	14.59	0.67	
IC 3280		GX	12.407428	13.233444	15.06	0.7	
IC 3281		OTHER	12.407753	7.819139	99.0	0.0	
IC 3282		STAR	12.407792	25.670639	99.0	0.0	
IC 3283		GX	12.407783	27.21125	16.47	0.68	
IC 3284		GX	12.410433	10.839028	15.25	0.55	
IC 3285		STAR	12.409303	24.859667	99.0	0.0	
IC 3286		GX	12.409578	23.747889	16.11	0.49	
IC 3287		GX	12.410267	24.594722	17.6	0.21	
IC 3288		GX	12.410947	24.949861	16.31	0.55	
IC 3289		GX	12.415958	-26.030722	14.17	1.15	
IC 329		GX	3.533714	0.279444	15.14	1.0	
IC 3290		GX	12.419156	-39.7755	13.57	2.22	
IC 3291		GX	12.413447	12.0185	16.46	0.57	
IC 3292		GX	12.413433	18.195111	15.03	1.09	
IC 3293		GX	12.414864	17.432417	16.31	0.69	
IC 3294		GX	12.413814	25.597472	17.28	0.38	
IC 3295		OTHER	12.413606	28.707833	99.0	0.0	
IC 3296		GX	12.416067	24.382861	15.54	0.49	
IC 3297		STAR	12.41615	26.771194	99.0	0.0	
IC 3298		GX	12.417722	17.015333	15.26	1.28	
IC 3299		GX	12.417539	27.374472	17.2	0.6	
IC 33		GX	0.584767	-2.137694	15.29	0.78	
IC 330		GX	3.535564	0.353389	14.98	1.02	
IC 3300		GX	12.41805	25.957556	15.2	1.15	
IC 3301		GX	12.421539	14.172556	16.12	0.52	
IC 3302		GX	12.419564	25.879806	16.98	0.37	
IC 3303		GX	12.420889	12.714611	14.37	0.95	
IC 3304		GX	12.419922	25.424278	18.61	0.24	
IC 3305		GX	12.420694	11.849611	14.9	1.08	
IC 3306		GX	12.420133	27.402361	16.14	0.94	
IC 3308		GX	12.421725	26.715111	14.96	0.58	
IC 3309		GX	12.422258	28.381	15.65	1.0	
IC 331		GX	3.538633	0.282556	14.83	0.91	
IC 3310		STAR	12.432028	15.680528	99.0	0.0	
IC 3311		GX	12.425864	12.260333	14.68	1.85	
IC 3312		GX	12.424972	23.581639	17.05	0.5	
IC 3313		GX	12.426789	15.829833	14.22	1.34	
IC 3314		GX	12.425414	23.591056	16.25	0.53	
IC 3315		GX	12.427481	12.31375	15.9	0.6	
IC 3316		GX	12.426708	26.16325	16.55	0.46	
IC 3317		GX	12.427475	25.343917	17.16	0.52	
IC 3318		STAR	12.430514	9.762806	11.44	0.0	
IC 3319		OTHER	12.430814	10.391	99.0	0.0	
IC 332		GX	3.543728	1.382556	15.32	0.97	
IC 3321		GX	12.429494	26.082528	16.55	0.71	
IC 3322		GX	12.431694	7.554778	14.08	2.33	
IC 3322A		GX	12.428489	7.216667	13.56	3.58	
IC 3323		STAR	12.430022	27.542389	99.0	0.0	
IC 3324		GX	12.430322	26.739889	17.06	0.3	
IC 3325		GX	12.430964	23.895917	15.85	0.71	
IC 3326		GX	12.431319	23.768444	16.66	0.44	
IC 3327		GX	12.434106	14.880361	15.09	0.9	
IC 3328		GX	12.432758	10.053778	14.38	0.88	
IC 3329		EN	12.4322	27.564111	99.0	0.0	
IC 333		OTHER	3.567606	-4.584889	99.0	0.0	
IC 3330		GX	12.432308	30.843583	14.97	1.14	
IC 3331		GX	12.434811	11.812222	15.04	1.02	
IC 3332		GX	12.434775	25.279833	99.0	0.28	
IC 3333		STAR	12.435769	13.132944	14.8	0.0	
IC 3334		GX	12.435981	28.465833	16.22	0.75	
IC 3335		GX	12.438647	26.129306	17.25	0.34	
IC 3336		GX	12.438858	26.838444	15.4	0.64	
IC 3337		GX	12.439297	25.311528	16.93	0.55	
IC 3338		GX	12.439522	25.886222	15.94	0.83	
IC 334		GX	3.754744	76.638306	11.5	2.34	
IC 3340		GX	12.442419	16.844667	15.41	0.7	
IC 3341		GX	12.439775	27.745528	16.69	0.46	
IC 3342		STAR	12.440936	27.138639	99.0	0.0	
IC 3343		STAR	12.443083	8.874278	99.0	0.0	
IC 3344		GX	12.442331	13.578778	14.91	0.8	
IC 3345		GX	12.442594	24.368861	17.19	0.33	
IC 3346		GX	12.445675	11.379722	15.78	0.65	
IC 3347		GX	12.445714	10.918583	16.31	0.55	
IC 3348		GX	12.443919	25.624889	17.3	0.41	
IC 3349		GX	12.446406	12.453972	14.08	0.9	
IC 335		GX	3.591956	-34.447056	12.99	2.62	
IC 3350		STAR	12.446231	9.442611	12.68	0.0	
IC 3351		STAR	12.444719	27.605583	99.0	0.0	
IC 3352		OTHER	12.446611	8.7575	99.0	0.0	
IC 3353		GX	12.445856	27.912333	16.82	0.83	
IC 3354		STAR	12.447628	12.097139	99.0	0.0	
IC 3355		GX	12.447539	13.175722	15.06	1.09	
IC 3356		GX	12.447358	11.559028	15.45	1.47	
IC 3357		GX	12.447597	9.7775	15.36	0.51	
IC 3358		GX	12.448428	11.663972	13.61	1.05	
IC 3359		GX	12.447611	23.498167	16.64	0.51	
IC 336		EN	3.632511	23.363139	99.0	0.0	
IC 3360		STAR	12.447422	26.046639	99.0	0.0	
IC 3361		GX	12.448486	10.665861	15.49	1.02	
IC 3362		GX	12.448447	26.690083	16.15	0.8	
IC 3363		GX	12.450853	12.560806	14.84	0.97	
IC 3364		GX	12.451364	25.56325	16.54	0.59	
IC 3365		GX	12.453106	15.896667	14.29	0.87	
IC 3366		GX	12.453367	9.410194	16.56	0.37	
IC 3367		GX	12.453306	26.95675	99.0	1.5	
IC 3367 NED01		GX	12.452797	26.957417	15.88	0.72	
IC 3368		GX	12.455661	16.428583	15.45	0.71	
IC 3369		GX	12.454706	16.024472	14.03	0.81	
IC 337		OTHER	3.617861	-6.721194	99.0	0.0	
IC 3370		GX	12.460369	-39.337778	11.18	3.12	
IC 3371		GX	12.456181	10.866778	15.27	1.17	
IC 3372		GX	12.456817	25.287222	17.02	0.28	
IC 3373		GX	12.457725	25.453917	16.37	0.68	
IC 3374		GX	12.4593	10.003778	15.4	0.95	
IC 3375		STAR	12.461211	27.36475	99.0	0.0	
IC 3376		GX	12.463983	26.993528	14.32	0.87	
IC 3377		GX	12.464431	24.942167	16.18	0.51	
IC 3378		GX	12.467086	17.296306	16.31	0.54	
IC 3379		GX	12.46785	17.30575	16.05	0.73	
IC 338		GX	3.62725	3.118778	14.94	0.84	
IC 3380		GX	12.468203	26.672861	16.82	0.51	
IC 3381		GX	12.4708	11.789833	13.48	1.19	
IC 3382		GX	12.470428	13.570694	16.3	1.0	
IC 3383		GX	12.470089	10.297667	15.18	0.78	
IC 3384		GX	12.470072	25.091333	19.29	0.68	
IC 3385		GX	12.470819	25.432611	16.47	0.78	
IC 3386		GX	12.473244	13.19575	15.55	0.81	
IC 3387		GX	12.471894	27.995722	16.61	0.35	
IC 3388		GX	12.474461	12.823667	14.8	0.74	
IC 3389		GX	12.4732	27.844944	18.11	0.33	
IC 339		STAR	3.633953	-18.397778	99.0	0.0	
IC 3390		GX	12.474603	24.809333	16.56	0.61	
IC 3391		GX	12.47425	18.415028	13.66	1.03	
IC 3392		GX	12.478683	14.9995	12.99	2.6	
IC 3393		GX	12.478253	12.915917	14.32	1.1	
IC 3394		GX	12.478114	26.798417	15.86	0.59	
IC 3395		GX	12.479028	25.03475	16.43	0.58	
IC 3396		GX	12.479161	25.050222	17.23	0.11	
IC 3397		GX	12.4796	25.731917	15.99	0.61	
IC 3399		STAR	12.482217	25.696083	99.0	0.0	
IC 34		GX	0.59345	9.12425	13.77	2.81	
IC 340		GX	3.658086	-13.115111	14.76	1.61	
IC 3400		STAR	12.484139	9.406167	11.5	0.0	
IC 3401		GX	12.483011	26.460083	17.28	0.41	
IC 3402		GX	12.483144	28.861944	15.16	1.17	
IC 3403		GX	12.483739	24.632667	15.91	0.43	
IC 3404		OTHER	12.486311	7.153944	99.0	0.0	
IC 3405		GX	12.483225	37.730111	16.3	0.71	
IC 3406		GX	12.484064	27.640528	15.64	0.65	
IC 3407		GX	12.484406	27.778861	14.58	0.97	
IC 3408		STAR	12.487719	11.875889	10.87	0.0	
IC 3409		GX	12.489231	14.789306	15.96	0.58	
IC 341		EN	3.682136	21.960194	99.0	134.9	
IC 3410		GX	12.485047	19.004778	15.71	0.69	
IC 3411		GX	12.486775	24.584194	17.22	0.7	
IC 3412		GX	12.489625	9.989028	15.55	0.74	
IC 3413		GX	12.489586	11.433889	14.36	1.21	
IC 3414		GX	12.491328	6.771806	13.97	0.81	
IC 3415		STAR	12.489336	26.766222	99.0	0.0	
IC 3416		GX	12.493044	10.793083	15.38	0.95	
IC 3417		STAR	12.494228	7.861278	99.0	0.0	
IC 3418		GX	12.495533	11.404694	14.29	1.32	
IC 3419		GX	12.495717	15.02475	16.3	0.68	
IC 342		GX	3.780139	68.096361	9.68	19.77	
IC 3420		STAR	12.495156	13.446417	99.0	0.0	
IC 3421		GX	12.494053	26.230611	15.48	0.69	
IC 3422		GX	12.498503	14.688361	16.08	0.58	
IC 3423		STAR	12.496256	13.658778	15.6	0.0	
IC 3424		GX	12.495844	24.408667	17.49	0.41	
IC 3425		GX	12.498997	10.615333	14.57	0.61	
IC 3426		STAR	12.500406	13.598167	14.9	0.0	
IC 3428		STAR	12.502086	23.675028	99.0	0.0	
IC 3429		GX	12.502206	23.545139	16.95	0.38	
IC 343		GX	3.66865	-18.443472	13.2	1.51	
IC 3430		GX	12.504689	9.085111	15.43	1.11	
IC 3431		GX	12.506717	11.614472	16.85	0.47	
IC 3432		GX	12.507733	14.160194	14.78	0.69	
IC 3433		GX	12.507836	17.309722	16.24	0.8	
IC 3434		GX	12.507572	18.809722	15.46	0.76	
IC 3435		GX	12.511078	15.129694	15.2	1.35	
IC 3436		GX	12.508314	19.673028	14.86	0.75	
IC 3437		GX	12.512753	11.343194	15.02	0.61	
IC 3439		GX	12.516519	25.561806	16.29	0.66	
IC 344		GX	3.691536	-4.665861	14.92	0.89	
IC 3440		GX	12.5181	12.029861	16.75	0.6	
IC 3441		GX	12.517894	28.852694	15.11	0.64	
IC 3442		GX	12.522275	14.115194	13.8	0.94	
IC 3443		GX	12.521036	12.331778	15.03	0.55	
IC 3444		STAR	12.520525	27.549639	99.0	0.0	
IC 3445		GX	12.522064	12.738	15.95	0.47	
IC 3446		GX	12.523039	11.492389	15.53	0.62	
IC 3447		GX	12.521639	10.680167	16.69	0.37	
IC 3448		GX	12.523108	17.206417	15.52	0.97	
IC 3449		GX	12.523039	25.914	17.02	0.31	
IC 345		GX	3.685869	-18.314139	14.71	0.88	
IC 3450		GX	12.523561	26.796139	16.4	0.47	
IC 3451		GX	12.523353	28.855194	14.65	0.68	
IC 3453		GX	12.52715	14.859806	14.8	0.95	
IC 3454		GX	12.527403	27.495722	15.59	1.12	
IC 3455		GX	12.529042	25.786083	16.71	0.59	
IC 3456		OTHER	12.528819	28.357167	99.0	0.0	
IC 3457		GX	12.530928	12.657	14.64	1.0	
IC 3458		GX	12.528889	28.147361	15.73	0.67	
IC 3459		GX	12.5322	12.174028	14.91	1.11	
IC 346		GX	3.695739	-18.266972	12.64	1.95	
IC 3460		GX	12.530664	27.386889	16.22	0.62	
IC 3461		GX	12.534094	11.890083	14.51	0.73	
IC 3462		GX	12.535994	15.300944	16.09	0.67	
IC 3463		OTHER	12.534606	12.319417	99.0	0.0	
IC 3464		STAR	12.533389	26.004833	99.0	0.0	
IC 3465		GX	12.536733	12.061556	16.16	0.44	
IC 3466		GX	12.534911	11.817917	15.76	0.65	
IC 3467		GX	12.540158	11.787583	15.4	0.96	
IC 3468		GX	12.537281	10.251472	13.88	1.28	
IC 3469		GX	12.536383	25.802778	17.64	0.34	
IC 347		GX	3.709069	-4.298639	13.99	1.37	
IC 3470		GX	12.539831	11.262972	13.85	0.95	
IC 3471		GX	12.539672	16.018833	15.49	1.0	
IC 3472		GX	12.53855	24.72825	17.1	0.5	
IC 3473		GX	12.538644	18.244139	14.4	1.05	
IC 3474		GX	12.543475	2.661528	14.57	2.26	
IC 3475		GX	12.544739	12.771	13.38	1.56	
IC 3476		GX	12.544967	14.050444	12.84	1.67	
IC 3477		STAR	12.543947	26.038444	99.0	0.0	
IC 3478		GX	12.545611	14.196194	14.37	0.91	
IC 3479		GX	12.544703	25.406111	17.13	0.29	
IC 348	omi Per Cloud	OC	3.742831	32.162833	99.0	10.0	
IC 3480		STAR	12.544858	26.828556	99.0	0.0	
IC 3481		GX	12.54785	11.404389	13.67	0.87	
IC 3482		GX	12.550278	27.830306	16.61	0.43	
IC 3483		GX	12.552794	11.347333	14.18	0.87	
IC 3484		GX	12.551472	17.403	15.01	0.78	
IC 3485		STAR	12.553128	9.217278	99.0	0.0	
IC 3486		GX	12.553892	12.857833	15.15	0.82	
IC 3487		GX	12.553733	9.397361	15.04	0.92	
IC 3488		GX	12.552347	26.349361	15.57	0.64	
IC 3489		GX	12.553806	12.247	14.79	0.65	
IC 349	Barnard's Merope Nebula	RN	3.772253	23.939806	99.0	25.7	
IC 3490		GX	12.553861	10.928528	15.47	0.59	
IC 3491		GX	12.552497	27.094389	16.05	0.83	
IC 3492		GX	12.555494	12.853444	15.3	0.7	
IC 3493		STAR	12.555244	9.393194	99.0	0.0	
IC 3494		GX	12.553808	27.584111	17.14	0.3	
IC 3495		STAR	12.554525	26.808806	99.0	0.0	
IC 3496		STAR	12.555364	26.755444	99.0	0.0	
IC 3497		STAR	12.557928	25.48875	99.0	0.0	
IC 3498		GX	12.558047	26.738056	16.21	0.69	
IC 3499		GX	12.5625	10.995722	13.27	1.61	
IC 35		GX	0.627744	10.357972	14.96	0.9	
IC 350		GX	3.743514	-11.80075	14.95	1.09	
IC 3500		GX	12.563797	13.962778	15.08	0.57	
IC 3501		GX	12.564339	13.322444	14.69	0.93	
IC 3502		GX	12.561758	26.617361	17.44	0.76	
IC 3503		STAR	12.563408	37.789306	99.0	0.0	
IC 3504		STAR	12.568847	6.886361	99.0	0.0	
IC 3505		GX	12.569531	15.968222	15.05	0.85	
IC 3506		GX	12.568539	12.741611	15.93	0.71	
IC 3507		GX	12.567903	25.362833	17.26	0.41	
IC 3508		GX	12.568597	26.670778	15.42	1.03	
IC 3509		GX	12.569869	12.048972	14.25	1.01	
IC 351		PN	3.792503	35.046917	11.9	0.12	
IC 3510		GX	12.570781	11.071528	14.87	0.81	
IC 3511		STAR	12.569303	27.348639	99.0	0.0	
IC 3512		STAR	12.56935	27.361111	99.0	0.0	
IC 3513		STAR	12.569892	27.330556	99.0	0.0	
IC 3514		STAR	12.571053	26.700611	99.0	0.0	
IC 3515		GX	12.571139	27.86225	15.61	0.65	
IC 3516		GX	12.571428	27.452306	16.07	0.87	
IC 3517		GX	12.575211	9.15475	15.3	1.16	
IC 3518		GX	12.575358	9.623444	14.79	1.32	
IC 3519		GX	12.577333	15.602694	15.88	0.68	
IC 352		GX	3.793731	-8.731833	15.65	0.7	
IC 3520		GX	12.575503	13.503667	15.8	0.85	
IC 3521		GX	12.577642	7.160194	13.74	1.39	
IC 3522		GX	12.579328	15.220778	15.41	1.08	
IC 3523		GX	12.577611	14.016778	17.08	0.38	
IC 3524		STAR	12.578639	14.244333	99.0	0.0	
IC 3525		GX	12.579567	10.176694	16.49	0.36	
IC 3526		STAR	12.577947	25.684139	99.0	0.0	
IC 3527		STAR	12.578414	26.155111	99.0	0.0	
IC 3528		GX	12.582194	15.565611	15.2	0.33	
IC 3529		STAR	12.580489	25.698778	99.0	0.0	
IC 353		EN	3.883631	25.848	99.0	181.97	
IC 3530		GX	12.580367	17.814278	14.53	1.75	
IC 3531		GX	12.582372	26.626583	16.55	0.43	
IC 3532		STAR	12.582644	25.880639	99.0	0.0	
IC 3533		GX	12.583689	25.779722	16.01	0.44	
IC 3534		GX	12.581147	14.978167	16.11	0.48	
IC 3535		STAR	12.586361	25.731972	99.0	0.0	
IC 3536		GX	12.586803	26.533417	16.13	0.87	
IC 3537		STAR	12.589572	7.653	99.0	0.0	
IC 3538		STAR	12.587656	26.235528	99.0	0.0	
IC 3539		STAR	12.588914	23.983139	99.0	0.0	
IC 354		EN	3.899419	23.147	99.0	128.82	
IC 3540		GX	12.590897	12.75025	14.58	0.88	
IC 3541		STAR	12.589367	23.97525	99.0	0.0	
IC 3542		GX	12.594775	11.667167	15.65	0.66	
IC 3544		STAR	12.5965	14.300556	99.0	0.0	
IC 3547		STAR	12.596914	26.329111	99.0	0.0	
IC 3548		GX	12.599064	10.936306	16.1	0.74	
IC 3549		STAR	12.597458	26.395222	99.0	0.0	
IC 355		GX	3.896183	19.973917	15.4	0.67	
IC 3551		EN	12.598253	27.964167	99.0	0.0	
IC 3552		EN	12.598306	27.993889	99.0	0.0	
IC 3553		STAR	12.598869	26.193056	99.0	0.0	
IC 3554		STAR	12.598664	27.927333	99.0	0.0	
IC 3555		EN	12.598875	27.988889	99.0	0.0	
IC 3556		GX	12.599572	26.966056	15.54	0.56	
IC 3557		GX	12.602269	16.640861	99.0	0.4	
IC 3557 NED01		GX	12.602261	16.641472	15.97	0.95	
IC 3557 NED02		GX	12.602344	16.640583	17.56	0.1	
IC 3558		GX	12.600778	11.849806	17.39	0.33	
IC 3559		GX	12.600933	26.987361	16.46	0.5	
IC 356		GX	4.129697	69.812444	10.24	4.02	
IC 3560		GX	12.601086	27.078194	16.38	0.78	
IC 3561		GX	12.601331	26.899611	15.7	0.6	
IC 3562		GX	12.602933	9.922611	16.19	0.93	
IC 3563		EN	12.602006	27.927361	99.0	0.0	
IC 3564		STAR	12.602247	27.928389	99.0	0.0	
IC 3565		GX	12.603406	26.756111	16.96	0.31	
IC 3566		OTHER	12.606033	11.164889	99.0	0.0	
IC 3567		GX	12.606311	13.602861	15.16	0.67	
IC 3568		PN	12.551883	82.563917	10.6	0.38	
IC 357		GX	4.062222	22.159111	14.6	0.94	
IC 3570		STAR	12.605078	24.078472	99.0	0.0	
IC 3571		GX	12.605553	26.083778	17.52	0.6	
IC 3572		STAR	12.607758	11.6185	99.0	0.0	
IC 3573		GX	12.607561	11.759111	16.65	0.46	
IC 3574		GX	12.607731	12.405167	15.34	0.73	
IC 3575		GX	12.608994	13.748417	16.26	0.66	
IC 3576		GX	12.610467	6.620889	14.97	2.3	
IC 3577		OTHER	12.610075	11.897139	99.0	0.0	
IC 3578		GX	12.610947	11.101861	15.24	0.85	
IC 3579		STAR	12.609094	26.104139	99.0	0.0	
IC 358		GX	4.061911	19.894944	15.21	1.18	
IC 3580		GX	12.608119	18.3005	15.67	0.86	
IC 3581		GX	12.610586	24.429028	14.06	0.79	
IC 3582		GX	12.610253	26.234667	16.66	0.29	
IC 3583		GX	12.612081	13.259333	13.0	1.05	
IC 3584		STAR	12.612528	12.233056	99.0	0.0	
IC 3585		GX	12.611083	26.829944	15.01	0.82	
IC 3586		GX	12.615236	12.520083	14.52	1.16	
IC 3587		GX	12.613425	27.548528	15.87	1.43	
IC 3589		STAR	12.617	6.937	15.6	0.0	
IC 359		GX	4.207878	27.701972	15.39	1.3	
IC 3590		GX	12.614086	27.278139	15.62	0.91	
IC 3591		GX	12.617511	6.926639	14.4	0.79	
IC 3594		STAR	12.615664	26.1155	99.0	0.0	
IC 3595		GX	12.618444	23.786889	16.8	0.39	
IC 3596		OTHER	12.621917	26.520917	99.0	0.0	
IC 3597		GX	12.623511	23.864056	16.65	0.82	
IC 3598		GX	12.622522	28.208167	15.01	1.41	
IC 3599		GX	12.628111	26.707667	15.6	0.51	
IC 359A		RN	4.311389	28.29	99.0	15.0	
IC 36		GX	0.630458	-15.441278	15.54	0.31	
IC 360		EN	4.150714	26.131194	99.0	180.0	
IC 3600		GX	12.6281	27.129556	15.67	0.67	
IC 3601		GX	12.631567	15.224667	15.73	0.79	
IC 3602		GX	12.638417	10.072833	16.35	0.82	
IC 3603		GX	12.637819	15.569806	16.12	0.36	
IC 3604		GX	12.639089	11.730722	15.98	0.52	
IC 3605		GX	12.639153	19.541333	15.79	0.7	
IC 3606		GX	12.640303	12.610611	16.49	0.61	
IC 3607		GX	12.642269	10.376528	16.58	0.42	
IC 3608		GX	12.643703	10.475889	14.71	3.35	
IC 3609		GX	12.642978	14.352417	14.96	0.38	
IC 361		OC	4.314083	58.2495	11.7	7.2	
IC 3610		GX	12.646428	26.872861	17.43	0.32	
IC 3611		GX	12.65115	13.363528	14.29	1.37	
IC 3612		GX	12.651306	14.731139	15.03	1.05	
IC 3613		GX	12.651331	13.759	17.03	0.49	
IC 3614		GX	12.6503	26.302833	17.73	0.3	
IC 3615		GX	12.650447	18.200667	15.2	1.06	
IC 3617		GX	12.656944	7.965833	14.27	0.74	
IC 3618		GX	12.654758	26.677778	15.58	0.5	
IC 3619		STAR	12.655217	24.142417	99.0	0.0	
IC 362		GX	4.278453	-12.200111	14.18	1.77	
IC 3620		GX	12.655006	27.908639	15.62	0.76	
IC 3621		GX	12.659328	15.502611	15.65	1.01	
IC 3622		GX	12.659022	15.432056	16.03	0.3	
IC 3623		GX	12.657672	27.102333	15.16	0.8	
IC 3624		GX	12.659578	11.982194	16.52	0.49	
IC 3625		GX	12.659214	10.967667	15.43	0.43	
IC 3626		GX	12.658789	25.677389	15.87	0.54	
IC 3627		GX	12.658889	27.497278	16.37	0.44	
IC 3628		STAR	12.660781	26.238889	99.0	0.0	
IC 3629		GX	12.662961	13.533306	15.26	0.98	
IC 363		GX	4.315394	3.033028	15.2	0.33	
IC 3630		STAR	12.662944	25.432528	99.0	0.0	
IC 3631		GX	12.663336	12.973972	14.22	1.06	
IC 3632		GX	12.666667	26.682222	16.75	0.4	
IC 3633		GX	12.669792	9.896139	15.76	0.58	
IC 3634		GX	12.669822	9.847778	15.75	0.93	
IC 3635		GX	12.670383	12.874778	14.65	0.85	
IC 3636		STAR	12.670983	22.074556	99.0	0.0	
IC 3637		GX	12.672103	14.715	14.82	1.23	
IC 3638		GX	12.671278	10.518528	14.37	0.68	
IC 3639		GX	12.681347	-36.755861	13.32	1.24	
IC 364		GX	4.318528	3.188944	15.27	0.78	
IC 3640		GX	12.673667	26.524167	15.97	0.45	
IC 3641		GX	12.674133	26.521583	17.9	0.66	
IC 3642		GX	12.673814	26.731222	16.41	0.37	
IC 3643		GX	12.678019	12.406583	16.61	0.53	
IC 3644		GX	12.676731	26.504611	16.23	0.91	
IC 3645		STAR	12.677114	26.541361	99.0	0.0	
IC 3646		GX	12.677361	26.526194	15.43	0.69	
IC 3647		GX	12.681419	10.475361	15.13	1.34	
IC 3648		STAR	12.681164	12.985	99.0	0.0	
IC 3649		GX	12.680469	21.10475	16.93	0.3	
IC 365		GX	4.320594	3.348333	14.84	0.88	
IC 3650		STAR	12.680142	26.472722	99.0	0.0	
IC 3651		GX	12.681364	26.728139	14.51	1.05	
IC 3652		GX	12.682933	11.1845	14.31	0.99	
IC 3653		GX	12.687703	11.38725	13.71	0.62	
IC 3654		GX	12.686806	22.589444	16.99	0.39	
IC 3655		GX	12.68735	20.666194	16.75	0.3	
IC 3656		GX	12.687203	22.594972	16.88	0.41	
IC 3657		GX	12.688617	21.6725	17.82	0.23	
IC 3658		GX	12.689064	14.700556	15.23	1.34	
IC 3659		GX	12.691006	22.930806	16.09	0.47	
IC 366		GX	4.328206	2.359806	15.66	0.34	
IC 3660		STAR	12.693567	21.093361	99.0	0.0	
IC 3661		GX	12.693258	22.494861	17.25	0.55	
IC 3662		GX	12.693408	23.425167	15.05	0.63	
IC 3663		GX	12.694281	12.247389	15.47	0.95	
IC 3664		STAR	12.694875	19.944139	99.0	0.0	
IC 3665		GX	12.696306	11.48825	15.09	0.82	
IC 3666		STAR	12.698158	7.845028	99.0	0.0	
IC 3668		OTHER	12.692469	41.124167	13.13	0.79	
IC 3669		OTHER	12.693308	41.136583	19.07	0.02	
IC 367		GX	4.344719	-14.781056	14.47	1.74	
IC 3670		GX	12.698617	11.774167	15.86	0.37	
IC 3671		GX	12.697606	23.510667	15.39	0.58	
IC 3673		STAR	12.7012	21.138333	99.0	0.0	
IC 3674		STAR	12.701422	22.510778	99.0	0.0	
IC 3676		STAR	12.703411	13.559833	99.0	0.0	
IC 3677		GX	12.703289	20.884861	16.78	0.36	
IC 3678		GX	12.703494	20.880472	16.86	0.32	
IC 3679		STAR	12.703119	22.818278	99.0	0.0	
IC 368		GX	4.378533	-12.615167	15.08	0.99	
IC 3680		STAR	12.700253	39.10425	99.0	0.0	
IC 3681		STAR	12.700486	39.083417	99.0	0.0	
IC 3682		STAR	12.705411	20.864444	99.0	0.0	
IC 3683		GX	12.705733	20.871306	16.54	0.36	
IC 3684		GX	12.707364	11.740306	15.99	0.91	
IC 3685		STAR	12.708956	6.870917	99.0	0.0	
IC 3686		GX	12.71	10.565306	15.1	0.84	
IC 3687		GX	12.704194	38.503333	13.35	3.34	
IC 3689		GX	12.710267	20.8505	16.26	0.62	
IC 369		GX	4.391172	-11.790083	15.37	0.76	
IC 3690		GX	12.713664	10.357472	15.03	0.86	
IC 3691		GX	12.713758	22.772222	16.47	0.38	
IC 3692		GX	12.715	20.98975	14.73	0.82	
IC 3693		GX	12.716117	10.681806	15.67	0.66	
IC 3694		GX	12.718689	11.212	14.92	0.53	
IC 3695		STAR	12.718556	22.741944	99.0	0.0	
IC 3696		GX	12.719344	19.928028	17.59	0.39	
IC 3697		GX	12.716347	39.845667	15.88	0.77	
IC 3698		GX	12.721472	11.211528	15.0	0.49	
IC 3699		STAR	12.721425	19.000194	99.0	0.0	
IC 37		GX	0.642828	-15.358694	16.23	0.67	
IC 370		GX	4.400464	-9.394833	14.94	0.99	
IC 3700		STAR	12.722222	19.265944	99.0	0.0	
IC 3701		GX	12.725253	11.047139	16.59	0.45	
IC 3702		GX	12.724547	10.873861	15.04	0.49	
IC 3703		STAR	12.722778	37.974528	99.0	0.0	
IC 3704		GX	12.729336	10.770083	14.72	1.28	
IC 3705		GX	12.728197	19.325278	99.0	0.7	
IC 3705 NED01		GX	12.7282	19.327028	17.33	0.37	
IC 3705 NED02		GX	12.7282	19.323139	17.62	0.38	
IC 3706		STAR	12.729997	9.231139	99.0	0.0	
IC 3707		STAR	12.724633	37.982694	99.0	0.0	
IC 3708		OTHER	12.731264	13.137528	99.0	0.0	
IC 3709		GX	12.734453	9.063333	14.96	0.67	
IC 371		STAR	4.503497	-0.561	99.0	0.0	
IC 3710		GX	12.735958	12.116528	15.74	1.17	
IC 3711		GX	12.735936	11.176611	15.65	0.81	
IC 3712		OTHER	12.737958	10.374556	99.0	0.0	
IC 3713		GX	12.734214	41.168917	15.07	0.7	
IC 3714		GX	12.739744	10.188833	15.22	0.71	
IC 3715		GX	12.739281	20.024333	16.54	0.56	
IC 3716		OTHER	12.745872	8.102167	99.0	0.0	
IC 3717		GX	12.739711	39.522306	15.97	0.8	
IC 3718		GX	12.746106	12.351444	13.96	2.24	
IC 3719		GX	12.746528	8.106917	16.03	0.49	
IC 372		GX	4.501178	-5.009972	15.32	0.97	
IC 3720		GX	12.746522	12.064306	14.98	2.34	
IC 3721		GX	12.748089	18.75525	13.73	0.96	
IC 3722		OTHER	12.747414	11.778583	99.0	0.0	
IC 3723		GX	12.741819	40.736889	15.68	0.33	
IC 3724		GX	12.748267	10.282361	15.27	0.63	
IC 3726		GX	12.745164	40.679	15.39	1.33	
IC 3727		GX	12.751572	10.900889	14.71	1.23	
IC 3728		GX	12.750869	20.974083	16.61	0.37	
IC 3729		GX	12.748089	39.351194	16.32	0.34	
IC 373		GX	4.511878	-4.87025	15.04	0.98	
IC 3730		GX	12.751822	21.169583	14.57	0.55	
IC 3731		GX	12.751461	12.446361	16.05	0.55	
IC 3732		GX	12.753322	10.324444	16.35	0.49	
IC 3733		STAR	12.754644	6.956889	99.0	0.0	
IC 3734		GX	12.752578	23.039056	17.74	0.41	
IC 3735		GX	12.755672	13.692667	13.94	1.18	
IC 3736		GX	12.755267	21.53575	15.77	0.48	
IC 3737		STAR	12.755519	21.958167	99.0	0.0	
IC 3738		GX	12.75715	19.230861	19.08	0.25	
IC 3739		OTHER	12.758964	12.997361	99.0	0.0	
IC 374		GX	4.542431	16.634167	15.81	0.23	
IC 3740		GX	12.758506	20.815944	15.57	0.64	
IC 3741		STAR	12.759244	19.204139	99.0	0.0	
IC 3742		GX	12.758894	13.332583	14.13	1.02	
IC 3743		OTHER	12.761472	11.102111	99.0	0.0	
IC 3744		GX	12.761522	19.500333	16.29	0.7	
IC 3745		GX	12.762461	19.17725	14.93	1.04	
IC 3746		GX	12.758864	37.823556	16.1	0.54	
IC 3747		STAR	12.759561	37.968528	99.0	0.0	
IC 3748		STAR	12.764144	19.430333	99.0	0.0	
IC 3749		STAR	12.764272	19.535583	99.0	0.0	
IC 375		GX	4.517539	-12.973972	15.24	0.82	
IC 3750		STAR	12.76585	19.103861	99.0	0.0	
IC 3751		GX	12.762528	37.823056	16.6	0.2	
IC 3752		STAR	12.767803	19.011444	99.0	0.0	
IC 3753		STAR	12.767883	19.121167	99.0	0.0	
IC 3754		GX	12.770983	8.348444	14.54	1.32	
IC 3755		STAR	12.769281	19.15725	99.0	0.0	
IC 3756		GX	12.769472	11.914611	16.86	0.38	
IC 3757		OTHER	12.766606	38.515306	99.0	0.0	
IC 3758		GX	12.766575	40.774861	15.17	0.58	
IC 3759		GX	12.771603	20.783	16.31	0.62	
IC 376		GX	4.520497	-12.433361	16.05	0.59	
IC 3760		GX	12.771739	11.873583	16.52	0.43	
IC 3761		GX	12.774258	20.289139	17.43	0.32	
IC 3762		GX	12.777111	22.246361	17.8	0.38	
IC 3763		GX	12.779453	21.985111	16.66	0.4	
IC 3765		STAR	12.776431	38.573889	99.0	0.0	
IC 3766		GX	12.781533	19.110583	16.99	0.41	
IC 3767		GX	12.782078	10.182417	16.07	1.07	
IC 3768		STAR	12.777975	40.597667	99.0	0.0	
IC 3769		STAR	12.780019	40.470194	99.0	0.0	
IC 377		GX	4.521261	-12.455083	14.84	1.0	
IC 3770		STAR	12.787694	9.199111	99.0	0.0	
IC 3771		GX	12.781303	39.173056	16.77	0.33	
IC 3772		GX	12.782247	36.530944	15.59	0.83	
IC 3773		GX	12.787583	10.203583	14.06	1.93	
IC 3774		GX	12.783636	36.288306	15.71	0.97	
IC 3775		GX	12.787806	11.760222	16.2	0.81	
IC 3776		GX	12.786725	22.484611	16.5	0.5	
IC 3777		STAR	12.790375	9.143472	99.0	0.0	
IC 3778		GX	12.783881	40.596417	15.25	0.55	
IC 3779		GX	12.789067	12.166417	14.82	0.9	
IC 378		GX	4.524422	-12.29975	15.6	0.79	
IC 3780		STAR	12.785578	40.236028	99.0	0.0	
IC 3781		STAR	12.790158	22.569778	99.0	0.0	
IC 3782		STAR	12.787686	40.36775	99.0	0.0	
IC 3783		GX	12.791067	40.566583	15.47	0.66	
IC 3784		GX	12.797417	19.384056	16.77	0.56	
IC 3785		GX	12.797825	19.275222	17.46	0.18	
IC 3786		GX	12.793583	39.046028	16.67	0.34	
IC 3787		STAR	12.794958	40.623778	99.0	0.0	
IC 3788		GX	12.802017	18.868861	15.95	0.66	
IC 3789		GX	12.801972	20.194028	16.1	0.48	
IC 379		GX	4.530814	-7.238361	14.7	0.93	
IC 3790		STAR	12.804069	11.107583	99.0	0.0	
IC 3792		STAR	12.803933	11.086333	99.0	0.0	
IC 3793		GX	12.803303	19.151694	17.35	0.43	
IC 3794		STAR	12.805975	19.170306	99.0	0.0	
IC 3795		GX	12.801419	40.719639	15.58	0.9	
IC 3796		STAR	12.8075	20.037694	99.0	0.0	
IC 3797		OTHER	12.809697	11.597806	99.0	0.0	
IC 3798		STAR	12.811922	9.241028	99.0	0.0	
IC 3799		GX	12.816567	-14.399222	14.5	2.77	
IC 38		GX	0.6441	-15.419833	15.02	0.77	
IC 380		GX	4.528144	-12.927028	15.25	0.76	
IC 3800		GX	12.807342	36.575861	99.0	0.6	
IC 3800 NED01		GX	12.807339	36.575861	18.31	0.32	
IC 3800 NED02		GX	12.807569	36.575361	16.55	0.54	
IC 3801		OTHER	12.816847	10.955972	99.0	0.0	
IC 3802		STAR	12.811836	38.246444	99.0	0.0	
IC 3803		STAR	12.817889	10.631806	99.0	0.0	
IC 3805		STAR	12.811842	38.253056	99.0	0.0	
IC 3806		GX	12.815378	14.907889	14.2	1.29	
IC 3807		OTHER	12.824944	-4.402278	99.0	0.0	
IC 3808		GX	12.816322	40.595917	17.19	0.95	
IC 3809		GX	12.817919	36.489083	16.29	0.64	
IC 3810		STAR	12.81755	40.646639	99.0	0.0	
IC 3811		STAR	12.823769	21.462139	99.0	0.0	
IC 3812		GX	12.831611	-6.717444	14.85	1.13	
IC 3813		GX	12.833978	-25.920694	13.79	1.32	
IC 3814		GX	12.825669	20.050472	16.52	0.59	
IC 3815		GX	12.827369	19.275028	16.69	0.55	
IC 3816		GX	12.824575	37.230278	15.66	0.81	
IC 3817		GX	12.828742	22.831361	17.29	0.26	
IC 3818		GX	12.829647	21.752222	16.92	0.41	
IC 3819		GX	12.837881	-14.38075	16.36	0.56	
IC 382		GX	4.632097	-9.519333	13.53	1.99	
IC 3820		GX	12.827486	37.117167	16.99	0.46	
IC 3821		STAR	12.832653	20.969028	99.0	0.0	
IC 3822		GX	12.839647	-14.321861	15.34	1.43	
IC 3823		STAR	12.828883	40.883444	16.7	0.0	
IC 3824		GX	12.841819	-14.425917	15.31	1.13	
IC 3825		GX	12.843625	-14.482806	15.77	0.6	
IC 3826		GX	12.844417	-9.031083	14.26	1.84	
IC 3827		GX	12.847811	-14.491889	14.05	1.13	
IC 3828		GX	12.839083	37.948944	16.06	0.68	
IC 3829		GX	12.870361	-29.840667	11.7	3.41	
IC 383		GX	4.649453	9.892528	15.6	0.63	
IC 3830		STAR	12.847603	19.836694	99.0	0.0	
IC 3831		GX	12.855164	-14.573583	14.22	1.5	
IC 3832		GX	12.847	39.810472	16.17	0.46	
IC 3834		GX	12.859	-14.221389	14.2	0.95	
IC 3835		GX	12.848844	40.18675	16.17	0.5	
IC 3836		GX	12.851033	40.184222	16.47	0.49	
IC 3837		GX	12.859169	19.723056	17.02	0.56	
IC 3839		STAR	12.86285	20.420972	99.0	0.0	
IC 384		GX	4.655078	-7.839111	15.14	0.49	
IC 3840		GX	12.862806	21.735194	16.02	0.78	
IC 3841		STAR	12.864028	22.3445	99.0	0.0	
IC 3842		GX	12.859967	40.371361	16.09	0.34	
IC 3843		GX	12.860886	39.001306	16.54	0.49	
IC 3844		GX	12.868472	39.81825	16.34	0.39	
IC 3845		STAR	12.869072	38.619	99.0	0.0	
IC 3846		OTHER	12.877561	13.647222	99.0	0.0	
IC 3847		GX	12.876039	22.064722	17.31	0.3	
IC 3848		GX	12.877831	21.416111	99.0	0.6	
IC 3848 NED01		GX	12.877778	21.416667	17.56	0.55	
IC 3848 NED02		GX	12.877942	21.414639	16.57	0.67	
IC 3849		OTHER	12.876897	40.772222	99.0	0.0	
IC 385		GX	4.658739	-7.097472	15.41	1.15	
IC 3850		GX	12.877644	40.103056	15.29	0.72	
IC 3851		STAR	12.884647	21.909167	99.0	0.0	
IC 3852		GX	12.88425	35.773444	16.0	1.1	
IC 3853		GX	12.886194	38.829278	17.29	0.36	
IC 3854		GX	12.887372	40.848167	16.59	0.37	
IC 3855		GX	12.889636	36.786	16.39	0.85	
IC 3856		GX	12.896089	20.092083	16.6	0.67	
IC 3857		GX	12.898906	19.607139	17.51	0.42	
IC 3858		STAR	12.898761	20.789028	99.0	0.0	
IC 3859		GX	12.905517	-9.117722	14.84	1.12	
IC 3860		GX	12.901864	19.300722	17.66	0.36	
IC 3861		GX	12.897453	38.281806	16.54	0.44	
IC 3862		GX	12.898044	36.086944	16.45	0.87	
IC 3863		GX	12.898289	38.480444	16.02	0.71	
IC 3864		GX	12.903428	18.951278	18.57	0.23	
IC 3865		GX	12.903931	18.868944	16.49	0.48	
IC 3866		GX	12.904228	22.361833	99.0	0.6	
IC 3866 NED01		GX	12.904158	22.359639	17.66	0.33	
IC 3866 NED02		GX	12.904306	22.364278	16.95	0.34	
IC 3867		GX	12.905439	18.941806	16.57	0.67	
IC 3868		GX	12.905833	18.990333	17.32	0.41	
IC 3869		GX	12.905908	18.971417	17.01	0.59	
IC 387		GX	4.695614	-7.086194	12.99	1.6	
IC 3870		GX	12.905994	22.381694	17.15	0.3	
IC 3871		GX	12.907131	18.929139	16.51	0.52	
IC 3872		GX	12.908489	18.963167	16.54	0.23	
IC 3873		GX	12.908778	18.882667	16.76	0.43	
IC 3874		GX	12.909561	18.957	16.81	0.45	
IC 3875		GX	12.910325	22.036444	16.74	0.35	
IC 3876		GX	12.913425	19.015333	17.79	0.4	
IC 3877		GX	12.913522	19.178278	13.93	3.07	
IC 3878		STAR	12.908211	40.069722	99.0	0.0	
IC 3879		GX	12.908853	38.628556	16.03	0.64	
IC 388		GX	4.698147	-7.305528	99.0	1.0	
IC 388 NED01		GX	4.697894	-7.304639	16.2	0.54	
IC 388 NED02		GX	4.698422	-7.306472	15.91	0.89	
IC 3880		GX	12.913331	22.502222	17.03	0.42	
IC 3881		GX	12.914986	19.118056	17.35	0.4	
IC 3882		GX	12.914919	22.575583	16.72	0.53	
IC 3883		GX	12.920422	-8.11975	14.18	1.09	
IC 3884		GX	12.916036	19.681278	16.36	0.85	
IC 3885		GX	12.911869	37.154722	16.75	0.48	
IC 3886		GX	12.91675	19.011694	17.75	0.4	
IC 3887		STAR	12.912158	40.304639	99.0	0.0	
IC 3888		GX	12.912881	39.571278	15.24	0.9	
IC 3889		STAR	12.914139	36.016833	99.0	0.0	
IC 389		GX	4.699894	-7.311472	15.07	1.09	
IC 3890		GX	12.913961	37.185306	17.32	0.44	
IC 3891		GX	12.916181	36.052722	16.86	0.46	
IC 3892		GX	12.918344	39.221944	15.39	1.22	
IC 3893		GX	12.918736	38.623861	16.91	0.58	
IC 3894		STAR	12.924336	19.069111	99.0	0.0	
IC 3895		GX	12.919231	39.20325	15.79	0.71	
IC 3896		GX	12.945342	-50.346861	11.31	3.05	
IC 3897		GX	12.921972	39.672611	16.57	0.15	
IC 3898		GX	12.923289	37.582889	17.23	0.31	
IC 3899		GX	12.927961	20.636444	17.06	0.43	
IC 390		GX	4.701075	-7.206444	15.48	1.14	
IC 3900		GX	12.928139	27.25075	14.82	0.96	
IC 3901		STAR	12.930694	21.939028	99.0	0.0	
IC 3902		STAR	12.927383	35.995833	99.0	0.0	
IC 3903		STAR	12.927428	40.399667	99.0	0.0	
IC 3904		GX	12.929333	36.293417	15.71	0.62	
IC 3905		GX	12.935719	19.852083	99.0	0.9	
IC 3905 NED01		GX	12.935553	19.855889	19.11	0.22	
IC 3905 NED02		GX	12.935717	19.853222	16.98	0.48	
IC 3905 NED03		GX	12.935908	19.846722	99.0	0.15	
IC 3906		STAR	12.93085	40.463861	99.0	0.0	
IC 3907		GX	12.938383	18.784028	17.51	0.46	
IC 3908		GX	12.944617	-7.562778	13.33	2.43	
IC 3909		GX	12.934117	40.385444	16.64	0.37	
IC 391		GX	4.955869	78.188833	12.68	1.39	
IC 3910		STAR	12.934592	39.719889	99.0	0.0	
IC 3911		GX	12.935953	35.63825	99.0	0.5	
IC 3911 NED01		GX	12.935894	35.63675	16.25	0.56	
IC 3911 NED02		GX	12.936	35.639722	18.43	0.5	
IC 3912		STAR	12.935428	39.910667	99.0	0.0	
IC 3913		GX	12.941269	27.291278	15.56	0.66	
IC 3914		GX	12.939661	36.360917	17.29	0.36	
IC 3915		STAR	12.944172	20.291694	99.0	0.0	
IC 3916		GX	12.941992	38.613444	15.36	0.89	
IC 3917		STAR	12.947675	22.006056	99.0	0.0	
IC 3918		GX	12.948206	22.373611	15.62	0.55	
IC 3919		GX	12.946864	38.58875	15.87	0.59	
IC 392		GX	4.773822	3.505556	13.47	1.45	
IC 3920		GX	12.947236	39.958667	15.82	0.68	
IC 3921		GX	12.949069	38.6395	16.12	0.52	
IC 3922		GX	12.949306	38.478278	16.12	0.72	
IC 3923		STAR	12.950314	37.955722	99.0	0.0	
IC 3924		GX	12.956911	18.781528	18.11	0.42	
IC 3925		STAR	12.9542	36.422	99.0	0.0	
IC 3926		STAR	12.958447	22.811944	99.0	0.0	
IC 3927		GX	12.969553	-22.876028	13.73	1.29	
IC 3928		GX	12.955081	40.441611	17.0	0.33	
IC 3929		GX	12.961414	20.396889	17.08	0.38	
IC 393		GX	4.797722	-15.525194	14.87	0.81	
IC 3930		GX	12.956219	38.764917	16.23	0.57	
IC 3931		GX	12.965889	19.617639	16.08	0.73	
IC 3932		STAR	12.968139	19.583444	99.0	0.0	
IC 3933		STAR	12.965889	36.645056	99.0	0.0	
IC 3934		GX	12.971544	18.825417	16.47	0.51	
IC 3936		OTHER	12.972203	19.058278	99.0	0.0	
IC 3937		GX	12.973539	18.818667	16.63	0.54	
IC 3938		STAR	12.973711	18.752639	99.0	0.0	
IC 3939		STAR	12.97445	18.751861	99.0	0.0	
IC 394		OTHER	4.814086	-6.280194	99.0	0.0	
IC 3940		GX	12.971242	35.838944	15.66	0.64	
IC 3941		GX	12.970531	39.772833	16.41	0.65	
IC 3942		STAR	12.972192	36.10875	99.0	0.0	
IC 3943		GX	12.976764	28.11375	14.13	0.92	
IC 3944		GX	12.979097	23.781056	16.1	0.56	
IC 3945		GX	12.974897	39.935917	16.07	0.49	
IC 3946		GX	12.9802	27.810389	13.99	0.86	
IC 3947		GX	12.981139	27.785056	14.61	0.66	
IC 3948		GX	12.982819	24.061361	17.57	0.33	
IC 3949		GX	12.982225	27.833361	14.24	1.01	
IC 3950		GX	12.985033	18.735611	16.48	0.58	
IC 3951		GX	12.986167	18.764278	16.53	0.6	
IC 3952		GX	12.981153	38.8695	16.68	0.52	
IC 3953		GX	12.985867	23.086611	16.89	0.37	
IC 3954		GX	12.986847	19.272944	17.08	0.22	
IC 3955		GX	12.985008	27.996694	14.4	0.77	
IC 3956		GX	12.982328	37.398167	15.92	0.51	
IC 3957		GX	12.985414	27.767778	14.72	0.56	
IC 3958		GX	12.986503	24.022278	16.71	0.53	
IC 3959		GX	12.985611	27.784139	14.03	0.7	
IC 396		GX	4.966386	68.323389	13.08	2.38	
IC 3960		GX	12.985544	27.855	14.86	0.55	
IC 3962		STAR	12.987494	23.668	99.0	0.0	
IC 3963		GX	12.987083	27.774611	14.72	0.7	
IC 3964		STAR	12.987147	27.850944	15.91	0.0	
IC 3965		GX	12.989633	18.842944	17.15	0.33	
IC 3966		GX	12.986978	35.855333	15.43	0.74	
IC 3967		GX	12.986917	36.129278	15.58	0.76	
IC 3968		GX	12.990414	27.973194	15.32	0.44	
IC 3969		GX	12.992475	19.652	99.0	0.8	
IC 3969 NED01		GX	12.992419	19.653056	17.21	0.69	
IC 3969 NED02		GX	12.992403	19.647556	18.58	0.3	
IC 3969 NED03		GX	12.992703	19.65475	19.48	0.23	
IC 397		OTHER	5.018508	40.424889	99.0	0.0	
IC 3970		STAR	12.986508	40.401917	99.0	0.0	
IC 3971		GX	12.992164	22.844806	16.68	0.38	
IC 3972		STAR	12.988097	37.279139	99.0	0.0	
IC 3973		GX	12.991894	27.884222	14.36	0.76	
IC 3975		GX	12.987692	38.88275	15.13	0.87	
IC 3976		GX	12.9915	27.850139	14.72	0.66	
IC 3977		STAR	12.988794	36.798083	99.0	0.0	
IC 3978		GX	12.993736	19.622222	18.62	0.21	
IC 3979		STAR	12.989097	36.324333	99.0	0.0	
IC 398		GX	4.970156	-7.78025	99.0	1.18	
IC 3980		GX	12.9885	39.15125	16.82	0.36	
IC 3981		STAR	12.989292	37.227806	99.0	0.0	
IC 3982		STAR	12.988497	40.080528	99.0	0.0	
IC 3983		STAR	12.989031	39.246639	99.0	0.0	
IC 3984		GX	12.994517	19.623083	17.66	0.35	
IC 3985		GX	12.995319	19.591111	16.44	0.37	
IC 3986		GX	13.025594	-32.291056	13.35	1.85	
IC 3987		GX	12.990289	38.733444	15.63	0.49	
IC 3988		STAR	12.990783	37.244972	99.0	0.0	
IC 3989		STAR	12.991317	36.756583	99.0	0.0	
IC 399		GX	5.028892	-4.28875	14.8	0.54	
IC 3990		GX	12.994197	28.895528	14.0	0.87	
IC 3991		GX	12.994386	28.926583	14.36	0.91	
IC 3992		STAR	12.992581	36.771833	99.0	0.0	
IC 3993		GX	12.991797	40.601778	15.9	0.48	
IC 3994		GX	12.997456	22.71675	17.22	0.3	
IC 3995		STAR	12.992758	39.039778	99.0	0.0	
IC 3996		STAR	12.992083	40.467556	99.0	0.0	
IC 3997		GX	12.993592	36.695667	16.88	0.38	
IC 3998		GX	12.996328	27.973861	14.57	0.56	
IC 4		GX	0.22415	17.486444	14.14	1.17	
IC 40		GX	0.655944	2.456222	15.04	1.05	
IC 400		GX	5.062678	-15.819083	16.7	1.55	
IC 4000		GX	12.993506	39.58775	17.14	0.36	
IC 4001		GX	12.993869	38.87025	15.74	0.58	
IC 4002		GX	12.994614	36.763472	17.14	0.43	
IC 4003		GX	12.994258	38.815583	15.1	1.07	
IC 4004		GX	12.995214	38.811306	15.41	0.87	
IC 4005		STAR	13.000706	22.639917	99.0	0.0	
IC 4006		STAR	12.996867	37.011083	99.0	0.0	
IC 4007		GX	13.001942	19.964667	16.33	0.34	
IC 4008		STAR	13.001594	22.3505	99.0	0.0	
IC 4009		STAR	12.998	36.66075	99.0	0.0	
IC 401		GX	5.072122	-10.076528	13.94	1.75	
IC 4010		GX	12.998344	37.859111	16.31	0.52	
IC 4011		GX	13.001775	28.004139	15.1	0.4	
IC 4012		GX	13.002219	28.078556	14.93	0.51	
IC 4013		STAR	12.999397	37.199389	99.0	0.0	
IC 4014		GX	13.003861	22.499611	16.76	0.4	
IC 4017		GX	13.004422	22.555694	17.44	0.39	
IC 4018		GX	12.999289	40.488722	17.01	0.18	
IC 4019		STAR	13.004842	23.720833	99.0	0.0	
IC 402		GX	5.104119	-9.107417	14.4	1.26	
IC 4020		GX	13.000944	38.609889	16.59	0.93	
IC 4021		GX	13.004094	28.041306	14.69	0.4	
IC 4022		STAR	13.001369	38.478917	99.0	0.0	
IC 4023		GX	13.007372	19.097333	16.6	0.62	
IC 4024		STAR	13.001103	40.509139	99.0	0.0	
IC 4025		GX	13.007878	19.105028	16.6	0.62	
IC 4026		GX	13.00615	28.047	14.59	0.58	
IC 4027		GX	13.003783	37.141417	16.31	0.45	
IC 4028		GX	13.004481	36.254111	15.38	0.78	
IC 4029		GX	13.003944	38.759722	16.57	0.42	
IC 403		OTHER	5.254358	39.972111	99.0	0.0	
IC 4030		GX	13.007769	27.955972	15.39	0.53	
IC 4031		GX	13.0043	39.144944	16.42	0.21	
IC 4032		GX	13.007125	28.867806	14.68	0.6	
IC 4033		GX	13.007886	27.972417	15.21	0.5	
IC 4034		GX	13.005442	37.046194	16.26	0.41	
IC 4035		GX	13.004817	40.301444	99.0	0.8	
IC 4035 NED01		GX	13.004636	40.299639	16.89	0.48	
IC 4035 NED02		GX	13.005	40.302361	18.8	0.55	
IC 4036		STAR	13.005764	36.909056	99.0	0.0	
IC 4037		GX	13.005394	39.002639	16.54	0.35	
IC 4038		GX	13.006047	37.039361	16.18	0.59	
IC 4039		GX	13.010939	21.691722	16.04	0.5	
IC 404		GX	5.222111	9.754917	15.5	0.73	
IC 4040		GX	13.010536	28.057361	14.82	0.78	
IC 4041		GX	13.011347	27.996611	14.42	0.61	
IC 4042		GX	13.011881	27.971389	14.13	0.72	
IC 4043		GX	13.009633	37.071917	16.46	0.98	
IC 4044		GX	13.013169	27.922167	15.47	0.48	
IC 4045		GX	13.013511	28.090778	13.88	0.79	
IC 4046		STAR	13.010953	36.685917	99.0	0.0	
IC 4047		GX	13.016025	19.687	15.63	0.88	
IC 4048		GX	13.010597	39.830972	16.84	0.46	
IC 4049		GX	13.01185	36.345556	15.02	1.07	
IC 405	Flaming Star Nebula	EN	5.274856	34.356167	10.0	50.0	
IC 4050		STAR	13.012172	36.739861	99.0	0.0	
IC 4051		GX	13.014322	28.042806	13.61	0.96	
IC 4052		STAR	13.011644	39.667639	99.0	0.0	
IC 4053		STAR	13.017031	22.924722	99.0	0.0	
IC 4054		STAR	13.017044	22.905028	99.0	0.0	
IC 4055		OTHER	13.017397	22.908556	99.0	0.0	
IC 4056		GX	13.012303	39.754139	15.96	0.68	
IC 4057		STAR	13.018128	23.157694	99.0	0.0	
IC 4058		GX	13.019261	19.494167	16.34	0.62	
IC 4059		GX	13.020964	19.273556	17.0	0.41	
IC 406		OTHER	5.296944	39.886028	99.0	0.0	
IC 4060		GX	13.0146	40.584556	15.11	0.79	
IC 4061		GX	13.016011	39.58275	99.0	0.5	
IC 4061 NED01		GX	13.015942	39.583111	15.96	0.39	
IC 4061 NED02		GX	13.016139	39.583944	17.01	0.48	
IC 4062		GX	13.016289	39.858944	14.89	0.38	
IC 4063		GX	13.018514	39.245194	16.92	0.3	
IC 4064		GX	13.018536	39.841472	14.38	1.4	
IC 4065		GX	13.019719	39.744472	15.32	0.73	
IC 4066		STAR	13.027822	19.272611	99.0	0.0	
IC 4067		GX	13.02225	39.940361	16.3	0.38	
IC 4068		GX	13.022272	39.899056	15.87	0.57	
IC 4069		GX	13.02355	36.112722	16.85	0.41	
IC 407		GX	5.295169	-15.523444	14.2	1.93	
IC 4070		GX	13.028692	19.301944	16.21	0.58	
IC 4071		GX	13.034469	-7.603194	14.7	0.97	
IC 4072		STAR	13.023844	37.353722	99.0	0.0	
IC 4073		GX	13.023808	39.914278	15.45	0.81	
IC 4074		GX	13.030272	19.008861	16.9	0.59	
IC 4075		GX	13.030156	19.965	16.8	0.44	
IC 4076		GX	13.030164	23.389111	16.75	0.41	
IC 4077		GX	13.026125	37.386222	16.22	0.42	
IC 4078		STAR	13.026572	36.593222	99.0	0.0	
IC 4079		GX	13.032442	19.248806	17.41	0.42	
IC 408		GX	5.329128	-25.064333	13.85	1.95	
IC 4080		GX	13.032722	19.254694	99.0	0.4	
IC 4080 NED01		GX	13.032697	19.25325	17.28	0.79	
IC 4080 NED02		GX	13.032847	19.255917	18.66	0.23	
IC 4081		GX	13.032028	22.771028	16.59	0.42	
IC 4082		GX	13.027525	37.341639	16.57	0.44	
IC 4083		GX	13.027475	38.142361	16.29	0.41	
IC 4084		STAR	13.028064	36.965667	99.0	0.0	
IC 4085		GX	13.027275	39.702694	16.01	0.3	
IC 4086		GX	13.028567	36.648417	15.66	0.82	
IC 4087		GX	13.033447	19.995194	17.04	0.23	
IC 4089		GX	13.033847	19.502889	17.44	0.36	
IC 409		GX	5.325986	3.318389	99.0	0.95	
IC 4090		STAR	13.029528	36.837944	99.0	0.0	
IC 4091		GX	13.036933	19.893	16.85	0.52	
IC 4092		STAR	13.037119	19.184167	99.0	0.0	
IC 4093		OTHER	13.034442	28.99475	99.0	0.0	
IC 4094		GX	13.032942	37.795028	16.3	0.44	
IC 4095		GX	13.038994	19.099694	16.25	0.77	
IC 4096		GX	13.038044	24.010833	16.7	0.67	
IC 4097		STAR	13.034706	36.605444	99.0	0.0	
IC 4098		GX	13.0344	37.980889	16.33	0.51	
IC 4099		GX	13.039786	24.029167	16.38	0.65	
IC 41		GX	0.661214	-14.174333	15.2	0.71	
IC 410		EN	5.378333	33.366667	99.0	40.0	
IC 4100		GX	13.034697	40.408361	14.81	1.16	
IC 4101		STAR	13.037153	39.940361	99.0	0.0	
IC 4102		GX	13.038331	36.152444	16.97	0.34	
IC 4103		GX	13.038625	38.0175	15.88	0.76	
IC 4104		GX	13.038367	38.592417	15.95	0.51	
IC 4105		GX	13.038611	38.271278	16.47	0.48	
IC 4106		GX	13.044011	28.114583	15.39	0.74	
IC 4107		GX	13.044964	21.997389	16.62	0.89	
IC 4108		GX	13.042092	38.4785	15.4	0.71	
IC 4109		STAR	13.049436	19.003694	99.0	0.0	
IC 411		GX	5.338503	-25.3245	14.13	1.36	
IC 4110		GX	13.049525	19.226972	16.57	0.2	
IC 4111		GX	13.049047	28.070417	15.64	0.73	
IC 4112		STAR	13.045878	37.212167	99.0	0.0	
IC 4113		GX	13.050919	20.473389	16.69	0.37	
IC 4114		GX	13.044953	40.104528	16.56	0.46	
IC 4115		GX	13.046869	37.223222	15.87	0.56	
IC 4116		STAR	13.052811	19.083361	99.0	0.0	
IC 4117		STAR	13.046833	40.524889	99.0	0.0	
IC 4118		GX	13.047694	38.292944	15.38	0.63	
IC 4119		GX	13.054214	19.232778	17.44	0.43	
IC 412		GX	5.36575	3.486389	14.62	1.17	
IC 4120		STAR	13.050431	37.081667	99.0	0.0	
IC 4121		STAR	13.055978	19.282306	99.0	0.0	
IC 4122		GX	13.056786	20.196917	14.16	0.84	
IC 4123		GX	13.051617	38.314472	15.6	0.55	
IC 4124		GX	13.058769	22.846806	16.82	0.38	
IC 4125		GX	13.059714	18.803389	15.75	1.01	
IC 4126		STAR	13.060125	19.323444	99.0	0.0	
IC 4127		GX	13.054833	38.046917	15.93	0.58	
IC 4128		GX	13.061456	20.216639	16.4	0.4	
IC 4129		GX	13.062214	18.877139	17.04	0.47	
IC 413		GX	5.366328	3.482167	14.68	1.08	
IC 4130		GX	13.062942	19.271528	14.3	1.2	
IC 4131		GX	13.057106	38.951278	16.39	0.38	
IC 4132		STAR	13.0594	38.377583	99.0	0.0	
IC 4133		GX	13.064111	27.988389	15.34	0.57	
IC 4135		GX	13.060386	40.248972	16.06	0.67	
IC 4137		GX	13.066472	22.739972	16.52	0.39	
IC 4138		GX	13.067253	20.6655	16.61	0.38	
IC 4139		GX	13.067819	19.294972	15.41	0.64	
IC 414		GX	5.365267	3.342028	14.4	0.6	
IC 4140		GX	13.068344	20.096361	17.54	0.32	
IC 4141		GX	13.068814	19.210639	15.31	0.66	
IC 4142		STAR	13.063108	38.195083	99.0	0.0	
IC 4143		STAR	13.062639	40.207083	99.0	0.0	
IC 4144		GX	13.063908	36.943389	15.88	0.96	
IC 4145		GX	13.063825	38.286583	16.75	0.71	
IC 4146		GX	13.06955	19.27825	15.93	0.52	
IC 4147		GX	13.069286	20.250889	17.35	0.32	
IC 4148		GX	13.069636	19.259167	16.7	0.41	
IC 4149		GX	13.069672	22.289667	15.5	0.65	
IC 415		GX	5.356008	-15.542583	15.45	0.76	
IC 4150		STAR	13.070289	21.986722	99.0	0.0	
IC 4151		GX	13.066372	36.857889	99.0	0.4	
IC 4151 NED01		GX	13.066411	36.858028	17.58	0.47	
IC 4151 NED02		GX	13.066483	36.858444	18.01	0.3	
IC 4152		GX	13.066239	38.198611	15.92	0.75	
IC 4153		STAR	13.074047	19.044972	99.0	0.0	
IC 4154		GX	13.074519	23.575028	15.5	0.62	
IC 4155		STAR	13.069139	40.015444	99.0	0.0	
IC 4157		STAR	13.071828	38.663583	99.0	0.0	
IC 4158		GX	13.073511	36.479889	15.74	0.76	
IC 4159		GX	13.079442	22.242139	17.2	0.33	
IC 416		GX	5.398994	-17.260417	13.9	1.41	
IC 4160		GX	13.080017	22.892472	16.9	0.43	
IC 4161		GX	13.076478	39.977472	16.04	0.71	
IC 4162		GX	13.084164	20.554806	16.97	0.33	
IC 4163		GX	13.085558	20.770722	16.39	0.4	
IC 4164		GX	13.087358	20.547111	16.81	0.45	
IC 4165		GX	13.082489	39.924917	17.95	0.64	
IC 4166		GX	13.088497	31.442306	15.15	1.01	
IC 4167		GX	13.091875	21.910028	16.82	0.4	
IC 4168		GX	13.086308	40.049694	15.36	0.65	
IC 4169		GX	13.086692	38.772472	99.0	0.6	
IC 4169 NED01		GX	13.086669	38.770694	19.09	0.15	
IC 4169 NED02		GX	13.086811	38.773556	16.41	0.51	
IC 417		EN	5.468333	34.423944	99.0	13.0	
IC 4170		GX	13.093014	21.135028	99.0	0.8	
IC 4170 NED01		GX	13.093053	21.134944	12.7	0.51	
IC 4170 NED02		GX	13.093131	21.129694	18.93	0.26	
IC 4171		GX	13.088558	36.102889	15.92	0.71	
IC 4172		GX	13.109267	22.850389	16.21	0.49	
IC 4174		STAR	13.091267	36.396417	99.0	0.0	
IC 4175		GX	13.096519	20.374694	16.84	0.4	
IC 4177		GX	13.108042	-13.571639	14.96	0.87	
IC 4178		GX	13.094861	36.017472	16.19	0.63	
IC 4179		STAR	13.096083	37.197806	99.0	0.0	
IC 418		PN	5.457831	-12.697278	9.44	0.2	
IC 4180		GX	13.115692	-23.917111	13.6	1.38	
IC 4181		GX	13.101783	21.493889	16.15	0.53	
IC 4182		GX	13.097094	37.604889	11.61	6.01	
IC 4183		GX	13.103211	21.504361	16.72	0.46	
IC 4184		GX	13.097714	38.837389	15.54	0.33	
IC 4185		GX	13.103511	21.773028	99.0	1.0	
IC 4185 NED01		GX	13.103492	21.76925	16.59	0.55	
IC 4185 NED02		GX	13.103547	21.775861	18.03	0.32	
IC 4186		STAR	13.099267	36.986056	99.0	0.0	
IC 4187		GX	13.099894	36.298472	15.53	0.55	
IC 4188		GX	13.100647	36.328222	16.36	0.46	
IC 4189		GX	13.100986	35.980333	14.42	1.25	
IC 419		OTHER	5.51445	30.117917	99.0	0.0	
IC 4190		STAR	13.101772	37.610028	99.0	0.0	
IC 4191		PN	13.146453	-67.64375	10.6	0.08	
IC 4192		OTHER	13.102389	37.605556	99.0	0.0	
IC 4193		GX	13.101758	39.423611	15.51	0.49	
IC 4194		STAR	13.102164	38.873583	99.0	0.0	
IC 4195		STAR	13.104286	37.039778	99.0	0.0	
IC 4197		GX	13.134536	-23.796861	12.48	1.84	
IC 4199		STAR	13.125742	35.859833	99.0	0.0	
IC 42		GX	0.684956	-15.428083	15.38	0.76	
IC 420		EN	5.535972	-4.50475	99.0	6.03	
IC 4200		GX	13.159656	-51.968583	13.82	1.69	
IC 4201		GX	13.130894	35.834861	15.5	0.66	
IC 4202		GX	13.142106	24.700778	14.96	1.74	
IC 4203		STAR	13.138631	40.427889	99.0	0.0	
IC 4204		GX	13.139328	39.461167	15.93	0.95	
IC 4206		STAR	13.156094	39.02225	99.0	0.0	
IC 4207		GX	13.157425	37.822944	16.61	0.49	
IC 4208		STAR	13.160553	37.255583	99.0	0.0	
IC 4209		GX	13.172914	-7.170694	14.48	1.28	
IC 421		GX	5.535717	-7.918333	12.6	2.96	
IC 4211		STAR	13.182356	37.17625	99.0	0.0	
IC 4212		GX	13.200831	-6.9925	13.69	0.33	
IC 4213		GX	13.203117	35.669694	13.98	2.48	
IC 4214		GX	13.295192	-32.101694	11.4	2.96	
IC 4215		GX	13.271342	25.405222	13.88	1.55	
IC 4216		GX	13.283853	-10.77	13.69	2.05	
IC 4217		GX	13.287022	-13.154083	15.26	0.68	
IC 4218		GX	13.284281	-2.261278	14.73	1.2	
IC 4219		GX	13.308261	-31.630889	12.99	1.12	
IC 422		GX	5.538486	-17.223861	99.0	1.04	
IC 4220		GX	13.298422	-13.605472	14.89	0.85	
IC 4221		GX	13.308431	-14.608889	13.58	1.54	
IC 4223		GX	13.315336	7.7955	15.38	0.72	
IC 4224		GX	13.318069	-2.515306	14.84	0.88	
IC 4225		GX	13.333597	31.981389	14.97	1.64	
IC 4226		GX	13.341781	32.003917	15.12	0.49	
IC 4227		GX	13.348189	32.190778	15.55	0.54	
IC 4228		GX	13.359472	25.51625	15.12	0.8	
IC 4229		GX	13.373925	-2.418278	14.3	0.8	
IC 423		EN	5.556114	-0.6145	99.0	6.0	
IC 4230		GX	13.366444	26.733861	15.06	1.19	
IC 4231		GX	13.38705	-26.300389	14.29	2.06	
IC 4232		GX	13.389569	-26.1095	14.57	1.19	
IC 4234		GX	13.383297	27.116417	14.76	0.78	
IC 4235		GX	13.398047	-12.743361	16.13	0.91	
IC 4237		GX	13.4091	-21.136833	13.22	2.14	
IC 4238		GX	13.399986	30.932417	15.93	0.87	
IC 4239		GX	13.407064	30.959278	15.19	0.88	
IC 424		EN	5.560344	-0.413139	99.0	2.5	
IC 4240		GX	13.407656	30.977917	15.87	0.54	
IC 4241		GX	13.412931	26.738417	15.38	0.62	
IC 4242		GX	13.411367	31.0265	16.02	0.58	
IC 4243		GX	13.4309	-27.626889	15.19	0.5	
IC 4244		GX	13.415631	26.463528	15.42	0.81	
IC 4245		GX	13.433069	-26.677722	15.25	0.73	
IC 4246		GX	13.433403	-26.678056	15.34	0.62	
IC 4247		GX	13.445675	-30.362417	14.28	1.38	
IC 4248		GX	13.44645	-29.881361	14.8	1.04	
IC 4249		GX	13.451822	-27.956389	13.92	1.43	
IC 425		OTHER	5.619422	32.429667	99.0	0.0	
IC 4250		GX	13.435817	26.477167	15.55	0.55	
IC 4251		GX	13.456744	-29.444361	14.97	0.98	
IC 4252		GX	13.457778	-27.324778	13.05	2.0	
IC 4253		GX	13.458992	-27.872139	14.8	1.41	
IC 4254		GX	13.462603	-27.222528	15.6	0.75	
IC 4255		GX	13.4667	-27.354306	13.37	1.34	
IC 4256		GX	13.450886	30.976833	15.5	0.66	
IC 4257		OTHER	13.455647	46.867	99.0	0.0	
IC 4258		GX	13.464794	28.508194	15.08	0.85	
IC 4259		GX	13.491153	-30.134944	15.39	0.99	
IC 426		EN	5.608717	-0.298306	99.0	10.0	
IC 4260		GX	13.494561	-28.266083	15.68	1.17	
IC 4261		GX	13.496572	-28.006361	14.74	1.17	
IC 4262		GX	13.506417	-28.270583	15.62	1.18	
IC 4263		GX	13.475886	46.927194	15.22	1.71	
IC 4264		GX	13.504922	-27.928444	14.96	1.88	
IC 4265		GX	13.506381	-25.765556	15.47	0.84	
IC 4266		GX	13.484897	37.61175	16.17	0.55	
IC 4267		GX	13.510028	-26.256056	15.2	1.3	
IC 4268		GX	13.486758	37.6605	16.28	0.63	
IC 4269		GX	13.489178	37.623083	99.0	0.46	
IC 427		EN	5.605006	-6.616444	99.0	0.0	
IC 4270		GX	13.513636	-25.333667	14.69	0.95	
IC 4271		GX	13.489278	37.411667	99.0	0.8	
IC 4271 NED01		GX	13.489289	37.414028	15.35	0.87	
IC 4271 NED02		GX	13.489253	37.409667	15.0	0.3	
IC 4272		GX	13.521267	-29.957361	15.66	0.98	
IC 4273		GX	13.524961	-28.893444	15.25	0.95	
IC 4275		GX	13.530917	-29.732389	16.6	0.95	
IC 4276		GX	13.535072	-28.156833	15.37	1.32	
IC 4277		GX	13.504644	47.314167	99.0	0.67	
IC 4278		GX	13.507653	47.246889	17.79	0.43	
IC 4279		GX	13.541936	-27.127472	15.48	0.68	
IC 428		EN	5.606725	-6.451556	99.0	0.0	
IC 4280		GX	13.548167	-24.207139	12.84	1.13	
IC 4281		GX	13.543958	-27.169639	14.48	1.3	
IC 4282		GX	13.522158	47.183861	17.83	0.4	
IC 4283		GX	13.5363	28.389111	15.36	0.65	
IC 4284		GX	13.525539	46.795111	17.27	0.32	
IC 4285		GX	13.529317	46.821611	17.88	0.32	
IC 4286		GX	13.559903	-27.631222	15.96	0.41	
IC 4287		GX	13.544167	25.441111	99.0	1.0	
IC 4287 NED01		GX	13.544158	25.441111	15.27	0.96	
IC 4287 NED02		GX	13.54435	25.440194	99.0	0.22	
IC 4288		GX	13.575117	-27.304222	14.76	1.36	
IC 4289		GX	13.579947	-27.127083	14.35	1.4	
IC 429		EN	5.638572	-7.0405	99.0	0.0	
IC 4290		GX	13.588772	-28.021806	13.32	1.35	
IC 4291		OC	13.615669	-62.093111	9.7	5.1	
IC 4292		GX	13.596278	-27.673861	15.2	0.56	
IC 4293		GX	13.600628	-25.882306	13.5	2.19	
IC 4294		GX	13.608675	-28.781139	15.62	0.93	
IC 4295		GX	13.609572	-29.089444	15.12	1.04	
IC 4296		GX	13.610842	-33.965833	10.51	4.62	
IC 4297		GX	13.588681	26.424778	15.57	0.88	
IC 4298		GX	13.609647	-26.553861	14.17	1.6	
IC 4299		GX	13.613189	-34.065806	12.66	1.87	
IC 43		GX	0.706128	29.641639	13.25	1.26	
IC 430		EN	5.643325	-7.083111	14.4	10.96	
IC 4300		GX	13.590333	33.419806	15.74	0.23	
IC 4301		GX	13.593278	33.3745	15.77	1.29	
IC 4302		GX	13.593319	33.479583	16.14	1.36	
IC 4303		GX	13.621728	-28.657972	15.26	0.98	
IC 4304		GX	13.599411	33.430028	14.74	1.31	
IC 4305		GX	13.599547	33.473917	14.8	0.98	
IC 4306		GX	13.605456	33.423444	15.43	1.1	
IC 4307		GX	13.610047	27.242194	15.08	0.66	
IC 4308		OTHER	13.614544	32.733361	99.0	0.0	
IC 4309		GX	13.647233	-29.662722	15.47	0.77	
IC 431		RN	5.670564	-1.462806	99.0	8.0	
IC 4310		GX	13.649206	-25.845722	13.33	2.38	
IC 4311		GX	13.668878	-51.036139	14.07	1.11	
IC 4312		GX	13.67525	-51.070889	13.42	1.21	
IC 4313		GX	13.639086	26.759778	16.02	0.59	
IC 4314		GX	13.640297	26.7425	14.94	0.91	
IC 4315		GX	13.667553	-25.474556	15.05	1.6	
IC 4316		GX	13.671781	-28.892222	13.97	1.38	
IC 4317		GX	13.696061	27.106361	16.21	0.51	
IC 4318		GX	13.722969	-28.967944	14.54	1.08	
IC 4319		GX	13.724047	-29.803472	14.32	1.61	
IC 432		RN	5.682217	-1.507	99.0	10.0	
IC 4320		GX	13.734367	-27.231694	14.25	1.31	
IC 4321		GX	13.742014	-30.139583	15.16	1.02	
IC 4322		GX	13.728931	25.392139	15.5	0.69	
IC 4323		GX	13.751911	-28.65125	15.91	1.1	
IC 4324		GX	13.757586	-30.227222	14.82	0.9	
IC 4325		GX	13.794347	-29.434361	14.75	1.2	
IC 4326		GX	13.805969	-29.626389	14.4	1.0	
IC 4327		GX	13.812167	-30.2175	13.91	1.15	
IC 4328		GX	13.817472	-29.937028	14.92	1.07	
IC 4329		GX	13.818142	-30.295861	10.97	4.74	
IC 433		GX	5.675375	-11.665583	99.0	1.42	
IC 4330		GX	13.787458	-28.331806	14.72	1.29	
IC 4331		GX	13.823503	25.154667	15.73	0.63	
IC 4332		GX	13.831264	25.190889	15.3	0.85	
IC 4333		GX	14.089053	-84.272694	14.8	1.8	
IC 4334		GX	13.830075	29.694083	15.51	0.59	
IC 4335		STAR	13.829186	33.673639	99.0	0.0	
IC 4336		GX	13.845381	39.706778	14.0	1.37	
IC 4337		GX	13.872022	14.271917	15.22	0.77	
IC 4339		STAR	13.891342	37.539028	11.5	0.0	
IC 434	Flame Nebula	EN	5.683578	-2.453778	11.0	90.0	
IC 4340		GX	13.892647	37.386972	14.58	1.27	
IC 4341		GX	13.892847	37.52225	14.78	0.92	
IC 4342		GX	13.906142	25.153083	15.26	1.09	
IC 4343		GX	13.9155	25.122639	15.13	1.05	
IC 4344		GX	13.920164	25.021444	14.98	1.1	
IC 4345		GX	13.920386	25.051806	14.23	1.23	
IC 4346		GX	13.927936	25.153056	14.98	0.73	
IC 4348		GX	13.929192	25.203111	15.59	1.13	
IC 4349		GX	13.929539	25.151917	15.13	1.04	
IC 435		RN	5.716825	-2.312611	99.0	3.98	
IC 4350		GX	13.953867	-25.245806	13.71	1.88	
IC 4351		GX	13.965072	-29.315722	11.62	6.55	
IC 4352		GX	13.973644	-34.517333	13.58	1.82	
IC 4353		OTHER	13.951028	37.729056	99.0	0.0	
IC 4354		GX	13.97525	-12.605361	15.33	1.36	
IC 4355		GX	13.968367	28.422694	15.17	0.43	
IC 4356		GX	13.979194	37.490667	15.86	0.54	
IC 4357		GX	14.012136	31.894167	14.83	0.93	
IC 4358		GX	14.059494	-10.15125	14.92	1.39	
IC 4359		GX	14.089814	-45.269778	13.81	1.18	
IC 436		OTHER	5.894467	38.624778	99.0	0.0	
IC 4360		GX	14.072594	-11.424833	15.88	0.78	
IC 4361		GX	14.068742	-9.768889	99.0	0.66	
IC 4362		GX	14.089506	-41.818972	13.43	1.81	
IC 4363		GX	14.070083	-9.641639	15.09	0.45	
IC 4364		GX	14.072144	-9.993278	14.76	0.91	
IC 4366		GX	14.086522	-33.760111	12.74	1.63	
IC 4367		GX	14.093494	-39.203361	13.01	1.64	
IC 4368		GX	14.079567	-9.96225	14.95	0.55	
IC 4369		GX	14.068297	33.320722	16.2	0.44	
IC 437		GX	5.860389	-12.564972	15.25	0.97	
IC 4370		GX	14.069406	33.346	15.88	0.44	
IC 4371		GX	14.069686	33.307806	15.13	0.81	
IC 4372		GX	14.096136	-10.900083	16.18	0.48	
IC 4373		GX	14.095325	25.231361	15.26	0.82	
IC 4374		GX	14.124933	-27.017861	13.68	1.8	
IC 4376		OTHER	14.180686	-30.79275	99.0	0.0	
IC 4377		GX	14.283003	-75.647194	13.95	1.98	
IC 4378		GX	14.202658	-34.265333	14.55	1.54	
IC 4379		GX	14.202844	-34.272722	15.52	0.92	
IC 438		GX	5.883356	-17.876083	12.07	2.8	
IC 4380		GX	14.167256	37.549861	15.18	0.73	
IC 4382		GX	14.184039	25.519361	15.46	0.64	
IC 4384		GX	14.198894	27.113917	14.91	1.13	
IC 4385		OTHER	14.242144	-42.323611	99.0	0.0	
IC 4386		GX	14.250658	-43.961333	12.75	2.57	
IC 4387		GX	14.250486	-43.990111	14.91	1.26	
IC 4388		GX	14.267633	-31.752639	14.32	1.14	
IC 4389		GX	14.2795	-40.5525	15.3	0.83	
IC 439		OTHER	5.944308	32.022694	99.0	0.0	
IC 4390		GX	14.283111	-44.977333	13.82	1.95	
IC 4391		GX	14.274178	-31.684972	14.44	0.98	
IC 4392		OTHER	14.264769	-13.05125	99.0	0.0	
IC 4393		GX	14.296931	-31.349083	13.74	2.3	
IC 4394		OTHER	14.272878	39.697694	99.0	0.0	
IC 4395		GX	14.289189	26.857444	15.0	1.16	
IC 4396		GX	14.291733	28.8	14.99	0.63	
IC 4397		GX	14.299644	26.412556	14.1	1.08	
IC 4398		GX	14.300956	28.866389	15.17	0.62	
IC 4399		GX	14.306656	26.385889	15.38	0.71	
IC 440		GX	6.320364	80.068472	14.2	1.77	
IC 4400		OTHER	14.370403	-60.569806	99.0	0.0	
IC 4401		GX	14.323631	-4.489139	14.44	1.5	
IC 4402		GX	14.353636	-46.297889	11.82	5.78	
IC 4403		GX	14.304686	31.653833	14.8	1.23	
IC 4404		STAR	14.180603	78.628306	99.0	0.0	
IC 4405		GX	14.321275	26.298583	14.67	1.35	
IC 4406		PN	14.374022	-44.150194	10.2	0.58	
IC 4407		GX	14.393572	-5.983222	14.75	1.48	
IC 4408		GX	14.353636	29.9935	14.89	0.83	
IC 4409		GX	14.35925	31.585528	15.04	0.79	
IC 441		GX	6.045175	-12.499139	14.4	1.22	
IC 4410		GX	14.370542	17.397333	15.59	0.79	
IC 4411		OTHER	14.416972	-35.020611	99.0	0.0	
IC 4413		GX	14.382589	37.527417	15.5	0.51	
IC 4415		GX	14.407422	16.639611	16.1	0.62	
IC 4416		GX	14.404839	29.635806	15.5	0.92	
IC 4417		GX	14.414914	17.037917	15.58	1.11	
IC 4418		GX	14.424233	25.526278	14.84	0.94	
IC 4419		GX	14.431853	16.632528	16.06	0.79	
IC 442		GX	6.603303	82.96825	14.04	1.25	
IC 4420		GX	14.427614	25.378361	15.44	0.67	
IC 4421		GX	14.475364	-37.58375	12.37	1.43	
IC 4422		GX	14.433092	30.473722	15.21	0.74	
IC 4423		GX	14.438261	26.246139	15.45	1.02	
IC 4425		GX	14.445606	27.189528	15.19	0.64	
IC 4426		GX	14.454747	16.830972	15.59	0.69	
IC 4427		GX	14.449881	26.863972	15.33	0.86	
IC 4428		GX	14.457097	16.190833	15.71	0.76	
IC 4429		GX	14.460381	16.899861	15.46	1.02	
IC 443	Gem A	SNR	6.277058	22.531667	12.0	50.0	
IC 4430		GX	14.488722	-33.455111	12.98	2.47	
IC 4432		GX	14.480489	-39.552194	16.37	0.85	
IC 4433		GX	14.464819	16.195556	16.31	0.48	
IC 4434		GX	14.465206	16.207167	15.51	0.64	
IC 4435		GX	14.456744	37.471444	15.11	0.94	
IC 4436		GX	14.466161	26.5045	14.75	1.2	
IC 4437		STAR	14.458794	41.503222	99.0	0.0	
IC 4438		GX	14.476242	17.334556	15.94	0.48	
IC 4439		GX	14.477789	17.02475	15.81	0.67	
IC 444		RN	6.309444	23.313333	7.03	8.0	
IC 4440		GX	14.483122	17.320583	15.56	0.77	
IC 4441		GX	14.527394	-43.418444	11.84	1.95	
IC 4442		GX	14.479242	28.96425	15.13	0.85	
IC 4443		GX	14.488192	16.181556	16.25	0.62	
IC 4445		GX	14.531836	-46.035306	15.0	1.19	
IC 4446		GX	14.4837	37.463139	15.77	0.77	
IC 4447		GX	14.488328	30.832222	14.66	0.82	
IC 4448		GX	14.674433	-78.809222	13.51	1.1	
IC 4449		GX	14.522664	15.240861	15.71	0.72	
IC 445		GX	6.622569	67.859861	14.28	0.87	
IC 4450		GX	14.536761	28.556833	15.3	0.98	
IC 4451		GX	14.576983	-36.285833	13.34	1.79	
IC 4452		GX	14.540953	27.427417	14.93	0.5	
IC 4453		GX	14.574625	-27.518556	12.19	2.09	
IC 4454		GX	14.554636	17.711806	16.7	0.45	
IC 4456		GX	14.569214	16.184028	16.08	0.58	
IC 4457		GX	14.574689	18.224694	16.0	0.46	
IC 4458		GX	14.634964	-39.505972	17.03	0.59	
IC 4459		GX	14.575611	30.974667	15.39	0.89	
IC 446		OC	6.518383	10.459278	99.0	5.0	
IC 4460		GX	14.576814	30.279389	15.61	0.55	
IC 4461		GX	14.583439	26.531917	16.7	0.41	
IC 4462		GX	14.583861	26.543917	15.33	0.74	
IC 4463		GX	14.596944	16.019278	15.42	0.81	
IC 4464		GX	14.630278	-36.878	13.66	1.68	
IC 4465		GX	14.597544	15.572917	16.53	0.56	
IC 4466		GX	14.613364	18.343778	15.6	1.0	
IC 4467		GX	14.614908	18.370639	15.99	0.54	
IC 4468		GX	14.640761	-22.367611	13.77	2.3	
IC 4469		GX	14.622358	18.249333	15.45	1.67	
IC 447		EN	6.516756	9.897444	7.7	25.0	
IC 4470		GX	14.473025	78.885611	14.93	0.89	
IC 4472		GX	14.669678	-44.314583	13.96	2.69	
IC 4473		GX	14.631706	15.861667	99.0	1.2	
IC 4473 NED01		GX	14.631775	15.860694	15.97	0.74	
IC 4473 NED02		GX	14.631681	15.863667	15.39	0.93	
IC 4473 NED03		GX	14.631728	15.870167	99.0	0.12	
IC 4474		GX	14.639528	23.42875	15.87	0.65	
IC 4475		GX	14.639794	23.333556	14.82	1.05	
IC 4476		GX	14.664403	-16.24475	15.31	0.76	
IC 4477		GX	14.643122	28.459389	15.61	0.6	
IC 4478		GX	14.653525	15.877389	15.29	0.58	
IC 4479		GX	14.646083	28.505444	14.85	1.16	
IC 448		EN	6.545928	7.388639	99.0	15.0	
IC 4480		GX	14.662675	18.492361	15.41	0.64	
IC 4481		GX	14.669475	16.141444	16.59	0.5	
IC 4482		GX	14.670128	18.943278	15.55	0.62	
IC 4483		GX	14.672086	16.685222	14.92	1.34	
IC 4484		GX	14.795522	-73.305944	13.88	2.96	
IC 4485		GX	14.675406	28.668861	15.87	0.64	
IC 4486		GX	14.694664	18.557222	15.31	0.52	
IC 4487		GX	14.697831	18.577	15.65	0.68	
IC 4488		GX	14.714606	18.620278	15.84	0.61	
IC 4489		GX	14.721097	18.528611	16.78	0.42	
IC 449		GX	6.761419	71.343833	13.65	1.77	
IC 4490		STAR	14.755908	-36.173361	99.0	0.0	
IC 4492		GX	14.709408	37.452333	15.3	0.63	
IC 4494		GX	14.740428	15.551389	15.3	0.93	
IC 4495		GX	14.737381	23.558389	15.66	0.78	
IC 4496		GX	14.731828	33.406556	14.88	0.85	
IC 4497		GX	14.739128	28.551028	15.23	0.84	
IC 4498		GX	14.750219	26.301139	14.94	0.75	
IC 4499		GC	15.005347	-82.2135	8.56	5.1	
IC 45		OTHER	0.710094	29.65525	99.0	0.0	
IC 450		GX	6.870069	74.427083	14.12	1.38	
IC 4500		GX	14.743239	37.482472	15.58	0.56	
IC 4501		GX	14.790408	-22.406028	14.27	1.03	
IC 4502		GX	14.754397	37.300361	15.58	0.64	
IC 4503		GX	14.777642	16.146444	14.69	1.2	
IC 4504		GX	14.776939	31.699194	15.46	0.51	
IC 4505		GX	14.775936	33.408611	14.83	1.13	
IC 4506		GX	14.777761	33.401222	15.48	0.49	
IC 4507		GX	14.795044	18.455722	15.82	0.68	
IC 4508		GX	14.797614	31.768278	15.55	0.76	
IC 4509		GX	14.807517	31.791583	14.8	0.83	
IC 451		GX	6.881114	74.480722	14.83	1.34	
IC 4510		OTHER	14.844642	-20.730889	99.0	0.0	
IC 4511		OTHER	14.868133	-40.494917	99.0	0.0	
IC 4512		GX	14.83175	27.700806	16.12	0.55	
IC 4513		OTHER	14.871342	-20.727917	99.0	0.0	
IC 4514		GX	14.848733	27.578528	16.98	0.83	
IC 4515		GX	14.851853	37.494806	15.52	0.98	
IC 4516		GX	14.906514	16.355278	14.22	1.36	
IC 4517		GX	14.909747	23.643278	15.31	1.12	
IC 4518		GX	14.961917	-43.131667	99.0	2.0	
IC 4518A		GX	14.961439	-43.132111	16.64	0.92	
IC 4518B		GX	14.96235	-43.131361	16.46	1.26	
IC 4519		GX	14.912372	37.412722	15.18	0.89	
IC 4520		GX	14.918614	33.724444	15.13	0.51	
IC 4521		GX	14.990958	25.584083	15.36	0.66	
IC 4522		GX	15.191367	-75.859972	13.1	3.02	
IC 4523		GX	15.086261	-43.509528	13.43	1.65	
IC 4524		GX	15.0351	25.6015	15.52	0.64	
IC 4525		GX	15.040239	25.6385	15.66	0.58	
IC 4526		GX	15.043944	23.350444	16.72	0.5	
IC 4527		GX	15.094728	-42.449528	13.74	1.43	
IC 4528		GX	15.025936	49.112472	15.05	0.81	
IC 4529		GX	15.107217	-43.232639	14.8	0.77	
IC 453		STAR	6.819847	-16.90675	99.0	0.0	
IC 4530		GX	15.062586	26.100861	15.3	0.91	
IC 4531		GX	15.074011	23.414944	15.6	0.92	
IC 4532		GX	15.081614	23.256611	15.51	0.86	
IC 4533		GX	15.075094	27.792861	15.14	0.98	
IC 4534		GX	15.111603	23.641917	14.47	1.45	
IC 4535		GX	15.144889	37.570333	15.99	0.54	
IC 4536		GX	15.221453	-18.137278	13.72	1.32	
IC 4537		GX	15.292344	2.047389	15.95	0.75	
IC 4538		GX	15.353225	-23.658417	12.38	2.48	
IC 4539		GX	15.308653	32.392861	15.77	0.55	
IC 454		GX	6.85175	12.922028	14.5	1.69	
IC 4540		OTHER	15.334197	1.786583	99.0	0.0	
IC 4541		GX	15.498769	-70.584944	13.95	1.74	
IC 4542		GX	15.368164	33.148583	15.12	1.05	
IC 4545		GX	15.69105	-81.625944	14.05	2.02	
IC 4546		GX	15.449558	28.852611	15.54	0.7	
IC 4547		GX	15.454186	28.788972	15.43	0.8	
IC 4548		GX	15.456672	28.849833	16.5	0.48	
IC 4549		GX	15.487381	32.825556	15.51	0.7	
IC 455		GX	7.582689	85.537194	14.27	1.06	
IC 4552		GX	15.648581	4.583056	14.19	1.0	
IC 4553		GX	15.582569	23.503139	13.19	1.11	
IC 4554		GX	15.584675	23.479278	16.09	0.47	
IC 4555		GX	15.804114	-78.178861	13.56	2.14	
IC 4556		GX	15.589569	25.297139	14.57	1.17	
IC 4557		GX	15.576925	39.728889	15.71	0.52	
IC 4558		GX	15.596167	25.345889	15.81	0.45	
IC 4559		GX	15.5982	25.341139	15.14	0.64	
IC 456		GX	7.004872	-30.163778	13.04	2.33	
IC 4560		GX	15.598356	39.814111	16.39	0.61	
IC 4561		GX	15.613075	25.416806	15.07	0.83	
IC 4562		GX	15.599167	43.49325	13.76	1.19	
IC 4563		GX	15.601022	39.831528	14.94	1.06	
IC 4564		GX	15.607517	43.518778	14.34	1.2	
IC 4565		GX	15.609758	43.424889	14.81	0.8	
IC 4566		GX	15.611711	43.539333	13.27	1.35	
IC 4567		GX	15.620353	43.298306	13.55	1.34	
IC 4568		GX	15.668806	28.152278	15.22	0.54	
IC 4569		GX	15.680106	28.292083	14.86	0.91	
IC 4570		GX	15.689608	28.22975	15.05	0.76	
IC 4571		GX	15.814306	-67.323472	13.92	1.58	
IC 4572		GX	15.698386	28.134	14.8	1.16	
IC 4573		GX	15.703428	23.799972	15.71	0.62	
IC 4574		GX	15.699789	28.240333	15.71	0.63	
IC 4575		GX	15.705458	23.807639	15.54	0.5	
IC 4576		GX	15.709861	23.670056	14.6	1.39	
IC 4577		GX	15.712656	23.792639	15.27	0.58	
IC 4578		GX	15.886294	-74.825278	13.93	1.63	
IC 4579		GX	15.714308	23.773167	15.47	0.55	
IC 458		GX	7.176153	50.118917	14.38	0.9	
IC 4580		GX	15.720622	28.356833	15.35	0.98	
IC 4581		GX	15.733756	28.277028	15.18	0.79	
IC 4582		GX	15.760958	28.088667	14.83	1.2	
IC 4583		GX	15.772761	23.809028	14.78	1.21	
IC 4584		GX	16.003406	-66.383278	15.78	1.96	
IC 4585		GX	16.0049	-66.322278	12.32	1.58	
IC 4587		GX	15.997669	25.940639	15.77	0.83	
IC 4588		GX	16.084514	23.917139	16.06	0.5	
IC 4589		STAR	16.123497	-6.385306	99.0	0.0	
IC 459		GX	7.177414	50.177333	15.76	0.59	
IC 4590		GX	16.139208	28.478694	14.9	0.65	
IC 4591		EN	16.205044	-27.92775	99.0	12.0	
IC 4592		RN	16.199631	-19.454667	3.9	60.0	
IC 4593		PN	16.195694	12.071389	10.7	0.66	
IC 4595		GX	16.345678	-70.142611	13.48	3.26	
IC 4596		GX	16.267669	-22.625389	14.96	1.66	
IC 4597		GX	16.294369	-34.365944	14.41	1.27	
IC 4598		GX	16.303697	-31.442889	14.91	1.46	
IC 4599		PN	16.323103	-42.260139	12.4	0.24	
IC 46		GX	0.716103	27.253472	14.28	0.8	
IC 460		GX	7.178964	50.202444	15.34	0.85	
IC 4600		OTHER	16.302408	-22.785528	99.0	0.0	
IC 4601		EN	16.338278	-20.087306	99.0	20.0	
IC 4603		EN	16.423467	-24.468361	99.0	20.0	
IC 4604	rho Oph Nebula	EN	16.425325	-23.436583	5.1	60.0	
IC 4605		EN	16.503467	-25.115167	4.7	30.0	
IC 4606		OTHER	16.526081	-26.056528	99.0	0.0	
IC 4607		GX	16.504408	24.574361	15.97	0.72	
IC 4608		GX	16.781661	-77.488694	13.66	0.86	
IC 4609		GX	16.55045	22.797389	15.21	0.87	
IC 461		GX	7.179178	50.081417	15.67	0.63	
IC 4610		GX	16.560878	39.257639	16.31	1.03	
IC 4611		GX	16.561761	39.185139	15.81	0.51	
IC 4612		GX	16.563783	39.263194	15.15	1.0	
IC 4613		OTHER	16.619486	36.130583	99.0	0.0	
IC 4614		GX	16.629772	36.115	15.15	0.77	
IC 4617		GX	16.702239	36.684083	16.02	0.69	
IC 4618		GX	16.963892	-76.992972	12.6	1.69	
IC 4619		GX	16.736422	17.759167	15.16	0.69	
IC 462		STAR	7.182169	50.180833	99.0	0.0	
IC 4620		GX	16.808344	19.305389	15.75	0.71	
IC 4621		GX	16.847547	8.783667	15.08	0.81	
IC 4622		OTHER	16.868975	-16.23625	99.0	0.0	
IC 4623		GX	16.851483	22.527417	15.38	0.7	
IC 4624		GX	16.859317	17.449111	15.71	0.47	
IC 4626		STAR	16.889286	2.338722	99.0	0.0	
IC 4627		GX	16.902431	-7.635333	16.15	0.65	
IC 4628		EN	16.949564	-40.450972	99.0	89.13	
IC 4629		OTHER	16.936108	-16.709889	99.0	0.0	
IC 463		GX	7.183581	50.117694	99.0	0.28	
IC 4630		GX	16.919328	26.662917	14.73	0.84	
IC 4631		OTHER	17.183342	-77.603556	99.0	0.0	
IC 4632		OTHER	16.975592	22.915556	99.0	0.0	
IC 4633		GX	17.229733	-77.536194	13.69	2.7	
IC 4634		PN	17.025997	-21.825972	10.9	0.14	
IC 4635		GX	17.260886	-77.489528	14.87	1.62	
IC 4636		STAR	16.985228	47.195417	99.0	0.0	
IC 4637		PN	17.086339	-40.886361	12.5	0.31	
IC 4638		GX	17.020472	33.513194	15.54	0.68	
IC 4639		GX	17.048542	22.930028	15.99	0.58	
IC 464		GX	7.184653	50.136889	14.74	0.8	
IC 4640		GX	17.399542	-80.064083	14.78	1.34	
IC 4641		GX	17.402867	-80.147417	14.36	1.22	
IC 4642		PN	17.195894	-55.399	13.4	0.28	
IC 4644		GX	17.41025	-73.940111	15.5	1.75	
IC 4645		GX	17.245314	43.104111	15.85	0.57	
IC 4646		GX	17.398108	-59.999389	12.33	2.77	
IC 4647		GX	17.434372	-80.195111	14.47	1.64	
IC 4648		STAR	17.269453	43.862583	99.0	0.0	
IC 4650		GX	17.263169	57.301889	15.84	0.61	
IC 4651		OC	17.41365	-49.93825	6.9	9.6	
IC 4652		GX	17.440742	-59.728306	14.21	1.1	
IC 4653		GX	17.451994	-60.879583	12.55	1.61	
IC 4654		GX	17.618858	-74.381444	13.15	1.97	
IC 4655		OTHER	17.576561	-60.721333	99.0	0.0	
IC 4656		GX	17.628853	-63.729667	13.75	2.65	
IC 4657		OTHER	17.545194	-17.524833	99.0	0.0	
IC 4658		OTHER	17.603003	-59.584917	99.0	0.0	
IC 4659		OTHER	17.570064	-17.928028	99.0	0.0	
IC 466		EN	7.144111	-4.318	12.06	1.0	
IC 4660		GX	17.36255	75.8485	14.23	1.28	
IC 4661		GX	17.850767	-74.032389	13.48	1.62	
IC 4662		GX	17.785797	-64.64175	11.1	2.09	
IC 4663		PN	17.757833	-44.904861	12.5	0.22	
IC 4664		GX	17.816275	-63.254528	12.93	1.67	
IC 4665		OC	17.774217	5.648722	4.2	24.6	
IC 4666		STAR	17.767322	55.775583	99.0	0.0	
IC 4667		OTHER	17.771933	55.875639	99.0	0.0	
IC 4668		STAR	17.783169	57.400694	99.0	0.0	
IC 4669		GX	17.786936	61.434222	15.09	0.61	
IC 467		GX	7.505108	79.872528	12.57	1.99	
IC 4670		PN	17.918611	-21.74425	13.28	0.08	
IC 4671		OTHER	17.918861	-10.285917	99.0	0.0	
IC 4672		GX	18.037419	-62.8325	15.3	0.89	
IC 4673		PN	18.055111	-27.106111	13.0	0.25	
IC 4674		GX	18.136967	-62.3955	14.93	1.57	
IC 4675		OTHER	18.052967	-9.259472	99.0	0.0	
IC 4676		GX	18.048053	11.823139	15.59	0.58	
IC 4677		OTHER	17.971047	66.633278	99.0	0.0	
IC 4678		EN	18.109297	-23.954444	10.4	0.0	
IC 4679		GX	18.190136	-56.254389	12.84	1.17	
IC 468		OTHER	7.288611	-13.218694	99.0	0.0	
IC 4680		GX	18.2249	-64.476722	13.89	1.61	
IC 4681		STAR	18.138889	-23.432028	9.1	0.0	
IC 4682		GX	18.273808	-71.581306	13.22	2.21	
IC 4683		OTHER	18.150258	-26.390944	99.0	0.0	
IC 4684		RN	18.152344	-23.435444	99.0	3.0	
IC 4685		EN	18.154861	-23.98725	99.0	15.0	
IC 4686		GX	18.2274	-57.732528	14.18	0.78	
IC 4687		GX	18.227675	-57.725361	14.3	1.15	
IC 4688		GX	18.136633	11.712222	14.63	1.3	
IC 4689		GX	18.227856	-57.748194	14.3	0.91	
IC 469		GX	7.933078	85.158917	13.48	2.35	
IC 4691		GX	18.146028	11.830083	15.41	1.0	
IC 4692		GX	18.247214	-58.693778	14.25	1.74	
IC 4693		OTHER	18.153008	17.347889	99.0	0.0	
IC 4694		GX	18.257347	-58.208917	13.76	2.79	
IC 4695		STAR	18.289853	-58.925472	99.0	0.0	
IC 4696		GX	18.338308	-64.734083	13.48	2.36	
IC 4697		GX	18.207475	25.427194	15.03	0.87	
IC 4698		GX	18.349981	-63.347944	15.32	1.75	
IC 4699		PN	18.309108	-45.983083	13.0	0.08	
IC 47		GX	0.715281	-13.740722	16.09	0.41	
IC 470		STAR	7.392083	46.078667	12.93	0.0	
IC 4701		EN	18.276594	-16.648278	99.0	60.0	
IC 4702		GX	18.384394	-59.238944	14.0	1.66	
IC 4703	Eagle Nebula	EN	18.315617	-13.845389	6.0	5.05	
IC 4704		GX	18.4649	-71.609861	12.02	2.7	
IC 4705		GX	18.469533	-71.693944	12.78	1.73	
IC 4706		EN	18.326928	-16.031278	99.0	3.47	
IC 4707		EN	18.331642	-16.00925	99.0	3.47	
IC 4708		GX	18.229503	61.157278	15.5	0.5	
IC 4709		GX	18.405386	-56.369167	14.42	1.17	
IC 471		GX	7.726792	49.667556	14.22	0.66	
IC 4710		GX	18.477214	-66.982278	12.0	3.49	
IC 4711		OTHER	18.468561	-64.944472	99.0	0.0	
IC 4712		GX	18.518589	-71.693667	12.19	1.99	
IC 4713		GX	18.499817	-67.224389	13.53	0.91	
IC 4714		GX	18.515486	-66.65175	15.15	1.49	
IC 4716		GX	18.545844	-56.962	15.99	0.69	
IC 4717		GX	18.554792	-57.975722	13.23	1.78	
IC 4718		GX	18.563933	-60.129111	12.95	1.67	
IC 4719		GX	18.553206	-56.732194	13.98	1.47	
IC 472		GX	7.73065	49.614194	14.33	1.61	
IC 4720		GX	18.559028	-58.405361	13.37	2.75	
IC 4721		GX	18.573544	-58.496611	11.82	5.3	
IC 4722		GX	18.575425	-57.792778	13.61	1.64	
IC 4723		GX	18.598961	-63.376667	14.7	0.7	
IC 4724		GX	18.644522	-70.125667	15.13	0.83	
IC 4726		GX	18.616336	-62.854333	14.74	1.13	
IC 4727		GX	18.632239	-62.700667	14.07	1.24	
IC 4728		GX	18.6325	-62.530917	14.26	2.22	
IC 4729		GX	18.665675	-67.425694	12.18	1.31	
IC 473		OTHER	7.706839	9.255278	99.0	0.0	
IC 4730		GX	18.647269	-63.349917	14.47	1.44	
IC 4731		GX	18.645272	-62.943028	12.69	1.55	
IC 4732		PN	18.565167	-22.644722	12.1	0.07	
IC 4733		STAR	18.443939	64.967417	99.0	0.0	
IC 4734		GX	18.640472	-57.490444	14.22	1.31	
IC 4735		GX	18.663872	-62.956028	15.51	0.79	
IC 4736		GX	18.644392	-57.893278	14.61	1.29	
IC 4737		GX	18.666222	-62.597972	15.01	0.93	
IC 4738		GX	18.674144	-61.902361	15.26	1.25	
IC 4739		GX	18.680828	-61.901556	15.19	0.95	
IC 474		GX	7.768697	26.505111	14.91	1.27	
IC 4740		GX	18.716828	-68.359944	15.3	1.01	
IC 4741		GX	18.695397	-63.948194	13.8	1.43	
IC 4742		GX	18.697936	-63.862083	12.08	2.11	
IC 4743		GX	18.691431	-61.772222	14.99	0.93	
IC 4744		GX	18.698581	-63.223861	15.35	0.66	
IC 4745		GX	18.709967	-64.942917	13.88	2.08	
IC 4746		GX	18.765142	-72.668222	99.0	0.57	
IC 4747		GX	18.765928	-72.630028	15.09	1.1	
IC 4748		GX	18.712767	-64.072667	14.34	1.01	
IC 4749		GX	18.713747	-63.208417	14.3	1.2	
IC 475		GX	7.785897	30.488806	14.79	0.75	
IC 4750		GX	18.717411	-62.971472	15.15	1.16	
IC 4751		GX	18.722039	-62.112278	14.09	1.08	
IC 4752		GX	18.729647	-64.082111	15.49	0.73	
IC 4753		GX	18.725728	-62.107944	12.88	0.87	
IC 4754		GX	18.733397	-61.990056	14.38	1.27	
IC 4755		GX	18.750319	-63.692222	15.15	1.42	
IC 4756		OC	18.647642	5.462167	4.6	24.0	
IC 4757		GX	18.732153	-57.167556	14.58	1.49	
IC 4758		GX	18.771742	-65.756667	14.18	1.04	
IC 4759		GX	18.761389	-63.085278	99.0	0.8	
IC 4759 NED01		GX	18.761311	-63.084778	17.33	0.59	
IC 4759 NED02		GX	18.761472	-63.087	15.42	0.92	
IC 476		GX	7.787869	26.950972	15.45	0.62	
IC 4760		GX	18.762764	-62.958361	15.15	0.83	
IC 4761		GX	18.732111	-52.853028	13.92	1.54	
IC 4762		STAR	18.541258	67.858028	99.0	0.0	
IC 4764		GX	18.785436	-63.484556	13.85	1.42	
IC 4765		GX	18.788314	-63.331333	11.19	3.79	
IC 4766		GX	18.793269	-63.292167	13.48	1.23	
IC 4767		GX	18.794925	-63.405667	13.16	2.0	
IC 4768		OC	18.691164	-5.534833	99.0	0.0	
IC 4769		GX	18.795569	-63.157	14.1	1.81	
IC 477		GX	7.868592	23.483028	15.39	1.15	
IC 4770		GX	18.802869	-63.383444	13.15	0.78	
IC 4771		GX	18.806622	-63.247667	15.25	1.1	
IC 4772		GX	18.665694	40.026389	14.94	0.6	
IC 4773		GX	18.855783	-69.92475	14.37	1.39	
IC 4774		GX	18.802958	-57.935694	14.51	1.06	
IC 4775		GX	18.807303	-57.183722	14.74	1.51	
IC 4776		PN	18.764083	-33.343056	10.8	0.12	
IC 4777		GX	18.803139	-53.147611	14.63	0.94	
IC 4778		GX	18.833436	-61.7195	14.2	1.2	
IC 4779		GX	18.841786	-63.012889	14.92	0.86	
IC 478		GX	7.894881	26.492694	15.29	0.66	
IC 4780		GX	18.832247	-59.252861	14.94	0.77	
IC 4781		GX	18.860456	-62.792611	15.23	0.96	
IC 4782		GX	18.848575	-55.491222	14.74	0.4	
IC 4783		GX	18.859269	-58.813167	14.59	1.15	
IC 4784		GX	18.880006	-63.259611	13.74	1.51	
IC 4785		GX	18.882008	-59.255417	13.11	3.12	
IC 4786		GX	18.879047	-56.694611	15.87	0.79	
IC 4787		GX	18.934628	-68.682361	14.59	1.07	
IC 4788		GX	18.911394	-63.452389	16.05	1.27	
IC 4789		GX	18.938469	-68.567111	14.03	1.63	
IC 479		GX	7.906172	27.008833	15.02	0.61	
IC 4790		GX	18.942281	-64.928917	13.98	1.21	
IC 4791		GX	18.816994	19.331111	14.01	1.41	
IC 4792		GX	18.928267	-56.403806	15.06	1.36	
IC 4793		GX	18.948778	-61.399778	14.56	1.21	
IC 4794		GX	18.952675	-62.090944	14.16	1.48	
IC 4795		GX	18.954544	-61.609083	15.77	1.13	
IC 4796		GX	18.941067	-54.213944	12.3	1.95	
IC 4797		GX	18.941578	-54.305778	11.32	2.62	
IC 4798		GX	18.972469	-62.118417	13.19	2.02	
IC 4799		GX	18.982386	-63.930972	14.11	1.55	
IC 48		GX	0.726242	-8.1865	13.16	1.12	
IC 480		GX	7.923108	26.743333	15.04	1.75	
IC 4800		GX	18.978756	-63.139222	13.76	1.95	
IC 4801		GX	18.993997	-64.675139	13.63	1.95	
IC 4802		OTHER	18.918636	-22.698306	99.0	0.0	
IC 4803		GX	19.011075	-62.065139	15.68	0.76	
IC 4804		GX	19.018717	-61.833333	14.79	1.28	
IC 4805		GX	19.033728	-63.047639	14.92	0.76	
IC 4806		GX	19.025192	-57.532056	12.23	2.4	
IC 4807		GX	19.038239	-56.931194	14.21	1.01	
IC 4808		GX	19.018783	-45.313722	12.65	2.26	
IC 4809		GX	19.068161	-62.194083	15.08	1.01	
IC 481		GX	7.984128	24.160639	15.05	0.93	
IC 4810		GX	19.049919	-56.159722	12.67	4.04	
IC 4811		GX	19.095742	-67.133833	15.76	0.62	
IC 4812		EN	19.017675	-37.060333	99.0	10.0	
IC 4813		GX	19.094919	-66.522056	12.57	1.31	
IC 4814		GX	19.083025	-58.579389	14.35	1.5	
IC 4815		GX	19.114058	-61.701361	14.38	1.12	
IC 4817		GX	19.103431	-56.159361	14.53	1.46	
IC 4818		GX	19.100844	-55.136833	15.4	0.95	
IC 4819		GX	19.118694	-59.466944	14.22	3.0	
IC 482		GX	7.996467	25.356972	14.98	0.63	
IC 4820		GX	19.153753	-63.4655	14.6	1.36	
IC 4821		GX	19.158892	-55.017306	13.66	1.82	
IC 4822		GX	19.245969	-72.441139	15.49	0.71	
IC 4823		GX	19.204375	-63.975861	14.69	1.23	
IC 4824		GX	19.220575	-62.088278	16.53	0.73	
IC 4825		GX	19.287675	-72.74875	15.64	0.51	
IC 4826		GX	19.205889	-57.202306	14.48	1.29	
IC 4827		GX	19.222567	-60.860167	13.27	3.05	
IC 4828		GX	19.227969	-62.082611	14.78	1.13	
IC 4829		GX	19.209361	-56.54025	14.71	1.05	
IC 483		STAR	7.997883	25.925333	99.0	0.0	
IC 4830		GX	19.230156	-59.294361	13.21	1.94	
IC 4831		GX	19.245511	-62.272611	12.08	3.67	
IC 4832		GX	19.234408	-56.610722	12.72	2.54	
IC 4833		GX	19.261431	-62.329944	14.67	0.78	
IC 4834		GX	19.275369	-64.006167	14.76	1.11	
IC 4835		GX	19.257633	-58.238	14.75	0.88	
IC 4836		GX	19.271647	-60.200333	12.58	1.59	
IC 4837		GX	19.254067	-54.661417	12.59	2.25	
IC 4837A		GX	19.254492	-54.1325	11.71	4.47	
IC 4838		GX	19.279475	-61.6145	13.64	1.36	
IC 4839		GX	19.259478	-54.626694	13.66	2.16	
IC 484		GX	8.000294	26.665861	15.34	0.89	
IC 4840		GX	19.264358	-56.209083	13.68	1.13	
IC 4841		GX	19.345231	-72.226778	14.9	0.93	
IC 4842		GX	19.323464	-60.64425	12.45	2.22	
IC 4843		GX	19.322692	-59.308861	15.13	1.15	
IC 4844		GX	19.3174	-56.027167	14.05	1.61	
IC 4845		GX	19.339581	-60.389167	11.97	1.95	
IC 4846		PN	19.274528	-9.043611	11.9	0.03	
IC 4847		GX	19.392225	-65.506667	14.98	0.97	
IC 4848		GX	19.381825	-56.780806	14.89	0.69	
IC 4849		GX	19.426664	-62.932722	14.54	0.99	
IC 485		GX	8.005492	26.701444	15.33	1.17	
IC 4851		GX	19.424844	-57.670444	14.17	1.69	
IC 4852		GX	19.440372	-60.336056	12.93	1.71	
IC 4853		GX	19.513142	-71.070028	14.89	1.24	
IC 4854		GX	19.455875	-59.315444	13.82	1.31	
IC 4856		GX	19.458481	-54.908528	14.47	1.17	
IC 4857		GX	19.47755	-58.767917	13.71	1.82	
IC 4859		GX	19.512961	-66.314722	14.76	1.17	
IC 486		GX	8.005828	26.613528	13.2	0.87	
IC 4860		GX	19.524308	-67.369028	14.69	0.96	
IC 4861		GX	19.487978	-57.574972	15.51	1.21	
IC 4862		GX	19.527875	-67.322889	14.59	1.55	
IC 4863		STAR	19.464358	-36.216889	11.38	0.0	
IC 4864		GX	19.668381	-77.558167	13.56	1.76	
IC 4865		STAR	19.513983	-46.698444	99.0	0.0	
IC 4866		GX	19.576319	-61.145778	12.97	1.64	
IC 4868		STAR	19.559278	-45.892694	10.56	0.0	
IC 4869		GX	19.600647	-61.027861	13.64	1.79	
IC 4870		GX	19.627111	-65.811833	14.62	1.67	
IC 4871		GX	19.595064	-57.519222	14.05	3.78	
IC 4873		GX	19.581858	-46.135833	15.1	0.93	
IC 4874		GX	19.605983	-47.265944	14.72	1.39	
IC 4875		GX	19.627358	-52.075722	14.58	1.0	
IC 4876		GX	19.628547	-52.84275	14.3	1.33	
IC 4877		GX	19.632192	-51.991389	14.62	1.64	
IC 4878		GX	19.647242	-58.226444	15.2	1.5	
IC 4879		GX	19.660125	-52.368778	14.51	0.9	
IC 488		OTHER	8.013753	25.901861	99.0	0.0	
IC 4880		GX	19.675253	-56.410167	14.31	1.99	
IC 4881		GX	19.673894	-55.857722	14.55	1.1	
IC 4882		GX	19.673142	-55.196917	14.62	0.98	
IC 4883		GX	19.700147	-55.545528	14.6	1.51	
IC 4884		GX	19.711417	-58.128472	14.73	1.59	
IC 4885		GX	19.731122	-60.65175	14.55	2.0	
IC 4886		GX	19.720708	-51.8075	14.2	1.48	
IC 4887		GX	19.805914	-69.587194	14.23	0.99	
IC 4888		GX	19.747844	-54.456639	14.66	1.14	
IC 4889		GX	19.754208	-54.344139	11.22	2.99	
IC 489		STAR	8.02715	25.996389	99.0	0.0	
IC 4890		GX	19.75985	-56.545444	14.73	1.01	
IC 4892		GX	19.825447	-70.227444	14.91	1.82	
IC 4893		GX	19.8426	-72.51	15.65	0.57	
IC 4894		GX	19.783086	-51.8465	14.66	0.87	
IC 4896		GX	19.818031	-58.981444	15.4	0.9	
IC 4897		GX	19.822139	-51.868	15.65	0.8	
IC 4898		OTHER	19.796161	-33.320583	99.0	0.0	
IC 4899		GX	19.907431	-70.58975	14.53	1.02	
IC 49		GX	0.732258	1.850278	13.78	1.28	
IC 490		GX	8.055589	25.811417	15.66	0.59	
IC 4900		GX	19.839472	-51.345833	16.17	0.91	
IC 4901		GX	19.906536	-58.713556	11.65	3.68	
IC 4902		GX	19.906697	-56.379083	16.08	0.68	
IC 4903		GX	19.970394	-70.453417	15.25	1.17	
IC 4904		GX	19.977447	-70.184194	14.78	1.07	
IC 4905		GX	19.934964	-61.221083	15.95	1.04	
IC 4906		GX	19.946556	-60.468083	13.82	1.61	
IC 4907		GX	19.936961	-52.453972	16.13	0.54	
IC 4908		GX	19.949075	-55.791722	15.02	0.66	
IC 4909		GX	19.946	-50.05575	14.63	1.16	
IC 491		GX	8.065278	26.520611	15.3	0.65	
IC 4910		GX	19.963053	-56.86325	15.61	0.52	
IC 4911		GX	19.961619	-51.986472	16.15	0.61	
IC 4912		GX	20.113803	-77.3575	15.57	1.0	
IC 4913		GX	19.946567	-37.328361	13.98	1.57	
IC 4914		GX	19.965697	-50.1315	15.88	0.46	
IC 4915		GX	19.975539	-52.642222	14.86	1.37	
IC 4916		GX	19.971992	-50.272111	14.43	1.05	
IC 4917		GX	19.981881	-52.273194	15.26	0.79	
IC 4918		GX	19.986997	-52.275139	16.25	0.41	
IC 4919		GX	20.002514	-55.373389	15.04	1.36	
IC 492		GX	8.094072	26.168194	17.19	1.02	
IC 4920		GX	20.002447	-53.383778	16.64	0.64	
IC 4921		GX	20.055444	-67.826861	15.34	0.8	
IC 4922		OTHER	19.991492	-40.363083	99.0	0.0	
IC 4923		GX	20.015936	-52.631667	14.53	1.03	
IC 4924		OTHER	19.997619	-41.546056	99.0	0.0	
IC 4925		GX	20.019408	-52.865833	16.38	0.9	
IC 4926		GX	20.003375	-38.578583	13.95	1.29	
IC 4927		GX	20.030411	-53.91775	15.13	1.18	
IC 4928		GX	20.17	-77.308972	15.98	0.9	
IC 4929		GX	20.111583	-71.683556	14.36	1.34	
IC 493		GX	8.124331	25.134028	14.76	0.81	
IC 4930		OTHER	20.040683	-54.308583	99.0	0.0	
IC 4931		GX	20.013989	-38.575056	11.88	2.28	
IC 4932		GX	20.037633	-52.846167	15.51	0.83	
IC 4933		GX	20.058067	-54.979944	12.35	2.08	
IC 4934		GX	20.120792	-69.479194	14.95	1.55	
IC 4935		GX	20.076144	-57.598167	14.07	1.8	
IC 4936		GX	20.097833	-61.428528	14.55	1.35	
IC 4937		GX	20.088217	-56.256194	14.92	1.72	
IC 4938		GX	20.10325	-60.211611	12.69	0.46	
IC 4939		GX	20.119733	-60.738806	15.09	0.74	
IC 494		GX	8.1067	1.036056	14.26	1.32	
IC 4940		OTHER	20.09545	-44.699944	99.0	0.0	
IC 4941		GX	20.116281	-53.652306	15.56	0.88	
IC 4942		GX	20.113717	-52.609917	16.28	0.65	
IC 4943		GX	20.10785	-48.375611	12.67	1.33	
IC 4944		GX	20.119122	-54.446889	14.63	1.33	
IC 4946		GX	20.399464	-43.995278	11.92	2.5	
IC 4947		GX	20.125486	-53.142444	13.87	0.76	
IC 495		GX	8.138728	9.013889	15.49	0.47	
IC 4950		GX	20.140933	-56.161833	15.19	1.38	
IC 4951		GX	20.158825	-61.850472	13.84	3.07	
IC 4952		GX	20.143792	-55.453667	14.0	0.93	
IC 4953		GX	20.166644	-62.792222	15.7	0.57	
IC 4954		EN	20.079172	29.252806	99.0	3.0	
IC 4955		EN	20.081264	29.192611	12.98	2.09	
IC 4956		GX	20.192017	-45.593222	13.36	1.73	
IC 4957		GX	20.159897	-55.709306	15.27	0.93	
IC 4958		GX	20.259817	-72.711194	99.0	0.46	
IC 4959		OTHER	20.182561	-53.089694	99.0	0.0	
IC 496		GX	8.162267	25.881611	15.36	0.63	
IC 4960		GX	20.256633	-70.53775	14.54	1.26	
IC 4961		GX	20.191275	-53.125111	15.08	1.64	
IC 4962		GX	20.278469	-71.129556	16.21	0.98	
IC 4963		GX	20.201525	-55.245889	14.33	1.43	
IC 4964		GX	20.289981	-73.885639	14.43	1.59	
IC 4965		GX	20.207589	-56.826778	13.74	1.23	
IC 4966		OTHER	20.204561	-53.619194	99.0	0.0	
IC 4967		GX	20.273097	-70.564694	14.83	0.73	
IC 4968		GX	20.247286	-64.798389	15.05	0.76	
IC 4969		GX	20.215639	-53.920056	15.16	0.71	
IC 497		GX	8.168353	24.922083	14.26	0.78	
IC 4970		GX	20.282597	-70.74975	13.82	1.66	
IC 4971		GX	20.284128	-70.620972	16.08	0.91	
IC 4972		GX	20.2952	-70.915111	13.44	1.01	
IC 4973		GX	20.242814	-58.371111	15.85	0.66	
IC 4974		GX	20.257361	-61.860278	99.0	1.0	
IC 4974 NED01		GX	20.257258	-61.857667	14.36	0.84	
IC 4974 NED02		GX	20.257486	-61.863056	99.0	0.66	
IC 4975		GX	20.234172	-52.721778	14.36	1.11	
IC 4976		GX	20.261406	-61.875139	15.59	0.44	
IC 4977		OTHER	20.198111	-21.636639	99.0	0.0	
IC 4978		GX	20.243792	-54.421972	15.45	0.74	
IC 4979		GX	20.244956	-53.458694	14.97	1.08	
IC 498		GX	8.158408	5.280694	14.57	1.21	
IC 4980		GX	20.258036	-57.912694	14.24	1.61	
IC 4981		GX	20.327556	-70.848528	12.51	1.07	
IC 4982		GX	20.339122	-71.007833	15.18	0.52	
IC 4983		GX	20.268319	-52.086528	14.34	1.02	
IC 4984		GX	20.271514	-52.703722	15.41	0.88	
IC 4985		GX	20.345561	-70.987	14.91	0.85	
IC 4986		GX	20.286569	-55.036389	14.17	2.23	
IC 4987		GX	20.288717	-52.279556	15.19	1.01	
IC 4988		OTHER	20.362847	-69.387639	99.0	0.0	
IC 4989		GX	20.323247	-58.551472	15.29	1.16	
IC 499		GX	8.754806	85.740028	13.83	1.88	
IC 4990		GX	20.357108	-66.890861	16.16	0.77	
IC 4991		GX	20.306467	-41.050167	11.54	2.91	
IC 4992		GX	20.391069	-71.564917	14.5	1.71	
IC 4993		GX	20.365656	-66.985389	15.74	0.52	
IC 4994		GX	20.329033	-53.447361	13.98	1.36	
IC 4995		GX	20.333047	-52.621972	14.06	1.19	
IC 4996		OC	20.275908	37.555278	7.3	6.0	
IC 4997		PN	20.335778	16.731667	10.5	0.03	
IC 4998		GX	20.369606	-38.308333	14.03	1.57	
IC 4999		GX	20.398983	-26.014944	13.24	2.03	
IC 5		GX	0.293036	-9.543361	14.57	0.99	
IC 50		GX	0.768253	-9.503	14.74	1.02	
IC 500		GX	8.211	-16.050806	99.0	1.77	
IC 5001		GX	20.438903	-54.774722	15.25	0.97	
IC 5002		GX	20.444414	-54.799694	14.23	1.35	
IC 5003		GX	20.72065	-29.853389	12.93	2.36	
IC 5005		GX	20.422281	-25.829278	13.59	1.36	
IC 5006		STAR	20.396367	6.449167	99.0	0.0	
IC 5007		GX	20.726236	-29.703639	12.55	2.31	
IC 5008		GX	20.545842	-72.694722	15.59	1.19	
IC 5009		GX	20.542875	-72.167556	14.4	1.05	
IC 501		GX	8.313219	24.537417	15.51	0.73	
IC 5010		GX	20.507411	-66.097361	15.91	0.78	
IC 5011		GX	20.476061	-36.027111	11.84	3.01	
IC 5012		GX	20.492217	-56.743111	15.29	1.06	
IC 5014		GX	20.5877	-73.452611	14.37	0.77	
IC 5016		GX	20.593589	-72.911139	15.87	0.63	
IC 5017		GX	20.534397	-57.587694	13.92	0.97	
IC 5019		GX	20.513081	-36.076944	15.48	1.54	
IC 502		GX	8.367669	8.752611	15.43	0.56	
IC 5020		GX	20.510692	-33.485556	12.3	2.33	
IC 5021		GX	20.559456	-54.520778	15.03	0.76	
IC 5022		GX	20.685039	-76.450139	15.5	0.78	
IC 5023		GX	20.636311	-67.184639	14.21	1.43	
IC 5024		GX	20.669317	-71.107694	14.93	0.98	
IC 5025		GX	20.749744	-76.984694	15.43	1.65	
IC 5026		GX	20.807792	-78.06925	15.52	2.4	
IC 5027		GX	20.685814	-55.472111	15.26	0.51	
IC 5028		GX	20.722786	-65.647806	15.25	1.32	
IC 503		GX	8.369633	3.268056	14.1	1.33	
IC 5031		GX	20.755631	-67.539333	13.62	0.59	
IC 5032		GX	20.756119	-67.551889	13.02	1.3	
IC 5033		GX	20.731969	-57.334278	15.72	0.95	
IC 5034		GX	20.728242	-57.030306	14.67	1.43	
IC 5035		GX	20.737347	-57.127528	15.9	0.63	
IC 5036		GX	20.743828	-57.626778	15.96	0.99	
IC 5037		GX	20.760903	-58.449778	15.84	1.32	
IC 5038		GX	20.781014	-65.016806	13.48	1.51	
IC 504		GX	8.378111	4.262417	14.25	1.51	
IC 5040		GX	20.872114	-76.686556	15.18	0.8	
IC 5042		GX	20.796117	-65.084306	13.35	1.1	
IC 5043		GX	20.777294	-56.983667	16.42	0.78	
IC 5044		GX	20.844872	-71.899417	15.51	0.64	
IC 5045		GX	20.847253	-71.909778	15.26	0.81	
IC 5048		GX	20.861289	-71.800778	15.84	0.58	
IC 5049		GX	20.789844	-38.415694	99.0	1.2	
IC 5049A		GX	20.789783	-38.413167	15.15	1.1	
IC 5049B		GX	20.789953	-38.418278	13.6	1.78	
IC 505		GX	8.389353	4.372472	14.57	1.38	
IC 5050		GX	20.754181	-5.622778	14.99	1.33	
IC 5051		GX	20.872958	-71.789889	15.57	0.68	
IC 5052		GX	20.868214	-69.201639	11.34	7.16	
IC 5053		GX	20.893392	-71.141222	13.16	2.09	
IC 5054		GX	20.89595	-71.02475	13.23	2.23	
IC 5055		GX	20.882547	-68.445667	15.15	0.83	
IC 5056		OTHER	20.816528	-39.180917	99.0	0.0	
IC 5057		STAR	20.787083	0.322111	99.0	0.0	
IC 5059		GX	20.853744	-57.688667	15.6	0.9	
IC 506		GX	8.391869	4.2995	14.69	1.19	
IC 5060		GX	20.912961	-71.636472	15.5	0.87	
IC 5061		OTHER	20.793653	0.335667	99.0	0.0	
IC 5062		STAR	20.802833	-8.35975	99.0	0.0	
IC 5063		GX	20.867317	-57.068778	12.45	2.69	
IC 5064		GX	20.8773	-57.232444	14.32	1.27	
IC 5065		GX	20.862722	-29.847278	13.6	1.5	
IC 5066		GX	20.950839	-73.14725	15.15	0.68	
IC 5067		OTHER	20.797272	44.366972	99.0	0.0	
IC 5068		EN	20.8416	42.477694	99.0	40.0	
IC 5069		GX	21.003569	-71.811694	14.17	1.15	
IC 5070	Pelican Nebula	EN	20.8502	44.4015	8.0	60.0	
IC 5071		GX	21.02215	-72.642722	13.29	3.17	
IC 5072		GX	21.03245	-72.988472	15.58	0.81	
IC 5073		GX	21.055517	-72.687889	14.88	1.18	
IC 5074		GX	21.016794	-63.152667	14.63	0.65	
IC 5075		GX	21.07725	-71.867861	14.57	1.09	
IC 5076		RN	20.92595	47.395556	99.0	7.0	
IC 5077		GX	21.148322	-73.640806	15.74	0.67	
IC 5078		GX	21.042019	-16.818306	12.65	3.24	
IC 5079		STAR	21.095558	-56.23025	99.0	0.0	
IC 508		GX	8.472864	25.124722	14.71	0.79	
IC 5080		GX	21.042519	19.213611	15.32	0.49	
IC 5081		OTHER	21.050342	19.18925	99.0	0.0	
IC 5083		GX	21.064306	11.763639	15.3	0.8	
IC 5084		GX	21.154131	-63.290028	13.57	1.67	
IC 5085		GX	21.224325	-74.103056	15.29	0.72	
IC 5086		GX	21.142225	-29.769056	12.84	1.75	
IC 5087		GX	21.239292	-73.773833	15.04	1.46	
IC 5088		GX	21.157433	-22.878583	14.49	1.37	
IC 5089		GX	21.181814	-3.862778	16.11	0.6	
IC 509		GX	8.534306	24.010917	13.22	1.02	
IC 5090		GX	21.1918	-2.032556	14.46	0.83	
IC 5091		GX	21.293617	-70.652944	15.94	0.56	
IC 5092		GX	21.270694	-64.464667	13.01	2.75	
IC 5093		GX	21.312883	-70.622389	16.01	0.79	
IC 5094		GX	21.297083	-66.427667	14.55	1.17	
IC 5095		GX	21.289511	-59.947556	15.42	0.92	
IC 5096		GX	21.305983	-63.760667	13.33	3.52	
IC 5097		OTHER	21.249467	4.484111	99.0	0.0	
IC 5098		OTHER	21.250383	4.493611	99.0	0.0	
IC 5099		GX	21.363625	-70.983361	15.43	0.72	
IC 51		GX	0.773394	-13.442361	13.75	1.7	
IC 510		GX	8.536278	-2.162222	99.0	0.8	
IC 510 NED01		GX	8.536164	-2.162111	99.0	0.33	
IC 510 NED02		GX	8.536369	-2.162389	15.09	0.91	
IC 5100		GX	21.362072	-65.933361	14.62	1.15	
IC 5101		GX	21.365492	-65.836056	13.32	1.1	
IC 5102		GX	21.437072	-73.310083	14.8	1.07	
IC 5103		GX	21.486819	-74.070167	15.05	1.07	
IC 5104		GX	21.358125	21.241972	13.82	1.48	
IC 5105		GX	21.406114	-40.537722	11.6	2.98	
IC 5106		GX	21.477258	-70.834583	14.4	1.51	
IC 5107		GX	21.470803	-65.735528	15.18	1.02	
IC 5108		GX	21.547639	-72.659694	15.13	1.08	
IC 5109		GX	21.561864	-74.112	14.67	0.92	
IC 511		GX	8.680681	73.486667	14.43	1.22	
IC 5110		GX	21.512053	-60.001833	13.29	1.37	
IC 5111		GX	21.469656	2.47375	15.05	0.78	
IC 5113		STAR	21.494303	6.818	99.0	0.0	
IC 5115		GX	21.515914	11.7635	15.84	0.71	
IC 5116		GX	21.618194	-70.982556	13.9	1.48	
IC 5117		PN	21.541936	44.596556	11.5	0.02	
IC 5118		GX	21.703833	-71.382694	15.49	1.22	
IC 5119		GX	21.565514	21.837917	15.26	0.82	
IC 512		GX	9.063842	85.501694	13.11	1.72	
IC 5122		GX	21.662742	-22.406528	16.44	0.65	
IC 5123		GX	21.747042	-72.42075	14.5	1.48	
IC 5124		GX	21.665331	-22.426944	16.61	0.51	
IC 5125		GX	21.697272	-52.773611	14.08	0.78	
IC 5126		GX	21.674603	-6.34575	15.69	0.37	
IC 5128		GX	21.719936	-38.968278	14.11	0.96	
IC 5129		GX	21.796272	-65.387806	15.28	0.55	
IC 513		GX	8.551406	-12.355556	14.59	1.49	
IC 5130		GX	21.840075	-73.997417	14.54	1.63	
IC 5131		GX	21.790364	-34.883667	12.33	1.62	
IC 5132		EN	21.711169	66.168444	99.0	0.0	
IC 5133		EN	21.713094	66.181139	99.0	0.0	
IC 5134		EN	21.7163	66.102833	99.0	7.59	
IC 5137		OTHER	21.860406	-65.583667	99.0	0.0	
IC 5138		GX	21.889358	-68.953639	14.05	1.23	
IC 5139		GX	21.840461	-30.994722	13.42	2.19	
IC 514		GX	8.589522	-2.047056	15.29	0.57	
IC 5140		GX	21.904453	-67.331389	15.21	2.19	
IC 5141		GX	21.888067	-59.493556	13.5	1.5	
IC 5142		GX	21.922358	-65.510028	14.52	1.67	
IC 5144		GX	21.902647	15.036833	15.49	0.79	
IC 5145		GX	21.906406	15.156833	14.61	1.62	
IC 5146	Cocoon Nebula	OC	21.891322	47.266917	7.2	10.0	
IC 5147		GX	21.990644	-65.449861	15.12	1.59	
IC 5148		PN	21.993111	-39.385833	11.0	2.3	
IC 5149		GX	21.983067	-27.413917	14.45	1.38	
IC 515		GX	8.592025	-1.901111	15.63	1.04	
IC 5151		GX	21.981278	3.761472	15.3	0.35	
IC 5152		GX	22.044864	-51.296444	10.68	5.13	
IC 5153		GX	22.006544	17.863917	99.0	0.18	
IC 5154		GX	22.075081	-66.112389	15.8	0.86	
IC 5155		STAR	22.035072	0.488278	99.0	0.0	
IC 5156		GX	22.054131	-33.838444	12.16	2.28	
IC 5157		GX	22.0575	-34.941833	13.39	2.01	
IC 5158		GX	22.106881	-67.517	15.22	1.01	
IC 5159		STAR	22.044414	0.319	99.0	0.0	
IC 516		GX	8.597436	-1.871222	15.88	0.59	
IC 5160		GX	22.051344	10.924861	15.52	0.94	
IC 5161		GX	22.094169	9.640167	15.66	0.71	
IC 5162		GX	22.134189	-52.713861	15.08	1.08	
IC 5163		OTHER	22.096494	27.0855	99.0	0.0	
IC 5164		STAR	22.0995	27.047472	99.0	0.0	
IC 5165		GX	22.168633	-64.578028	14.81	1.52	
IC 5166		STAR	22.1019	27.068	99.0	0.0	
IC 5167		STAR	22.125497	-8.122611	99.0	0.0	
IC 5168		GX	22.145983	-27.856472	15.55	1.3	
IC 5169		GX	22.169439	-36.088611	14.27	2.05	
IC 517		GX	8.606139	-2.055556	15.44	0.61	
IC 5170		GX	22.208233	-47.221944	13.35	1.91	
IC 5171		GX	22.182417	-46.081472	13.46	0.74	
IC 5172		GX	22.165419	12.818056	15.86	0.71	
IC 5173		GX	22.244833	-69.366389	99.0	2.8	
IC 5173A		GX	22.245714	-69.365389	16.02	1.82	
IC 5173B		GX	22.244075	-69.36775	16.08	0.69	
IC 5174		GX	22.212408	-38.171389	15.0	0.75	
IC 5175		GX	22.213397	-38.127444	14.61	1.59	
IC 5176		GX	22.248869	-66.849417	13.55	4.51	
IC 5177		GX	22.192853	11.795944	15.16	0.85	
IC 5178		GX	22.209264	-22.954056	14.72	1.04	
IC 5179		GX	22.269194	-36.843722	12.03	1.01	
IC 518		OTHER	8.601931	0.692583	99.0	0.0	
IC 5180		GX	22.186669	38.927194	14.72	1.38	
IC 5181		GX	22.222694	-46.017611	11.48	2.65	
IC 5182		GX	22.268081	-65.454722	15.32	0.78	
IC 5185		GX	22.295458	-65.857472	14.87	0.58	
IC 5186		GX	22.312922	-36.801583	11.93	2.11	
IC 5187		GX	22.304936	-59.606972	14.7	0.6	
IC 5188		GX	22.307333	-59.641333	13.84	1.29	
IC 5189		STAR	22.270597	-5.004306	99.0	0.0	
IC 519		GX	8.676225	2.611333	15.39	0.5	
IC 5190		GX	22.316858	-59.882722	14.86	0.9	
IC 5191		GX	22.250686	37.300389	14.94	1.08	
IC 5192		GX	22.2539	37.271028	16.4	0.53	
IC 5193		GX	22.262097	37.242833	15.46	0.75	
IC 5194		OTHER	22.285592	-15.945694	99.0	0.0	
IC 5196		GX	22.336461	-65.404611	15.38	1.49	
IC 5197		GX	22.330394	-60.136444	14.99	1.05	
IC 5199		GX	22.325894	-37.533806	14.86	1.9	
IC 52		GX	0.806606	4.091861	15.31	0.95	
IC 520		GX	8.895072	73.490944	11.83	2.1	
IC 5200		GX	22.370928	-65.766333	15.97	0.74	
IC 5201		GX	22.349289	-46.035861	11.37	6.7	
IC 5202		GX	22.382131	-65.802889	14.68	1.62	
IC 5203		GX	22.376194	-59.773222	14.75	1.11	
IC 5205		GX	22.379878	-59.787056	15.99	0.63	
IC 5206		GX	22.401283	-66.857833	15.27	0.99	
IC 5207		GX	22.391514	-60.564972	15.19	1.23	
IC 5208		GX	22.409519	-65.227417	14.83	1.86	
IC 5209		GX	22.385861	-37.993278	15.59	0.72	
IC 521		GX	8.778878	2.537417	14.75	0.93	
IC 5210		GX	22.375308	-18.869694	14.09	1.13	
IC 5211		GX	22.378628	-18.880222	14.71	0.8	
IC 5212		GX	22.391739	-38.037639	14.7	0.99	
IC 5213		GX	22.417997	-60.476694	15.8	0.66	
IC 5214		OTHER	22.395058	-27.469806	99.0	0.0	
IC 5215		GX	22.449475	-65.982194	15.73	0.65	
IC 5216		OTHER	22.412436	-18.087611	99.0	0.0	
IC 5217		PN	22.398806	50.966667	11.3	0.11	
IC 5218		GX	22.468272	-60.394861	15.12	1.34	
IC 5219		GX	22.478817	-65.893722	15.96	0.89	
IC 522		GX	8.909697	57.166722	13.87	1.24	
IC 5220		GX	22.467425	-59.723444	15.09	1.19	
IC 5221		GX	22.482697	-65.904583	15.92	0.47	
IC 5222		GX	22.49855	-65.661361	12.75	1.96	
IC 5223		GX	22.495769	7.98875	15.81	0.66	
IC 5224		GX	22.508375	-45.996194	14.35	1.65	
IC 5226		GX	22.541725	-25.661972	13.43	1.98	
IC 5227		GX	22.567697	-64.697667	13.98	1.19	
IC 5229		GX	22.580661	-61.381361	15.14	0.63	
IC 523		GX	8.886478	9.148167	14.99	0.86	
IC 5230		GX	22.594492	-61.547694	15.15	1.05	
IC 5231		GX	22.566867	23.338667	15.07	0.72	
IC 5232		GX	22.627253	-68.872222	15.4	0.71	
IC 5233		GX	22.609133	25.763194	14.76	0.91	
IC 5234		GX	22.669847	-65.82525	15.3	1.2	
IC 5235		GX	22.690408	-66.580306	12.38	0.63	
IC 5236		GX	22.691706	-66.618	15.43	0.84	
IC 5238		GX	22.691603	-60.757917	15.8	0.71	
IC 5239		GX	22.518661	-38.026528	15.28	1.32	
IC 524		GX	8.970231	-19.191917	15.07	0.94	
IC 5240		GX	22.697883	-44.767167	11.66	3.2	
IC 5241		GX	22.694036	2.639944	14.86	0.91	
IC 5242		GX	22.687558	23.406917	14.69	0.82	
IC 5243		GX	22.690164	23.374639	14.49	0.74	
IC 5244		GX	22.737153	-64.043389	13.69	2.86	
IC 5245		GX	22.748992	-65.357917	15.07	0.85	
IC 5246		GX	22.777639	-64.897972	14.74	1.02	
IC 5247		GX	22.780597	-65.273889	15.01	1.37	
IC 5248		OTHER	22.745208	-0.3395	99.0	0.0	
IC 5249		GX	22.785078	-64.832028	14.36	4.38	
IC 525		GX	9.022908	-1.853972	15.02	0.95	
IC 5250		GX	22.789006	-65.058722	99.0	3.5	
IC 5250A		GX	22.788194	-65.059722	11.11	1.51	
IC 5250B		GX	22.789489	-65.0585	12.41	1.74	
IC 5251		OTHER	22.752953	11.158472	99.0	0.0	
IC 5252		GX	22.802497	-68.902861	13.76	1.34	
IC 5253		GX	22.758033	21.808056	15.46	0.89	
IC 5254		GX	22.766808	21.125583	15.56	0.68	
IC 5255		OTHER	22.762789	36.226778	99.0	0.0	
IC 5256		GX	22.829392	-68.690667	14.42	1.2	
IC 5257		GX	22.871181	-67.419556	15.25	0.7	
IC 5258		GX	22.858769	23.080583	14.07	1.0	
IC 5259		GX	22.920747	36.671778	14.7	1.08	
IC 526		GX	9.044661	10.841639	14.93	0.77	
IC 5261		GX	22.907011	-20.362889	13.88	1.44	
IC 5262		GX	22.922347	-33.887917	13.21	1.35	
IC 5263		GX	22.970436	-69.052111	14.24	1.59	
IC 5264		GX	22.948067	-36.554167	13.29	2.43	
IC 5266		GX	22.972453	-65.129694	14.68	1.89	
IC 5267		GX	22.953769	-43.396139	10.43	5.58	
IC 5268		OTHER	22.936936	36.59725	99.0	0.0	
IC 5269		GX	22.962128	-36.026222	12.24	1.84	
IC 527		GX	9.161606	37.601583	14.72	1.37	
IC 5270		GX	22.965261	-35.858056	12.88	3.29	
IC 5271		GX	22.967172	-33.742222	11.54	3.0	
IC 5272		GX	22.991972	-65.193528	14.85	1.07	
IC 5273		GX	22.99075	-37.702889	11.45	3.07	
IC 5274		GX	22.974347	18.91875	15.17	0.9	
IC 5275		OTHER	22.977628	18.862528	99.0	0.0	
IC 5276		GX	22.977708	18.819917	15.14	0.83	
IC 5277		GX	23.033125	-65.197889	15.31	0.59	
IC 5278		GX	23.0044	-8.178778	15.46	1.17	
IC 5279		GX	23.050728	-69.209722	14.32	0.77	
IC 528		GX	9.156264	15.796167	15.01	1.39	
IC 5280		GX	23.063931	-65.207861	15.07	1.32	
IC 5281		STAR	23.039858	27.006389	99.0	0.0	
IC 5282		GX	23.046719	21.874361	15.14	1.07	
IC 5283		GX	23.055	8.893611	13.92	1.15	
IC 5284		GX	23.112853	19.122083	14.84	1.07	
IC 5285		GX	23.116372	22.936472	13.03	1.32	
IC 5286		GX	23.165419	-68.253111	16.2	0.97	
IC 5287		GX	23.155631	0.7565	14.8	0.91	
IC 5288		GX	23.195617	-68.094056	14.8	0.92	
IC 5289		GX	23.188044	-32.454278	99.0	0.7	
IC 5289 NED01		GX	23.188111	-32.455972	99.0	0.44	
IC 5289 NED02		GX	23.188139	-32.451861	15.4	1.15	
IC 529		GX	9.309111	73.759333	12.3	3.21	
IC 5290		GX	23.214794	-23.469194	13.62	1.15	
IC 5291		GX	23.227661	9.241528	15.65	0.34	
IC 5292		GX	23.229742	13.687611	15.29	0.68	
IC 5293		GX	23.245733	25.140611	15.76	0.71	
IC 5295		GX	23.258094	25.120472	15.99	0.64	
IC 5296		GX	23.262161	25.094528	15.47	0.79	
IC 5297		GX	23.266233	25.025194	15.87	0.58	
IC 5298		GX	23.266861	25.556694	14.9	0.79	
IC 5299		GX	23.271986	20.855833	99.0	0.43	
IC 53		GX	0.844658	10.600278	15.33	0.87	
IC 530		GX	9.254714	11.885694	14.16	1.93	
IC 5300		GX	23.276136	20.828444	15.64	0.81	
IC 5301		GX	23.316508	-69.562111	15.37	1.1	
IC 5302		GX	23.326858	-64.568278	15.02	1.19	
IC 5303		STAR	23.298539	0.264528	99.0	0.0	
IC 5304		GX	23.314597	-10.259306	14.34	1.52	
IC 5305		GX	23.301728	10.299861	15.59	0.4	
IC 5306		GX	23.303147	10.246056	14.02	0.66	
IC 5307		GX	23.306119	10.23575	17.12	0.3	
IC 5309		GX	23.319903	8.109306	13.56	1.29	
IC 531		GX	9.297447	-0.278472	14.79	0.79	
IC 5310		GX	23.346567	-22.149361	15.4	0.5	
IC 5311		STAR	23.343819	17.274139	99.0	0.0	
IC 5312		GX	23.349533	19.318028	14.96	0.35	
IC 5314		GX	23.352372	19.311222	15.56	0.68	
IC 5315		GX	23.355069	25.385194	14.56	0.92	
IC 5316		GX	23.365031	21.202556	16.25	0.58	
IC 5317		GX	23.3913	21.163528	15.04	0.81	
IC 5319		GX	23.4136	13.996528	15.77	0.73	
IC 532		OTHER	9.317711	-16.754944	99.0	0.0	
IC 5320		GX	23.472769	-67.760278	15.18	0.6	
IC 5321		GX	23.438953	-17.956389	13.98	1.31	
IC 5322		GX	23.475225	-67.761333	15.3	0.77	
IC 5323		GX	23.460269	-67.815472	14.05	1.64	
IC 5324		GX	23.471597	-67.821361	13.98	1.26	
IC 5325		GX	23.478731	-41.333472	11.28	2.88	
IC 5326		GX	23.4931	-28.831167	15.06	1.02	
IC 5328		GX	23.554572	-45.015972	11.37	2.99	
IC 5329		GX	23.552664	21.237306	15.62	1.37	
IC 533		GX	9.339833	-3.992028	15.72	0.95	
IC 5330		STAR	23.557314	-2.883139	99.0	0.0	
IC 5331		GX	23.556894	21.130056	15.03	1.24	
IC 5332		GX	23.574303	-36.101083	10.03	6.07	
IC 5334		GX	23.576783	-4.53425	14.26	1.91	
IC 5335		GX	23.596492	-67.396972	15.12	1.11	
IC 5336		GX	23.605469	21.098111	99.0	0.9	
IC 5336 NED01		GX	23.6052	21.099472	15.98	0.49	
IC 5336 NED02		GX	23.605678	21.096722	15.59	0.59	
IC 5337		GX	23.606953	21.150556	14.72	0.96	
IC 5338		GX	23.608453	21.146	13.74	1.26	
IC 5339		GX	23.634797	-68.442056	14.65	1.07	
IC 534		GX	9.354292	3.151139	15.12	1.19	
IC 5340		OTHER	23.642319	-4.854611	99.0	0.0	
IC 5341		GX	23.640783	26.985111	15.74	0.24	
IC 5342		GX	23.644111	27.011361	15.39	0.79	
IC 5343		GX	23.656214	-22.497167	14.2	0.86	
IC 5344		OTHER	23.6544	-4.96675	99.0	0.0	
IC 5345		GX	23.658953	-22.413333	14.19	0.74	
IC 5346		GX	23.685092	24.949806	15.9	0.6	
IC 5347		GX	23.693531	24.885778	15.88	0.72	
IC 5349		GX	23.773008	-28.005111	99.0	1.1	
IC 5349 NED01		GX	23.772972	-28.006028	15.31	1.0	
IC 5349 NED02		GX	23.773081	-28.00325	14.96	1.03	
IC 535		GX	9.371172	-1.040333	15.84	0.65	
IC 5350		GX	23.787397	-27.957722	13.68	1.03	
IC 5351		GX	23.788592	-2.3135	14.64	1.7	
IC 5352		GX	23.788861	-2.280667	16.65	0.45	
IC 5353		GX	23.791275	-28.109472	13.05	1.79	
IC 5354		GX	23.791206	-28.136	14.98	0.92	
IC 5355		GX	23.787581	32.78275	14.35	1.01	
IC 5356		GX	23.789942	-2.35125	14.98	0.97	
IC 5357		GX	23.789719	-2.300667	14.03	1.58	
IC 5358		GX	23.795844	-28.14075	12.63	1.48	
IC 5359		GX	23.79385	-2.316667	15.71	1.23	
IC 536		GX	9.411139	25.110194	15.09	1.09	
IC 5360		OTHER	23.798258	-37.058667	99.0	0.0	
IC 5362		GX	23.860203	-28.365056	12.85	1.56	
IC 5364		GX	23.940278	-29.023333	99.0	1.5	
IC 5364 NED01		GX	23.939975	-29.023694	14.28	1.07	
IC 5364 NED02		GX	23.940344	-29.023389	14.39	1.0	
IC 5365		OTHER	23.959608	-37.024889	99.0	0.0	
IC 5366		OTHER	23.961219	52.791639	99.0	0.0	
IC 5367		GX	23.977475	22.449083	16.8	0.56	
IC 5369		GX	23.997372	32.702361	15.23	0.91	
IC 537		GX	9.422947	-12.391778	14.15	1.32	
IC 5370		GX	0.00255	32.738389	14.76	0.78	
IC 5371		GX	0.004106	32.832	15.7	0.52	
IC 5372		GX	0.004517	32.792611	15.61	0.4	
IC 5373		GX	0.008003	32.782361	15.07	0.67	
IC 5374		GX	0.017922	4.500194	15.37	0.67	
IC 5375		GX	0.017992	4.540611	15.23	0.9	
IC 5376		GX	0.022158	34.525722	14.61	1.64	
IC 5377		GX	0.034833	16.590278	15.56	0.91	
IC 5378		GX	0.043833	16.648056	99.0	1.5	
IC 5378 NED01		GX	0.043861	16.643778	15.09	0.55	
IC 5378 NED02		GX	0.043806	16.652222	16.84	0.6	
IC 5379		GX	0.044639	16.600278	15.69	0.55	
IC 5380		GX	0.0471	-66.186528	15.47	0.84	
IC 5381		GX	0.053131	15.965722	14.85	1.23	
IC 5382		GX	0.057278	-65.196667	15.29	0.85	
IC 5383		OTHER	0.063556	16.014167	99.0	0.0	
IC 5385		OTHER	0.106583	-0.076667	99.0	0.0	
IC 539		GX	9.485622	-2.549139	14.31	0.97	
IC 54		STAR	0.846347	-2.287778	99.0	0.0	
IC 540		GX	9.502869	7.90275	14.69	1.07	
IC 541		OTHER	9.508553	-4.253667	99.0	0.0	
IC 542		GX	9.518394	-13.181361	15.02	1.21	
IC 543		OTHER	9.519194	-14.7725	99.0	0.0	
IC 544		GX	9.598161	24.894861	15.44	0.8	
IC 545		GX	9.601489	24.948944	14.79	0.56	
IC 546		GX	9.580622	-16.384417	14.83	1.27	
IC 548		GX	9.638694	9.445972	15.28	0.76	
IC 549		GX	9.678675	3.95975	15.0	0.6	
IC 55		GX	0.861775	7.718528	15.01	0.55	
IC 550		GX	9.674606	-6.946056	14.74	1.07	
IC 551		GX	9.683364	6.936083	14.56	0.81	
IC 552		GX	9.687936	10.647	14.42	1.12	
IC 553		GX	9.679203	-5.435361	14.45	1.07	
IC 554		GX	9.699136	12.296278	14.36	1.29	
IC 557		GX	9.734	10.988111	14.66	1.11	
IC 558		GX	9.750097	29.452306	13.9	0.93	
IC 559		GX	9.745525	9.615	14.82	1.09	
IC 56		GX	0.858317	-12.844306	15.14	0.82	
IC 560		GX	9.764844	-0.268306	14.38	1.41	
IC 561		GX	9.766336	3.145194	15.13	0.51	
IC 562		GX	9.76775	-3.971167	15.0	1.22	
IC 563		GX	9.772319	3.045583	14.81	0.97	
IC 564		GX	9.772522	3.071361	14.16	1.64	
IC 565		GX	9.797433	15.852556	99.0	1.0	
IC 565 NED01		GX	9.797131	15.852028	16.74	0.68	
IC 565 NED02		GX	9.797369	15.851889	15.03	1.24	
IC 566		GX	9.832331	-0.231361	15.32	0.6	
IC 567		STAR	9.842717	12.784722	99.0	0.0	
IC 568		GX	9.852314	15.730444	14.68	1.07	
IC 569		GX	9.857819	10.920056	15.33	0.78	
IC 57		GX	0.913472	11.841194	15.48	1.03	
IC 570		GX	9.864161	15.75575	16.0	0.46	
IC 571		GX	9.875436	15.775444	15.29	0.71	
IC 572		GX	9.875781	15.826861	14.83	0.54	
IC 574		GX	9.907508	-6.953389	14.79	1.05	
IC 575		GX	9.909147	-6.857556	14.31	1.52	
IC 576		GX	9.918622	11.039556	15.46	0.59	
IC 577		GX	9.934436	10.498861	14.58	0.62	
IC 578		GX	9.937819	10.486083	14.71	1.25	
IC 579		GX	9.944283	-13.774889	15.15	1.12	
IC 58		GX	0.917344	-13.678083	15.51	0.84	
IC 581		GX	9.969883	15.946972	14.95	1.0	
IC 582		GX	9.983397	17.817139	14.57	0.97	
IC 583		GX	9.984744	17.821444	15.16	0.89	
IC 584		GX	9.984758	10.361139	14.99	0.5	
IC 585		GX	9.995589	12.988583	14.82	1.21	
IC 586		GX	9.997306	-6.922833	15.16	0.76	
IC 587		GX	10.051436	-2.400028	14.31	1.25	
IC 588		GX	10.035289	3.057694	14.25	0.9	
IC 589		GX	10.073306	-5.678917	15.34	0.69	
IC 59		RN	0.957947	61.143667	99.0	10.0	
IC 590		GX	10.097286	0.632944	99.0	0.9	
IC 590 NED01		GX	10.097175	0.633361	14.49	1.06	
IC 590 NED02		GX	10.097408	0.631806	14.84	0.79	
IC 591		GX	10.124358	12.2745	14.13	0.93	
IC 592		GX	10.132986	-2.49725	14.22	0.92	
IC 593		GX	10.138336	-2.526806	14.43	0.81	
IC 594		GX	10.142222	-0.666861	14.8	1.11	
IC 595		GX	10.160589	11.00025	15.21	0.81	
IC 596		GX	10.175375	10.042389	15.09	0.96	
IC 597		GX	10.169989	-6.89925	15.66	0.5	
IC 598		GX	10.213492	43.145528	13.72	1.65	
IC 599		GX	10.220142	-5.629	15.1	1.17	
IC 6		GX	0.315289	-3.276083	14.57	1.23	
IC 60		GX	0.934508	-13.357917	15.75	1.04	
IC 600		GX	10.286364	-3.497778	13.7	1.92	
IC 601		GX	10.304247	7.038833	15.38	0.47	
IC 602		GX	10.305481	7.049306	13.58	0.97	
IC 603		GX	10.323625	-5.656167	14.89	1.31	
IC 605		GX	10.373369	1.19825	14.63	0.77	
IC 607		GX	10.402383	16.741889	14.73	1.27	
IC 608		GX	10.405869	-6.039306	14.77	0.95	
IC 609		GX	10.426508	-2.215222	14.33	1.35	
IC 61		GX	0.952	7.507083	15.23	1.34	
IC 610		GX	10.441214	20.228194	14.59	1.89	
IC 612		GX	10.451628	11.054889	15.36	0.42	
IC 613		GX	10.452164	11.010722	15.02	0.77	
IC 614		GX	10.447736	-3.46475	14.8	0.78	
IC 615		GX	10.456106	11.079972	15.34	1.22	
IC 616		GX	10.546544	15.860833	14.56	0.93	
IC 619		GX	10.563883	12.878361	14.77	0.84	
IC 62		GX	0.978872	11.808	14.97	0.76	
IC 620		GX	10.559286	11.871389	15.28	0.73	
IC 621		GX	10.555844	2.616139	15.16	0.9	
IC 623		GX	10.589169	3.558389	14.95	0.94	
IC 624		GX	10.604217	-8.333944	14.27	2.42	
IC 625		GX	10.710569	-23.935611	13.79	2.25	
IC 626		GX	10.615861	-7.023861	15.19	1.21	
IC 627		GX	10.622192	-3.357806	14.61	0.72	
IC 628		GX	10.626719	5.603694	14.77	0.89	
IC 63		EN	0.991344	60.911694	13.33	10.0	
IC 630		GX	10.642669	-7.170528	12.98	2.12	
IC 631		GX	10.649694	-7.052389	16.19	0.67	
IC 632		GX	10.653275	-0.409472	14.18	0.98	
IC 633		GX	10.656772	-0.389306	14.62	0.65	
IC 634		GX	10.681914	5.991833	15.05	1.0	
IC 635		GX	10.695917	15.643333	15.09	1.09	
IC 636		GX	10.697386	4.330778	14.88	0.95	
IC 637		GX	10.706089	15.359611	15.32	0.75	
IC 638		GX	10.729994	15.895139	15.51	0.77	
IC 639		GX	10.76445	16.930444	14.85	1.41	
IC 64		GX	0.990117	27.059056	13.96	1.03	
IC 640		OTHER	10.780681	34.767639	99.0	0.0	
IC 641		OTHER	10.797058	34.672833	99.0	0.0	
IC 642		GX	10.802258	18.188694	13.89	1.45	
IC 643		GX	10.824217	12.201	15.07	1.34	
IC 645		GX	10.835931	-6.042889	15.43	0.48	
IC 646		GX	10.859772	55.465833	15.39	0.84	
IC 647		GX	10.842914	-12.854806	15.79	0.68	
IC 648		GX	10.850089	12.287389	14.88	0.94	
IC 649		GX	10.847833	1.163889	99.0	0.7	
IC 649 NED01		GX	10.847803	1.165333	15.7	0.7	
IC 649 NED02		GX	10.847833	1.161667	14.9	0.32	
IC 65		GX	1.015394	47.681972	13.6	2.56	
IC 650		GX	10.844597	-13.442056	14.9	0.93	
IC 651		GX	10.849558	-2.150361	13.09	0.72	
IC 653		GX	10.86855	-0.560778	14.12	2.07	
IC 654		GX	10.897331	-11.725583	15.14	1.2	
IC 655		GX	10.906178	-0.364972	15.31	1.0	
IC 656		OTHER	10.918928	17.612889	99.0	0.0	
IC 657		GX	10.964881	-4.904944	15.29	1.14	
IC 658		GX	10.971183	8.241667	14.63	1.08	
IC 659		GX	10.967739	-6.260528	15.43	1.24	
IC 66		GX	1.009028	30.797222	14.1	1.23	
IC 660		GX	10.974072	1.382917	15.51	0.79	
IC 661		GX	10.980972	1.650639	15.35	0.77	
IC 662		GX	10.989042	1.598833	15.57	0.78	
IC 663		GX	11.010353	10.437194	15.42	0.85	
IC 664		GX	11.012597	10.553056	14.68	1.87	
IC 665		GX	11.008314	-13.866806	15.18	1.03	
IC 666		GX	11.020781	10.481111	15.23	0.58	
IC 667		GX	11.110153	15.088722	15.63	0.68	
IC 668		GX	11.110989	15.040917	15.37	0.66	
IC 669		GX	11.121269	6.302472	14.28	1.08	
IC 670		GX	11.124669	6.71425	14.55	1.11	
IC 671		GX	11.125444	0.783111	14.62	1.21	
IC 672		GX	11.134231	-12.484167	99.0	0.75	
IC 673		GX	11.157031	-0.097722	14.65	1.29	
IC 674		GX	11.1851	43.633	14.36	1.37	
IC 675		STAR	11.1826	3.594222	99.0	0.0	
IC 676		GX	11.211061	9.055833	13.41	1.85	
IC 677		GX	11.232361	12.301083	13.67	1.43	
IC 678		GX	11.235106	6.577194	15.38	0.78	
IC 679		GX	11.276836	-13.972083	15.39	0.53	
IC 680		GX	11.298528	-1.946444	14.59	0.81	
IC 681		GX	11.308869	-12.140222	14.79	0.87	
IC 683		GX	11.358828	2.751806	15.5	0.69	
IC 685		GX	11.368478	17.753417	16.33	0.68	
IC 686		GX	11.384797	5.644667	15.55	0.51	
IC 687		GX	11.404814	47.847528	14.87	1.08	
IC 688		GX	11.394511	-9.795556	15.01	0.98	
IC 69		GX	1.023239	31.040833	14.65	0.76	
IC 690		GX	11.405725	-8.341972	15.26	1.17	
IC 691		GX	11.445644	59.155417	13.74	1.14	
IC 692		GX	11.431519	9.9875	14.22	0.85	
IC 693		GX	11.446839	-5.004	14.65	0.98	
IC 694		GX	11.47425	58.578472	18.2	0.21	
IC 695		GX	11.466192	-11.715333	15.29	0.65	
IC 696		GX	11.477756	9.098694	14.5	0.92	
IC 697		GX	11.476236	-1.629583	15.43	0.67	
IC 698		GX	11.4844	9.112056	14.43	1.04	
IC 699		GX	11.485136	8.988583	14.53	1.21	
IC 7		GX	0.314767	10.594694	14.63	0.9	
IC 70		GX	1.017764	0.05075	16.77	0.42	
IC 700		GX	11.487633	20.584917	99.0	1.1	
IC 700 NED01		GX	11.487267	20.581111	16.31	0.2	
IC 700 NED02		GX	11.487583	20.583167	14.09	0.94	
IC 700 NED03		GX	11.487878	20.586583	17.23	0.3	
IC 700 NED04		GX	11.487972	20.587861	18.73	0.25	
IC 701		GX	11.516856	20.468944	14.63	0.74	
IC 702		GX	11.515197	-4.922	15.57	0.75	
IC 705		GX	11.548986	50.241861	15.05	0.77	
IC 706		GX	11.553506	-13.338056	14.98	1.52	
IC 707		GX	11.5624	21.380056	13.84	0.65	
IC 708		GX	11.56645	49.062056	14.13	1.5	
IC 709		GX	11.570706	49.043167	14.96	1.05	
IC 71		STAR	1.022017	-6.767167	99.0	0.0	
IC 710		GX	11.574281	25.876472	15.65	0.8	
IC 711		GX	11.5796	48.956111	15.17	0.87	
IC 712		GX	11.580364	49.077694	14.39	3.02	
IC 713		STAR	11.57895	16.846889	99.0	0.0	
IC 715		GX	11.615175	-8.377389	99.0	1.0	
IC 715NW		GX	11.615058	-8.375806	15.03	0.87	
IC 715SE		GX	11.615261	-8.378722	99.0	0.33	
IC 716		GX	11.650925	-0.206	14.81	1.59	
IC 718		GX	11.664658	8.874528	14.56	1.15	
IC 719		GX	11.671808	9.009889	13.76	1.22	
IC 72		STAR	1.026308	-6.777944	99.0	0.0	
IC 720		GX	11.706194	8.767778	99.0	1.3	
IC 720 NED01		GX	11.706194	8.765472	14.95	1.05	
IC 720 NED02		GX	11.706206	8.769861	14.82	0.75	
IC 721		GX	11.708022	-8.340333	15.22	1.63	
IC 722		GX	11.712156	8.974222	14.82	0.92	
IC 723		GX	11.716	-8.3325	14.62	0.8	
IC 724		GX	11.726297	8.942472	13.65	2.39	
IC 725		GX	11.724817	-1.667972	14.94	0.74	
IC 726		GX	11.72925	33.391944	15.91	0.87	
IC 727		GX	11.741278	10.783806	14.89	1.65	
IC 728		GX	11.747353	-1.601333	14.46	1.2	
IC 729		GX	11.755089	33.335806	15.27	0.57	
IC 73		GX	1.081375	4.767139	15.38	0.62	
IC 731		GX	11.755022	49.570417	15.78	0.7	
IC 732		GX	11.766556	20.442778	99.0	1.1	
IC 732N		GX	11.766508	20.447028	15.42	0.65	
IC 732S		GX	11.766631	20.438917	15.39	0.74	
IC 733		GX	11.766267	-8.155833	16.1	0.72	
IC 734		GX	11.767722	-8.267778	99.0	1.1	
IC 734 NED01		GX	11.767708	-8.271028	15.75	0.95	
IC 734 NED02		GX	11.767744	-8.264972	15.65	0.83	
IC 735		GX	11.803556	13.209389	14.93	1.16	
IC 736		GX	11.805589	12.716583	15.57	0.66	
IC 737		GX	11.807644	12.727389	14.81	0.82	
IC 738		GX	11.815242	-4.681944	14.88	0.8	
IC 739		GX	11.858692	23.862861	14.93	1.09	
IC 74		GX	1.098875	4.09025	15.59	0.57	
IC 741		GX	11.842158	-4.835889	14.98	1.03	
IC 742		GX	11.850625	20.799722	13.93	1.07	
IC 743		GX	11.889517	-13.264861	15.18	1.19	
IC 744		GX	11.901319	23.192222	15.91	0.63	
IC 745		GX	11.903408	0.136639	13.52	0.78	
IC 746		GX	11.926425	25.889444	14.51	1.01	
IC 747		GX	11.951361	-8.292333	15.35	0.65	
IC 748		GX	11.957419	7.460944	15.09	0.85	
IC 749		GX	11.976125	42.734028	12.28	2.13	
IC 75		GX	1.119892	10.836889	14.98	0.66	
IC 750		GX	11.981167	42.722472	11.82	2.11	
IC 751		GX	11.981278	42.570333	14.39	1.1	
IC 752		GX	11.9875	42.566833	15.34	0.58	
IC 753		GX	11.986911	-0.523833	14.45	1.07	
IC 754		GX	11.989875	-1.654528	14.27	0.96	
IC 756		GX	12.049392	4.845861	17.54	1.7	
IC 758		GX	12.069967	62.505361	14.25	1.75	
IC 759		OTHER	12.085925	20.26	99.0	0.0	
IC 76		GX	1.136586	-4.5545	15.44	0.81	
IC 760		GX	12.098197	-29.292083	13.51	1.82	
IC 761		GX	12.09825	-12.673333	15.44	1.0	
IC 762		GX	12.136656	25.757139	14.8	0.79	
IC 763		GX	12.137586	25.8115	15.43	0.91	
IC 764		GX	12.170608	-29.736806	12.41	4.84	
IC 765		OTHER	12.175269	16.135194	99.0	0.0	
IC 766		GX	12.181556	-12.65525	14.88	1.77	
IC 767		GX	12.184092	12.104	14.43	0.93	
IC 768		GX	12.196561	12.143722	14.46	1.29	
IC 769		GX	12.208981	12.123806	13.39	2.2	
IC 77		GX	1.145486	-15.420917	15.04	0.52	
IC 770		GX	12.217314	-4.553361	16.01	0.46	
IC 771		GX	12.253678	13.184528	14.69	0.72	
IC 772		GX	12.254414	23.958167	15.38	0.78	
IC 773		GX	12.302247	6.139556	14.49	0.78	
IC 774		GX	12.314239	-6.766556	15.73	0.8	
IC 775		GX	12.314908	12.912667	13.26	1.05	
IC 776		GX	12.317472	8.856111	14.35	1.12	
IC 777		GX	12.323267	28.309944	14.49	0.84	
IC 779		GX	12.327425	29.883194	14.96	0.97	
IC 78		GX	1.146583	-15.845083	15.24	1.75	
IC 780		GX	12.332883	25.771694	14.36	1.18	
IC 781		GX	12.33425	14.961528	14.17	1.3	
IC 782		GX	12.360269	5.76575	14.31	1.14	
IC 783		GX	12.360775	15.745111	14.09	1.23	
IC 784		GX	12.375014	-4.652694	14.12	2.11	
IC 785		GX	12.383911	-13.223639	14.65	1.13	
IC 786		GX	12.386375	-13.204667	14.04	1.03	
IC 787		GX	12.423644	16.124194	14.89	1.06	
IC 789		GX	12.439033	7.460167	14.78	1.01	
IC 79		GX	1.147142	-15.948583	14.93	1.24	
IC 791		GX	12.449856	22.639583	14.39	1.05	
IC 792		GX	12.452436	16.325389	14.76	1.02	
IC 794		GX	12.469058	12.093306	13.53	1.32	
IC 795		GX	12.475372	23.304944	15.15	0.66	
IC 796		GX	12.490653	16.404778	13.79	1.46	
IC 797		GX	12.531878	15.123944	13.56	1.1	
IC 798		GX	12.542614	15.415389	14.26	0.9	
IC 8		GX	0.317422	-3.222083	15.16	0.82	
IC 80		GX	1.147472	-15.4075	99.0	1.2	
IC 80 NED01		GX	1.147417	-15.408944	14.83	1.5	
IC 80 NED02		GX	1.147536	-15.406306	12.9	1.5	
IC 800		GX	12.565739	15.354833	13.74	1.51	
IC 801		GX	12.562486	52.254806	14.74	1.1	
IC 802		STAR	12.599342	74.301333	99.0	0.0	
IC 803		GX	12.660281	16.588028	99.0	1.2	
IC 803 NED01		GX	12.659961	16.587833	16.35	1.0	
IC 803 NED02		GX	12.660419	16.588528	15.32	0.89	
IC 804		GX	12.687769	-5.009111	14.53	1.03	
IC 806		GX	12.702342	-17.349361	15.47	0.94	
IC 807		GX	12.703469	-17.403556	14.61	1.13	
IC 808		OTHER	12.698486	19.932111	99.0	0.0	
IC 809		GX	12.702406	11.754278	13.72	0.97	
IC 81		GX	1.156183	-1.695861	14.53	1.17	
IC 810		GX	12.702522	12.596806	14.26	1.62	
IC 812		GX	12.747461	-4.434611	14.85	0.9	
IC 813		GX	12.753289	23.036139	13.42	0.94	
IC 814		GX	12.759483	-8.092194	15.84	0.85	
IC 815		GX	12.772964	11.876611	15.43	0.85	
IC 816		GX	12.779539	9.850556	14.87	1.1	
IC 817		GX	12.782444	9.857111	14.89	0.73	
IC 818		GX	12.779042	29.735278	15.06	0.89	
IC 82		GX	1.151608	-16.000306	14.85	0.91	
IC 821		GX	12.7906	29.787778	13.8	1.0	
IC 822		GX	12.795992	30.077194	15.44	0.74	
IC 823		STAR	12.797461	27.209167	99.0	0.0	
IC 825		GX	12.838658	-5.363	15.49	0.62	
IC 826		GX	12.855536	31.059639	14.74	0.69	
IC 827		GX	12.865294	16.282861	14.93	0.89	
IC 828		GX	12.871008	-8.132861	15.02	0.69	
IC 829		GX	12.874286	-15.518528	13.46	0.38	
IC 83		GX	1.174939	1.689361	15.16	0.68	
IC 830		GX	12.854589	53.696306	14.16	1.16	
IC 831		GX	12.878908	26.470417	15.17	0.86	
IC 832		GX	12.899753	26.444056	14.94	0.78	
IC 833		GX	12.943944	-6.733417	16.7	0.43	
IC 834		GX	12.9385	26.358917	15.06	0.91	
IC 835		GX	12.947856	26.487722	14.87	0.76	
IC 836		GX	12.931672	63.612333	14.53	1.23	
IC 837		GX	12.958669	26.512167	15.54	0.92	
IC 838		GX	12.970436	26.426889	15.44	0.67	
IC 839		GX	12.970847	28.125917	14.56	0.48	
IC 84		GX	1.190444	1.640194	15.21	0.67	
IC 840		GX	12.978342	10.6165	14.97	0.82	
IC 841		GX	12.996483	21.813222	15.12	0.96	
IC 842		GX	13.010986	29.019417	13.93	1.14	
IC 844		GX	13.055061	-30.521083	13.7	1.77	
IC 845		GX	13.082617	12.079056	15.34	0.84	
IC 846		GX	13.089197	23.095556	15.13	0.73	
IC 848		GX	13.1171	16.007111	15.4	0.73	
IC 849		GX	13.127414	-0.942472	14.09	1.02	
IC 85		STAR	1.197097	-0.452472	99.0	0.0	
IC 850		GX	13.130619	-0.868444	14.97	0.95	
IC 851		GX	13.142872	21.049778	13.91	1.13	
IC 852		GX	13.126878	60.157194	14.76	1.17	
IC 853		GX	13.144925	52.774278	13.57	1.03	
IC 854		GX	13.163881	24.577556	14.3	0.92	
IC 855		GX	13.176917	-4.484528	14.84	0.72	
IC 856		GX	13.178225	20.536778	15.19	0.73	
IC 857		GX	13.230603	17.07625	14.57	0.99	
IC 858		GX	13.247761	17.226778	14.71	1.56	
IC 859		GX	13.249244	17.225167	15.17	0.68	
IC 86		GX	1.224589	-16.241667	15.31	0.72	
IC 860		GX	13.250981	24.618861	14.47	0.96	
IC 861		GX	13.252061	34.328778	15.57	0.84	
IC 862		GX	13.270939	20.047667	15.26	0.54	
IC 863		GX	13.286778	-17.254472	14.27	1.14	
IC 864		GX	13.285692	20.691722	16.99	0.58	
IC 865		GX	13.293192	-5.833889	15.27	0.73	
IC 866		GX	13.287986	20.691	15.48	0.67	
IC 867		GX	13.288831	20.638083	14.92	1.27	
IC 868		GX	13.291261	20.612333	14.79	0.79	
IC 869		GX	13.291878	20.681083	99.0	1.0	
IC 869 NED01		GX	13.291656	20.684194	15.9	0.55	
IC 869 NED02		GX	13.292122	20.677583	16.57	0.33	
IC 87		GX	1.237719	0.765333	15.37	0.69	
IC 870		GX	13.291917	20.600111	15.16	0.79	
IC 871		GX	13.299628	4.403417	14.48	1.57	
IC 872		GX	13.283778	6.357083	15.07	1.16	
IC 873		GX	13.304522	4.464306	15.2	0.94	
IC 874		GX	13.316811	-27.628556	13.51	1.29	
IC 875		GX	13.285436	57.539444	13.0	1.55	
IC 876		GX	13.309606	4.486306	14.63	0.9	
IC 877		OTHER	13.299269	6.082056	99.0	0.0	
IC 878		OTHER	13.3001	6.120417	99.0	0.0	
IC 879		GX	13.327936	-27.428972	14.07	0.84	
IC 88		GX	1.242028	0.79175	18.07	0.53	
IC 880		OTHER	13.302044	6.112111	99.0	0.0	
IC 881		GX	13.332319	15.850528	14.61	1.53	
IC 882		GX	13.335261	15.898139	14.83	0.81	
IC 883		GX	13.34315	34.1395	14.71	0.79	
IC 884		OTHER	13.365253	-12.729722	99.0	0.0	
IC 885		GX	13.375256	21.316417	14.53	1.01	
IC 886		GX	13.399303	-4.395444	15.98	0.66	
IC 887		OTHER	13.403317	-12.460417	99.0	0.0	
IC 889		GX	13.443761	11.8695	15.19	0.89	
IC 890		GX	13.473775	-16.092333	15.21	1.16	
IC 891		GX	13.499978	0.305111	14.6	0.78	
IC 892		GX	13.529411	-2.713056	14.29	1.6	
IC 893		GX	13.529828	-2.611611	14.76	1.01	
IC 894		GX	13.534672	17.048972	16.37	1.14	
IC 896		GX	13.569506	4.868472	14.86	1.04	
IC 897		GX	13.572069	17.848056	15.62	0.75	
IC 898		GX	13.569281	13.280833	15.46	0.61	
IC 899		GX	13.583183	-8.091639	15.06	0.85	
IC 9		GX	0.328883	-14.121889	15.41	0.59	
IC 90		GX	1.275097	-7.977139	14.85	1.25	
IC 900		GX	13.578614	9.336861	13.1	1.28	
IC 901		GX	13.595111	13.330917	15.23	0.74	
IC 902		GX	13.600339	49.960833	14.48	2.18	
IC 903		GX	13.640575	-0.227639	13.62	1.64	
IC 904		GX	13.642281	0.540194	14.21	1.05	
IC 905		GX	13.667481	23.142972	14.94	0.86	
IC 906		GX	13.669442	23.341083	15.52	0.84	
IC 907		GX	13.656392	51.051056	14.26	1.11	
IC 908		GX	13.688594	-4.344194	14.42	0.9	
IC 909		GX	13.680878	24.473278	14.74	0.73	
IC 91		GX	1.310953	2.553667	16.48	0.71	
IC 910		GX	13.685517	23.282056	15.1	0.68	
IC 911		GX	13.690381	23.247472	15.44	0.56	
IC 912		GX	13.69135	23.245444	15.25	0.72	
IC 913		GX	13.691572	23.166944	15.46	0.72	
IC 914		GX	13.694614	23.189028	15.19	0.79	
IC 915		GX	13.724264	-17.332806	15.07	0.45	
IC 916		GX	13.710597	24.465056	15.42	0.86	
IC 917		STAR	13.708681	55.636917	99.0	0.0	
IC 918		GX	13.710503	55.529556	17.97	0.63	
IC 919		GX	13.713194	55.521389	15.66	0.54	
IC 920		GX	13.756853	-12.574167	14.33	0.87	
IC 921		GX	13.718889	55.651222	99.0	0.29	
IC 922		GX	13.715656	55.603889	18.05	0.78	
IC 923		GX	13.720608	55.603139	16.37	0.56	
IC 924		GX	13.760442	-12.455083	15.2	0.78	
IC 925		GX	13.721139	55.615806	17.49	0.54	
IC 926		GX	13.727575	55.631528	17.46	0.35	
IC 927		GX	13.764553	-12.4645	15.44	0.87	
IC 928		GX	13.73	55.567861	18.67	0.34	
IC 929		GX	13.729172	55.633778	17.83	0.46	
IC 93		GX	1.317317	-17.060389	13.57	1.21	
IC 930		GX	13.729319	55.646528	17.1	0.4	
IC 931		GX	13.730331	55.623972	99.0	0.25	
IC 932		GX	13.730889	55.64675	18.13	0.47	
IC 933		GX	13.754489	23.218944	14.48	1.19	
IC 934		GX	13.731219	55.656806	17.38	0.36	
IC 936		GX	13.735708	55.706111	17.39	0.41	
IC 937		GX	13.741369	55.630194	17.5	0.52	
IC 938		GX	13.742014	55.627389	16.5	0.76	
IC 939		GX	13.795314	3.411472	14.42	1.02	
IC 94		STAR	1.334858	32.717333	99.0	0.0	
IC 940		GX	13.799364	3.449639	15.35	0.67	
IC 941		GX	13.8099	24.015083	15.23	0.9	
IC 942		GX	13.794761	56.621583	15.22	1.0	
IC 943		GX	13.842258	3.194167	14.67	0.86	
IC 944		GX	13.858575	14.092222	14.46	1.53	
IC 945		GX	13.7855	72.070389	15.05	1.0	
IC 946		GX	13.868989	14.116222	14.35	0.9	
IC 947		GX	13.876639	0.818361	13.83	1.67	
IC 948		GX	13.874086	14.091278	14.23	1.18	
IC 949		GX	13.871322	22.521583	15.24	1.27	
IC 95		GX	1.321633	-12.574139	16.2	0.61	
IC 950		GX	13.873944	14.489722	99.0	0.8	
IC 950 NED01		GX	13.873789	14.488722	16.28	1.23	
IC 950 NED02		GX	13.874092	14.490889	15.12	0.99	
IC 951		GX	13.863114	50.978333	14.33	1.05	
IC 952		GX	13.894978	3.377389	14.69	1.25	
IC 953		OTHER	13.915894	-30.283306	99.0	0.0	
IC 954		GX	13.832472	71.164556	14.45	0.96	
IC 955		OTHER	13.9287	-30.261194	99.0	0.0	
IC 956		GX	13.9113	20.721472	99.0	0.8	
IC 956 NED01		GX	13.911189	20.719806	16.14	0.47	
IC 956 NED02		GX	13.911267	20.717	15.95	0.59	
IC 957		OTHER	13.935656	-30.237639	99.0	0.0	
IC 959		GX	13.934278	13.505833	14.34	1.5	
IC 96		GX	1.342561	29.61725	14.65	0.78	
IC 960		GX	13.933214	17.505833	99.0	1.8	
IC 960A		GX	13.933081	17.499222	15.5	0.64	
IC 960B		GX	13.933367	17.511556	15.12	0.89	
IC 961		GX	13.929664	25.840361	15.46	0.81	
IC 962		GX	13.953667	12.021333	13.98	0.85	
IC 963		GX	13.95695	17.40775	15.15	0.64	
IC 964		GX	13.961486	17.508722	15.45	0.64	
IC 965		GX	13.963194	17.510528	15.22	0.8	
IC 966		GX	13.970556	5.408278	14.75	0.92	
IC 967		GX	13.973042	14.45725	14.7	0.97	
IC 968		GX	14.010339	-2.907583	99.0	1.1	
IC 968 NED01		GX	14.010169	-2.909111	15.28	0.69	
IC 968 NED02		GX	14.010544	-2.906306	15.88	0.68	
IC 969		GX	14.0295	-4.180389	15.92	0.6	
IC 970		GX	14.042836	14.552556	14.56	1.26	
IC 971		GX	14.064664	-10.140583	12.88	2.26	
IC 972		PN	14.073864	-17.228194	13.9	0.7	
IC 974		STAR	14.109544	-5.492417	16.72	0.0	
IC 975		GX	14.119122	15.318083	15.52	0.75	
IC 976		GX	14.145358	-1.161639	14.01	1.52	
IC 977		GX	14.145014	-3.002444	15.16	0.69	
IC 978		GX	14.149472	-2.973778	15.22	0.97	
IC 979		GX	14.158992	14.831833	14.37	1.09	
IC 98		GX	1.348578	-12.604722	16.3	0.68	
IC 980		GX	14.172892	-7.342583	15.23	0.83	
IC 981		GX	14.174483	-4.171444	15.01	0.86	
IC 982		GX	14.166414	17.696111	14.53	0.95	
IC 983		GX	14.167881	17.733833	11.96	2.32	
IC 984		GX	14.168822	18.364667	14.41	1.9	
IC 985		GX	14.192464	-3.21975	14.61	0.75	
IC 986		GX	14.190619	1.286528	14.67	0.81	
IC 987		GX	14.192189	19.172278	15.37	0.61	
IC 988		GX	14.242239	3.19025	14.69	0.61	
IC 989		GX	14.247594	3.130889	13.07	0.98	
IC 99		GX	1.374267	-12.952556	15.82	0.58	
IC 990		GX	14.263664	39.797917	15.27	0.54	
IC 991		GX	14.296828	-13.872944	13.75	1.56	
IC 992		GX	14.304142	0.891083	14.82	0.88	
IC 993		GX	14.305172	11.216389	15.44	0.77	
IC 994		GX	14.306286	11.195167	14.62	1.46	
IC 995		GX	14.275308	57.810111	14.5	1.67	
IC 996		GX	14.289464	57.629861	14.62	1.35	
IC 997		GX	14.333125	-4.45125	99.0	1.5	
IC 997 NED01		GX	14.333125	-4.451194	14.32	1.41	
IC 997 NED02		GX	14.333264	-4.452306	15.71	1.0	
IC 998		GX	14.338692	-4.416444	15.67	0.93	
IC 999		GX	14.325742	17.875306	14.55	0.85	
M1	Crab Nebula	SNR	5.575547	22.014472	8.4	8.0	NGC 1952
M10		GC	16.952497	-4.099333	4.98	9.3	NGC 6254
M100		GX	12.381897	15.821806	9.47	6.1	NGC 4321
M101		GX	14.053483	54.348944	7.9	23.99	NGC 5457
M103		OC	1.556058	60.658	7.4	4.5	NGC 581
M104	Sombrero Galaxy	GX	12.666508	-11.623056	8.59	8.45	NGC 4594
M105		GX	10.797108	12.581611	9.27	4.89	NGC 3379
M106		GX	12.315972	47.303972	9.29	16.98	NGC 4258
M107		GC	16.5422	-13.053639	8.85	7.8	NGC 6171
M108		GX	11.191936	55.674111	10.05	3.98	NGC 3556
M109		GX	11.959994	53.374528	9.88	8.07	NGC 3992
M11	Amas de l'Ecu de Sobieski	OC	18.851664	-6.270028	5.8	9.0	NGC 6705
M110		GX	0.6728	41.685306	8.15	16.22	NGC 205
M12		GC	16.787367	-1.947833	6.07	11.1	NGC 6218
M13	Hercules Globular Cluster	GC	16.694897	36.461306	5.8	16.5	NGC 6205
M14		GC	17.626711	-3.245917	5.73	9.9	NGC 6402
M15		GC	21.49955	12.166833	6.3	11.1	NGC 7078
M16	Eagle Nebula	EN	18.313381	-13.807222	6.0	120.0	NGC 6611
M17	Checkmark Nebula	EN	18.346419	-16.171528	7.0	12.6	NGC 6618
M18		OC	18.332914	-17.101972	6.9	6.0	NGC 6613
M19		GC	17.0438	-26.267944	5.57	7.5	NGC 6273
M2		GC	21.557503	-0.823306	6.25	8.4	NGC 7089
M20	Trifid Nebula	EN	18.045031	-22.971889	8.5	28.0	NGC 6514
M21		OC	18.070403	-22.490056	5.9	6.0	NGC 6531
M22		GC	18.606722	-23.903417	6.17	12.6	NGC 6656
M23		OC	17.951325	-18.985333	5.5	16.8	NGC 6494
M24	Small Sgr Star Cloud	STAR	18.282256	-18.514556	4.5	120.0	IC 4715
M25		OC	18.529658	-19.114944	4.6	14.1	IC 4725
M26		OC	18.755183	-9.383611	8.87	6.0	NGC 6694
M27	Dumbbell Nebula	PN	19.993439	22.721028	7.4	6.7	NGC 6853
M28		GC	18.409136	-24.869833	6.9	5.1	NGC 6626
M29		OC	20.399381	38.507667	6.6	3.6	NGC 6913
M3		GC	13.703119	28.375444	6.39	16.2	NGC 5272
M30		GC	21.672783	-23.179083	7.1	9.0	NGC 7099
M31	Andromeda Galaxy	GX	0.712319	41.269056	3.44	177.83	NGC 224
M32		GX	0.711619	40.865278	8.13	7.74	NGC 221
M33	Triangulum Galaxy	GX	1.564136	30.660222	5.79	62.09	NGC 598
M34		OC	2.702056	42.746139	5.2	22.5	NGC 1039
M35		OC	6.151406	24.338639	5.1	24.0	NGC 2168
M36		OC	5.604928	34.14075	6.0	7.2	NGC 1960
M37		OC	5.871764	32.553	5.6	11.4	NGC 2099
M38		OC	5.478469	35.854917	6.4	9.6	NGC 1912
M39		OC	21.530089	48.438167	4.6	19.5	NGC 7092
M4		GC	16.393167	-26.525528	5.4	28.2	NGC 6121
M40		STAR	12.371139	58.084444	8.0	0.0	M040
M41		OC	6.76665	-20.754222	4.5	12.0	NGC 2287
M42	Great Orion Nebula	OC	5.587911	-5.389667	4.0	90.0	NGC 1976
M43	Mairan's Nebula	EN	5.59205	-5.267472	9.0	20.0	NGC 1982
M44	Beehive	OC	8.672833	19.672056	3.1	108.6	NGC 2632
M45	Pleiades	OC	3.791278	24.105278	1.2	150.0	Mel022
M46		OC	7.696339	-14.81	6.1	21.0	NGC 2437
M47		OC	7.609728	-14.482611	4.4	19.8	NGC 2422
M48		OC	8.228661	-5.750444	5.8	28.2	NGC 2548
M49		GX	12.496322	8.000472	8.28	10.21	NGC 4472
M5		GC	15.309375	2.082694	5.95	15.0	NGC 5904
M50		OC	7.044575	-8.364028	5.9	14.1	NGC 2323
M51	Whirlpool Galaxy	GX	13.497975	47.195167	8.36	13.71	NGC 5194
M52		OC	23.413444	61.593167	6.9	9.9	NGC 7654
M53		GC	13.215342	18.169111	7.79	9.0	NGC 5024
M54		GC	18.917575	-30.4785	7.7	5.1	NGC 6715
M55		GC	19.6665	-30.962083	6.49	12.0	NGC 6809
M56		GC	19.276531	30.1845	8.4	5.8	NGC 6779
M57	Ring Nebula	PN	18.893058	33.028583	8.8	1.27	NGC 6720
M58		GX	12.628756	11.818194	10.3	5.01	NGC 4579
M59		GX	12.700622	11.647028	9.56	4.55	NGC 4621
M6	Butterfly Cluster	OC	17.672431	-32.254167	4.2	15.6	NGC 6405
M60		GX	12.727772	11.552694	8.79	6.78	NGC 4649
M61		GX	12.36525	4.473639	10.25	6.89	NGC 4303
M62		GC	17.020167	-30.112361	7.39	7.8	NGC 6266
M63	Sunflower Galaxy	GX	13.263703	42.029278	8.61	11.83	NGC 5055
M64	Black Eye Galaxy	GX	12.945456	21.682972	8.52	10.52	NGC 4826
M65		GX	11.315533	13.092361	9.32	7.64	NGC 3623
M66		GX	11.337489	12.991528	8.92	10.28	NGC 3627
M67		OC	8.855592	11.811944	6.9	33.0	NGC 2682
M68		GC	12.657781	-26.743028	7.96	6.6	NGC 4590
M69		GC	18.523119	-32.347972	8.31	5.7	NGC 6637
M7	Ptolemy's Cluster	OC	17.89755	-34.792833	3.3	22.2	NGC 6475
M70		GC	18.720178	-32.291889	9.06	6.6	NGC 6681
M71		GC	19.896142	18.778389	6.1	6.9	NGC 6838
M72		GC	20.891086	-12.537056	8.96	4.5	NGC 6981
M73		OTHER	20.982214	-12.6355	8.9	0.0	NGC 6994
M74		GX	1.611597	15.783667	9.31	9.89	NGC 628
M75		GC	20.101344	-21.922222	8.26	3.6	NGC 6864
M76	Barbell Nebula	PN	1.705469	51.575472	10.1	1.12	NGC 650
M77		GX	2.711308	-0.013278	9.29	6.11	NGC 1068
M78		RN	5.779394	0.079306	8.0	4.5	NGC 2068
M79		GC	5.402942	-24.524222	8.16	7.2	NGC 1904
M8	Lagoon Nebula	EN	18.061464	-24.380167	5.8	45.0	NGC 6523
M80		GC	16.284031	-22.975111	7.3	5.7	NGC 6093
M81	Bode's Galaxy	GX	9.925881	69.065306	6.92	21.63	NGC 3031
M82	Cigar Galaxy	GX	9.931314	69.679389	8.3	10.99	NGC 3034
M83	Southern Pinwheel Galaxy	GX	13.616931	-29.865417	7.21	13.61	NGC 5236
M84		GX	12.417706	12.886972	9.79	7.41	NGC 4374
M85		GX	12.423364	18.1915	9.05	6.95	NGC 4382
M86		GX	12.436594	12.946222	8.86	11.53	NGC 4406
M87	Virgo Galaxy	GX	12.513728	12.391111	9.0	7.11	NGC 4486
M88		GX	12.5331	14.420389	10.33	8.65	NGC 4501
M89		GX	12.594392	12.556333	10.08	8.13	NGC 4552
M9		GC	17.319939	-18.51625	8.42	6.9	NGC 6333
M90		GX	12.613831	13.162944	9.54	9.12	NGC 4569
M91		GX	12.590681	14.496333	10.96	5.55	NGC 4548
M92		GC	17.285353	43.136528	6.52	14.4	NGC 6341
M93		OC	7.741453	-23.853083	6.2	15.0	NGC 2447
M94		GX	12.848072	41.120444	8.24	7.74	NGC 4736
M95		GX	10.732694	11.703806	9.77	7.23	NGC 3351
M96		GX	10.779372	11.819944	9.21	8.26	NGC 3368
M97	Owl Nebula	PN	11.246586	55.019028	9.9	3.58	NGC 3587
M98		GX	12.230081	14.900333	10.84	11.04	NGC 4192
M99	Coma Pinwheel	GX	12.313778	14.4165	9.84	5.04	NGC 4254
MWSC3156		GC	19.695669	-33.999472	11.54	3.9	
MWSC3171		GC	19.754	-8.007222	7.54	5.4	
MWSC3561		GC	21.777456	-21.252611	11.89	2.7	
Mel071		OC	7.626	-12.055	7.1	14.4	
Mel072		OC	7.477444	-10.7	10.1	7.5	
Mel101		OC	10.703333	-65.1	8.0	8.4	
Mel105		OC	11.328333	-63.483333	8.5	5.4	
Mel111	Coma Star Cluster	OC	12.418333	26.1	99.0	253.5	
NGC 1		GX	0.121067	27.708083	12.93	1.57	
NGC 10		GX	0.142928	-33.858333	12.49	2.35	
NGC 100		GX	0.400789	16.486389	13.21	3.55	
NGC 1000		GX	2.64715	41.459694	15.45	0.64	
NGC 1001		GX	2.653514	41.671722	14.66	0.72	
NGC 1003		GX	2.654692	40.872306	11.51	3.47	
NGC 1004		GX	2.628272	1.975306	12.69	1.17	
NGC 1005		GX	2.658111	41.488972	14.5	0.66	
NGC 1006		GX	2.62635	-11.025	14.05	0.86	
NGC 1007		GX	2.631183	2.156028	16.45	0.61	
NGC 1008		GX	2.632025	2.079639	14.87	0.86	
NGC 1009		GX	2.638631	2.310028	15.3	1.39	
NGC 101		GX	0.398503	-32.536167	12.84	1.93	
NGC 1011		GX	2.627469	-11.005556	14.87	0.68	
NGC 1012		GX	2.654142	30.151389	12.99	2.1	
NGC 1013		GX	2.630686	-11.50725	15.02	1.08	
NGC 1014		STAR	2.633569	-9.573389	99.0	0.0	
NGC 1015		GX	2.636544	-1.318694	12.47	1.98	
NGC 1016		GX	2.638767	2.11925	11.64	2.26	
NGC 1017		GX	2.630511	-11.010278	14.89	0.68	
NGC 1018		GX	2.636211	-9.543917	15.26	1.07	
NGC 1019		GX	2.640947	1.907722	14.95	1.08	
NGC 102		GX	0.410147	-13.956361	14.38	0.94	
NGC 1020		GX	2.64565	2.231278	14.93	0.92	
NGC 1021		GX	2.646672	2.217417	15.04	0.79	
NGC 1022		GX	2.642419	-6.677417	11.35	2.6	
NGC 1023		GX	2.673336	39.063278	9.47	7.4	
NGC 1023A		GX	2.677139	39.0575	13.8	1.3	
NGC 1024		GX	2.653322	10.846833	12.3	2.86	
NGC 1025		GX	2.605536	-54.864167	13.36	0.94	
NGC 1026		GX	2.655339	6.544	14.06	1.84	
NGC 1027		OC	2.709739	61.594361	6.7	7.8	
NGC 1028		GX	2.660319	10.843667	14.79	0.87	
NGC 1029		GX	2.66015	10.793333	13.11	1.56	
NGC 103		OC	0.421222	61.323472	9.8	2.7	
NGC 1030		GX	2.664056	18.024278	14.42	1.5	
NGC 1031		GX	2.610767	-54.859778	12.52	2.27	
NGC 1032		GX	2.656567	1.093778	11.67	3.58	
NGC 1033		GX	2.671144	-8.776944	14.69	1.14	
NGC 1034		GX	2.637228	-15.809083	14.57	0.8	
NGC 1035		GX	2.658081	-8.132944	12.89	2.08	
NGC 1036		GX	2.674719	19.297111	13.19	1.4	
NGC 1037		OTHER	2.666217	-1.734056	99.0	0.0	
NGC 1038		GX	2.668422	1.508778	14.32	1.39	
NGC 104	47 Tuc Cluster	GC	0.401489	-72.081444	4.09	31.8	
NGC 1040		GX	2.720122	41.500611	13.95	1.67	
NGC 1041		GX	2.673672	-5.440444	14.09	1.36	
NGC 1042		GX	2.673325	-8.433556	11.22	3.87	
NGC 1043		GX	2.679603	1.343139	15.74	0.85	
NGC 1044		GX	2.685167	8.737222	99.0	1.2	
NGC 1044 NED01		GX	2.685044	8.738028	13.22	0.76	
NGC 1044 NED02		GX	2.685347	8.736167	15.16	0.58	
NGC 1045		GX	2.674756	-11.277556	13.42	1.69	
NGC 1046		GX	2.686903	8.719389	14.7	0.75	
NGC 1047		GX	2.675789	-8.147667	14.43	1.36	
NGC 1048		GX	2.677208	-8.533361	14.5	1.18	
NGC 1048A		GX	2.676583	-8.547222	14.52	0.81	
NGC 1049	Fornax Dwarf Cluster 3	GC	2.663372	-34.25825	13.59	1.2	
NGC 105		GX	0.421328	12.883861	13.2	0.81	
NGC 1050		GX	2.709886	34.7635	13.5	1.1	
NGC 1052		GX	2.684667	-8.255778	11.04	2.94	
NGC 1054		GX	2.704372	18.217194	14.54	0.8	
NGC 1055		GX	2.695897	0.443167	10.6	6.92	
NGC 1056		GX	2.713417	28.574194	12.35	1.88	
NGC 1057		GX	2.717472	32.491194	15.72	1.16	
NGC 1058		GX	2.725	37.341333	11.25	2.47	
NGC 1059		STAR	2.709889	17.99675	99.0	0.0	
NGC 106		GX	0.412153	-5.14875	14.53	0.93	
NGC 1060		GX	2.720847	32.424972	11.82	2.36	
NGC 1061		GX	2.721044	32.466722	15.13	0.87	
NGC 1062		STAR	2.723339	32.462139	99.0	0.0	
NGC 1063		GX	2.702794	-5.568556	14.44	1.45	
NGC 1064		GX	2.706536	-9.362278	15.02	1.01	
NGC 1065		GX	2.701742	-15.091556	14.9	0.82	
NGC 1066		GX	2.730539	32.475	14.79	1.82	
NGC 1067		GX	2.7307	32.511889	13.69	0.97	
NGC 1069		GX	2.716617	-8.2895	14.28	1.35	
NGC 107		GX	0.428389	-8.282806	15.03	0.78	
NGC 1070		GX	2.722853	4.968417	12.88	2.34	
NGC 1071		GX	2.718847	-8.773889	15.35	1.22	
NGC 1072		GX	2.725364	0.306806	14.27	1.21	
NGC 1073		GX	2.727922	1.376111	11.05	3.54	
NGC 1074		GX	2.7267	-16.297083	15.18	0.91	
NGC 1075		GX	2.725986	-16.201111	15.45	0.81	
NGC 1076		GX	2.724792	-14.754306	13.71	1.81	
NGC 1077		GX	2.767139	40.091667	99.0	1.33	
NGC 1077A		GX	2.767472	40.093333	17.09	0.53	
NGC 1077B		GX	2.766833	40.090278	14.54	1.06	
NGC 1078		GX	2.735567	-9.452389	15.2	0.85	
NGC 1079		GX	2.728983	-29.003361	11.44	2.65	
NGC 108		GX	0.433258	29.212056	13.26	1.69	
NGC 1080		GX	2.752761	-4.710778	13.58	1.09	
NGC 1081		GX	2.751533	-15.587806	14.36	1.78	
NGC 1082		GX	2.761458	-8.180528	14.71	0.96	
NGC 1083		GX	2.761278	-15.357778	15.19	1.55	
NGC 1084		GX	2.766642	-7.578472	10.6	3.4	
NGC 1085		GX	2.773694	3.607278	13.77	2.04	
NGC 1086		GX	2.798992	41.246472	13.53	1.32	
NGC 1087		GX	2.773656	-0.498639	11.02	2.97	
NGC 1088		GX	2.784556	16.201111	99.0	1.0	
NGC 1088 NED01		GX	2.784447	16.199917	14.76	0.88	
NGC 1088 NED02		GX	2.784692	16.202417	17.17	0.48	
NGC 1089		GX	2.769472	-15.073194	14.66	1.38	
NGC 109		GX	0.4374	21.807306	13.74	1.05	
NGC 1090		GX	2.776094	-0.247167	11.97	3.31	
NGC 1091		GX	2.756231	-17.533167	15.17	0.81	
NGC 1092		GX	2.758214	-17.542278	14.48	1.0	
NGC 1093		GX	2.804486	34.419778	14.24	1.16	
NGC 1094		GX	2.791064	-0.285111	13.56	1.32	
NGC 1095		GX	2.79385	4.637639	14.13	1.26	
NGC 1096		GX	2.730358	-59.913417	12.78	1.76	
NGC 1097		GX	2.771958	-30.274889	9.76	10.57	
NGC 1097A		GX	2.769417	-30.228056	13.16	1.0	
NGC 1098		GX	2.748242	-17.659139	12.71	1.58	
NGC 1099		GX	2.755006	-17.708361	13.21	2.1	
NGC 11		GX	0.145139	37.447917	14.44	1.44	
NGC 110		OC	0.456947	71.391528	99.0	3.9	
NGC 1100		GX	2.760019	-17.688944	13.12	1.64	
NGC 1101		GX	2.804119	4.578028	13.05	1.33	
NGC 1102		GX	2.786917	-22.208833	15.33	0.89	
NGC 1103		GX	2.801667	-13.959222	12.87	2.22	
NGC 1104		GX	2.810747	-0.271528	14.58	1.04	
NGC 1105		GX	2.728328	-15.705583	15.16	0.97	
NGC 1106		GX	2.844586	41.6715	13.65	1.82	
NGC 1107		GX	2.822114	8.092639	12.22	1.88	
NGC 1108		GX	2.810706	-7.951111	14.71	1.04	
NGC 1109		GX	2.795439	13.255333	15.37	0.81	
NGC 111		OTHER	0.444003	-2.624972	99.0	0.0	
NGC 1110		GX	2.819325	-7.837556	14.5	2.37	
NGC 1111		GX	2.810931	13.259528	15.92	0.66	
NGC 1112		GX	2.816769	13.22375	14.85	0.99	
NGC 1113		STAR	2.834736	13.327417	99.0	0.0	
NGC 1114		GX	2.818667	-16.993361	13.27	2.15	
NGC 1115		GX	2.840383	13.266222	15.53	0.91	
NGC 1116		GX	2.843247	13.335056	15.33	1.2	
NGC 1117		GX	2.853642	13.185306	14.86	0.7	
NGC 1118		GX	2.832964	-12.163722	14.25	1.97	
NGC 1119		GX	2.804744	-17.987611	15.06	0.48	
NGC 112		GX	0.446869	31.703306	14.45	1.02	
NGC 1120		GX	2.817803	-14.470694	14.9	1.79	
NGC 1121		GX	2.844219	-1.734056	13.65	0.95	
NGC 1122		GX	2.880889	42.205028	12.93	1.35	
NGC 1124		GX	2.859978	-25.701833	14.82	1.1	
NGC 1125		GX	2.861186	-16.651028	12.81	1.51	
NGC 1126		GX	2.871842	-1.296	15.32	0.95	
NGC 1127		GX	2.881067	13.256417	16.17	0.69	
NGC 1128		GX	2.961547	6.024667	99.0	0.8	
NGC 1128 NED01		GX	2.961569	6.02275	14.7	0.55	
NGC 1128 NED02		GX	2.961544	6.026917	12.7	0.76	
NGC 1129		GX	2.907606	41.579583	13.6	2.82	
NGC 113		GX	0.448511	-2.500889	14.01	1.23	
NGC 1130		GX	2.906772	41.605611	15.56	0.69	
NGC 1131		GX	2.909439	41.559028	15.4	0.54	
NGC 1132		GX	2.881086	-1.274694	12.3	1.91	
NGC 1133		GX	2.878386	-8.804389	14.87	0.97	
NGC 1134		GX	2.894817	13.014139	13.09	2.21	
NGC 1135		GX	2.84645	-54.929583	16.17	0.71	
NGC 1136		GX	2.84825	-54.975917	12.97	1.44	
NGC 1137		GX	2.900758	2.962083	12.84	1.1	
NGC 1138		GX	2.943456	43.047361	14.05	1.73	
NGC 1139		GX	2.879669	-14.529333	15.91	1.02	
NGC 114		GX	0.449508	-1.78625	14.69	0.98	
NGC 1140		GX	2.909328	-10.02775	12.43	2.04	
NGC 1143		GX	2.919364	-0.177861	14.27	1.22	
NGC 1144		GX	2.920056	-0.183556	13.96	1.08	
NGC 1145		GX	2.909308	-18.635083	12.47	3.36	
NGC 1146		OTHER	2.960372	46.426944	99.0	0.0	
NGC 1147		OTHER	2.919247	-9.119639	99.0	0.0	
NGC 1148		GX	2.951214	-7.685639	14.57	1.31	
NGC 1149		GX	2.956631	-0.309417	15.04	0.71	
NGC 115		GX	0.446189	-33.677083	13.72	2.09	
NGC 1150		GX	2.950386	-15.048417	15.03	1.06	
NGC 1151		GX	2.951286	-15.013028	15.92	0.55	
NGC 1152		GX	2.959342	-7.758833	14.32	1.3	
NGC 1153		GX	2.969522	3.361917	13.46	1.23	
NGC 1154		GX	2.968797	-10.363306	13.92	1.02	
NGC 1155		GX	2.970303	-10.350583	14.15	1.1	
NGC 1156		GX	2.995083	25.237833	11.63	2.96	
NGC 1157		GX	2.968522	-15.118528	15.5	0.72	
NGC 1158		GX	2.953183	-14.395528	15.92	0.95	
NGC 1159		GX	3.012922	43.162556	14.21	0.48	
NGC 116		GX	0.451453	-7.66825	14.7	1.08	
NGC 1160		GX	3.020347	44.955417	12.82	2.38	
NGC 1161		GX	3.020592	44.897333	11.89	2.69	
NGC 1162		GX	2.982222	-12.398583	13.87	1.59	
NGC 1163		GX	3.006136	-17.152528	13.8	2.26	
NGC 1164		GX	3.033292	42.584944	14.51	1.18	
NGC 1165		GX	2.979914	-32.099194	13.78	2.31	
NGC 1166		GX	3.009722	11.842778	15.35	0.98	
NGC 1167		GX	3.028436	35.20575	12.64	1.82	
NGC 1168		GX	3.013061	11.772306	15.35	0.98	
NGC 1169		GX	3.059653	46.386361	11.41	3.31	
NGC 117		GX	0.453075	1.333722	15.41	1.0	
NGC 1170		OTHER	3.040803	27.072667	99.0	0.0	
NGC 1171		GX	3.066386	43.398306	13.5	1.77	
NGC 1172		GX	3.026681	-14.836583	11.75	2.28	
NGC 1173		OTHER	3.066031	42.383722	99.0	0.0	
NGC 1174		GX	3.091906	42.8355	12.35	3.58	
NGC 1175		GX	3.075653	42.339306	12.8	1.76	
NGC 1176		STAR	3.076356	42.393444	14.6	0.0	
NGC 1177		GX	3.076981	42.362833	15.68	0.6	
NGC 1178		STAR	3.07745	42.313472	15.3	0.0	
NGC 1179		GX	3.044022	-18.897778	12.0	3.67	
NGC 118		GX	0.454506	-1.780139	14.83	0.8	
NGC 1180		GX	3.030844	-15.029833	15.76	0.66	
NGC 1181		GX	3.028544	-15.052333	16.27	0.86	
NGC 1182		GX	3.0579	-9.670333	14.79	0.82	
NGC 1183		STAR	3.079489	42.368944	15.0	0.0	
NGC 1184		GX	3.279175	80.793333	12.19	3.54	
NGC 1185		GX	3.049856	-9.132139	14.46	1.36	
NGC 1187		GX	3.043775	-22.867167	10.92	4.14	
NGC 1188		GX	3.062047	-15.484583	14.61	1.21	
NGC 1189		GX	3.056797	-15.623472	14.42	1.42	
NGC 119		GX	0.449336	-56.978056	15.7	1.2	
NGC 1190		GX	3.057258	-15.661889	15.16	0.76	
NGC 1191		GX	3.058581	-15.685306	15.28	0.76	
NGC 1192		GX	3.059619	-15.678833	15.36	0.8	
NGC 1193		OC	3.098797	44.383111	12.6	2.4	
NGC 1194		GX	3.063642	-1.10375	13.8	1.55	
NGC 1195		GX	3.059114	-12.039778	15.11	0.64	
NGC 1196		GX	3.059778	-12.076306	14.09	1.54	
NGC 1197		OTHER	3.103947	44.061194	99.0	0.0	
NGC 1198		GX	3.103678	41.848944	13.95	2.05	
NGC 1199		GX	3.060669	-15.613194	11.43	2.83	
NGC 12		GX	0.145764	4.612528	13.18	1.52	
NGC 120		GX	0.458356	-1.513472	14.56	1.51	
NGC 1200		GX	3.065133	-11.991806	13.8	2.91	
NGC 1201		GX	3.068883	-26.069639	10.81	3.41	
NGC 1202		GX	3.084036	-6.491611	15.22	0.65	
NGC 1203		GX	3.087278	-14.378889	99.0	1.13	
NGC 1203A		GX	3.08725	-14.381111	15.01	0.83	
NGC 1203B		GX	3.087306	-14.377778	16.0	0.58	
NGC 1204		GX	3.077756	-12.341389	14.21	1.52	
NGC 1206		GX	3.102706	-8.833167	15.93	0.75	
NGC 1207		GX	3.137636	38.382167	13.61	1.68	
NGC 1208		GX	3.103308	-9.541417	13.35	2.19	
NGC 1209		GX	3.100839	-15.61125	11.38	2.25	
NGC 121		GC	0.446736	-71.535667	11.24	3.8	
NGC 1210		GX	3.1126	-25.716444	12.71	1.16	
NGC 1211		GX	3.114561	-0.794472	12.35	1.49	
NGC 1212		GX	3.161731	40.893083	16.0	0.89	
NGC 1213		GX	3.154808	38.649444	15.65	0.94	
NGC 1214		GX	3.115561	-9.544167	14.97	1.58	
NGC 1215		GX	3.119294	-9.592667	14.98	1.67	
NGC 1216		GX	3.121817	-9.612806	15.86	0.9	
NGC 1217		GX	3.101672	-39.036389	13.3	1.88	
NGC 1218		GX	3.140617	4.110917	13.16	1.35	
NGC 1219		GX	3.141103	2.108583	12.99	1.18	
NGC 122		STAR	0.460647	-1.640472	99.0	0.0	
NGC 1220		OC	3.194631	53.348167	11.8	2.4	
NGC 1221		GX	3.137647	-4.259472	14.6	1.46	
NGC 1222		GX	3.149094	-2.955139	12.55	1.57	
NGC 1223		GX	3.138869	-4.138389	13.93	1.34	
NGC 1224		GX	3.187097	41.363694	15.43	1.36	
NGC 1225		GX	3.14645	-4.101556	14.85	1.24	
NGC 1226		GX	3.184819	35.386833	14.47	1.23	
NGC 1227		GX	3.185481	35.324861	15.68	0.66	
NGC 1228		GX	3.136594	-22.922861	14.31	1.52	
NGC 1229		GX	3.136331	-22.960806	14.45	1.02	
NGC 123		STAR	0.461108	-1.627639	99.0	0.0	
NGC 1230		GX	3.137889	-22.984	15.52	0.69	
NGC 1231		GX	3.108139	-15.569083	15.0	0.98	
NGC 1232		GX	3.162642	-20.579306	10.11	6.79	
NGC 1232A		GX	3.167194	-20.600556	15.29	0.85	
NGC 1233		GX	3.209197	39.318917	13.16	1.51	
NGC 1234		GX	3.160858	-7.846194	15.24	1.58	
NGC 1236		GX	3.191108	10.808278	15.73	0.66	
NGC 1237		STAR	3.169158	-8.692333	99.0	0.0	
NGC 1238		GX	3.181308	-10.748056	14.33	1.53	
NGC 1239		GX	3.181589	-2.553139	14.61	1.23	
NGC 124		GX	0.464544	-1.810194	13.73	1.26	
NGC 1240		STAR	3.224078	30.507167	99.0	0.0	
NGC 1241		GX	3.1874	-8.922139	12.63	2.7	
NGC 1242		GX	3.1887	-8.902417	13.71	1.06	
NGC 1243		STAR	3.190406	-8.945278	99.0	0.0	
NGC 1244		GX	3.108636	-66.775611	13.92	1.44	
NGC 1245		OC	3.24485	47.238694	8.4	11.4	
NGC 1246		GX	3.117247	-66.938639	13.89	1.42	
NGC 1247		GX	3.203978	-10.481111	12.48	3.55	
NGC 1248		GX	3.213489	-5.224694	12.67	1.21	
NGC 1249		GX	3.167008	-53.33575	11.77	3.64	
NGC 125		GX	0.480608	2.838861	12.34	1.4	
NGC 1250		GX	3.255861	41.355417	12.83	2.33	
NGC 1251		STAR	3.235864	1.456528	99.0	0.0	
NGC 1252		OC	3.178972	-57.758611	99.0	7.2	
NGC 1253		GX	3.235847	-2.822944	11.78	4.57	
NGC 1253A		GX	3.239806	-2.800833	13.8	1.01	
NGC 1254		GX	3.240014	2.677361	15.42	0.98	
NGC 1255		GX	3.225567	-25.725167	11.17	4.05	
NGC 1256		GX	3.232853	-21.986417	13.55	1.13	
NGC 1257		STAR	3.283208	41.529056	99.0	0.0	
NGC 1258		GX	3.234853	-21.774278	13.95	1.41	
NGC 1259		GX	3.288133	41.3855	15.21	0.95	
NGC 126		GX	0.485583	2.811111	15.46	0.71	
NGC 1260		GX	3.2909	41.405222	14.3	1.29	
NGC 1261		GC	3.204261	-55.216806	8.63	5.1	
NGC 1262		GX	3.259328	-15.879306	14.2	0.95	
NGC 1263		GX	3.260989	-15.098306	14.99	0.86	
NGC 1264		GX	3.299881	41.520278	15.24	1.0	
NGC 1265		GX	3.30435	41.85775	11.92	1.9	
NGC 1266		GX	3.266875	-2.427361	14.39	1.48	
NGC 1267		GX	3.312478	41.467722	12.98	1.12	
NGC 1268		GX	3.312544	41.488694	14.84	0.96	
NGC 1269		GX	3.288497	-41.108056	8.7	11.17	
NGC 127		GX	0.486769	2.872694	15.32	0.93	
NGC 1270		GX	3.316153	41.47	13.03	1.05	
NGC 1271		GX	3.3198	41.35325	15.1	0.81	
NGC 1272		GX	3.322581	41.490639	11.88	2.55	
NGC 1273		GX	3.324094	41.540528	13.16	0.89	
NGC 1274		GX	3.327931	41.548639	15.09	0.78	
NGC 1275	Perseus A	GX	3.330044	41.511694	12.24	2.16	
NGC 1276		STAR	3.330892	41.641972	99.0	0.0	
NGC 1277		GX	3.330969	41.573528	13.51	0.97	
NGC 1278		GX	3.331708	41.563389	12.45	1.43	
NGC 1279		GX	3.333075	41.479528	17.23	0.58	
NGC 128		GX	0.487517	2.864056	11.63	3.16	
NGC 1280		GX	3.299186	-0.169083	13.41	0.92	
NGC 1281		GX	3.335031	41.630028	13.35	0.78	
NGC 1282		GX	3.3367	41.367	12.88	1.39	
NGC 1283		GX	3.337644	41.398667	13.61	0.93	
NGC 1284		GX	3.295975	-10.289083	14.36	1.87	
NGC 1285		GX	3.298175	-7.297806	13.59	1.59	
NGC 1286		GX	3.296814	-7.616861	14.74	0.98	
NGC 1287		GX	3.309297	-2.730833	14.72	0.76	
NGC 1288		GX	3.286997	-32.575889	12.17	2.32	
NGC 1289		GX	3.313836	-1.973333	12.57	1.75	
NGC 129		OC	0.499497	60.211167	6.5	5.4	
NGC 1290		GX	3.323658	-13.989611	15.4	0.71	
NGC 1292		GX	3.304136	-27.610333	12.13	2.93	
NGC 1293		GX	3.360128	41.392833	13.39	0.86	
NGC 1294		GX	3.3611	41.360556	13.26	1.38	
NGC 1295		GX	3.33425	-13.99825	15.01	0.99	
NGC 1296		GX	3.313808	-13.062444	14.76	0.9	
NGC 1297		GX	3.320617	-19.1	14.7	2.4	
NGC 1298		GX	3.336967	-2.114111	13.96	1.04	
NGC 1299		GX	3.336022	-6.262	13.6	1.21	
NGC 13		GX	0.146589	33.433333	14.08	2.28	
NGC 130		GX	0.488486	2.870444	14.81	0.72	
NGC 1300		GX	3.328078	-19.411361	10.52	5.96	
NGC 1301		GX	3.343147	-18.715333	13.4	2.38	
NGC 1302		GX	3.330883	-26.060444	10.63	4.27	
NGC 1303		GX	3.344664	-7.394417	14.73	1.12	
NGC 1304		GX	3.35355	-4.584083	14.39	1.33	
NGC 1305		GX	3.356381	-2.316833	11.97	1.33	
NGC 1306		GX	3.350831	-25.512556	13.76	1.1	
NGC 1308		GX	3.374594	-2.757139	14.7	1.15	
NGC 1309		GX	3.368489	-15.400056	11.58	2.39	
NGC 131		GX	0.494033	-33.25975	13.21	1.81	
NGC 1310		GX	3.350953	-37.101694	12.1	2.11	
NGC 1311		GX	3.335267	-52.185528	12.94	3.2	
NGC 1312		STAR	3.394925	1.184667	99.0	0.0	
NGC 1313		GX	3.304458	-66.49825	9.49	11.07	
NGC 1313A		GX	3.334917	-66.701111	14.73	1.25	
NGC 1314		GX	3.3781	-4.186556	14.86	1.47	
NGC 1315		GX	3.385164	-21.375167	13.65	1.62	
NGC 1316	Fornax A	GX	3.378256	-37.208222	8.48	13.46	
NGC 1316A		GX	3.393861	-36.903889	14.67	1.04	
NGC 1316B		GX	3.394333	-36.908333	15.1	0.66	
NGC 1316C		GX	3.416222	-37.009444	14.29	1.47	
NGC 1317	Fornax B	GX	3.378969	-37.103694	10.88	3.1	
NGC 1319		GX	3.399017	-21.527722	13.94	1.46	
NGC 132		GX	0.502975	2.093444	13.71	1.6	
NGC 1320		GX	3.413528	-3.042278	13.38	1.86	
NGC 1321		GX	3.413492	-3.015583	13.67	0.97	
NGC 1322		GX	3.415197	-2.919222	14.35	1.12	
NGC 1323		GX	3.415578	-2.822083	16.02	0.71	
NGC 1324		GX	3.417133	-5.745806	13.4	2.37	
NGC 1325		GX	3.407103	-21.544028	11.54	4.32	
NGC 1325A		GX	3.413472	-21.336111	12.84	1.9	
NGC 1326		GX	3.399	-36.464667	10.45	4.28	
NGC 1326A		GX	3.419028	-36.363889	14.05	2.1	
NGC 1326B		GX	3.422306	-36.385	13.27	3.87	
NGC 1327		GX	3.423086	-25.680278	15.47	1.14	
NGC 1328		GX	3.427528	-4.124944	14.73	0.98	
NGC 1329		GX	3.434053	-17.5915	12.65	1.58	
NGC 133		OC	0.521378	63.352611	9.4	2.1	
NGC 1330		OTHER	3.484575	41.67525	99.0	0.0	
NGC 1331		GX	3.441192	-21.355306	13.42	0.92	
NGC 1332		GX	3.438125	-21.335222	10.36	5.31	
NGC 1333		OC	3.482	31.37	10.9	19.5	
NGC 1334		GX	3.500511	41.832028	14.73	1.24	
NGC 1335		GX	3.505414	41.57275	15.66	0.9	
NGC 1336		GX	3.442275	-35.713556	12.31	1.97	
NGC 1337		GX	3.468322	-8.388611	12.86	4.94	
NGC 1338		GX	3.481819	-12.153361	14.0	1.31	
NGC 1339		GX	3.468494	-32.286111	11.75	2.01	
NGC 134		GX	0.506103	-33.244028	10.31	8.38	
NGC 1340		GX	3.472131	-31.068167	10.37	5.12	
NGC 1341		GX	3.466228	-37.15	12.42	1.42	
NGC 1342		OC	3.527811	37.379389	6.7	6.3	
NGC 1343		GX	3.630472	72.571333	12.37	2.38	
NGC 1345		GX	3.492136	-17.778389	13.75	1.34	
NGC 1346		GX	3.503686	-5.543306	16.39	1.44	
NGC 1347		GX	3.494861	-22.285	99.0	1.8	
NGC 1347 NED01		GX	3.494944	-22.279139	13.77	0.98	
NGC 1347 NED02		GX	3.494775	-22.291	16.2	0.56	
NGC 1348		OC	3.569025	51.420528	99.0	3.6	
NGC 1349		GX	3.524306	4.380833	13.09	0.91	
NGC 135		GX	0.529428	-13.337472	15.01	0.66	
NGC 1350		GX	3.518922	-33.628639	10.31	5.18	
NGC 1351		GX	3.509717	-34.853944	11.46	3.4	
NGC 1351A		GX	3.480194	-35.178056	13.81	2.49	
NGC 1352		GX	3.525828	-19.278444	13.35	1.15	
NGC 1353		GX	3.534172	-20.819167	11.46	3.64	
NGC 1354		GX	3.541492	-15.221139	13.46	2.62	
NGC 1355		GX	3.556528	-4.998694	13.19	1.73	
NGC 1356		GX	3.511331	-50.309611	13.14	1.17	
NGC 1357		GX	3.554744	-13.664139	11.44	3.37	
NGC 1358		GX	3.561019	-5.089389	12.78	2.13	
NGC 1359		GX	3.563253	-19.492056	12.35	1.46	
NGC 136		OC	0.525219	61.50925	99.0	3.3	
NGC 1360		PN	3.554069	-25.871722	9.4	6.42	
NGC 1361		GX	3.571594	-6.265	14.68	1.24	
NGC 1362		GX	3.564744	-20.282639	13.78	1.3	
NGC 1363		GX	3.580436	-9.842472	13.96	0.9	
NGC 1364		GX	3.58305	-9.838639	15.38	0.57	
NGC 1365		GX	3.560103	-36.140389	10.1	12.02	
NGC 1366		GX	3.564911	-31.194111	11.91	2.05	
NGC 1367		GX	3.583706	-24.933222	10.66	4.88	
NGC 1368		GX	3.583028	-15.655917	15.23	1.15	
NGC 1369		GX	3.612569	-36.256222	13.69	2.22	
NGC 137		GX	0.516139	10.208417	12.79	1.38	
NGC 1370		GX	3.587381	-20.373667	13.54	1.49	
NGC 1372		GX	3.616594	-15.881472	15.35	0.7	
NGC 1373		GX	3.583114	-35.171111	13.26	1.2	
NGC 1374		GX	3.587942	-35.22625	11.14	2.86	
NGC 1375		GX	3.588006	-35.265667	12.39	2.28	
NGC 1376		GX	3.618311	-5.04275	12.85	1.86	
NGC 1377		GX	3.610856	-20.90225	13.49	2.07	
NGC 1378		STAR	3.5995	-35.211167	99.0	0.0	
NGC 1379		GX	3.601097	-35.441194	11.02	2.66	
NGC 138		GX	0.516456	5.15975	14.73	1.25	
NGC 1380		GX	3.607664	-34.976222	9.94	4.58	
NGC 1380A		GX	3.613194	-34.739722	12.39	2.76	
NGC 1381		GX	3.6088	-35.295194	11.47	2.54	
NGC 1382		GX	3.619156	-35.195028	12.86	1.99	
NGC 1383		GX	3.627567	-18.339472	12.5	2.0	
NGC 1384		GX	3.653775	15.819556	15.55	0.76	
NGC 1385		GX	3.624681	-24.500306	11.03	3.4	
NGC 1386		GX	3.612828	-35.999417	11.86	3.59	
NGC 1387		GX	3.61585	-35.506639	10.75	3.01	
NGC 1388		GX	3.636669	-15.899417	14.84	0.85	
NGC 1389		GX	3.619939	-35.745583	11.51	2.58	
NGC 139		GX	0.518444	5.07875	15.45	0.77	
NGC 1390		GX	3.631158	-19.008361	14.07	1.45	
NGC 1391		GX	3.648044	-18.354111	13.35	1.21	
NGC 1392		GX	3.629725	-36.147417	16.95	0.3	
NGC 1393		GX	3.64405	-18.427972	12.06	1.88	
NGC 1394		GX	3.651922	-18.292278	12.82	1.51	
NGC 1395		GX	3.641597	-23.027528	9.65	4.71	
NGC 1396		GX	3.63515	-35.440111	14.88	0.92	
NGC 1397		GX	3.663097	-4.670111	14.7	0.96	
NGC 1398		GX	3.647814	-26.337833	9.55	6.95	
NGC 1399		GX	3.641397	-35.450667	9.4	8.51	
NGC 14		GX	0.146222	15.815556	12.44	1.53	
NGC 140		GX	0.522353	30.7925	14.16	0.87	
NGC 1400		GX	3.658567	-18.688083	11.06	2.81	
NGC 1401		GX	3.656069	-22.724694	12.29	2.45	
NGC 1402		GX	3.658492	-18.526944	13.54	0.87	
NGC 1403		GX	3.653011	-22.38875	12.74	1.52	
NGC 1404		GX	3.647756	-35.594389	9.93	5.01	
NGC 1405		GX	3.671925	-15.530194	15.03	1.6	
NGC 1406		GX	3.656472	-31.321417	11.82	4.5	
NGC 1407		GX	3.669961	-18.580111	9.65	5.73	
NGC 1408		STAR	3.6548	-35.500833	99.0	0.0	
NGC 1409		GX	3.686231	-1.302556	14.76	0.82	
NGC 141		GX	0.521511	5.17975	15.33	0.86	
NGC 1410		GX	3.686319	-1.298778	15.22	1.17	
NGC 1411		GX	3.645797	-44.100611	11.19	2.45	
NGC 1412		GX	3.674825	-26.86225	13.13	1.06	
NGC 1413		GX	3.669875	-15.610778	15.23	0.9	
NGC 1414		GX	3.682511	-21.713139	14.67	1.71	
NGC 1415		GX	3.682461	-22.564472	11.53	3.74	
NGC 1416		GX	3.684136	-22.719111	14.18	1.5	
NGC 1417		GX	3.699283	-4.704861	12.08	2.52	
NGC 1418		GX	3.704489	-4.73075	13.73	1.14	
NGC 1419		GX	3.678364	-37.510833	12.61	1.48	
NGC 142		GX	0.518911	-22.618667	14.55	0.97	
NGC 1420		OTHER	3.711067	-5.852556	99.0	0.0	
NGC 1421		GX	3.708133	-13.488028	11.52	3.55	
NGC 1422		GX	3.691964	-21.681528	14.05	2.51	
NGC 1423		GX	3.711139	-6.381833	14.79	1.0	
NGC 1424		GX	3.720567	-4.730083	13.8	1.39	
NGC 1425		GX	3.703186	-29.893333	10.7	4.91	
NGC 1426		GX	3.713642	-22.108361	11.47	2.86	
NGC 1427		GX	3.705394	-35.392556	10.88	4.33	
NGC 1427A		GX	3.66925	-35.624444	13.4	2.26	
NGC 1428		GX	3.706314	-35.154	13.84	1.48	
NGC 1429		OTHER	3.734478	-4.718111	99.0	0.0	
NGC 143		GX	0.521006	-22.559944	15.31	1.06	
NGC 1430		STAR	3.723672	-18.225083	99.0	0.0	
NGC 1431		GX	3.744667	2.834944	15.58	0.91	
NGC 1432	Maia Nebula	EN	3.763775	24.367861	99.0	60.0	
NGC 1433		GX	3.700431	-47.222083	9.95	6.19	
NGC 1434		GX	3.770242	-9.682611	15.36	0.79	
NGC 1435	Merope Nebula	EN	3.769469	23.764972	99.0	30.0	
NGC 1436		GX	3.726967	-35.853028	11.69	2.97	
NGC 1437B		GX	3.765222	-36.356944	13.88	2.87	
NGC 1438		GX	3.754786	-23.002472	12.44	2.04	
NGC 1439		GX	3.747208	-21.920556	11.39	2.96	
NGC 144		GX	0.522408	-22.645722	14.36	0.82	
NGC 1440		GX	3.750808	-18.266028	11.63	2.62	
NGC 1441		GX	3.761978	-4.091583	12.93	1.85	
NGC 1443		STAR	3.764733	-4.052722	99.0	0.0	
NGC 1444		OC	3.824689	52.655333	6.6	3.6	
NGC 1445		GX	3.74895	-9.855861	15.02	0.77	
NGC 1446		STAR	3.765961	-4.112167	13.5	0.0	
NGC 1447		GX	3.763097	-9.018694	16.02	0.86	
NGC 1448		GX	3.7422	-44.644833	10.94	8.02	
NGC 1449		GX	3.767519	-4.138111	13.47	0.9	
NGC 145		GX	0.529372	-5.152639	12.75	1.76	
NGC 1450		GX	3.760178	-9.234861	15.22	0.91	
NGC 1451		GX	3.768656	-4.069194	13.34	0.81	
NGC 1452		GX	3.756197	-18.633639	11.84	2.39	
NGC 1453		GX	3.774236	-3.968778	11.41	2.46	
NGC 1454		STAR	3.766483	-20.652306	99.0	0.0	
NGC 1456		STAR	3.802292	22.558611	10.96	0.0	
NGC 1458		OTHER	3.782864	-18.241139	99.0	0.0	
NGC 1459		GX	3.782761	-25.52175	13.68	1.82	
NGC 146		OC	0.551094	63.309	9.1	3.6	
NGC 1460		GX	3.770483	-36.696333	13.53	1.92	
NGC 1461		GX	3.807539	-16.392889	11.81	2.9	
NGC 1462		GX	3.839842	6.973056	15.23	0.86	
NGC 1463		GX	3.77095	-59.810139	13.47	1.26	
NGC 1464		GX	3.856811	-15.40225	14.73	0.81	
NGC 1465		GX	3.892197	32.492806	14.79	2.01	
NGC 1466		GC	3.742597	-71.671583	11.59	3.5	
NGC 1467		GX	3.864667	-8.838194	15.24	1.23	
NGC 1468		GX	3.870161	-6.348944	14.99	1.22	
NGC 1469		GX	4.007714	68.577722	14.45	2.17	
NGC 147		GX	0.553367	48.50875	9.72	9.4	
NGC 1470		GX	3.8694	-8.999361	14.62	1.61	
NGC 1472		GX	3.896486	-8.568472	16.03	0.68	
NGC 1473		GX	3.790639	-68.220583	12.91	1.53	
NGC 1474		GX	3.908431	10.707	13.76	1.04	
NGC 1475		GX	3.897175	-8.1375	16.41	0.65	
NGC 1476		GX	3.869108	-44.532472	13.82	1.5	
NGC 1477		GX	3.9008	-8.574972	16.16	0.77	
NGC 1478		GX	3.902039	-8.555417	16.23	0.64	
NGC 1479		OTHER	3.905678	-10.208611	99.0	0.0	
NGC 148		GX	0.570972	-31.786	12.16	1.98	
NGC 1480		OTHER	3.908994	-10.258833	99.0	0.0	
NGC 1481		GX	3.908044	-20.427167	14.56	1.04	
NGC 1482		GX	3.910822	-20.502667	12.14	2.46	
NGC 1483		GX	3.8799	-47.477528	12.76	1.87	
NGC 1484		GX	3.905592	-36.968889	13.71	2.73	
NGC 1485		GX	4.084428	70.996528	12.37	2.23	
NGC 1486		GX	3.938528	-21.821139	15.17	0.91	
NGC 1487		GX	3.929472	-42.368056	99.0	4.4	
NGC 1487 NED01		GX	3.929269	-42.367694	11.9	2.34	
NGC 1487 NED02		GX	3.929769	-42.368583	11.68	3.72	
NGC 1488		STAR	4.001203	18.567306	99.0	0.0	
NGC 1489		GX	3.960583	-19.216639	13.8	1.69	
NGC 149		GX	0.563961	30.723417	14.96	0.91	
NGC 1490		GX	3.892839	-66.018056	13.64	1.39	
NGC 1491		EN	4.053767	51.316083	99.0	9.0	
NGC 1492		GX	3.970314	-35.446361	14.29	0.77	
NGC 1493		GX	3.957619	-46.210694	11.44	3.44	
NGC 1494		GX	3.961917	-48.908083	11.95	3.51	
NGC 1495		GX	3.972728	-44.46625	12.64	2.22	
NGC 1496		OC	4.075525	52.661389	9.6	2.1	
NGC 1497		GX	4.035228	23.132917	14.58	1.23	
NGC 1498		OC	4.005361	-12.019722	99.0	0.0	
NGC 1499	California Nebula	EN	4.054006	36.367472	5.0	160.0	
NGC 15		GX	0.150686	21.624528	15.08	1.07	
NGC 150		GX	0.570967	-27.803583	11.41	3.54	
NGC 1500		GX	3.970547	-52.328167	14.84	1.49	
NGC 1501		PN	4.116492	60.920694	11.5	0.87	
NGC 1502		OC	4.130361	62.331528	6.9	10.2	
NGC 1503		GX	3.942567	-66.040667	14.41	0.96	
NGC 1504		GX	4.041583	-9.335389	15.51	0.79	
NGC 1505		GX	4.043444	-9.322417	14.74	1.2	
NGC 1506		GX	4.005992	-52.573722	13.22	1.59	
NGC 1507		GX	4.074225	-2.188583	12.41	3.78	
NGC 1508		GX	4.096567	25.408472	15.22	0.6	
NGC 1509		GX	4.065333	-11.179028	14.6	0.79	
NGC 151		GX	0.567442	-9.705333	11.66	3.74	
NGC 1510		GX	4.059067	-43.400111	13.02	1.32	
NGC 1511		GX	3.993606	-67.63425	11.3	3.66	
NGC 1511A		GX	4.005167	-67.806944	14.28	1.85	
NGC 1511B		GX	4.015194	-67.611944	15.18	1.39	
NGC 1512		GX	4.065078	-43.348861	10.37	8.43	
NGC 1513		OC	4.165194	49.517278	8.4	5.1	
NGC 1514		PN	4.154708	30.775917	10.19	2.2	
NGC 1515		GX	4.067422	-54.100056	10.99	5.5	
NGC 1515A		GX	4.063833	-54.113056	15.38	0.93	
NGC 1516		GX	4.135472	-8.831389	99.0	1.66	
NGC 1516A		GX	4.135389	-8.829167	14.08	0.9	
NGC 1516B		GX	4.135642	-8.835722	15.0	1.26	
NGC 1517		GX	4.153314	8.648806	14.25	0.97	
NGC 1518		GX	4.113811	-21.172639	11.79	3.47	
NGC 1519		GX	4.135444	-17.192889	12.96	2.47	
NGC 152		OC	0.547906	-73.120389	12.26	3.0	
NGC 1520		OC	3.958603	-76.833944	99.0	5.4	
NGC 1521		GX	4.138592	-21.051972	11.57	3.25	
NGC 1522		GX	4.1022	-52.668417	13.6	1.22	
NGC 1523		OTHER	4.103061	-54.088306	99.0	0.0	
NGC 1526		GX	4.08675	-65.839806	14.6	0.86	
NGC 1527		GX	4.140039	-47.897028	10.8	4.58	
NGC 1528		OC	4.255242	51.211472	6.4	9.6	
NGC 1529		GX	4.122189	-62.899306	14.4	0.71	
NGC 1530		GX	4.390861	75.295583	11.7	1.82	
NGC 1530A		GX	4.74125	75.63975	12.43	1.48	
NGC 1531		GX	4.199811	-32.850806	12.13	1.5	
NGC 1532		GX	4.201203	-32.874222	10.13	11.27	
NGC 1533		GX	4.1644	-56.118444	10.65	3.27	
NGC 1534		GX	4.146131	-62.797583	13.77	1.66	
NGC 1535		PN	4.237714	-12.739389	9.6	0.85	
NGC 1536		GX	4.183294	-56.480444	12.9	1.67	
NGC 1537		GX	4.227975	-31.645417	10.72	4.35	
NGC 1538		GX	4.248911	-13.191722	15.98	0.66	
NGC 1539		GX	4.317211	26.8275	15.45	0.97	
NGC 154		GX	0.572075	-12.656306	15.18	1.01	
NGC 1540		GX	4.252961	-28.488472	15.05	0.77	
NGC 1540A		GX	4.252781	-28.482083	14.61	0.56	
NGC 1541		GX	4.283397	0.835194	13.53	1.38	
NGC 1542		GX	4.287272	4.781639	13.89	1.22	
NGC 1543		GX	4.212014	-57.737972	10.17	3.66	
NGC 1544		GX	5.043375	86.222333	14.07	1.13	
NGC 1545		OC	4.348961	50.255333	6.2	4.2	
NGC 1546		GX	4.243483	-56.060806	11.35	3.72	
NGC 1547		GX	4.286781	-17.857472	14.39	1.4	
NGC 1548		OC	4.355306	36.916333	99.0	3.6	
NGC 1549		GX	4.262536	-55.59225	9.75	5.09	
NGC 155		GX	0.5778	-10.7665	14.15	1.49	
NGC 1550		GX	4.327203	2.409472	12.08	1.73	
NGC 1552		GX	4.338244	-0.692722	14.35	1.79	
NGC 1553		GX	4.269575	-55.780139	9.31	6.25	
NGC 1554		STAR	4.362097	19.520583	99.0	0.0	
NGC 1555	Hind's Nebula	RN	4.366508	19.535167	9.98	1.82	
NGC 1556		GX	4.295786	-50.164444	13.06	1.53	
NGC 1557		OC	4.219769	-70.424944	99.0	7.2	
NGC 1558		GX	4.337828	-45.031472	13.29	3.05	
NGC 1559		GX	4.293269	-62.783667	10.6	4.19	
NGC 156		STAR	0.576617	-8.340056	99.0	0.0	
NGC 1560		GX	4.546969	71.883111	11.5	8.3	
NGC 1561		GX	4.383633	-15.845667	14.81	1.37	
NGC 1562		GX	4.363228	-15.755444	15.18	0.92	
NGC 1563		GX	4.381653	-15.732639	15.65	0.49	
NGC 1564		GX	4.383597	-15.738861	15.62	0.73	
NGC 1565		GX	4.389847	-15.744333	14.69	1.02	
NGC 1566		GX	4.33345	-54.937806	9.73	7.23	
NGC 1567		GX	4.352431	-48.254778	13.46	1.53	
NGC 1568		GX	4.407039	-0.746222	14.82	1.46	
NGC 1569		GX	4.513628	64.847944	11.11	3.91	
NGC 157		GX	0.579656	-8.396444	13.11	3.7	
NGC 1570		GX	4.36915	-43.629556	14.0	2.15	
NGC 1572		GX	4.378558	-40.600917	12.47	1.37	
NGC 1573		GX	4.584442	73.262417	11.79	1.95	
NGC 1574		GX	4.366339	-56.97475	10.24	4.13	
NGC 1575		GX	4.439042	-10.098444	13.43	1.52	
NGC 1576		GX	4.438561	-3.621083	14.34	1.49	
NGC 1578		GX	4.396292	-51.599444	13.11	1.21	
NGC 1579		OC	4.503833	35.269444	99.0	10.2	
NGC 158		STAR	0.584889	-8.345722	99.0	0.0	
NGC 1580		GX	4.4718	-5.178778	14.35	1.03	
NGC 1581		GX	4.412489	-54.942	12.8	2.08	
NGC 1582		OC	4.529664	43.784833	7.0	7.8	
NGC 1583		GX	4.472425	-17.595444	14.69	1.04	
NGC 1584		GX	4.469517	-17.523361	14.98	0.95	
NGC 1585		GX	4.459169	-42.165222	14.23	0.85	
NGC 1586		GX	4.510619	-0.304167	14.21	1.68	
NGC 1587		GX	4.511094	0.661583	11.7	2.08	
NGC 1588		GX	4.512158	0.664722	12.91	1.26	
NGC 1589		GX	4.512622	0.863667	11.81	3.06	
NGC 159		GX	0.576536	-55.789972	14.87	1.4	
NGC 1590		GX	4.519506	7.630889	13.69	0.9	
NGC 1591		GX	4.491819	-26.713111	13.69	1.39	
NGC 1592		GX	4.494481	-27.408528	14.09	1.02	
NGC 1593		GX	4.535033	0.567361	14.74	1.36	
NGC 1594		GX	4.514331	-5.798278	13.73	1.67	
NGC 1595		GX	4.472711	-47.815889	12.71	1.5	
NGC 1596		GX	4.460586	-55.027806	11.14	3.87	
NGC 1597		GX	4.520406	-11.290417	15.0	1.02	
NGC 1598		GX	4.476019	-47.782556	13.3	1.4	
NGC 1599		GX	4.527428	-4.588333	13.73	0.82	
NGC 16		GX	0.151192	27.729417	12.0	1.74	
NGC 160		GX	0.601128	23.957889	12.66	1.98	
NGC 1600		GX	4.527761	-5.08625	10.97	3.33	
NGC 1601		GX	4.528258	-5.060361	13.84	0.94	
NGC 1602		GX	4.465269	-55.057722	13.06	1.87	
NGC 1603		GX	4.530542	-5.094417	13.8	0.88	
NGC 1604		GX	4.532936	-5.369944	14.84	1.35	
NGC 1605		OC	4.581189	45.271389	10.7	3.3	
NGC 1606		GX	4.534261	-5.032444	16.54	0.57	
NGC 1607		GX	4.534192	-4.459944	15.0	1.33	
NGC 1609		GX	4.545856	-4.372417	14.65	1.24	
NGC 161		GX	0.592761	-2.848694	14.36	1.36	
NGC 1610		GX	4.570519	-4.69975	16.17	1.1	
NGC 1611		GX	4.551656	-4.297444	14.4	1.8	
NGC 1612		GX	4.553647	-4.172417	15.23	1.36	
NGC 1613		GX	4.557036	-4.265417	14.79	1.14	
NGC 1614		GX	4.566625	-8.578889	12.9	1.26	
NGC 1615		GX	4.600289	19.950333	12.01	1.36	
NGC 1616		GX	4.544925	-43.715889	12.64	1.91	
NGC 1617		GX	4.527647	-54.602278	10.37	5.24	
NGC 1618		GX	4.601833	-3.14875	12.72	2.14	
NGC 162		STAR	0.602572	23.962417	99.0	0.0	
NGC 1620		GX	4.610375	-0.143611	12.08	3.48	
NGC 1621		GX	4.606961	-4.987306	14.83	1.34	
NGC 1622		GX	4.610178	-3.188833	12.53	2.86	
NGC 1623		GX	4.592336	-13.556444	16.63	0.78	
NGC 1624		OC	4.676806	50.461667	11.8	3.0	
NGC 1625		GX	4.618406	-3.3035	12.4	2.56	
NGC 1627		GX	4.627222	-4.887472	13.53	1.65	
NGC 1628		GX	4.626739	-4.714833	14.24	1.91	
NGC 1629		GC	4.493586	-71.838278	12.68	1.7	
NGC 163		GX	0.599953	-10.121694	12.74	1.43	
NGC 1630		GX	4.620967	-18.901528	15.19	0.78	
NGC 1631		GX	4.640047	-20.649861	14.29	1.33	
NGC 1632		GX	4.666272	-9.456222	15.28	0.73	
NGC 1633		GX	4.669197	7.349444	14.54	1.09	
NGC 1634		GX	4.669383	7.338778	14.96	0.67	
NGC 1635		GX	4.668856	-0.547528	13.42	1.53	
NGC 1636		GX	4.677833	-8.60775	13.93	1.24	
NGC 1637		GX	4.691161	-2.857972	10.85	3.18	
NGC 1638		GX	4.693475	-1.809028	12.24	2.08	
NGC 1639		OTHER	4.681169	-16.990861	99.0	0.0	
NGC 164		GX	0.609142	2.749778	15.95	0.53	
NGC 1640		GX	4.704033	-20.434778	11.69	2.72	
NGC 1641		OC	4.593033	-65.762889	99.0	9.6	
NGC 1642		GX	4.715253	0.618583	12.62	1.66	
NGC 1643		GX	4.728875	-5.319444	14.08	1.24	
NGC 1644		GC	4.627803	-66.199083	12.89	1.8	
NGC 1645		GX	4.735106	-5.465611	14.0	2.18	
NGC 1646		GX	4.739889	-8.532778	13.64	1.49	
NGC 1647		OC	4.765436	19.095111	6.4	27.0	
NGC 1648		GX	4.743	-8.478861	15.56	0.84	
NGC 1649		GC	4.639681	-68.672917	13.13	1.5	
NGC 165		GX	0.608033	-10.106167	13.19	1.63	
NGC 1650		GX	4.753197	-15.870028	12.91	2.4	
NGC 1651		GC	4.625631	-70.585861	12.28	2.7	
NGC 1653		GX	4.763153	-2.392833	11.97	1.79	
NGC 1654		GX	4.763458	-2.083889	14.36	0.85	
NGC 1655		OTHER	4.786639	20.923667	99.0	0.0	
NGC 1656		GX	4.764831	-5.136722	14.5	1.74	
NGC 1657		GX	4.768683	-2.077278	14.94	1.15	
NGC 1658		GX	4.733711	-41.463417	14.35	1.02	
NGC 1659		GX	4.774986	-4.788778	12.54	1.5	
NGC 166		GX	0.596883	-13.610639	15.18	0.89	
NGC 1660		GX	4.736503	-41.497583	14.87	1.14	
NGC 1661		GX	4.785456	-2.054583	14.24	1.15	
NGC 1662		OC	4.808042	10.930389	6.4	13.8	
NGC 1663		OC	4.823206	13.151056	14.54	7.2	
NGC 1664		OC	4.851508	43.676167	7.6	11.4	
NGC 1665		GX	4.804742	-5.427611	14.06	1.79	
NGC 1666		GX	4.809122	-6.569972	12.7	1.35	
NGC 1667		GX	4.810317	-6.319972	12.15	1.89	
NGC 1668		GX	4.768314	-44.733361	13.77	1.58	
NGC 1669		GX	4.716639	-65.814333	14.89	0.73	
NGC 167		GX	0.589747	-23.375	14.32	0.97	
NGC 1670		GX	4.828506	-2.7605	13.95	1.61	
NGC 1671		GX	4.826119	0.252861	12.88	1.34	
NGC 1672		GX	4.761806	-59.247194	10.16	6.14	
NGC 1673		OC	4.711011	-69.82125	14.07	1.0	
NGC 1674		OTHER	4.873603	23.907667	99.0	0.0	
NGC 1675		OTHER	4.873603	23.907667	99.0	0.0	
NGC 1676		OC	4.731714	-68.827583	99.0	1.1	
NGC 1677		GX	4.847797	-4.892722	14.99	1.21	
NGC 1678		GX	4.859844	-2.623139	14.28	1.28	
NGC 1679		GX	4.831844	-31.964667	11.62	3.07	
NGC 168		GX	0.610739	-22.5935	14.88	1.31	
NGC 1680		GX	4.809447	-47.816444	14.46	1.33	
NGC 1681		GX	4.863906	-5.803222	13.4	1.19	
NGC 1682		GX	4.872164	-3.105861	14.44	0.98	
NGC 1683		GX	4.871556	-3.024639	15.98	0.86	
NGC 1684		GX	4.875319	-3.106056	13.0	2.55	
NGC 1685		GX	4.876175	-2.949333	15.18	1.23	
NGC 1686		GX	4.88185	-15.346472	14.48	1.85	
NGC 1687		GX	4.855936	-33.939028	14.73	1.35	
NGC 1688		GX	4.806608	-59.800333	11.85	2.47	
NGC 169		GX	0.614333	23.990917	13.1	1.53	
NGC 1690		GX	4.90535	1.640361	14.94	1.07	
NGC 1691		GX	4.91065	3.267972	13.12	1.54	
NGC 1692		GX	4.923258	-20.571167	13.02	1.38	
NGC 1693		GC	4.794103	-69.343639	12.89	1.1	
NGC 1694		GX	4.921339	-4.652667	15.01	1.18	
NGC 1695		GC	4.795689	-69.37375	12.16	1.4	
NGC 1696		OC	4.808325	-68.242861	13.95	1.1	
NGC 1697		GC	4.809947	-68.558444	12.62	2.3	
NGC 1698		GC	4.818069	-69.115083	12.07	1.5	
NGC 1699		GX	4.949897	-4.756861	15.0	1.03	
NGC 169A		GX	0.614536	23.984972	13.68	0.83	
NGC 17		GX	0.185153	-12.107306	13.52	1.15	
NGC 170		GX	0.612728	1.886472	15.36	0.7	
NGC 1700		GX	4.948975	-4.865778	11.16	3.11	
NGC 1701		GX	4.930869	-29.883444	13.64	1.24	
NGC 1702		OC	4.824356	-69.850778	12.5	1.2	
NGC 1703		GX	4.881153	-59.74225	11.69	2.68	
NGC 1704		OC	4.832072	-69.756306	11.5	1.7	
NGC 1705		GX	4.90375	-53.361056	12.46	1.87	
NGC 1706		GX	4.875283	-62.985778	12.64	1.43	
NGC 1707		OTHER	4.972392	8.238361	99.0	0.0	
NGC 1708		OC	5.056078	52.832083	99.0	6.0	
NGC 1709		GX	4.978897	-0.47825	15.03	0.93	
NGC 171		GX	0.622647	-19.93425	12.25	2.06	
NGC 1710		GX	4.954742	-15.289	14.5	1.61	
NGC 1711		GC	4.843369	-69.985444	11.1	3.5	
NGC 1712		STAR	4.849564	-69.4075	99.0	4.0	
NGC 1713		GX	4.981836	-0.488917	12.71	1.33	
NGC 1714		OC	4.869125	-66.923389	11.61	1.1	
NGC 1715		EN	4.869578	-66.908694	99.0	1.1	
NGC 1716		GX	4.970367	-20.363583	13.94	1.32	
NGC 1717		GX	4.975406	-0.574667	15.62	0.95	
NGC 1718		OC	4.873719	-67.050667	12.25	1.8	
NGC 1719		GX	4.992953	-0.260417	14.44	1.09	
NGC 172		GX	0.620447	-22.587028	13.52	2.04	
NGC 1720		GX	4.989064	-7.858972	13.0	1.96	
NGC 1721		GX	4.988167	-11.118722	13.82	1.58	
NGC 1722		OC	4.866833	-69.375	99.0	2.5	
NGC 1723		GX	4.990525	-10.980694	12.03	3.03	
NGC 1724		OC	5.058978	49.491778	99.0	3.0	
NGC 1725		GX	4.989692	-11.132306	13.82	1.39	
NGC 1726		GX	4.994972	-7.75525	11.65	2.9	
NGC 1727		OC	4.870214	-69.338917	99.0	2.8	
NGC 1728		GX	4.991036	-11.122944	13.0	1.24	
NGC 1729		GX	5.004358	-3.3525	13.2	1.81	
NGC 173		GX	0.620131	1.94225	13.45	2.09	
NGC 1730		GX	4.992175	-15.823639	13.22	2.28	
NGC 1731		STAR	4.892247	-66.925278	99.0	4.8	
NGC 1732		OC	4.886275	-68.65	12.3	1.1	
NGC 1733		OC	4.901319	-66.682583	13.31	1.5	
NGC 1734		OC	4.892636	-68.768778	13.1	1.2	
NGC 1735		OC	4.905461	-67.099556	10.76	1.8	
NGC 1736		EN	4.883764	-68.053111	15.5	1.9	
NGC 1737		EN	4.899919	-69.174556	99.0	1.1	
NGC 1738		GX	5.029639	-18.157056	13.71	1.35	
NGC 1739		GX	5.029817	-18.166806	14.25	1.5	
NGC 174		GX	0.616372	-29.477833	13.8	1.57	
NGC 1740		GX	5.031889	-3.296333	14.04	1.79	
NGC 1741		GX	5.027306	-4.257	15.52	1.21	
NGC 1741B		GX	5.026722	-4.261944	15.22	0.93	
NGC 1742		STAR	5.033147	-3.294972	99.0	0.0	
NGC 1743		EN	4.900742	-69.198611	11.26	0.95	
NGC 1744		GX	4.999389	-26.022222	11.5	5.28	
NGC 1745		EN	4.905728	-69.158889	13.4	1.2	
NGC 1746		OC	5.063942	23.767639	6.1	18.0	
NGC 1747		OC	4.919717	-67.168889	9.37	4.4	
NGC 1748		EN	4.907214	-69.184111	12.3	0.9	
NGC 1749		OC	4.915572	-68.188667	13.56	1.5	
NGC 1750		OC	5.066675	23.645778	99.0	0.0	
NGC 1751		GC	4.903494	-69.805833	11.73	1.6	
NGC 1752		GX	5.035969	-8.240861	12.4	2.95	
NGC 1753		GX	5.042317	-3.344333	14.77	1.32	
NGC 1754		GC	4.905264	-70.442472	11.57	1.6	
NGC 1755		GC	4.920797	-68.204056	9.85	2.2	
NGC 1756		GC	4.913842	-69.237639	12.24	1.4	
NGC 1757		OTHER	5.044267	-4.722944	99.0	0.0	
NGC 1758		OC	5.0784	23.781639	99.0	0.0	
NGC 1759		GX	5.013622	-38.673889	14.12	1.95	
NGC 176		OC	0.599408	-73.166389	13.01	1.2	
NGC 1760		EN	4.945658	-66.527333	99.0	5.1	
NGC 1761		STAR	4.943814	-66.478861	9.94	4.2	
NGC 1762		GX	5.060286	1.573333	12.6	1.75	
NGC 1763		OC	4.946997	-66.409083	9.4	5.2	
NGC 1764		OC	4.941033	-67.69375	12.58	1.1	
NGC 1765		GX	4.973378	-62.028389	13.95	1.18	
NGC 1766		OC	4.932667	-70.225056	12.22	1.0	
NGC 1767		OC	4.940917	-69.400556	10.61	1.3	
NGC 1768		OC	4.950044	-68.249444	12.79	0.65	
NGC 1769		EN	4.963158	-66.469083	99.0	4.1	
NGC 177		GX	0.626206	-22.54925	14.15	2.11	
NGC 1770		OC	4.954364	-68.418083	99.0	4.1	
NGC 1771		GX	4.982144	-63.298222	13.43	1.95	
NGC 1772		OC	4.947997	-69.556056	10.97	1.5	
NGC 1773		EN	4.970008	-66.360111	99.0	2.7	
NGC 1774		OC	4.968578	-67.242333	10.76	1.7	
NGC 1775		OC	4.94855	-70.432	12.55	1.0	
NGC 1776		OC	4.9777	-66.429583	13.01	1.3	
NGC 1777		GC	4.929906	-74.285361	12.8	2.4	
NGC 1778		OC	5.134917	37.022833	7.7	4.5	
NGC 1779		GX	5.088353	-9.147139	12.1	2.67	
NGC 178		GX	0.652333	-14.172833	12.57	2.11	
NGC 1780		GX	5.105753	-19.466667	14.74	0.92	
NGC 1781		GX	5.131953	-18.189917	13.72	1.27	
NGC 1782		OC	4.964192	-69.392194	10.5	1.2	
NGC 1783		GC	4.985781	-65.987278	10.93	5.3	
NGC 1784		GX	5.090861	-11.871528	11.6	4.0	
NGC 1785		STAR	4.979156	-68.824861	99.0	2.0	
NGC 1786		GC	4.985506	-67.745222	10.1	2.0	
NGC 1787		OC	5.029003	-65.823306	10.92	24.0	
NGC 1788		RN	5.114783	-3.340972	5.8	2.0	
NGC 1789		GC	4.964356	-71.901972	13.06	1.8	
NGC 179		GX	0.629522	-17.849472	13.21	1.12	
NGC 1790		OC	5.182283	52.059806	99.0	0.0	
NGC 1791		OC	4.985133	-70.16875	13.12	1.2	
NGC 1792		GX	5.087347	-37.98075	10.16	5.52	
NGC 1793		OC	4.993947	-69.557639	12.41	1.3	
NGC 1795		OC	4.996361	-69.801167	12.42	1.4	
NGC 1796		GX	5.045153	-61.140056	12.43	1.93	
NGC 1796A		GX	5.084167	-61.484444	14.88	1.28	
NGC 1796B		GX	5.131917	-61.191111	15.77	1.12	
NGC 1797		GX	5.129133	-8.019083	14.42	1.19	
NGC 1798		OC	5.194256	47.6955	99.0	5.4	
NGC 1799		GX	5.129061	-7.969278	15.0	1.25	
NGC 18		STAR	0.156417	27.732083	14.0	0.0	
NGC 180		GX	0.632694	8.635194	14.19	2.2	
NGC 1800		GX	5.107144	-31.954222	12.58	1.55	
NGC 1801		GC	5.009586	-69.61375	12.16	2.2	
NGC 1802		OC	5.170242	24.125139	99.0	4.8	
NGC 1803		GX	5.090717	-49.567944	12.86	0.93	
NGC 1804		OC	5.017572	-69.082583	11.87	0.95	
NGC 1805		GC	5.039256	-66.11225	99.0	1.8	
NGC 1806		GC	5.036769	-67.98575	11.1	2.5	
NGC 1807		OC	5.179175	16.51275	7.0	5.4	
NGC 1808		GX	5.128428	-37.513056	10.21	5.42	
NGC 1809		GX	5.034725	-69.568278	12.34	3.74	
NGC 181		GX	0.639781	29.472583	15.53	0.86	
NGC 1810		OC	5.056464	-66.381806	11.9	1.2	
NGC 1811		GX	5.145206	-29.275972	14.48	1.73	
NGC 1812		GX	5.148031	-29.25125	13.7	1.27	
NGC 1813		OC	5.044522	-70.317944	12.76	0.95	
NGC 1814		OC	5.062906	-67.300667	12.76	1.2	
NGC 1815		OC	5.040903	-70.621056	12.41	1.2	
NGC 1816		OC	5.064097	-67.26075	13.02	0.9	
NGC 1817		OC	5.207297	16.684083	7.7	9.3	
NGC 1818		GC	5.070767	-66.4345	9.7	3.1	
NGC 1819		GX	5.19615	5.200611	13.66	1.53	
NGC 182		GX	0.636772	2.728556	12.57	1.86	
NGC 1820		OC	5.067133	-67.265944	11.5	7.0	
NGC 1821		GX	5.196139	-15.134639	13.92	1.26	
NGC 1822		OC	5.085889	-66.210556	13.15	1.2	
NGC 1823		OC	5.056933	-70.3355	12.09	1.0	
NGC 1824		GX	5.115611	-59.723972	12.57	2.14	
NGC 1825		OC	5.071956	-68.926417	12.04	1.0	
NGC 1826		OC	5.092581	-66.22975	13.25	1.2	
NGC 1827		GX	5.167944	-36.96025	13.24	3.24	
NGC 1828		OC	5.072467	-69.388167	12.52	1.2	
NGC 1829		OC	5.083333	-68.05925	99.0	1.8	
NGC 183		GX	0.641497	29.511222	12.74	1.02	
NGC 1830		OC	5.077297	-69.340167	12.56	1.3	
NGC 1831		GC	5.104644	-64.9175	11.18	3.8	
NGC 1832		GX	5.200925	-15.687806	11.54	2.46	
NGC 1833		OC	5.073475	-70.728056	99.0	1.6	
NGC 1834		OC	5.086494	-69.207472	11.82	0.95	
NGC 1835		GC	5.085161	-69.403861	10.6	2.3	
NGC 1836		OC	5.092894	-68.627889	12.22	1.5	
NGC 1837		OC	5.082167	-70.714	12.27	1.9	
NGC 1838		OC	5.102189	-68.445194	12.93	1.3	
NGC 1839		OC	5.100653	-68.626778	11.8	1.6	
NGC 184		GX	0.643272	29.447611	15.46	0.73	
NGC 1840		OC	5.088656	-71.762889	99.0	0.8	
NGC 1841		GC	4.756486	-83.999056	11.43	4.0	
NGC 1842		OC	5.121694	-67.273167	14.02	1.5	
NGC 1843		GX	5.235006	-10.627028	13.28	1.8	
NGC 1844		OC	5.125189	-67.323417	12.08	1.6	
NGC 1845		STAR	5.095836	-70.581611	10.2	8.9	
NGC 1846		GC	5.126094	-67.461472	11.31	3.8	
NGC 1847		OC	5.118933	-68.971444	12.47	1.8	
NGC 1848		OC	5.124211	-71.195361	9.73	2.2	
NGC 1849		OC	5.159669	-66.315806	12.77	1.5	
NGC 185		GX	0.649436	48.337389	9.2	12.94	
NGC 1850		GC	5.145758	-68.761667	8.96	3.0	
NGC 1851		GC	5.235203	-40.046611	7.23	9.0	
NGC 1852		GC	5.156608	-67.77625	12.01	1.9	
NGC 1853		GX	5.204589	-57.399028	13.59	1.53	
NGC 1854		GC	5.155525	-68.847361	10.39	2.3	
NGC 1855		STAR	5.154697	-68.845639	99.0	0.0	
NGC 1856		GC	5.158158	-69.127583	10.06	2.7	
NGC 1857		OC	5.334878	39.343611	7.0	4.5	
NGC 1858		OC	5.164428	-68.89125	9.88	4.4	
NGC 1859		OC	5.192164	-65.249722	12.26	1.5	
NGC 186		GX	0.640361	3.166444	14.72	1.39	
NGC 1860		OC	5.177642	-68.75225	11.04	1.1	
NGC 1861		OC	5.172817	-70.777111	13.16	1.5	
NGC 1862		OC	5.209594	-66.154361	13.33	0.9	
NGC 1863		OC	5.194328	-68.726778	99.0	1.4	
NGC 1864		OC	5.211278	-67.62125	12.86	1.1	
NGC 1865		OC	5.206967	-68.771028	12.91	1.4	
NGC 1866		GC	5.227528	-65.465583	9.73	5.5	
NGC 1867		OC	5.228406	-66.291944	13.35	1.5	
NGC 1868		GC	5.243417	-63.9545	11.57	2.7	
NGC 1869		OC	5.232311	-67.379389	99.0	2.0	
NGC 187		GX	0.658447	-14.656306	14.0	1.53	
NGC 1870		GC	5.219417	-69.116944	11.26	1.1	
NGC 1871		OC	5.231044	-67.452639	10.09	2.3	
NGC 1872		GC	5.219658	-69.311583	11.04	1.7	
NGC 1873		OC	5.232131	-67.334361	10.44	2.8	
NGC 1874		OC	5.219906	-69.376222	12.81	1.4	
NGC 1875		GX	5.362711	6.688861	14.63	0.79	
NGC 1876		OC	5.221842	-69.362139	11.71	1.5	
NGC 1877		EN	5.227456	-69.383778	12.0	1.1	
NGC 1878		OC	5.214142	-70.471694	12.94	1.1	
NGC 1879		GX	5.330064	-32.14275	12.79	2.42	
NGC 188		OC	0.790981	85.269639	8.1	17.7	
NGC 1880		EN	5.223661	-69.379444	12.81	1.2	
NGC 1881		OC	5.226992	-69.299167	99.0	1.2	
NGC 1882		OC	5.259258	-66.129556	12.33	1.6	
NGC 1883		OC	5.431722	46.490139	12.0	5.7	
NGC 1884		OTHER	5.266122	-66.163389	99.0	0.0	
NGC 1885		OC	5.251628	-68.977556	11.97	1.4	
NGC 1886		GX	5.363375	-23.810139	13.6	3.22	
NGC 1887		OC	5.268314	-66.318556	12.72	1.5	
NGC 1888		GX	5.376236	-11.499528	11.92	3.32	
NGC 1889		GX	5.376472	-11.496944	14.09	0.63	
NGC 189		OC	0.659917	61.094472	8.8	2.7	
NGC 1890		OC	5.229397	-72.077972	12.81	1.1	
NGC 1891		OC	5.362283	-35.789306	99.0	0.0	
NGC 1892		GX	5.285847	-64.95975	12.29	3.37	
NGC 1893		OC	5.378928	33.412028	7.5	6.0	
NGC 1894		OC	5.264242	-69.468528	12.16	1.4	
NGC 1895		EN	5.280997	-67.329583	12.93	1.4	
NGC 1896		OC	5.4263	29.260222	99.0	3.9	
NGC 1897		OC	5.292022	-67.451	13.49	1.1	
NGC 1898		OC	5.278439	-69.656222	11.86	1.6	
NGC 1899		EN	5.296853	-67.900722	99.0	1.1	
NGC 19		GX	0.178019	32.983083	13.83	1.21	
NGC 190		GX	0.648528	7.059722	99.0	1.1	
NGC 190 NED01		GX	0.648522	7.062694	14.93	0.93	
NGC 190 NED02		GX	0.648536	7.056722	15.71	0.72	
NGC 1900		OC	5.319272	-63.023694	13.59	1.8	
NGC 1901		OC	5.304211	-68.436306	99.0	11.1	
NGC 1902		OC	5.305317	-66.627417	11.77	1.7	
NGC 1903		GC	5.289528	-69.335306	11.86	1.9	
NGC 1905		OC	5.306586	-67.278167	13.21	0.95	
NGC 1906		GX	5.413083	-15.943306	14.11	1.03	
NGC 1907		OC	5.467931	35.325667	8.2	5.4	
NGC 1908		OTHER	5.431611	-2.528889	99.0	0.0	
NGC 1909	the Witch Head Nebula	RN	5.082067	-7.265639	99.0	180.0	
NGC 191		GX	0.649844	-9.002611	13.81	1.0	
NGC 1910		OC	5.311964	-69.231917	9.65	3.6	
NGC 1911		OC	5.324133	-66.68425	99.0	0.6	
NGC 1913		OC	5.305358	-69.536472	11.14	1.3	
NGC 1914		OC	5.294378	-71.255861	12.01	1.5	
NGC 1915		STAR	5.3284	-66.821528	99.0	0.6	
NGC 1916		GC	5.310131	-69.406806	10.38	2.1	
NGC 1917		GC	5.317214	-68.998972	12.33	1.7	
NGC 1918		SNR	5.318608	-69.662444	99.0	3.9	
NGC 1919		EN	5.338625	-66.891139	99.0	1.4	
NGC 191A		GX	0.650067	-9.014583	14.59	0.87	
NGC 192		GX	0.653731	0.864333	12.64	2.06	
NGC 1920		EN	5.342639	-66.778722	12.54	1.2	
NGC 1921		OC	5.322986	-69.78775	12.95	1.0	
NGC 1922		OC	5.330256	-69.44825	11.51	1.0	
NGC 1923		OC	5.359461	-65.486722	11.24	0.95	
NGC 1924		GX	5.467203	-5.31075	12.53	1.6	
NGC 1925		STAR	5.362211	-65.793611	99.0	6.0	
NGC 1926		GC	5.343175	-69.525278	11.79	1.4	
NGC 1927		OTHER	5.478606	-8.377333	99.0	0.0	
NGC 1928		OC	5.349028	-69.477944	12.47	1.3	
NGC 1929		OC	5.360008	-67.912056	14.0	1.2	
NGC 193		GX	0.655164	3.331111	12.3	2.07	
NGC 1930		GX	5.432444	-46.728472	12.37	1.97	
NGC 1931		OC	5.523708	34.246556	10.1	4.8	
NGC 1932		STAR	5.371456	-66.154333	13.8	0.0	
NGC 1933		OC	5.374256	-66.152167	13.8	1.3	
NGC 1934		OC	5.363303	-67.937167	10.5	1.9	
NGC 1935		EN	5.366308	-67.957389	99.0	1.2	
NGC 1936		EN	5.370544	-67.978306	11.6	1.0	
NGC 1937		STAR	5.374767	-67.894667	99.0	3.2	
NGC 1938		GC	5.356864	-69.939389	13.09	0.9	
NGC 1939		GC	5.357392	-69.94975	11.83	1.4	
NGC 194		GX	0.655117	3.037444	12.13	1.73	
NGC 1940		GC	5.378817	-67.186556	11.91	1.2	
NGC 1941		OC	5.385472	-66.378639	12.0	0.9	
NGC 1942		OC	5.412372	-63.942111	13.46	1.9	
NGC 1943		GC	5.37465	-70.154861	11.88	1.1	
NGC 1944		GC	5.365953	-72.494083	11.84	2.7	
NGC 1945		EN	5.415267	-66.457472	99.0	10.0	
NGC 1946		OC	5.421217	-66.394556	12.62	1.0	
NGC 1947		GX	5.446558	-63.760028	10.47	3.48	
NGC 1948		OC	5.429511	-66.266806	10.61	7.0	
NGC 1949		EN	5.418008	-68.472528	12.39	0.95	
NGC 195		GX	0.659942	-9.194528	13.45	1.22	
NGC 1950		OC	5.409164	-69.902306	13.17	1.7	
NGC 1951		OC	5.435228	-66.59725	10.58	1.7	
NGC 1953		GC	5.424392	-68.838306	11.74	1.2	
NGC 1954		GX	5.546758	-14.062778	12.04	3.62	
NGC 1955		EN	5.4361	-67.497389	8.87	4.0	
NGC 1956		GX	5.326478	-77.728667	14.06	1.75	
NGC 1957		GX	5.548667	-14.133139	14.84	0.87	
NGC 1958		GC	5.425144	-69.836778	12.99	1.5	
NGC 1959		OC	5.426842	-69.926917	12.17	1.6	
NGC 196		GX	0.654956	0.91275	13.49	1.27	
NGC 1961		GX	5.701292	69.378444	11.54	4.42	
NGC 1962		OC	5.438258	-68.837639	11.47	1.4	
NGC 1963		OC	5.538008	-36.398639	99.0	6.3	
NGC 1964		GX	5.556044	-21.945778	10.91	5.16	
NGC 1965		OC	5.442017	-68.805472	11.7	1.2	
NGC 1966		OC	5.446067	-68.819861	11.83	1.1	
NGC 1967		OC	5.445364	-69.101528	10.81	0.95	
NGC 1968		STAR	5.456142	-67.463833	8.22	5.0	
NGC 1969		OC	5.442322	-69.841361	12.46	1.2	
NGC 197		GX	0.655219	0.891917	13.53	0.94	
NGC 1970		OC	5.447964	-68.836667	10.28	1.5	
NGC 1971		OC	5.4459	-69.851611	11.9	1.1	
NGC 1972		OC	5.446489	-69.838333	12.62	0.9	
NGC 1973		EN	5.584661	-4.731778	7.0	5.0	
NGC 1974		OC	5.466394	-67.424139	10.3	1.6	
NGC 1975		EN	5.5883	-4.685222	7.0	10.0	
NGC 1977	the Running Man Nebula	OC	5.587722	-4.844333	99.0	10.2	
NGC 1978		GC	5.479203	-66.235917	10.7	4.0	
NGC 1979		GX	5.566975	-23.310083	12.9	1.88	
NGC 198		GX	0.656383	2.797917	13.1	1.28	
NGC 1980	Lower Sword	OC	5.590553	-5.909889	2.5	9.3	
NGC 1981	Upper Sword	OC	5.585997	-4.425056	4.2	9.0	
NGC 1983		OC	5.462292	-68.986056	99.0	4.0	
NGC 1984		OC	5.461364	-69.134333	9.99	1.5	
NGC 1985		RN	5.629947	31.988833	12.7	0.68	
NGC 1986		GC	5.460578	-69.973639	11.07	2.8	
NGC 1987		GC	5.454764	-70.737361	12.1	1.7	
NGC 1988		STAR	5.624025	21.21825	99.0	0.0	
NGC 1989		GX	5.573172	-30.801056	14.13	1.72	
NGC 199		GX	0.659214	3.138528	14.61	1.14	
NGC 1990	Alnilam	STAR	5.603561	-1.201917	1.69	0.0	
NGC 1992		GX	5.575492	-30.897	14.69	1.22	
NGC 1993		GX	5.590436	-17.815306	13.63	1.58	
NGC 1994		OC	5.472714	-69.141833	99.0	1.6	
NGC 1995		STAR	5.550928	-48.675139	99.0	0.0	
NGC 1996		OC	5.638578	25.823167	99.0	6.0	
NGC 1997		OC	5.509639	-63.199528	13.43	1.8	
NGC 1998		GX	5.554378	-48.695611	15.19	0.95	
NGC 1999		RN	5.607042	-6.715861	9.5	2.0	
NGC 2		GX	0.121419	27.678361	14.17	0.95	
NGC 200		GX	0.659689	2.887444	12.65	1.8	
NGC 2000		OC	5.458122	-71.879389	12.14	1.6	
NGC 2001		STAR	5.483906	-68.769278	99.0	7.3	
NGC 2002		GC	5.50575	-66.885	10.84	1.9	
NGC 2003		GC	5.515333	-66.466556	11.3	1.7	
NGC 2004		GC	5.511875	-67.286444	9.6	3.0	
NGC 2005		GC	5.503014	-69.752417	11.57	1.6	
NGC 2006		STAR	5.5225	-66.965278	10.88	1.6	
NGC 2007		GX	5.583103	-50.921694	14.85	1.53	
NGC 2008		GX	5.584392	-50.966778	14.0	1.23	
NGC 2009		OC	5.516433	-69.181667	11.02	1.4	
NGC 201		GX	0.659672	0.859889	12.99	1.71	
NGC 2010		OC	5.509703	-70.819667	11.72	1.9	
NGC 2011		OC	5.538947	-67.523139	10.58	1.0	
NGC 2012		GX	5.376486	-79.851806	12.97	1.29	
NGC 2013		OC	5.733797	55.793583	99.0	0.0	
NGC 2014		EN	5.538853	-67.689833	8.97	5.1	
NGC 2015		STAR	5.535136	-69.243028	10.43	4.7	
NGC 2016		OC	5.52745	-69.945861	99.0	1.8	
NGC 2017		OC	5.654531	-17.8485	99.0	5.0	
NGC 2018		EN	5.523581	-71.069056	10.89	2.8	
NGC 2019		GC	5.532406	-70.159583	10.86	1.5	
NGC 202		GX	0.661069	3.536278	15.45	0.96	
NGC 2020		EN	5.553497	-67.715889	99.0	3.2	
NGC 2021		OC	5.558519	-67.452889	12.06	0.9	
NGC 2022		PN	5.701725	9.086528	11.6	0.32	
NGC 2023		RN	5.693997	-2.259028	99.0	10.0	
NGC 2024		EN	5.695158	-1.856278	99.0	30.0	
NGC 2025		OC	5.542678	-71.7155	10.94	1.9	
NGC 2026		OC	5.719486	20.138889	99.0	4.2	
NGC 2027		OC	5.583253	-66.916306	10.97	4.6	
NGC 2028		OC	5.563492	-69.951806	12.88	1.1	
NGC 2029		OC	5.594628	-66.035	12.29	1.1	
NGC 203		GX	0.660981	3.442889	14.92	0.98	
NGC 2030		EN	5.583261	-67.556361	12.29	1.7	
NGC 2031		GC	5.561617	-70.986778	10.83	3.3	
NGC 2032		EN	5.589061	-67.568444	99.0	2.8	
NGC 2033		STAR	5.575194	-69.780139	11.63	5.9	
NGC 2034		STAR	5.592436	-66.903639	99.0	4.5	
NGC 2035		EN	5.592	-67.584167	10.99	1.8	
NGC 2036		OC	5.575386	-70.064361	12.77	1.6	
NGC 2037		OC	5.583508	-69.731583	10.31	2.9	
NGC 2038		OC	5.578408	-70.562944	11.92	1.6	
NGC 2039		OTHER	5.733586	8.691056	99.0	0.0	
NGC 204		GX	0.662297	3.299583	12.96	1.4	
NGC 2040		EN	5.601647	-67.568556	11.47	2.1	
NGC 2041		GC	5.607792	-66.989778	10.36	2.6	
NGC 2042		OC	5.602661	-68.923444	9.58	4.5	
NGC 2043		OC	5.599217	-70.074417	99.0	0.65	
NGC 2044		STAR	5.601717	-69.198667	10.59	5.5	
NGC 2045		STAR	5.750361	12.888361	6.46	0.0	
NGC 2046		OC	5.593758	-70.240694	12.64	1.1	
NGC 2047		OC	5.598053	-70.192667	13.15	0.95	
NGC 2048		EN	5.598775	-69.648528	12.17	1.4	
NGC 2049		GX	5.720919	-30.078389	13.68	2.14	
NGC 2050		STAR	5.610783	-69.383528	9.25	3.0	
NGC 2051		OC	5.602039	-71.011389	11.69	1.5	
NGC 2052		EN	5.619736	-69.774194	99.0	18.0	
NGC 2053		OC	5.627694	-67.412917	12.18	1.5	
NGC 2054		OTHER	5.754272	-10.083139	99.0	0.0	
NGC 2055		STAR	5.612425	-69.498639	8.39	1.9	
NGC 2056		OC	5.609436	-70.671889	11.77	1.5	
NGC 2057		OC	5.615317	-70.268944	12.17	1.3	
NGC 2058		OC	5.615061	-70.16225	11.85	2.1	
NGC 2059		OC	5.616819	-70.129028	12.85	1.1	
NGC 206		STAR	0.675361	40.739278	99.0	0.0	
NGC 2060		SNR	5.629694	-69.171667	9.59	2.2	
NGC 2061		OC	5.711603	-34.009528	99.0	0.0	
NGC 2062		OC	5.667417	-66.87575	12.67	1.2	
NGC 2063		OTHER	5.778619	8.781111	99.0	0.0	
NGC 2064		RN	5.771775	0.005944	99.0	10.0	
NGC 2065		OC	5.627339	-70.236472	11.24	2.3	
NGC 2066		OC	5.628644	-70.166556	13.1	1.0	
NGC 2067		RN	5.775522	0.13125	99.0	8.0	
NGC 2069		EN	5.646233	-68.974389	10.1	5.0	
NGC 207		GX	0.661308	-14.237083	14.74	0.91	
NGC 2070	30 Dor Cluster	EN	5.6451	-69.100889	7.25	16.0	
NGC 2071		OC	5.78535	0.29425	8.0	7.0	
NGC 2072		OC	5.640108	-70.234056	13.21	1.0	
NGC 2073		GX	5.764975	-21.999139	13.45	1.44	
NGC 2074		OC	5.650994	-69.498111	8.5	4.0	
NGC 2075		OC	5.639264	-70.685028	11.47	2.2	
NGC 2076		GX	5.77985	-16.782611	12.93	2.52	
NGC 2077		EN	5.660006	-69.657111	11.71	1.3	
NGC 2078		EN	5.660958	-69.743167	10.89	1.2	
NGC 2079		EN	5.660444	-69.757194	11.81	1.1	
NGC 208		GX	0.67155	2.7565	15.45	0.77	
NGC 2080		EN	5.662728	-69.644111	10.42	1.7	
NGC 2081		OC	5.666497	-69.405889	99.0	8.5	
NGC 2082		GX	5.697533	-64.301139	12.19	2.06	
NGC 2083		EN	5.66645	-69.737583	10.83	2.0	
NGC 2084		EN	5.668611	-69.759417	99.0	1.7	
NGC 2085		EN	5.669397	-69.672806	12.06	0.95	
NGC 2086		EN	5.670244	-69.667861	12.0	0.85	
NGC 2087		GX	5.737786	-55.532444	14.7	0.81	
NGC 2088		OC	5.683281	-68.465361	12.47	1.5	
NGC 2089		GX	5.797619	-17.602389	12.94	2.2	
NGC 209		GX	0.651	-18.608278	14.09	1.14	
NGC 2090		GX	5.783858	-34.250611	10.92	4.47	
NGC 2091		OC	5.682789	-69.437083	12.07	1.3	
NGC 2092		OC	5.689444	-69.224222	99.0	1.0	
NGC 2093		STAR	5.69715	-68.921417	11.57	1.5	
NGC 2094		OC	5.702458	-68.363778	12.8	0.85	
NGC 2095		OC	5.710044	-67.318889	13.09	1.5	
NGC 2096		OC	5.704944	-68.458611	11.31	1.1	
NGC 2097		GC	5.737783	-62.785611	13.67	1.9	
NGC 2098		OC	5.708619	-68.273167	10.73	2.2	
NGC 21		GX	0.179694	33.352833	13.42	1.38	
NGC 210		GX	0.676394	-13.872806	11.12	4.98	
NGC 2100		GC	5.702519	-69.211833	9.6	2.5	
NGC 2101		GX	5.773381	-52.088528	13.27	1.24	
NGC 2102		OC	5.705692	-69.487083	11.44	0.85	
NGC 2103		EN	5.694542	-71.333139	10.82	4.0	
NGC 2104		GX	5.784647	-51.552917	12.73	2.12	
NGC 2105		GC	5.738661	-66.917611	12.19	1.7	
NGC 2106		GX	5.846286	-21.56725	13.13	2.43	
NGC 2107		OC	5.720244	-70.639944	11.51	1.7	
NGC 2108		GC	5.732464	-69.182111	12.32	1.8	
NGC 2109		OC	5.7397	-68.547806	12.21	1.6	
NGC 2110		GX	5.869828	-7.456222	13.51	1.83	
NGC 2111		OC	5.742497	-70.99325	12.45	1.5	
NGC 2112		OC	5.895892	0.410806	9.1	21.0	
NGC 2113		OC	5.756825	-69.774167	99.0	1.1	
NGC 2114		OC	5.770031	-68.048306	12.48	1.4	
NGC 2115		GX	5.85575	-50.5875	99.0	1.33	
NGC 2115A		GX	5.855506	-50.582861	14.16	1.21	
NGC 2115B		GX	5.855892	-50.5925	16.06	0.57	
NGC 2116		OC	5.787544	-68.507944	12.92	1.2	
NGC 2117		OC	5.796089	-67.450167	11.65	2.0	
NGC 2118		OC	5.794325	-69.131833	13.38	1.6	
NGC 2119		GX	5.957486	11.949194	15.0	1.26	
NGC 212		GX	0.670369	-56.153028	15.4	1.91	
NGC 2120		GC	5.842947	-63.677611	12.67	2.2	
NGC 2121		GC	5.803567	-71.479778	12.37	2.7	
NGC 2122		OC	5.814586	-70.070083	10.43	6.0	
NGC 2123		GC	5.862033	-65.321472	12.56	1.5	
NGC 2124		GX	5.964508	-20.084639	13.45	2.84	
NGC 2125		OC	5.848397	-69.479139	99.0	1.1	
NGC 2126		OC	6.042494	49.865917	99.0	5.4	
NGC 2127		OC	5.855911	-69.359056	11.64	1.5	
NGC 2128		GX	6.076175	57.62775	13.66	1.44	
NGC 2129		OC	6.018483	23.322167	6.7	3.9	
NGC 213		GX	0.686111	16.469389	14.72	1.44	
NGC 2130		GC	5.873256	-67.334111	12.1	1.4	
NGC 2131		GX	5.979867	-26.653	14.6	1.16	
NGC 2132		OC	5.928978	-59.927722	99.0	7.8	
NGC 2133		OC	5.857978	-71.175028	12.04	1.6	
NGC 2134		GC	5.866028	-71.097583	11.05	2.8	
NGC 2135		GC	5.893175	-67.429528	12.05	1.5	
NGC 2136		GC	5.882708	-69.49275	10.7	2.8	
NGC 2137		OC	5.886986	-69.481972	12.66	1.1	
NGC 2138		GC	5.913939	-65.837111	13.76	1.2	
NGC 2139		GX	6.018836	-23.672639	11.66	2.94	
NGC 214		GX	0.691119	25.499444	12.21	1.87	
NGC 2140		OC	5.904494	-68.599833	12.44	1.5	
NGC 2141		OC	6.048628	10.446472	9.4	5.4	
NGC 2142		STAR	6.030675	-10.597944	4.94	0.0	
NGC 2143		OC	6.050433	5.831278	99.0	6.9	
NGC 2144		GX	5.682553	-82.119389	13.94	1.46	
NGC 2145		OC	5.906406	-70.901028	12.07	1.5	
NGC 2146		GX	6.310475	78.357028	10.69	5.31	
NGC 2146A		GX	6.398667	78.530111	12.89	2.72	
NGC 2147		OC	5.929333	-68.201583	12.94	0.95	
NGC 2148		GX	5.979403	-59.125944	14.6	1.17	
NGC 2149		RN	6.058553	-9.730583	99.0	3.0	
NGC 215		GX	0.680242	-56.214056	14.09	1.15	
NGC 2150		GX	5.929539	-69.560806	13.03	1.15	
NGC 2151		OC	5.939011	-69.017361	99.0	1.3	
NGC 2152		GX	6.015358	-50.740917	14.76	1.12	
NGC 2153		GC	5.964367	-66.400667	13.05	1.5	
NGC 2154		GC	5.960414	-67.263778	11.79	2.4	
NGC 2155		GC	5.975892	-65.476472	12.6	2.4	
NGC 2156		GC	5.9638	-68.460806	11.38	2.1	
NGC 2157		GC	5.959661	-69.197222	10.16	2.8	
NGC 2158		OC	6.123781	24.096167	8.6	8.4	
NGC 2159		GC	5.967744	-68.622917	11.38	1.9	
NGC 216		GX	0.690875	-21.045444	13.21	1.35	
NGC 2160		OC	5.970233	-68.289583	12.16	1.4	
NGC 2161		GC	5.928628	-74.353944	12.95	2.3	
NGC 2162		GC	6.008381	-63.721444	12.7	3.0	
NGC 2163		RN	6.130428	18.657444	99.0	3.0	
NGC 2164		GC	5.982294	-68.515889	10.34	2.8	
NGC 2165		OC	6.184503	51.677306	99.0	0.0	
NGC 2166		OC	5.992817	-67.942333	12.86	1.4	
NGC 2167		STAR	6.116267	-6.202639	6.58	0.0	
NGC 2169		OC	6.140097	13.964861	5.9	7.2	
NGC 217		GX	0.692747	-10.021417	12.1	3.2	
NGC 2170		RN	6.125506	-6.399306	99.0	2.0	
NGC 2171		OTHER	5.983233	-70.719111	99.0	0.0	
NGC 2172		OC	6.001622	-68.636917	11.75	1.7	
NGC 2173		GC	5.966356	-72.974528	11.88	2.6	
NGC 2174	Monkey Head Nebula	EN	6.156561	20.659583	99.0	40.0	
NGC 2175		OC	6.160986	20.487583	6.8	5.4	
NGC 2176		OC	6.02205	-66.85325	99.0	1.1	
NGC 2177		OC	6.021247	-67.73325	12.83	1.5	
NGC 2178		GX	6.04655	-63.763694	13.65	1.27	
NGC 2179		GX	6.13395	-21.746694	12.35	1.99	
NGC 218		GX	0.775553	36.325611	13.53	1.32	
NGC 2180		OC	6.160069	4.711611	9.0	4.2	
NGC 2181		GC	6.045461	-65.264861	13.64	1.5	
NGC 2182		RN	6.158597	-6.326444	9.0	3.0	
NGC 2183		EN	6.179703	-6.211833	15.15	12.0	
NGC 2184		OC	6.183242	-3.495167	99.0	6.6	
NGC 2185		EN	6.183464	-6.226861	12.9	2.0	
NGC 2186		OC	6.201981	5.458583	8.7	4.2	
NGC 2187		GX	6.063472	-69.583333	99.0	3.33	
NGC 2187A		GX	6.062292	-69.588306	13.12	3.52	
NGC 2187B		GX	6.064561	-69.577444	13.29	2.67	
NGC 2188		GX	6.169314	-34.106194	11.67	5.42	
NGC 2189		OTHER	6.202775	1.065972	99.0	0.0	
NGC 219		GX	0.703142	0.904556	15.23	0.59	
NGC 2190		GC	6.017164	-74.725417	12.94	2.2	
NGC 2191		GX	6.139964	-52.512306	12.3	1.77	
NGC 2192		OC	6.254842	39.855222	10.9	5.4	
NGC 2193		GC	6.104867	-65.098778	13.42	1.7	
NGC 2194		OC	6.229419	12.806667	8.5	8.7	
NGC 2195		STAR	6.242725	17.639389	99.0	0.0	
NGC 2196		GX	6.202681	-21.805944	11.19	2.77	
NGC 2197		GC	6.102031	-67.097222	13.45	1.8	
NGC 2198		OTHER	6.231919	0.994667	99.0	0.0	
NGC 2199		GX	6.079153	-73.399833	13.77	2.21	
NGC 22		GX	0.163386	27.832306	14.83	1.21	
NGC 220		OC	0.674969	-73.403972	14.39	1.2	
NGC 2200		GX	6.22155	-43.663167	14.86	1.21	
NGC 2201		GX	6.225447	-43.704722	14.33	1.03	
NGC 2202		OC	6.280764	5.996167	99.0	4.8	
NGC 2203		GC	6.078486	-75.438417	11.29	3.2	
NGC 2204		OC	6.25895	-18.665861	8.6	6.3	
NGC 2205		GX	6.175758	-62.538417	13.72	1.3	
NGC 2206		GX	6.266622	-26.765472	12.23	2.45	
NGC 2207		GX	6.272786	-21.372667	11.06	4.86	
NGC 2208		GX	6.3763	51.909472	12.61	1.73	
NGC 2209		GC	6.143308	-73.838417	13.15	2.9	
NGC 2210		GC	6.192044	-69.121389	10.94	3.3	
NGC 2211		GX	6.308433	-18.537278	13.71	1.39	
NGC 2212		GX	6.309933	-18.519472	14.59	1.28	
NGC 2213		OC	6.178317	-71.528444	12.38	2.1	
NGC 2214		OC	6.215814	-68.260722	10.93	3.1	
NGC 2215		OC	6.347014	-7.283778	8.45	8.4	
NGC 2216		GX	6.358539	-22.087444	13.69	1.43	
NGC 2217		GX	6.36105	-27.23375	10.57	4.63	
NGC 2218		OTHER	6.411525	19.341306	99.0	0.0	
NGC 2219		OC	6.395644	-4.677278	99.0	4.2	
NGC 222		OC	0.678808	-73.385694	12.64	1.2	
NGC 2220		OTHER	6.352989	-44.759778	99.0	4.2	
NGC 2221		GX	6.3377	-57.578417	13.87	2.41	
NGC 2222		GX	6.338072	-57.534472	14.22	1.35	
NGC 2223		GX	6.409975	-22.83825	11.87	2.82	
NGC 2224		OTHER	6.457942	12.593389	99.0	0.0	
NGC 2225		OC	6.442914	-9.63075	99.0	3.6	
NGC 2226		OC	6.443772	-9.642778	99.0	0.0	
NGC 2227		GX	6.432772	-22.004833	12.15	2.27	
NGC 2228		GX	6.354317	-64.458833	14.61	0.99	
NGC 2229		GX	6.356578	-64.956667	14.41	1.24	
NGC 223		GX	0.704411	0.8455	14.33	1.18	
NGC 2230		GX	6.357656	-64.992778	14.09	1.32	
NGC 2231		GC	6.345269	-67.5185	13.2	2.1	
NGC 2232		OC	6.466981	-4.847444	3.9	9.9	
NGC 2233		GX	6.361128	-65.033361	14.87	0.98	
NGC 2234		OC	6.489356	16.722861	99.0	4.2	
NGC 2235		GX	6.372753	-64.934417	14.01	1.41	
NGC 2236		OC	6.494361	6.830694	8.5	5.4	
NGC 2237	Rosette A	EN	6.515169	5.049167	99.0	80.0	
NGC 2238	Rosette Nebula	EN	6.511214	5.013056	6.0	80.0	
NGC 2239		OC	6.5321	4.942944	4.8	9.3	
NGC 2240		OC	6.552931	35.250194	99.0	3.6	
NGC 2241		OC	6.380933	-68.925389	13.25	1.6	
NGC 2242		PN	6.568678	44.777028	15.0	0.45	
NGC 2243		OC	6.492911	-31.281333	9.4	5.1	
NGC 2245		RN	6.544792	10.156639	11.0	2.0	
NGC 2246	Rosette B	EN	6.542722	5.128278	99.0	10.0	
NGC 2247		RN	6.551444	10.32225	8.5	2.0	
NGC 2248		OTHER	6.576597	26.304444	99.0	0.0	
NGC 2249		GC	6.430436	-68.919778	12.23	2.3	
NGC 225		OC	0.726772	61.766944	7.0	4.2	
NGC 2250		OC	6.563856	-5.084444	8.9	5.1	
NGC 2251		OC	6.577356	8.366389	7.3	5.7	
NGC 2252		OC	6.578603	5.36625	7.7	6.6	
NGC 2253		GX	6.728289	65.206278	12.92	1.43	
NGC 2254		OC	6.597128	7.673278	9.1	4.2	
NGC 2255		GX	6.566286	-34.812583	14.17	1.47	
NGC 2256		GX	6.787214	74.236528	13.94	2.17	
NGC 2257		GC	6.50385	-64.325611	12.62	4.0	
NGC 2258		GX	6.796056	74.481667	11.87	3.02	
NGC 2259		OC	6.639289	10.883611	10.8	6.0	
NGC 226		GX	0.715011	32.580972	14.38	0.79	
NGC 2260		OC	6.634186	-1.472833	99.0	0.0	
NGC 2261	Hubble's Nebula	RN	6.652642	8.744333	11.85	2.0	
NGC 2262		OC	6.660578	1.143639	11.3	3.9	
NGC 2263		GX	6.641344	-24.848694	12.87	2.86	
NGC 2264	Christmas Tree Cluster	OC	6.682847	9.895472	3.9	11.4	
NGC 2265		OC	6.6949	11.904639	99.0	4.5	
NGC 2266		OC	6.722003	26.969556	9.5	4.2	
NGC 2267		GX	6.681028	-32.482278	13.25	1.71	
NGC 2268		GX	7.238178	84.382278	11.56	2.14	
NGC 2269		OC	6.721411	4.624306	10.0	4.8	
NGC 227		GX	0.710231	-1.528778	12.16	1.91	
NGC 2270		OC	6.732711	3.4785	99.0	5.4	
NGC 2271		GX	6.714719	-23.476	13.18	1.77	
NGC 2272		GX	6.711472	-27.4595	11.94	2.19	
NGC 2273		GX	6.835739	60.845806	12.42	2.29	
NGC 2273A		GX	6.668636	60.080667	13.19	2.0	
NGC 2273B		GX	6.775439	60.340389	12.82	1.48	
NGC 2274		GX	6.788158	33.567194	13.52	1.78	
NGC 2275		GX	6.788314	33.599222	13.62	2.51	
NGC 2276		GX	7.453989	85.754556	11.5	2.23	
NGC 2277		OTHER	6.796397	33.451278	99.0	0.0	
NGC 2278		STAR	6.804561	33.394306	99.0	0.0	
NGC 2279		OTHER	6.806903	33.41525	99.0	0.0	
NGC 228		GX	0.715142	23.503056	14.82	0.89	
NGC 2280		GX	6.746975	-27.638611	11.12	6.53	
NGC 2281		OC	6.804956	41.078861	5.4	10.8	
NGC 2282		EN	6.780992	1.316	10.0	3.0	
NGC 2283		GX	6.764636	-18.210333	12.95	2.76	
NGC 2284		OTHER	6.819322	33.193806	99.0	0.0	
NGC 2285		STAR	6.826672	33.364667	99.0	0.0	
NGC 2286		OC	6.794492	-3.147667	7.5	5.4	
NGC 2288		GX	6.847767	33.462444	14.36	0.17	
NGC 2289		GX	6.848225	33.478667	13.18	1.21	
NGC 229		GX	0.717956	23.509111	14.62	1.08	
NGC 2290		GX	6.849144	33.437583	13.03	0.81	
NGC 2291		GX	6.849622	33.525083	13.21	0.93	
NGC 2292		GX	6.794347	-26.74625	11.83	4.34	
NGC 2293		GX	6.795253	-26.754361	11.04	4.41	
NGC 2294		GX	6.853139	33.527111	13.84	0.91	
NGC 2295		GX	6.789839	-26.73625	13.59	2.31	
NGC 2296		GX	6.810864	-16.901611	13.0	1.2	
NGC 2297		GX	6.740164	-63.717333	12.71	1.48	
NGC 2298		GC	6.816444	-36.005306	8.89	4.8	
NGC 2299		OC	6.864911	-7.082722	8.9	4.8	
NGC 23		GX	0.164836	25.923778	11.98	1.55	
NGC 230		GX	0.707547	-23.628806	15.61	1.3	
NGC 2300		GX	7.538881	85.7095	11.16	3.05	
NGC 2301	Great Bird Cluster	OC	6.862583	0.459194	6.0	10.2	
NGC 2303		GX	6.938194	45.49275	13.96	1.53	
NGC 2304		OC	6.919892	17.992778	10.0	4.8	
NGC 2305		GX	6.810381	-64.273194	11.7	1.94	
NGC 2306		OC	6.908211	-7.204139	99.0	6.6	
NGC 2307		GX	6.814108	-64.335528	12.08	1.85	
NGC 2308		GX	6.977108	45.210556	14.47	1.47	
NGC 2309		OC	6.934336	-7.174306	10.5	5.4	
NGC 231		OC	0.685119	-73.352417	12.87	1.8	
NGC 2310		GX	6.898322	-40.862611	11.81	4.52	
NGC 2311		OC	6.963208	-4.611333	9.6	6.0	
NGC 2312		OC	6.97965	10.294472	99.0	3.0	
NGC 2313		STAR	6.967444	-7.945028	14.2	0.0	
NGC 2314		GX	7.175708	75.326667	12.13	1.32	
NGC 2315		GX	7.042517	50.590583	14.41	1.57	
NGC 2316		EN	6.994681	-7.77775	99.0	4.0	
NGC 2317		EN	6.994886	-7.7745	99.0	0.0	
NGC 2318		OC	6.990839	-13.698389	99.0	4.5	
NGC 2319		OC	7.008947	3.042194	11.85	6.0	
NGC 232		GX	0.712728	-23.561361	14.46	0.98	
NGC 2320		GX	7.095008	50.581056	11.94	1.48	
NGC 2321		GX	7.099722	50.756028	14.96	1.28	
NGC 2322		GX	7.100083	50.510306	14.54	1.11	
NGC 2324		OC	7.068878	1.044611	8.4	8.7	
NGC 2325		GX	7.044556	-28.697222	11.18	3.97	
NGC 2326		GX	7.136394	50.681944	14.19	2.05	
NGC 2326A		GX	7.142836	50.631389	15.46	0.81	
NGC 2327		RN	7.068672	-11.314111	99.0	1.0	
NGC 2328		GX	7.043389	-42.068556	12.55	1.59	
NGC 2329		GX	7.152225	48.615417	12.51	1.41	
NGC 233		GX	0.726822	30.587	13.76	1.25	
NGC 2330		GX	7.157889	50.152528	13.05	0.65	
NGC 2331		OC	7.116619	27.261583	8.5	4.8	
NGC 2332		GX	7.159489	50.182278	13.93	1.72	
NGC 2333		GX	7.139261	35.170028	14.05	1.0	
NGC 2334		GX	7.192681	50.24825	14.56	1.2	
NGC 2335		OC	7.113736	-10.028639	7.2	8.7	
NGC 2336		GX	7.451125	80.178083	10.68	5.01	
NGC 2337		GX	7.170439	44.457306	12.53	2.18	
NGC 2338		OC	7.129825	-5.719722	99.0	3.3	
NGC 2339		GX	7.139039	18.78025	11.76	2.42	
NGC 234		GX	0.725664	14.342556	13.43	1.57	
NGC 2340		GX	7.186342	50.17475	11.73	3.16	
NGC 2341		GX	7.153344	20.602917	13.21	0.82	
NGC 2342		GX	7.155022	20.635972	12.64	1.17	
NGC 2343		OC	7.135222	-10.616806	6.7	7.5	
NGC 2344		GX	7.207961	47.166694	12.08	2.07	
NGC 2345		OC	7.138553	-13.19375	7.7	6.9	
NGC 2346		PN	7.156392	-0.809139	11.6	0.87	
NGC 2347		GX	7.267692	64.708917	12.55	1.64	
NGC 2348		OC	7.0507	-67.393944	99.0	5.7	
NGC 2349		OC	7.180042	-8.59325	99.0	5.1	
NGC 235		GX	0.714778	-23.543333	99.0	2.0	
NGC 2350		GX	7.220053	12.266083	14.02	1.38	
NGC 2351		OC	7.225564	-10.491417	99.0	3.0	
NGC 2352		OC	7.218178	-24.046083	99.0	4.8	
NGC 2353		OC	7.241753	-10.265861	7.1	6.6	
NGC 2354		OC	7.234797	-25.688917	6.5	4.8	
NGC 2355		OC	7.283128	13.749861	9.7	6.0	
NGC 2357		GX	7.294719	23.35675	14.46	3.22	
NGC 2358		OC	7.282314	-17.117083	99.0	9.6	
NGC 2359		EN	7.308606	-13.227194	99.0	10.0	
NGC 235A		GX	0.714669	-23.541028	13.55	1.38	
NGC 235B		GX	0.714889	-23.545556	13.97	1.29	
NGC 236		GX	0.724317	2.958194	14.44	1.15	
NGC 2360	Caroline's Cluster	OC	7.295311	-15.641306	7.2	9.0	
NGC 2361		EN	7.306611	-13.209556	99.0	0.0	
NGC 2362		OC	7.311519	-24.954194	4.1	7.2	
NGC 2363		GX	7.474886	69.192861	15.5	1.13	
NGC 2364		OC	7.346242	-7.549722	99.0	0.0	
NGC 2365		GX	7.372931	22.083278	12.19	2.75	
NGC 2366		GX	7.48185	69.215778	11.17	4.37	
NGC 2367		OC	7.334594	-21.884083	7.9	5.4	
NGC 2368		OC	7.35175	-10.371778	11.8	4.5	
NGC 2369		GX	7.277147	-62.343722	12.26	3.03	
NGC 2369A		GX	7.312094	-62.936278	13.69	2.01	
NGC 2369B		GX	7.341564	-62.053972	14.35	1.48	
NGC 237		GX	0.7244	-0.124917	13.6	1.3	
NGC 2370		GX	7.417128	23.783222	14.23	1.2	
NGC 2371		PN	7.426294	29.490639	11.2	2.2	
NGC 2373		GX	7.443597	33.823694	14.56	0.59	
NGC 2374		OC	7.398908	-13.263361	8.0	9.0	
NGC 2375		GX	7.452633	33.831806	14.86	1.0	
NGC 2376		GX	7.443308	23.072944	14.67	0.65	
NGC 2377		GX	7.415783	-9.659306	14.56	1.6	
NGC 2378		STAR	7.456722	33.831583	99.0	0.0	
NGC 2379		GX	7.457294	33.81125	13.62	0.98	
NGC 238		GX	0.723819	-50.182833	12.51	2.02	
NGC 2380		GX	7.398542	-27.529056	11.12	2.52	
NGC 2381		GX	7.332586	-63.067028	12.65	1.53	
NGC 2383		OC	7.411083	-20.947639	8.4	4.2	
NGC 2384		OC	7.419397	-21.019861	7.4	4.8	
NGC 2385		GX	7.474464	33.837806	15.12	0.94	
NGC 2386		OTHER	7.4772	33.773806	99.0	0.0	
NGC 2387		GX	7.482758	36.879806	16.5	0.48	
NGC 2388		GX	7.481511	33.819083	14.66	0.87	
NGC 2389		GX	7.484625	33.860972	12.92	1.56	
NGC 239		GX	0.743753	-3.75925	14.28	0.94	
NGC 2390		STAR	7.484519	33.836806	99.0	0.0	
NGC 2391		STAR	7.485414	33.825944	99.0	0.0	
NGC 2392	Eskimo Nebula	PN	7.486322	20.911833	9.61	0.86	
NGC 2393		GX	7.501286	34.027778	14.84	1.07	
NGC 2394		OC	7.476808	7.086556	99.0	0.0	
NGC 2395		OC	7.453569	13.608194	8.0	4.62	
NGC 2396		OC	7.467478	-11.719667	7.4	6.6	
NGC 2397		GX	7.35555	-69.001472	11.97	2.51	
NGC 2397A		GX	7.352197	-69.115333	14.85	1.1	
NGC 2397B		GX	7.365436	-68.845806	14.99	1.2	
NGC 2398		GX	7.504489	24.487889	15.19	1.2	
NGC 2399		OTHER	7.497269	-0.214361	99.0	0.0	
NGC 24		GX	0.165706	-24.963139	11.52	6.18	
NGC 240		GX	0.750536	6.113361	14.72	1.35	
NGC 2400		OTHER	7.498572	-0.214722	99.0	0.0	
NGC 2401		OC	7.490111	-13.966222	12.6	2.7	
NGC 2402		GX	7.513111	9.650556	99.0	1.5	
NGC 2402 NED01		GX	7.512939	9.646889	15.29	1.23	
NGC 2402 NED02		GX	7.513278	9.653611	15.4	0.91	
NGC 2403		GX	7.614278	65.602556	8.43	19.95	
NGC 2404		EN	7.618536	65.610806	99.0	0.0	
NGC 2405		GX	7.537217	25.906389	14.82	0.94	
NGC 2406		GX	7.529928	18.287917	15.36	0.69	
NGC 2407		GX	7.532408	18.333083	15.09	1.37	
NGC 2408		OC	7.675533	71.668194	99.0	0.0	
NGC 2409		OC	7.526867	-17.190417	7.3	0.11	
NGC 241		OC	0.725425	-73.440472	99.0	0.95	
NGC 2410		GX	7.583961	32.822111	16.26	2.17	
NGC 2411		GX	7.576758	18.281556	14.4	1.0	
NGC 2412		STAR	7.572633	8.547778	99.0	0.0	
NGC 2413		OC	7.554583	-13.095556	99.0	4.8	
NGC 2414		OC	7.553556	-15.453861	7.9	5.4	
NGC 2415		GX	7.615747	35.241972	12.39	0.83	
NGC 2416		GX	7.594867	11.612028	14.26	0.87	
NGC 2417		GX	7.503358	-62.252639	12.28	2.48	
NGC 2418		GX	7.610419	17.883917	13.65	1.59	
NGC 2419		GC	7.635542	38.879972	10.05	4.5	
NGC 242		OC	0.72605	-73.446306	12.1	0.75	
NGC 2420		OC	7.639972	21.574083	8.3	7.5	
NGC 2421		OC	7.603281	-20.61225	8.3	5.1	
NGC 2423		OC	7.618536	-13.8715	6.7	11.7	
NGC 2424		GX	7.677581	39.233306	12.63	3.37	
NGC 2425		OC	7.638231	-14.877833	99.0	5.4	
NGC 2426		GX	7.721794	52.3185	14.37	1.1	
NGC 2427		GX	7.607828	-47.635556	11.48	5.74	
NGC 2428		OC	7.656047	-16.529028	99.0	4.5	
NGC 2429		GX	7.730472	52.353056	99.0	2.3	
NGC 2429A		GX	7.729883	52.357417	14.61	1.68	
NGC 2429B		GX	7.731064	52.348472	15.0	0.41	
NGC 243		GX	0.766908	29.9595	14.53	0.92	
NGC 2430		OC	7.661403	-16.296056	99.0	4.2	
NGC 2431		GX	7.753719	53.075111	14.49	0.86	
NGC 2432		OC	7.681631	-19.069083	10.2	5.4	
NGC 2433		OTHER	7.712119	9.25925	99.0	0.0	
NGC 2434		GX	7.580878	-69.284139	11.34	2.69	
NGC 2435		GX	7.737106	31.651111	13.39	2.17	
NGC 2438		PN	7.697331	-14.735778	10.8	1.07	
NGC 2439		OC	7.679281	-31.692417	6.9	8.7	
NGC 244		GX	0.762897	-15.596889	13.79	1.04	
NGC 2440		PN	7.698711	-18.208472	9.4	0.27	
NGC 2441		GX	7.865206	73.015694	12.19	1.98	
NGC 2442		GX	7.606622	-69.530833	10.63	4.68	
NGC 2444		GX	7.7814	39.031861	13.22	1.07	
NGC 2445		GX	7.781972	39.015167	13.24	1.86	
NGC 2446		GX	7.8109	54.611917	13.8	1.75	
NGC 2448		OC	7.742553	-24.673167	99.0	6.0	
NGC 2449		GX	7.788967	26.930167	14.11	1.44	
NGC 245		GX	0.768164	-1.723389	12.35	1.2	
NGC 2450		GX	7.7923	27.019139	15.16	0.97	
NGC 2451		OC	7.754169	-37.967444	9.5	37.5	
NGC 2452		PN	7.790658	-27.334	12.0	0.32	
NGC 2453		OC	7.792814	-27.194806	8.3	3.0	
NGC 2454		GX	7.843061	16.368583	14.47	1.18	
NGC 2455		OC	7.816278	-21.297944	10.2	4.5	
NGC 2456		GX	7.902961	55.495306	14.27	1.15	
NGC 2457		GX	7.912703	55.546556	15.81	0.5	
NGC 2458		GX	7.930936	56.710611	16.0	0.46	
NGC 2459		OC	7.867158	9.557417	99.0	2.7	
NGC 246		PN	0.784267	-11.871944	10.9	4.08	
NGC 2460		GX	7.947858	60.349389	11.71	1.83	
NGC 2461		STAR	7.940628	56.673306	99.0	0.0	
NGC 2462		GX	7.942239	56.687111	14.93	0.6	
NGC 2463		GX	7.953467	56.676528	14.78	0.6	
NGC 2464		OTHER	7.959081	56.690556	99.0	0.0	
NGC 2465		STAR	7.95725	56.822472	99.0	0.0	
NGC 2466		GX	7.754458	-71.410417	13.14	1.51	
NGC 2467		OC	7.873175	-26.443333	99.0	4.2	
NGC 2468		GX	7.96735	56.359583	14.76	1.51	
NGC 2469		GX	7.967617	56.680472	13.16	0.9	
NGC 247		GX	0.785708	-20.760389	9.21	19.68	
NGC 2470		GX	7.905769	4.459694	12.69	1.95	
NGC 2471		STAR	7.975822	56.776167	99.0	0.0	
NGC 2472		GX	7.978306	56.701306	15.37	0.65	
NGC 2473		GX	7.926342	56.735806	99.0	0.52	
NGC 2474		GX	7.966375	52.857278	14.09	1.14	
NGC 2475		GX	7.966789	52.861694	13.11	1.07	
NGC 2476		GX	7.945883	39.927889	12.62	1.26	
NGC 2477		OC	7.869383	-38.53325	5.8	18.6	
NGC 2479		OC	7.918353	-17.707806	9.6	6.3	
NGC 247A		GX	0.79115	-20.397639	17.22	0.52	
NGC 247B		GX	0.793097	-20.428694	14.43	1.05	
NGC 247C		GX	0.793808	-20.452806	16.39	0.55	
NGC 247D		GX	0.793608	-20.486	15.7	0.61	
NGC 248		OC	0.756678	-73.379806	99.0	1.4	
NGC 2480		GX	7.9529	23.779806	15.0	1.32	
NGC 2481		GX	7.953819	23.767778	12.5	1.4	
NGC 2482		OC	7.919547	-24.254639	7.3	6.6	
NGC 2483		OC	7.927442	-27.886833	7.6	3.3	
NGC 2484		GX	7.974475	37.786611	13.13	1.69	
NGC 2485		GX	7.94685	7.477944	13.21	1.57	
NGC 2486		GX	7.965692	25.160861	13.47	1.49	
NGC 2487		GX	7.97235	25.149222	12.6	1.73	
NGC 2488		GX	8.029439	56.553861	12.45	1.45	
NGC 2489		OC	7.937483	-30.060833	7.9	4.2	
NGC 249		EN	0.759128	-73.080083	13.8	1.1	
NGC 2490		GX	7.988297	27.077861	15.09	0.63	
NGC 2491		GX	7.974272	7.983806	15.9	0.69	
NGC 2492		GX	7.991586	27.026444	12.74	1.11	
NGC 2493		GX	8.006564	39.830417	12.06	1.87	
NGC 2494		GX	7.985317	-0.637917	14.28	0.97	
NGC 2495		GX	8.009208	39.840028	15.15	0.55	
NGC 2496		GX	7.977042	8.029806	14.7	1.86	
NGC 2497		GX	8.036425	56.942333	14.41	1.58	
NGC 2498		GX	7.994125	24.982333	14.28	1.04	
NGC 2499		GX	7.981031	7.493306	15.03	0.86	
NGC 25		GX	0.166467	-57.020833	15.5	1.43	
NGC 250		GX	0.787781	7.910028	14.83	1.28	
NGC 2500		GX	8.031447	50.737111	11.65	2.47	
NGC 2501		GX	7.975011	-14.354278	14.5	1.73	
NGC 2502		GX	7.930978	-52.306778	11.96	2.21	
NGC 2503		GX	8.010189	22.400056	14.83	0.95	
NGC 2504		GX	7.997861	5.608111	14.21	0.62	
NGC 2505		GX	8.068567	53.549222	14.26	1.19	
NGC 2506		OC	8.000494	-10.769639	7.6	10.8	
NGC 2507		GX	8.027003	15.70975	13.92	1.52	
NGC 2508		GX	8.032561	8.551889	13.98	1.95	
NGC 2509		OC	8.013283	-19.050528	9.3	4.8	
NGC 251		GX	0.798342	19.596833	12.6	1.73	
NGC 2510		GX	8.0363	9.485972	14.54	0.97	
NGC 2511		GX	8.037503	9.394417	14.91	1.04	
NGC 2512		GX	8.052181	23.391833	13.15	1.35	
NGC 2513		GX	8.040186	9.413556	11.63	1.91	
NGC 2514		GX	8.047122	15.808278	13.45	1.2	
NGC 2515		STAR	8.055914	20.188	99.0	0.0	
NGC 2516		OC	7.968628	-60.753472	3.8	24.3	
NGC 2517		GX	8.046408	-12.317833	11.92	1.74	
NGC 2518		GX	8.122292	51.131611	14.18	1.28	
NGC 2519		STAR	8.133008	51.128222	99.0	0.0	
NGC 252		GX	0.800417	27.623639	12.49	1.62	
NGC 2520		OC	8.082828	-28.146667	6.5	9.3	
NGC 2521		GX	8.147047	57.769611	13.1	0.96	
NGC 2522		GX	8.103733	17.706583	14.1	1.15	
NGC 2523		GX	8.250025	73.578972	11.9	2.79	
NGC 2523A		GX	8.069017	74.047778	14.44	1.11	
NGC 2523B		GX	8.215858	73.56325	14.7	1.87	
NGC 2523C		GX	8.295636	73.317611	14.2	1.49	
NGC 2524		GX	8.135997	39.157444	12.7	1.47	
NGC 2525		GX	8.0939	-11.427028	11.47	3.08	
NGC 2526		GX	8.116286	8.003944	14.58	0.91	
NGC 2528		GX	8.123564	39.194472	13.46	1.39	
NGC 2529		OTHER	8.130308	17.820833	99.0	0.0	
NGC 253	Sculptor Filament	GX	0.792533	-25.288222	11.11	26.79	
NGC 2530		GX	8.132114	17.8185	14.62	1.4	
NGC 2531		OTHER	8.133639	17.820611	99.0	0.0	
NGC 2532		GX	8.170883	33.956639	12.67	1.66	
NGC 2533		OC	8.117806	-29.883861	7.6	4.98	
NGC 2534		GX	8.215042	55.672056	12.97	1.4	
NGC 2535		GX	8.187081	25.206806	12.69	1.93	
NGC 2536		GX	8.187756	25.179361	14.14	0.73	
NGC 2537	Bear Claw Nebula	GX	8.220733	45.989806	11.71	2.07	
NGC 2537A		GX	8.228064	45.99375	15.7	0.55	
NGC 2538		GX	8.189742	3.633194	13.75	1.58	
NGC 2539		OC	8.176939	-12.820667	6.5	12.3	
NGC 254		GX	0.791003	-31.42175	11.67	2.77	
NGC 2540		GX	8.2129	26.361778	14.4	1.24	
NGC 2541		GX	8.244478	49.061722	11.7	3.02	
NGC 2542		STAR	8.187886	-12.927083	4.72	0.0	
NGC 2543		GX	8.216089	36.254639	12.39	2.43	
NGC 2544		GX	8.361206	73.988361	12.91	1.53	
NGC 2545		GX	8.237267	21.355472	12.45	1.95	
NGC 2546		OC	8.204342	-37.594306	6.3	16.5	
NGC 2547		OC	8.169303	-49.205667	4.7	7.8	
NGC 2549		GX	8.316208	57.803056	11.14	3.63	
NGC 255		GX	0.796475	-11.468694	11.93	2.04	
NGC 2550		GX	8.409406	74.012278	13.05	0.95	
NGC 2550A		GX	8.477761	73.748	13.41	1.6	
NGC 2551		GX	8.413967	73.412028	12.11	1.57	
NGC 2552		GX	8.322369	50.009639	12.25	2.99	
NGC 2553		GX	8.293056	20.903083	14.7	1.11	
NGC 2554		GX	8.298192	23.472139	12.02	2.04	
NGC 2555		GX	8.299003	0.745694	13.4	1.85	
NGC 2556		GX	8.316903	20.936972	15.45	0.62	
NGC 2557		GX	8.319653	21.435778	14.32	1.08	
NGC 2558		GX	8.320211	20.51075	13.02	1.43	
NGC 2559		GX	8.285019	-27.455833	11.33	2.81	
NGC 256		OC	0.764814	-73.506833	12.5	0.9	
NGC 2560		GX	8.331081	20.984972	13.28	1.6	
NGC 2561		GX	8.326936	4.657222	13.94	1.06	
NGC 2562		GX	8.339906	21.131472	12.98	1.03	
NGC 2563		GX	8.343247	21.067806	12.31	2.02	
NGC 2564		GX	8.308336	-21.816111	14.69	1.36	
NGC 2565		GX	8.330089	22.031444	12.48	1.67	
NGC 2566		GX	8.312683	-25.499528	10.81	3.98	
NGC 2567		OC	8.309772	-30.635611	7.4	6.0	
NGC 2568		OC	8.305033	-37.105389	99.0	0.0	
NGC 2569		GX	8.355872	20.8675	15.12	0.72	
NGC 257		GX	0.800419	8.297083	12.62	1.83	
NGC 2570		GX	8.356261	20.910556	14.67	0.7	
NGC 2571		OC	8.315653	-29.749278	7.0	7.2	
NGC 2572		GX	8.356842	19.147778	14.72	1.22	
NGC 2573	Polarissima Australis	GX	1.693703	-89.334528	13.53	1.92	
NGC 2573B		GX	23.125783	-89.1165	15.33	1.13	
NGC 2574		GX	8.346711	-8.918472	13.22	2.17	
NGC 2575		GX	8.379156	24.296917	12.98	1.37	
NGC 2576		GX	8.382694	25.738722	15.15	1.61	
NGC 2577		GX	8.378736	22.553083	12.42	1.55	
NGC 2578		GX	8.356742	-13.317861	12.59	2.19	
NGC 2579		OC	8.348072	-36.217139	99.0	3.3	
NGC 258		GX	0.803553	27.657194	15.23	0.51	
NGC 2580		OC	8.35775	-30.293472	9.7	3.0	
NGC 2581		GX	8.408594	18.597083	14.43	0.96	
NGC 2582		GX	8.420019	20.33475	13.11	1.19	
NGC 2583		GX	8.385536	-5.002389	13.44	0.86	
NGC 2584		GX	8.387625	-4.9705	14.99	0.99	
NGC 2585		GX	8.390633	-4.915222	14.49	1.55	
NGC 2586		OTHER	8.392058	-4.951944	99.0	0.0	
NGC 2587		OC	8.390022	-29.508722	9.2	6.0	
NGC 2588		OC	8.385992	-32.975167	11.8	3.9	
NGC 2589		OTHER	8.408186	-8.767917	99.0	0.0	
NGC 259		GX	0.800914	-2.775333	13.7	2.86	
NGC 2590		GX	8.417222	-0.591389	13.01	2.08	
NGC 2591		GX	8.623758	78.026417	12.66	2.95	
NGC 2592		GX	8.452236	25.970306	13.55	1.47	
NGC 2593		GX	8.446619	17.374917	14.83	0.97	
NGC 2594		GX	8.454767	25.878806	14.93	0.91	
NGC 2595		GX	8.461672	21.479111	12.39	1.66	
NGC 2596		GX	8.457367	17.284083	13.48	1.38	
NGC 2597		STAR	8.499281	21.501889	99.0	0.0	
NGC 2598		GX	8.5007	21.488667	13.61	1.19	
NGC 2599		GX	8.536472	22.560556	12.2	1.56	
NGC 26		GX	0.173853	25.831833	13.84	1.12	
NGC 260		GX	0.809625	27.692444	14.27	0.76	
NGC 2600		GX	8.579181	52.715694	15.05	1.21	
NGC 2601		GX	8.425183	-68.117667	13.43	1.69	
NGC 2602		GX	8.584514	52.831528	15.45	0.65	
NGC 2603		GX	8.575331	52.840222	16.82	0.4	
NGC 2604		GX	8.556428	29.538806	14.92	1.48	
NGC 2604B		GX	8.559906	29.499694	15.71	0.56	
NGC 2605		GX	8.581475	52.804306	16.43	0.45	
NGC 2606		GX	8.5929	52.788917	14.9	0.87	
NGC 2607		GX	8.565739	26.972667	14.95	0.84	
NGC 2608		GX	8.588147	28.473417	12.25	1.95	
NGC 2609		OC	8.491569	-61.110222	99.0	3.6	
NGC 261		EN	0.774419	-73.103639	13.0	1.3	
NGC 2610		PN	8.5565	-16.149444	12.7	0.63	
NGC 2611		GX	8.591436	25.0275	15.28	0.8	
NGC 2612		GX	8.563917	-13.174528	12.91	2.6	
NGC 2613		GX	8.556344	-22.973667	10.38	7.62	
NGC 2614		GX	8.713319	72.976472	13.89	2.04	
NGC 2615		GX	8.575931	-2.546806	13.38	1.2	
NGC 2616		GX	8.592797	-1.850139	12.57	1.43	
NGC 2617		GX	8.594108	-4.088222	14.0	1.4	
NGC 2618		GX	8.598206	0.707111	13.96	2.07	
NGC 2619		GX	8.625753	28.705194	12.72	1.93	
NGC 262		GX	0.813094	31.956972	14.38	1.17	
NGC 2620		GX	8.624511	24.946944	14.61	2.0	
NGC 2621		GX	8.626939	24.999806	15.42	0.73	
NGC 2622		GX	8.636372	24.895278	14.12	0.94	
NGC 2623		GX	8.640022	25.754639	13.55	2.39	
NGC 2624		GX	8.636008	19.725667	14.57	0.77	
NGC 2625		GX	8.639783	19.716667	15.17	0.53	
NGC 2626		RN	8.591356	-40.668333	99.0	5.0	
NGC 2627		OC	8.620817	-29.950417	8.4	5.4	
NGC 2628		GX	8.672975	23.539667	14.04	1.04	
NGC 2629		GX	8.787728	72.985639	12.26	1.97	
NGC 263		GX	0.813464	-13.107389	15.11	0.8	
NGC 2630		OTHER	8.785361	73.000306	99.0	0.0	
NGC 2631		OTHER	8.785361	73.000306	99.0	0.0	
NGC 2633		GX	8.801272	74.098861	12.08	2.31	
NGC 2634		GX	8.807053	73.967167	11.97	1.72	
NGC 2634A		GX	8.810594	73.939278	14.23	1.19	
NGC 2635		OC	8.640553	-34.771583	11.2	5.1	
NGC 2636		GX	8.806786	73.671139	13.77	0.34	
NGC 2637		GX	8.687081	19.691444	15.57	0.51	
NGC 2638		GX	8.707158	37.221028	13.72	1.66	
NGC 2639		GX	8.727244	50.205556	11.76	1.61	
NGC 264		GX	0.805817	-38.234361	14.5	1.26	
NGC 2640		GX	8.623506	-55.12375	11.02	4.67	
NGC 2641		GX	8.799303	72.895778	14.93	1.26	
NGC 2642		GX	8.678992	-4.121722	12.65	1.92	
NGC 2643		GX	8.697706	19.702528	15.45	0.68	
NGC 2644		GX	8.692183	4.980333	13.49	1.64	
NGC 2645		OC	8.650867	-46.227306	7.32	6.6	
NGC 2646		GX	8.839458	73.463083	13.15	1.47	
NGC 2647		GX	8.711972	19.650611	15.02	0.72	
NGC 2648		GX	8.711056	14.285611	11.88	3.15	
NGC 2649		GX	8.735631	34.71725	13.16	1.47	
NGC 265		OC	0.786156	-73.477167	12.17	1.2	
NGC 2650		GX	8.832875	70.299444	14.22	1.38	
NGC 2651		GX	8.731986	11.771	15.64	0.53	
NGC 2653		STAR	8.915433	78.393556	99.0	0.0	
NGC 2654		GX	8.819964	60.221111	11.69	4.45	
NGC 2655		GX	8.927147	78.223083	10.39	3.93	
NGC 2656		GX	8.798075	53.876167	13.76	1.31	
NGC 2657		GX	8.754392	9.6455	13.93	1.28	
NGC 2658		OC	8.724261	-32.656222	9.2	7.2	
NGC 2659		OC	8.709172	-45.000528	8.6	5.1	
NGC 266		GX	0.829944	32.277722	11.82	2.92	
NGC 2660		OC	8.710553	-47.200667	8.8	3.6	
NGC 2661		GX	8.766539	12.619917	13.86	1.48	
NGC 2662		GX	8.758897	-15.12125	15.05	1.23	
NGC 2663		GX	8.752292	-33.79475	10.59	3.9	
NGC 2664		OC	8.785286	12.605778	99.0	6.6	
NGC 2665		GX	8.766942	-19.302889	11.63	2.0	
NGC 2666		OC	8.829728	44.703667	99.0	0.0	
NGC 2667		GX	8.807569	19.0195	14.76	1.03	
NGC 2667B		GX	8.808381	19.043889	15.49	0.85	
NGC 2668		GX	8.822933	36.710333	14.85	1.23	
NGC 2669		OC	8.772936	-52.947528	6.1	8.4	
NGC 267		OC	0.800806	-73.274028	99.0	2.0	
NGC 2670		OC	8.758189	-48.791639	7.8	4.2	
NGC 2671		OC	8.769969	-41.877167	11.6	5.1	
NGC 2672		GX	8.822747	19.074972	11.64	3.2	
NGC 2673		GX	8.823372	19.074194	14.04	1.23	
NGC 2674		GX	8.820336	-14.294222	15.88	1.04	
NGC 2675		GX	8.868042	53.617306	13.26	1.51	
NGC 2676		GX	8.859903	47.557667	14.46	1.2	
NGC 2677		GX	8.833703	19.009778	15.18	0.7	
NGC 2678		OC	8.834097	11.338111	99.0	10.0	
NGC 2679		GX	8.85915	30.865361	14.07	1.85	
NGC 268		GX	0.835989	-5.193722	13.03	1.42	
NGC 2680		STAR	8.859303	30.865806	99.0	0.16	
NGC 2681		GX	8.892428	51.313667	10.86	3.97	
NGC 2683		GX	8.878147	33.42175	9.69	9.48	
NGC 2684		GX	8.915011	49.160389	13.01	1.1	
NGC 2685	Helix Galaxy	GX	8.926308	58.734389	11.35	4.33	
NGC 2686		GX	8.916611	49.142361	99.0	1.6	
NGC 2686A		GX	8.916364	49.142333	17.12	0.88	
NGC 2686B		GX	8.916831	49.142444	16.66	0.48	
NGC 2687		GX	8.918194	49.155917	99.0	1.3	
NGC 2687A		GX	8.918061	49.1565	17.0	0.23	
NGC 2687B		GX	8.918344	49.156111	15.6	0.69	
NGC 2688		GX	8.919886	49.122611	16.41	0.47	
NGC 2689		GX	8.923725	49.115472	16.82	0.41	
NGC 269		OC	0.806119	-73.531528	12.59	1.2	
NGC 2690		GX	8.877231	-2.603222	13.94	1.7	
NGC 2691		GX	8.912872	39.538667	13.47	1.26	
NGC 2692		GX	8.949447	52.065944	12.75	1.25	
NGC 2693		GX	8.949797	51.347444	11.86	2.0	
NGC 2694		GX	8.949794	51.331972	14.14	0.81	
NGC 2695		GX	8.907519	-3.067028	12.02	1.63	
NGC 2696		GX	8.845014	-5.009778	15.88	1.03	
NGC 2697		GX	8.9165	-2.987611	13.47	1.63	
NGC 2698		GX	8.926808	-3.183944	11.86	1.47	
NGC 2699		GX	8.930222	-3.127583	13.47	1.41	
NGC 27		GX	0.175769	28.99625	14.43	1.22	
NGC 270		GX	0.842367	-8.651639	13.78	1.77	
NGC 2700		STAR	8.930717	-3.116389	99.0	0.0	
NGC 2701		GX	8.984928	53.771667	12.36	1.94	
NGC 2702		STAR	8.931844	-3.065333	99.0	0.0	
NGC 2703		STAR	8.929758	-3.306917	99.0	0.0	
NGC 2704		GX	8.946581	39.382194	14.32	1.04	
NGC 2705		STAR	8.933347	-3.014889	99.0	0.0	
NGC 2706		GX	8.936753	-2.563444	13.71	1.67	
NGC 2707		STAR	8.934911	-3.066417	99.0	0.0	
NGC 2708		GX	8.935569	-3.360111	11.96	2.93	
NGC 2709		GX	8.936906	-3.243222	15.02	0.79	
NGC 271		GX	0.844961	-1.91025	13.2	2.38	
NGC 2710		GX	8.996764	55.706389	13.08	2.02	
NGC 2711		GX	8.956556	17.288028	14.65	0.56	
NGC 2712		GX	8.991797	44.913889	12.19	2.93	
NGC 2713		GX	8.955697	2.921306	11.82	3.37	
NGC 2714		GX	8.891617	-59.217111	14.0	1.37	
NGC 2715		GX	9.135056	78.085167	11.49	4.2	
NGC 2716		GX	8.959967	3.090222	12.19	1.63	
NGC 2717		GX	8.950311	-24.67375	12.29	2.03	
NGC 2718		GX	8.980686	6.293	14.24	1.72	
NGC 2719		GX	9.004294	35.727639	14.0	1.17	
NGC 2719A		GX	9.004428	35.720139	14.5	0.49	
NGC 272		OC	0.856989	35.82175	99.0	0.0	
NGC 2720		GX	8.985572	11.149222	14.22	1.26	
NGC 2721		GX	8.982367	-4.901944	13.22	1.85	
NGC 2722		GX	8.979492	-3.710111	13.46	1.83	
NGC 2723		GX	9.003989	3.17775	14.28	1.14	
NGC 2724		GX	9.017172	35.762056	14.74	1.2	
NGC 2725		GX	9.017561	11.098389	14.29	0.67	
NGC 2726		GX	9.082436	59.932917	13.0	1.53	
NGC 2728		GX	9.028036	11.082972	15.24	0.98	
NGC 2729		GX	9.024617	3.720611	14.14	1.06	
NGC 273		GX	0.846792	-6.885694	12.92	1.96	
NGC 2730		GX	9.037731	16.838306	13.78	1.45	
NGC 2731		GX	9.035669	8.301667	14.12	0.72	
NGC 2732		GX	9.223536	79.187333	11.89	1.81	
NGC 2734		GX	9.050447	16.863611	15.74	0.92	
NGC 2735		GX	9.044067	25.934528	13.76	1.42	
NGC 2735A		GX	9.044964	25.938389	15.16	0.3	
NGC 2736	Pencil Nebula	EN	9.004706	-45.948056	99.0	30.0	
NGC 2737		GX	9.066589	21.906556	14.6	0.95	
NGC 2738		GX	9.066792	21.967611	13.79	1.36	
NGC 2739		GX	9.100786	51.744694	15.5	0.86	
NGC 274		GX	0.850517	-7.056944	13.38	1.27	
NGC 2740		GX	9.101386	51.735306	15.02	0.73	
NGC 2741		GX	9.054583	18.261083	15.49	0.67	
NGC 2742		GX	9.125981	60.479333	11.49	2.86	
NGC 2742A		GX	9.166131	62.247361	13.94	1.57	
NGC 2743		GX	9.081683	25.003917	14.19	1.1	
NGC 2744		GX	9.077472	18.460278	99.0	1.2	
NGC 2744 NED01		GX	9.077417	18.456111	99.0	0.27	
NGC 2744 NED02		GX	9.0775	18.464444	13.4	1.66	
NGC 2745		GX	9.077592	18.257361	15.68	0.6	
NGC 2746		GX	9.099844	35.377389	14.18	1.57	
NGC 2747		GX	9.088428	18.442194	15.69	0.56	
NGC 2748		GX	9.228617	76.475333	11.68	2.6	
NGC 2749		GX	9.089256	18.313111	11.84	1.92	
NGC 275		GX	0.851167	-7.066667	12.43	1.75	
NGC 2750		GX	9.096642	25.437417	12.59	2.03	
NGC 2751		GX	9.092333	18.262306	14.97	0.87	
NGC 2752		GX	9.095286	18.339722	14.74	1.74	
NGC 2753		GX	9.118961	25.342472	14.72	0.55	
NGC 2754		GX	9.086447	-19.084861	15.31	0.78	
NGC 2755		GX	9.132864	41.708944	14.26	1.15	
NGC 2756		GX	9.150258	53.849528	13.12	1.5	
NGC 2757		OTHER	9.090489	-19.047806	99.0	0.0	
NGC 2758		GX	9.092	-19.042778	14.04	1.87	
NGC 2759		GX	9.143692	37.621611	13.04	1.27	
NGC 276		GX	0.868492	-22.680139	15.85	1.1	
NGC 2760		GX	9.403622	76.531278	14.9	1.21	
NGC 2761		GX	9.125231	18.43475	14.93	0.76	
NGC 2762		GX	9.165147	50.41825	15.86	0.51	
NGC 2763		GX	9.113625	-15.499778	12.07	2.43	
NGC 2764		GX	9.138186	21.443333	12.9	1.15	
NGC 2765		GX	9.126844	3.392917	13.18	2.74	
NGC 2766		GX	9.146539	29.864778	14.49	1.2	
NGC 2767		GX	9.169967	50.401306	14.51	0.72	
NGC 2768		GX	9.19375	60.037222	9.87	5.64	
NGC 2769		GX	9.1756	50.433278	13.89	1.61	
NGC 277		GX	0.854786	-8.596833	14.36	1.34	
NGC 2770		GX	9.159364	33.123528	12.21	3.45	
NGC 2771		GX	9.177683	50.379861	13.9	1.73	
NGC 2772		GX	9.128297	-23.621417	14.21	1.71	
NGC 2773		GX	9.162275	7.173694	14.71	0.65	
NGC 2774		GX	9.177756	18.696583	14.67	1.19	
NGC 2775		GX	9.172256	7.037944	10.24	4.25	
NGC 2776		GX	9.204031	44.954833	11.68	2.14	
NGC 2777		GX	9.178286	7.206694	14.21	0.76	
NGC 2778		GX	9.206769	35.027528	12.41	1.3	
NGC 2779		GX	9.207858	35.05375	15.39	0.72	
NGC 278		GX	0.867864	47.5505	10.85	2.36	
NGC 2780		GX	9.212325	34.925583	14.21	1.06	
NGC 2781		GX	9.190978	-14.816833	11.57	2.52	
NGC 2782		GX	9.234753	40.113694	12.36	3.25	
NGC 2783		GX	9.227628	29.992972	13.55	1.98	
NGC 2783B		GX	9.225875	30.000139	15.12	1.45	
NGC 2784		GX	9.205417	-24.172611	10.1	4.82	
NGC 2785		GX	9.254275	40.917528	13.38	1.44	
NGC 2786		GX	9.226553	12.440806	13.86	0.83	
NGC 2787		GX	9.321833	69.20325	11.25	3.24	
NGC 2788		GX	9.150844	-67.932472	13.27	1.67	
NGC 2788A		GX	9.044289	-68.226833	13.99	2.51	
NGC 2788B		GX	9.059917	-67.969806	14.52	1.55	
NGC 2789		GX	9.249906	29.730278	13.06	1.15	
NGC 279		GX	0.869153	-2.218444	13.96	1.41	
NGC 2790		GX	9.250772	19.697111	14.71	0.6	
NGC 2791		GX	9.250553	17.592222	15.77	0.89	
NGC 2792		PN	9.207381	-42.4275	11.6	0.22	
NGC 2793		GX	9.279808	34.429806	13.39	1.12	
NGC 2794		GX	9.267164	17.589833	13.15	1.22	
NGC 2795		GX	9.267756	17.628361	14.01	1.19	
NGC 2796		GX	9.278292	30.915417	14.54	1.21	
NGC 2797		GX	9.272692	17.727222	14.45	0.66	
NGC 2798		GX	9.289664	41.999722	12.39	2.43	
NGC 2799		GX	9.291953	41.994083	13.71	1.76	
NGC 28		GX	0.173678	-56.989139	15.8	0.92	
NGC 280		GX	0.875072	24.350583	14.55	1.0	
NGC 2800		GX	9.309783	52.514472	13.92	1.42	
NGC 2801		GX	9.278942	19.935722	15.3	0.96	
NGC 2802		GX	9.278175	18.963472	14.87	1.1	
NGC 2803		GX	9.278853	18.954583	15.16	0.98	
NGC 2804		GX	9.280558	20.1985	12.9	1.39	
NGC 2805		GX	9.339003	64.102778	11.56	3.39	
NGC 2806		STAR	9.282442	20.070611	99.0	0.0	
NGC 2807		GX	9.283056	20.032222	99.0	1.5	
NGC 2807A		GX	9.282689	20.029056	15.59	0.56	
NGC 2807B		GX	9.283517	20.0365	15.05	0.82	
NGC 2808		GC	9.200706	-64.862833	5.69	9.0	
NGC 2809		GX	9.285256	20.069694	13.02	1.24	
NGC 281		EN	0.883153	56.621889	99.0	35.0	
NGC 2810		GX	9.367917	71.844028	12.23	1.69	
NGC 2811		GX	9.269753	-16.312722	11.45	3.05	
NGC 2812		GX	9.294664	19.918889	15.89	0.75	
NGC 2813		GX	9.295958	19.906611	15.05	1.02	
NGC 2814		GX	9.353189	64.253194	13.77	1.05	
NGC 2815		GX	9.272153	-23.63325	11.86	3.51	
NGC 2817		GX	9.286258	-4.752111	13.68	1.37	
NGC 2818		PN	9.267083	-36.626944	11.6	0.83	
NGC 2818A		OC	9.268369	-36.626917	12.5	6.9	
NGC 2819		GX	9.302581	16.198111	14.22	1.44	
NGC 282		GX	0.878375	30.639056	14.59	1.25	
NGC 2820		GX	9.362661	64.257944	12.78	3.75	
NGC 2820A		GX	9.358353	64.238722	15.04	0.47	
NGC 2821		GX	9.279994	-26.816278	13.89	2.1	
NGC 2822		GX	9.230478	-69.644833	11.4	3.96	
NGC 2823		GX	9.321517	34.008167	15.46	1.03	
NGC 2824		GX	9.317286	26.269972	12.67	0.97	
NGC 2825		GX	9.3229	33.742778	15.03	1.1	
NGC 2826		GX	9.323381	33.624	14.43	1.47	
NGC 2827		GX	9.321947	33.880806	15.44	1.02	
NGC 2828		GX	9.326342	33.888083	15.61	0.72	
NGC 2829		GX	9.325194	33.648333	99.0	0.6	
NGC 2829 NED01		GX	9.325086	33.648472	16.67	0.48	
NGC 2829 NED02		GX	9.325317	33.647778	16.92	0.4	
NGC 283		GX	0.887003	-13.163889	15.36	1.14	
NGC 2830		GX	9.328169	33.738139	14.11	1.24	
NGC 2831		GX	9.329303	33.745	13.38	0.89	
NGC 2832		GX	9.329683	33.74975	11.79	3.2	
NGC 2833		GX	9.332739	33.927444	15.27	1.14	
NGC 2834		GX	9.334033	33.710472	15.38	0.83	
NGC 2835		GX	9.298031	-22.354667	10.64	6.43	
NGC 2836		GX	9.229056	-69.33475	12.65	1.66	
NGC 2837		STAR	9.306492	-16.481722	99.0	0.0	
NGC 2838		GX	9.345289	39.31575	14.45	1.28	
NGC 2839		GX	9.343425	33.650667	14.75	1.23	
NGC 284		GX	0.890075	-13.158861	15.93	0.62	
NGC 2840		GX	9.347978	35.368278	14.61	1.05	
NGC 2841		GX	9.367397	50.976528	10.18	6.9	
NGC 2842		GX	9.260119	-63.069639	12.49	2.25	
NGC 2843		GX	9.341328	18.926222	16.54	0.47	
NGC 2844		GX	9.363336	40.15125	12.89	1.77	
NGC 2845		GX	9.310197	-38.010083	11.97	1.87	
NGC 2846		STAR	9.327908	-14.676278	99.0	0.0	
NGC 2847		EN	9.335703	-16.518306	99.0	0.0	
NGC 2848		GX	9.336064	-16.526056	12.11	2.69	
NGC 2849		OC	9.323019	-40.520389	12.5	2.4	
NGC 285		GX	0.891636	-13.160722	16.13	0.76	
NGC 2850		GX	9.349169	-4.940083	15.0	0.9	
NGC 2851		GX	9.341731	-16.495278	14.33	1.43	
NGC 2852		GX	9.387386	40.163806	14.13	0.94	
NGC 2853		GX	9.388147	40.200056	14.44	1.67	
NGC 2854		GX	9.400864	49.204139	13.76	1.28	
NGC 2855		GX	9.357636	-11.9095	11.05	3.45	
NGC 2856		GX	9.404447	49.249194	13.26	1.22	
NGC 2857		GX	9.410478	49.357056	12.32	1.89	
NGC 2858		GX	9.381947	3.156944	13.94	1.76	
NGC 2859		GX	9.405147	34.5135	10.94	3.19	
NGC 286		GX	0.891772	-13.112778	15.33	0.88	
NGC 2860		GX	9.414781	41.060194	14.63	1.31	
NGC 2861		GX	9.393472	2.136472	13.06	1.28	
NGC 2862		GX	9.415308	26.774667	13.68	2.64	
NGC 2863		GX	9.393489	-10.433222	13.4	1.37	
NGC 2864		GX	9.404275	5.941167	14.94	0.71	
NGC 2865		GX	9.391725	-23.161444	11.48	2.44	
NGC 2866		OC	9.368067	-51.102611	99.0	2.7	
NGC 2867		PN	9.356936	-58.311667	9.7	0.23	
NGC 2868		GX	9.390894	-10.4295	15.24	1.14	
NGC 287		GX	0.891192	32.482306	14.74	0.83	
NGC 2870		GX	9.464928	57.3755	13.87	2.44	
NGC 2871		STAR	9.42765	11.444333	99.0	0.0	
NGC 2872		GX	9.428483	11.432139	11.86	1.75	
NGC 2873		GX	9.430139	11.454222	16.11	0.73	
NGC 2874		GX	9.429814	11.424583	12.48	2.04	
NGC 2875		OTHER	9.430225	11.431639	99.0	0.0	
NGC 2876		GX	9.420492	-6.716583	14.17	1.73	
NGC 2877		GX	9.429717	2.229111	14.65	0.67	
NGC 2878		GX	9.42985	2.089611	15.05	1.04	
NGC 2879		OTHER	9.422922	-11.6515	99.0	0.0	
NGC 288		GC	0.879847	-26.589889	8.13	9.6	
NGC 2880		GX	9.492933	62.490556	11.61	2.33	
NGC 2881		GX	9.431722	-11.993889	99.0	1.2	
NGC 2881 NED01		GX	9.431597	-11.992139	99.0	0.67	
NGC 2881 NED02		GX	9.431858	-11.995528	15.93	1.17	
NGC 2882		GX	9.443372	7.954472	13.5	1.49	
NGC 2883		GX	9.421783	-34.10325	13.65	2.02	
NGC 2884		GX	9.440125	-11.555583	13.61	2.16	
NGC 2885		GX	9.455142	23.020111	16.0	1.26	
NGC 2886		OTHER	9.444083	-21.737806	99.0	0.0	
NGC 2887		GX	9.390014	-63.812556	11.66	2.55	
NGC 2888		GX	9.438797	-28.035083	12.57	1.96	
NGC 2889		GX	9.453497	-11.643417	11.78	1.95	
NGC 289		GX	0.878433	-31.205833	11.18	3.36	
NGC 2890		GX	9.441622	-14.528694	15.23	0.87	
NGC 2891		GX	9.449064	-24.783028	12.6	1.6	
NGC 2892		GX	9.548036	67.617389	14.36	1.4	
NGC 2893		GX	9.504711	29.539972	13.19	1.02	
NGC 2894		GX	9.491733	7.718833	13.3	1.9	
NGC 2895		GX	9.540292	57.482889	14.62	0.91	
NGC 2896		GX	9.504714	23.663056	14.75	1.2	
NGC 2897		GX	9.496033	2.206806	15.6	0.84	
NGC 2898		GX	9.496206	2.064361	14.83	1.04	
NGC 2899		PN	9.450822	-56.106028	11.8	1.5	
NGC 290		OC	0.853939	-73.161528	11.71	1.1	
NGC 2900		GX	9.504219	4.144222	14.55	0.99	
NGC 2901		OTHER	9.542847	31.111694	99.0	0.0	
NGC 2902		GX	9.514692	-14.735778	13.23	1.72	
NGC 2903		GX	9.536142	21.500833	8.91	11.94	
NGC 2904		GX	9.504722	-30.385028	12.46	1.47	
NGC 2906		GX	9.535061	8.441778	13.17	1.36	
NGC 2907		GX	9.526867	-16.734667	11.63	2.82	
NGC 2908		GX	9.725403	79.70125	14.17	0.74	
NGC 2909		STAR	9.616639	65.940556	99.0	0.0	
NGC 291		GX	0.891644	-8.767806	14.64	0.98	
NGC 2910		OC	9.508061	-52.914	7.2	4.8	
NGC 2911		GX	9.562808	10.152444	13.18	3.46	
NGC 2912		STAR	9.5658	10.192222	99.0	0.0	
NGC 2913		GX	9.567422	9.479194	14.14	1.12	
NGC 2914		GX	9.567439	10.108583	13.12	0.95	
NGC 2915		GX	9.436536	-76.626333	12.61	1.82	
NGC 2916		GX	9.582667	21.705278	12.08	2.4	
NGC 2917		GX	9.574139	-2.504167	14.36	1.34	
NGC 2918		GX	9.595567	31.705472	13.52	1.56	
NGC 2919		GX	9.579867	10.283722	13.6	1.52	
NGC 292	Small Magellanic Cloud	GX	0.879106	-72.828611	2.3	299.92	
NGC 2920		GX	9.570069	-20.859056	13.94	0.86	
NGC 2921		GX	9.575444	-20.920361	12.96	2.86	
NGC 2922		GX	9.614575	37.694889	13.64	1.07	
NGC 2923		GX	9.601064	16.760389	15.64	0.53	
NGC 2924		GX	9.586336	-16.398389	13.36	2.04	
NGC 2925		OC	9.553033	-53.395972	8.3	7.5	
NGC 2926		GX	9.625281	32.841417	14.44	0.83	
NGC 2927		GX	9.620889	23.590611	13.96	1.31	
NGC 2928		GX	9.619467	16.977194	14.88	1.21	
NGC 2929		GX	9.624947	23.161667	14.48	1.1	
NGC 293		GX	0.904433	-7.235472	15.05	1.12	
NGC 2930		GX	9.625722	23.2025	14.92	0.5	
NGC 2931		GX	9.627125	23.24075	14.84	0.75	
NGC 2932		STAR	9.597672	-46.9245	99.0	4.8	
NGC 2933		GX	9.631944	17.014722	15.02	0.97	
NGC 2934		GX	9.631989	17.0545	17.08	0.44	
NGC 2935		GX	9.612458	-21.128139	11.19	4.21	
NGC 2936		GX	9.628931	2.760806	13.08	0.94	
NGC 2937		GX	9.629175	2.747361	13.66	0.75	
NGC 2938		GX	9.639942	76.319556	14.33	1.24	
NGC 2939		GX	9.635575	9.521528	13.56	2.12	
NGC 294		OC	0.884642	-73.380361	12.24	1.7	
NGC 2940		GX	9.634775	9.616722	14.77	0.97	
NGC 2941		GX	9.640058	17.044444	15.08	0.7	
NGC 2942		GX	9.652211	34.006333	12.89	1.67	
NGC 2943		GX	9.642464	17.031306	13.75	2.16	
NGC 2944		GX	9.655056	32.308333	99.0	1.0	
NGC 2944 NED01		GX	9.655033	32.310444	14.88	0.91	
NGC 2944 NED02		GX	9.655447	32.306	17.64	0.32	
NGC 2945		GX	9.628092	-22.035056	13.34	1.66	
NGC 2946		GX	9.650439	17.025333	14.79	1.1	
NGC 2947		GX	9.601608	-12.436722	12.76	1.63	
NGC 2948		GX	9.649775	6.955444	13.75	1.43	
NGC 2949		GX	9.665625	16.787444	15.5	0.42	
NGC 295		GX	0.9923	31.798056	14.98	0.59	
NGC 2950		GX	9.709764	58.851278	11.03	2.62	
NGC 2951		GX	9.661222	-0.235278	15.1	1.34	
NGC 2952		GX	9.626942	-10.183389	15.11	0.8	
NGC 2953		OTHER	9.671956	14.832694	99.0	0.0	
NGC 2954		GX	9.673353	14.922639	12.39	1.43	
NGC 2955		GX	9.68795	35.882278	12.89	1.59	
NGC 2956		GX	9.654736	-19.101083	15.3	0.86	
NGC 2957		GX	9.788028	72.985	99.0	1.0	
NGC 2957 NED01		GX	9.787714	72.986056	16.0	0.91	
NGC 2957A		GX	9.788333	72.984083	15.35	0.77	
NGC 2958		GX	9.678228	11.888417	13.96	0.98	
NGC 2959		GX	9.752492	68.594583	12.69	1.38	
NGC 296		GX	0.918753	31.542278	12.29	2.23	
NGC 2960		GX	9.676772	3.577	15.0	1.11	
NGC 2961		GX	9.756242	68.608278	14.7	0.86	
NGC 2962		GX	9.681647	5.165806	11.88	2.31	
NGC 2963		GX	9.797339	72.964389	14.24	1.18	
NGC 2964		GX	9.715064	31.847389	11.37	2.92	
NGC 2965		GX	9.721986	36.247806	14.7	1.3	
NGC 2966		GX	9.703189	4.673139	14.23	2.12	
NGC 2967		GX	9.700914	0.336444	11.61	2.14	
NGC 2968		GX	9.720003	31.928694	11.73	2.48	
NGC 2969		GX	9.698472	-8.603	13.73	1.32	
NGC 297		GX	0.916372	-7.349667	16.88	0.35	
NGC 2970		GX	9.725297	31.976972	13.64	0.85	
NGC 2971		GX	9.729478	36.179361	14.83	1.13	
NGC 2972		OC	9.669867	-50.320944	9.9	3.6	
NGC 2973		OTHER	9.692986	-30.048389	99.0	0.0	
NGC 2974		GX	9.709244	-3.699139	10.89	3.48	
NGC 2975		GX	9.687797	-16.674389	15.79	0.84	
NGC 2976		GX	9.787628	67.916389	10.16	5.77	
NGC 2977		GX	9.729525	74.860222	13.27	2.08	
NGC 2978		GX	9.721333	-9.745889	13.97	1.07	
NGC 2979		GX	9.719069	-10.38325	14.0	2.06	
NGC 298		GX	0.917319	-7.333083	16.52	1.47	
NGC 2980		GX	9.719992	-9.612389	12.99	1.79	
NGC 2981		GX	9.749047	31.097833	14.82	1.06	
NGC 2982		OC	9.700022	-44.027139	99.0	4.2	
NGC 2983		GX	9.728083	-20.477194	11.87	2.37	
NGC 2984		GX	9.727883	11.060861	14.3	0.85	
NGC 2985		GX	9.839508	72.278639	10.51	3.61	
NGC 2986		GX	9.737789	-21.278	10.64	4.81	
NGC 2987		GX	9.761519	4.941833	13.93	1.31	
NGC 2988		GX	9.779992	22.012139	15.28	0.91	
NGC 2989		GX	9.757006	-18.373917	13.37	1.69	
NGC 299		OC	0.890019	-72.197111	11.73	0.9	
NGC 2990		GX	9.771433	5.708806	12.76	0.93	
NGC 2991		GX	9.780589	22.013944	12.64	0.99	
NGC 2992		GX	9.761681	-14.326389	13.1	2.92	
NGC 2993		GX	9.763425	-14.368306	12.64	1.36	
NGC 2994		GX	9.787808	22.0895	13.08	0.95	
NGC 2995		STAR	9.733081	-54.596944	99.0	0.0	
NGC 2996		GX	9.77505	-21.571611	13.66	1.36	
NGC 2997		GX	9.760775	-31.191083	9.41	10.26	
NGC 2998		GX	9.812119	44.081444	12.54	2.44	
NGC 3		GX	0.121333	8.301639	13.4	1.02	
NGC 30		STAR	0.180775	21.976972	99.0	0.0	
NGC 300		GX	0.914856	-37.684389	8.66	19.41	
NGC 3000		STAR	9.814244	44.130278	99.0	0.0	
NGC 3001		GX	9.77185	-30.437472	11.57	3.02	
NGC 3002		STAR	9.81595	44.057222	99.0	0.0	
NGC 3003		GX	9.810014	33.4215	11.78	4.74	
NGC 3004		STAR	9.817347	44.111028	99.0	0.0	
NGC 3005		GX	9.820797	44.131306	14.94	1.14	
NGC 3006		GX	9.821483	44.025806	15.57	0.82	
NGC 3007		GX	9.796006	-6.438167	14.41	1.61	
NGC 3008		GX	9.826183	44.102694	15.23	0.75	
NGC 3009		GX	9.836425	44.295056	14.31	0.77	
NGC 301		GX	0.938431	-10.673889	15.62	0.64	
NGC 3010		GX	9.842542	44.314389	16.23	0.98	
NGC 3010A		GX	9.842936	44.323417	14.87	0.39	
NGC 3010C		GX	9.844275	44.330972	15.59	0.68	
NGC 3011		GX	9.828111	32.221111	14.35	0.82	
NGC 3012		GX	9.831142	34.714111	14.7	1.24	
NGC 3013		GX	9.835933	33.569333	15.57	0.81	
NGC 3014		GX	9.818792	-4.742944	14.76	0.93	
NGC 3015		GX	9.823033	1.145417	14.27	0.53	
NGC 3016		GX	9.830739	12.695222	13.7	1.12	
NGC 3017		GX	9.817511	-2.821806	14.41	1.02	
NGC 3018		GX	9.828181	0.62125	13.88	1.17	
NGC 3019		GX	9.835336	12.746139	15.11	0.76	
NGC 302		STAR	0.940364	-10.663222	99.0	0.0	
NGC 3020		GX	9.835167	12.813639	13.28	2.34	
NGC 3021		GX	9.849208	33.553639	12.42	1.36	
NGC 3022		GX	9.827569	-5.166583	14.46	1.7	
NGC 3023		GX	9.831275	0.618167	12.7	1.82	
NGC 3024		GX	9.840942	12.7655	13.8	1.71	
NGC 3025		GX	9.824739	-21.74225	13.95	1.59	
NGC 3026		GX	9.848714	28.551111	13.78	2.22	
NGC 3027		GX	9.927944	72.203556	11.76	3.35	
NGC 3028		GX	9.831733	-19.184167	13.56	1.08	
NGC 3029		GX	9.815006	-8.050944	14.01	1.35	
NGC 303		GX	0.915197	-16.654611	15.35	0.73	
NGC 3030		GX	9.836256	-12.226417	14.41	1.24	
NGC 3032		GX	9.868931	29.236222	13.09	1.43	
NGC 3033		OC	9.809733	-56.430056	8.8	4.8	
NGC 3035		GX	9.865286	-6.822917	13.5	1.47	
NGC 3036		OC	9.821081	-62.675583	99.0	4.8	
NGC 3037		GX	9.856672	-27.011111	13.72	1.29	
NGC 3038		GX	9.854292	-32.752556	11.69	2.8	
NGC 3039		GX	9.874908	2.154444	14.25	1.32	
NGC 304		GX	0.935006	24.126889	12.67	1.17	
NGC 3040		GX	9.884528	19.437222	99.0	1.8	
NGC 3040 NED01		GX	9.884294	19.442583	15.64	0.87	
NGC 3040 NED02		GX	9.88475	19.432167	14.36	1.51	
NGC 3041		GX	9.885317	16.677667	11.55	3.22	
NGC 3042		GX	9.88895	0.697694	13.97	1.02	
NGC 3043		GX	9.937458	59.307111	13.38	1.66	
NGC 3044		GX	9.894689	1.579639	11.94	4.2	
NGC 3045		GX	9.888239	-18.645111	13.77	1.43	
NGC 3047		GX	9.908528	-1.289722	99.0	1.2	
NGC 3047A		GX	9.908906	-1.290917	14.54	0.6	
NGC 3047B		GX	9.908192	-1.288056	14.89	0.59	
NGC 3048		GX	9.915889	16.457778	99.0	1.0	
NGC 3048 NED01		GX	9.915681	16.456278	15.45	0.71	
NGC 3048 NED02		GX	9.916122	16.459583	16.73	0.41	
NGC 3049		GX	9.913767	9.271083	13.53	2.11	
NGC 305		OTHER	0.939144	12.065111	99.0	0.0	
NGC 3051		GX	9.899622	-27.286333	15.0	2.2	
NGC 3052		GX	9.907758	-18.638889	12.36	2.15	
NGC 3053		GX	9.926003	16.432861	13.64	1.59	
NGC 3054		GX	9.907944	-25.703444	11.48	3.56	
NGC 3055		GX	9.921683	4.270028	12.06	1.96	
NGC 3056		GX	9.909133	-28.298194	11.7	2.26	
NGC 3057		GX	10.094267	80.285694	13.09	1.45	
NGC 3058		GX	9.893264	-12.481556	99.0	1.4	
NGC 3058 NED01		GX	9.893097	-12.479083	99.0	0.62	
NGC 3058 NED02		GX	9.893381	-12.482111	14.55	1.26	
NGC 3059		GX	9.8356	-73.922194	11.3	3.8	
NGC 306		OC	0.903939	-72.242333	12.07	1.1	
NGC 3060		GX	9.938667	16.831222	13.75	2.02	
NGC 3061		GX	9.936669	75.8665	13.48	1.58	
NGC 3062		GX	9.943275	1.428556	15.17	0.83	
NGC 3063		STAR	10.028269	72.117833	99.0	0.0	
NGC 3064		GX	9.928181	-6.363917	14.98	1.15	
NGC 3065		GX	10.032006	72.170333	13.12	1.87	
NGC 3066		GX	10.036408	72.125389	12.89	1.12	
NGC 3067		GX	9.972522	32.369889	12.13	2.06	
NGC 3068		GX	9.977806	28.877556	14.05	0.87	
NGC 3069		GX	9.96575	10.432444	15.02	0.86	
NGC 307		GX	0.942383	-1.771944	12.79	1.61	
NGC 3070		GX	9.968597	10.359778	12.29	1.55	
NGC 3071		GX	9.981386	31.620306	15.35	0.66	
NGC 3072		GX	9.956636	-19.354972	13.83	1.82	
NGC 3073		GX	10.014467	55.618833	13.43	1.2	
NGC 3074		GX	9.994781	35.392806	12.83	1.96	
NGC 3075		GX	9.982278	14.420472	14.42	1.5	
NGC 3076		GX	9.96045	-18.178694	14.11	0.87	
NGC 3077		GX	10.055297	68.733917	9.88	5.21	
NGC 3078		GX	9.973503	-26.926667	11.16	3.04	
NGC 3079		GX	10.032722	55.679778	10.71	8.18	
NGC 308		STAR	0.942839	-1.783917	99.0	0.0	
NGC 3080		GX	9.998844	13.043833	15.01	0.8	
NGC 3081		GX	9.991539	-22.826278	12.9	2.67	
NGC 3082		GX	9.981408	-30.357694	13.59	2.14	
NGC 3083		GX	9.997131	-2.877472	14.34	0.99	
NGC 3084		GX	9.985117	-27.128806	13.2	1.66	
NGC 3085		GX	9.991439	-19.492278	12.92	1.24	
NGC 3086		GX	10.003053	-2.976167	14.66	1.16	
NGC 3087		GX	9.985739	-34.225222	11.43	2.28	
NGC 3088		GX	10.019194	22.403611	99.0	2.0	
NGC 3088A		GX	10.018664	22.403167	14.4	1.35	
NGC 3088B		GX	10.019361	22.402306	15.95	0.93	
NGC 3089		GX	9.993522	-28.331361	13.23	1.95	
NGC 309		GX	0.945183	-9.913861	12.17	2.23	
NGC 3090		GX	10.008397	-2.969	12.58	1.63	
NGC 3091		GX	10.003969	-19.636972	11.0	3.69	
NGC 3092		GX	10.013175	-3.012389	14.7	1.3	
NGC 3093		GX	10.014886	-2.972	15.35	0.77	
NGC 3094		GX	10.023872	15.770083	13.43	1.34	
NGC 3095		GX	10.001619	-31.552861	11.63	3.61	
NGC 3096		GX	10.009197	-19.661972	13.09	1.17	
NGC 3097		OTHER	10.071131	60.125778	99.0	0.0	
NGC 3098		GX	10.037969	24.711083	11.96	2.33	
NGC 3099		GX	10.043486	32.706722	15.22	1.15	
NGC 31		GX	0.177331	-56.9865	14.58	1.17	
NGC 310		STAR	0.946661	-1.765778	99.0	0.0	
NGC 3100		GX	10.011344	-31.664528	11.37	3.56	
NGC 3101		GX	10.026508	-2.994417	15.37	1.22	
NGC 3102		GX	10.075489	60.107972	14.23	0.98	
NGC 3104		GX	10.065931	40.756917	12.78	2.99	
NGC 3105		OC	10.010978	-54.787694	9.7	4.08	
NGC 3106		GX	10.068125	31.185472	12.42	0.89	
NGC 3107		GX	10.072908	13.621333	13.57	0.77	
NGC 3108		GX	10.041397	-31.677417	11.47	2.54	
NGC 3109		GX	10.051911	-26.159583	10.54	16.0	
NGC 311		GX	0.959092	30.28075	13.0	1.36	
NGC 3110		GX	10.067253	-6.474778	13.0	1.87	
NGC 3111		GX	10.102067	47.262639	14.12	1.42	
NGC 3112		GX	10.066439	-20.781806	15.99	1.1	
NGC 3113		GX	10.073919	-28.444028	13.34	3.43	
NGC 3114		OC	10.041547	-60.130528	4.2	12.3	
NGC 3115	Spindle Galaxy	GX	10.087217	-7.718583	9.09	7.1	
NGC 3116		GX	10.112514	31.097722	15.23	0.7	
NGC 3117		GX	10.102917	2.912861	14.52	0.96	
NGC 3118		GX	10.119872	33.027389	14.31	2.08	
NGC 3119		GX	10.114408	14.373528	14.14	1.05	
NGC 312		GX	0.937758	-52.782694	12.39	1.84	
NGC 3120		GX	10.089733	-34.219944	12.77	1.68	
NGC 3123		OTHER	10.117181	0.067139	99.0	0.0	
NGC 3124		GX	10.111083	-19.221583	12.15	2.7	
NGC 3125		GX	10.109269	-29.934861	12.87	1.21	
NGC 3126		GX	10.139072	31.862694	13.53	3.1	
NGC 3127		GX	10.106903	-16.126083	14.81	1.62	
NGC 3128		GX	10.100381	-16.122028	14.11	1.54	
NGC 3129		STAR	10.138683	18.430639	99.0	0.0	
NGC 313		OTHER	0.962678	30.366083	99.0	0.0	
NGC 3130		GX	10.136761	9.977	14.28	1.07	
NGC 3131		GX	10.143447	18.231222	13.88	2.16	
NGC 3132	Eight-Burst Nebula	PN	10.117147	-40.436583	9.2	0.5	
NGC 3133		GX	10.120225	-11.965306	15.73	0.68	
NGC 3134		GX	10.208136	12.37725	14.74	1.49	
NGC 3135		GX	10.181772	45.950361	14.33	1.0	
NGC 3136		GX	10.096711	-67.377972	10.67	4.2	
NGC 3136A		GX	10.05905	-67.448472	15.53	1.6	
NGC 3136B		GX	10.170258	-67.005083	11.79	1.75	
NGC 3137		GX	10.152078	-29.064306	11.57	5.57	
NGC 3138		GX	10.154631	-11.95675	15.58	1.1	
NGC 3139		GX	10.168106	-11.77825	14.62	1.21	
NGC 314		GX	0.947892	-31.962972	14.4	1.0	
NGC 3140		GX	10.157728	-16.628167	14.07	0.96	
NGC 3141		GX	10.155525	-16.653417	16.14	0.76	
NGC 3142		GX	10.168436	-8.47975	14.48	0.86	
NGC 3143		GX	10.167772	-12.581361	14.28	0.82	
NGC 3144		GX	10.258939	74.220278	14.24	1.12	
NGC 3145		GX	10.169408	-12.433778	12.0	2.87	
NGC 3146		GX	10.186075	-20.870694	14.03	1.01	
NGC 3147		GX	10.281569	73.40075	11.94	4.11	
NGC 3148		STAR	10.228842	50.496528	6.63	0.0	
NGC 3149		GX	10.062247	-80.421667	13.49	1.15	
NGC 315		GX	0.963578	30.352444	11.6	2.86	
NGC 3150		GX	10.223978	38.657667	15.27	1.04	
NGC 3151		GX	10.224747	38.619833	14.96	0.93	
NGC 3152		GX	10.226144	38.843194	15.32	0.74	
NGC 3153		GX	10.214028	12.666667	12.84	1.73	
NGC 3154		GX	10.217022	17.034167	14.26	0.83	
NGC 3155		GX	10.294403	74.347389	13.83	1.21	
NGC 3156		GX	10.211458	3.129361	12.3	1.91	
NGC 3157		GX	10.195119	-31.642861	13.91	1.7	
NGC 3158		GX	10.2307	38.764889	11.88	2.32	
NGC 3159		GX	10.231342	38.654472	13.59	0.96	
NGC 316		STAR	0.964569	30.354306	16.8	0.0	
NGC 3160		GX	10.231964	38.842833	15.02	1.25	
NGC 3161		GX	10.233111	38.657139	15.26	0.46	
NGC 3162		GX	10.225442	22.737556	11.72	2.09	
NGC 3163		GX	10.235306	38.652556	13.34	1.14	
NGC 3164		GX	10.253172	56.672083	14.52	0.8	
NGC 3165		GX	10.225361	3.375028	13.87	1.17	
NGC 3166		GX	10.229333	3.424722	10.62	4.5	
NGC 3167		OTHER	10.243303	29.596333	99.0	0.0	
NGC 3168		GX	10.273058	60.234944	14.46	0.91	
NGC 3169		GX	10.237514	3.466083	10.89	4.34	
NGC 317		GX	0.961028	43.796389	99.0	1.83	
NGC 3170		STAR	10.270703	46.612361	99.0	0.0	
NGC 3171		GX	10.260228	-20.647389	14.05	1.87	
NGC 3172	Polarissima Borealis	GX	11.787222	89.093056	15.0	1.14	
NGC 3173		GX	10.243019	-27.692833	13.68	1.9	
NGC 3175		GX	10.245031	-28.872056	11.26	5.25	
NGC 3176		OTHER	10.254872	-19.032556	99.0	0.0	
NGC 3177		GX	10.27615	21.123056	12.37	1.44	
NGC 3178		GX	10.269214	-15.791278	13.68	1.47	
NGC 3179		GX	10.299225	41.114306	14.08	1.86	
NGC 317A		GX	0.960847	43.800778	13.56	1.21	
NGC 317B		GX	0.961236	43.79225	13.94	0.97	
NGC 318		GX	0.968119	30.425528	15.26	0.6	
NGC 3180		EN	10.302686	41.445028	99.0	0.0	
NGC 3181		EN	10.303197	41.412694	15.79	2.84	
NGC 3182		GX	10.325839	58.205722	12.95	1.92	
NGC 3183		GX	10.363611	74.176861	12.67	2.22	
NGC 3184		GX	10.304683	41.424056	9.84	7.4	
NGC 3185		GX	10.294047	21.68825	12.2	2.15	
NGC 3186		GX	10.264831	6.96375	15.04	1.08	
NGC 3187		GX	10.296628	21.873333	13.28	2.24	
NGC 3188		GX	10.328558	57.423472	15.0	0.84	
NGC 3188A		GX	10.3273	57.418583	16.86	0.44	
NGC 3189		GX	10.301564	21.832306	11.05	3.64	
NGC 319		GX	0.949333	-43.838778	14.3	1.0	
NGC 3191		GX	10.318092	46.454111	14.01	0.71	
NGC 3193		GX	10.306917	21.893972	11.02	2.36	
NGC 3195		PN	10.155828	-80.858583	11.6	0.7	
NGC 3196		GX	10.313619	27.668944	16.08	0.46	
NGC 3197		GX	10.241019	77.82025	14.44	1.11	
NGC 3198		GX	10.331931	45.549611	10.38	6.46	
NGC 3199		EN	10.290119	-57.922222	99.0	20.0	
NGC 32		STAR	0.181553	18.796	99.0	0.0	
NGC 320		GX	0.979592	-20.840083	14.62	0.89	
NGC 3200		GX	10.310153	-17.982528	12.1	4.07	
NGC 3201		GC	10.293544	-46.411222	8.24	9.6	
NGC 3202		GX	10.34215	43.021611	14.09	1.27	
NGC 3203		GX	10.326064	-26.698889	12.13	3.16	
NGC 3204		GX	10.336411	27.817056	14.63	1.25	
NGC 3205		GX	10.347214	42.972056	14.31	1.31	
NGC 3206		GX	10.363219	56.930417	13.29	2.3	
NGC 3207		GX	10.350153	42.985306	14.33	1.24	
NGC 3208		GX	10.328136	-25.81475	12.89	1.78	
NGC 3209		GX	10.344006	25.504972	13.85	1.57	
NGC 321		GX	0.960897	-5.086194	15.81	0.45	
NGC 3210		STAR	10.466444	79.832528	99.0	0.0	
NGC 3211		PN	10.297364	-62.670056	10.7	0.27	
NGC 3212		GX	10.471239	79.823389	14.32	0.83	
NGC 3213		GX	10.354819	19.651778	14.21	1.05	
NGC 3214		GX	10.385775	57.039083	15.01	1.08	
NGC 3215		GX	10.477939	79.813083	13.95	0.95	
NGC 3216		GX	10.361453	23.923056	14.46	1.71	
NGC 3217		GX	10.392394	10.959722	15.21	0.53	
NGC 3219		GX	10.377067	38.579167	14.21	1.08	
NGC 322		GX	0.952781	-43.727083	14.33	1.15	
NGC 3220		GX	10.395739	57.026861	13.95	1.18	
NGC 3221		GX	10.372217	21.569583	14.05	1.7	
NGC 3222		GX	10.376253	19.887028	12.79	1.12	
NGC 3223		GX	10.359744	-34.266806	10.96	4.28	
NGC 3224		GX	10.361442	-34.696778	12.21	1.72	
NGC 3225		GX	10.419417	58.15	13.66	1.65	
NGC 3226		GX	10.390836	19.898528	12.95	3.13	
NGC 3227		GX	10.391828	19.865056	11.72	3.98	
NGC 3228		OC	10.356178	-51.722583	6.0	6.6	
NGC 3229		OTHER	10.3901	0.064806	99.0	0.0	
NGC 323		GX	0.944903	-52.975917	12.53	1.82	
NGC 3230		GX	10.395544	12.567778	14.79	2.02	
NGC 3231		OC	10.449403	66.815167	99.0	0.0	
NGC 3232		GX	10.406731	28.026139	15.5	0.85	
NGC 3233		GX	10.365961	-22.26775	13.54	1.52	
NGC 3234		GX	10.416475	28.023917	14.46	1.34	
NGC 3236		GX	10.446808	61.272917	15.12	0.95	
NGC 3237		GX	10.428694	39.646389	14.08	1.07	
NGC 3238		GX	10.445275	57.226333	13.96	1.11	
NGC 3239		GX	10.418025	17.163583	11.4	3.61	
NGC 324		GX	0.954106	-40.959111	12.81	1.48	
NGC 3240		GX	10.408508	-21.791028	13.91	1.19	
NGC 3241		GX	10.404711	-32.482611	12.99	2.29	
NGC 3242	Jupiter's Ghost Nebula	PN	10.4128	-18.642222	7.7	0.42	
NGC 3243		GX	10.439297	-2.622194	14.47	1.73	
NGC 3244		GX	10.424678	-39.827556	12.32	2.18	
NGC 3245		GX	10.455108	28.507444	10.75	3.61	
NGC 3245A		GX	10.450314	28.639333	15.23	2.32	
NGC 3246		GX	10.444947	3.861917	13.73	1.94	
NGC 3247		EN	10.403889	-57.763333	7.6	5.0	
NGC 3248		GX	10.462622	22.847194	13.81	1.7	
NGC 3249		GX	10.439503	-34.963694	13.86	1.57	
NGC 325		GX	0.963297	-5.112083	14.92	1.19	
NGC 3250		GX	10.4423	-39.943944	11.02	2.96	
NGC 3250A		GX	10.464925	-40.081333	15.66	1.62	
NGC 3250B		GX	10.462436	-40.435028	12.63	2.77	
NGC 3250C		GX	10.461797	-40.002583	14.23	1.91	
NGC 3250D		GX	10.466094	-39.814778	14.37	1.89	
NGC 3250E		GX	10.483528	-40.082806	13.26	1.82	
NGC 3251		GX	10.488011	26.09925	14.07	2.06	
NGC 3252		GX	10.573094	73.764972	14.1	1.87	
NGC 3253		GX	10.474256	12.704056	13.59	1.15	
NGC 3254		GX	10.488872	29.491833	11.66	2.34	
NGC 3255		OC	10.442044	-60.675194	11.0	4.8	
NGC 3256		GX	10.464242	-43.90375	11.58	3.29	
NGC 3256A		GX	10.430844	-43.748083	15.06	1.33	
NGC 3256B		GX	10.483631	-44.402889	13.79	2.1	
NGC 3256C		GX	10.484928	-43.849278	13.32	1.91	
NGC 3257		GX	10.479756	-35.658083	13.12	1.08	
NGC 3258		GX	10.481547	-35.605528	11.41	2.94	
NGC 3258A		GX	10.471989	-35.454472	13.24	1.22	
NGC 3258B		GX	10.507028	-35.563556	15.54	1.06	
NGC 3258C		GX	10.523375	-35.220472	14.6	1.11	
NGC 3258D		GX	10.532147	-35.409806	13.98	1.98	
NGC 3258E		GX	10.540253	-34.998361	15.41	1.57	
NGC 3259		GX	10.543014	65.041083	12.72	1.72	
NGC 326		GX	0.972972	26.865278	99.0	1.0	
NGC 326 NED01		GX	0.972956	26.86625	13.26	1.0	
NGC 326 NED02		GX	0.973014	26.864556	99.0	0.17	
NGC 3260		GX	10.485108	-35.595194	12.67	1.41	
NGC 3261		GX	10.483739	-44.656833	11.41	3.65	
NGC 3262		GX	10.485064	-44.159667	13.13	1.17	
NGC 3263		GX	10.487044	-44.122917	12.15	7.83	
NGC 3264		GX	10.538806	56.085278	13.16	2.09	
NGC 3265		GX	10.518547	28.796667	13.54	0.97	
NGC 3266		GX	10.554892	64.749389	13.46	1.39	
NGC 3267		GX	10.496831	-35.322389	13.35	1.55	
NGC 3268		GX	10.500183	-35.325472	11.41	3.5	
NGC 3269		GX	10.499183	-35.224389	12.26	2.51	
NGC 327		GX	0.965378	-5.130417	13.42	1.39	
NGC 3270		GX	10.524994	24.869444	13.05	2.34	
NGC 3271		GX	10.507358	-35.3595	11.73	3.01	
NGC 3272		STAR	10.530042	28.468778	99.0	0.0	
NGC 3273		GX	10.508103	-35.610639	12.48	1.91	
NGC 3274		GX	10.538131	27.668778	12.84	1.63	
NGC 3275		GX	10.514389	-36.736972	11.65	2.81	
NGC 3276		GX	10.519222	-39.944667	14.46	1.26	
NGC 3277		GX	10.548736	28.511722	11.65	2.11	
NGC 3278		GX	10.526497	-39.954639	13.09	1.35	
NGC 3279		GX	10.578556	11.197333	13.87	2.48	
NGC 328		GX	0.949325	-52.923917	14.07	2.46	
NGC 3280		GX	10.545908	-12.63625	99.0	1.4	
NGC 3280A		GX	10.546217	-12.634583	15.95	0.65	
NGC 3280B		GX	10.545503	-12.637306	15.13	1.02	
NGC 3280C		GX	10.545986	-12.637222	16.02	1.23	
NGC 3281		GX	10.531136	-34.853694	11.95	3.1	
NGC 3281A		GX	10.532856	-35.1985	14.44	1.25	
NGC 3281B		GX	10.531156	-35.204861	15.14	1.31	
NGC 3281C		GX	10.549875	-34.886222	14.38	1.13	
NGC 3281D		GX	10.57195	-34.403417	14.66	2.06	
NGC 3282		GX	10.539422	-22.302278	14.06	1.77	
NGC 3283		GX	10.519889	-46.251278	11.74	2.86	
NGC 3284		GX	10.6059	58.620167	13.67	1.36	
NGC 3285		GX	10.559956	-27.454444	11.98	2.97	
NGC 3285A		GX	10.546883	-27.522444	13.84	1.21	
NGC 3285B		GX	10.576911	-27.652944	13.2	1.64	
NGC 3287		GX	10.579806	21.648278	12.83	1.78	
NGC 3288		GX	10.607131	58.556194	13.99	0.89	
NGC 3289		GX	10.568731	-35.323389	12.55	1.99	
NGC 329		GX	0.967111	-5.071222	13.27	1.59	
NGC 3290		GX	10.588175	-17.276778	14.44	1.05	
NGC 3291		STAR	10.6018	37.274417	99.0	0.0	
NGC 3292		GX	10.592897	-6.179611	14.79	1.11	
NGC 3293		OC	10.596881	-58.224472	4.7	5.1	
NGC 3294		GX	10.604514	37.324694	11.68	3.08	
NGC 3296		GX	10.545944	-12.717417	14.89	1.11	
NGC 3297		GX	10.553278	-12.671833	15.56	0.87	
NGC 3298		GX	10.620078	50.120583	14.8	1.1	
NGC 3299		GX	10.606611	12.707389	14.0	1.79	
NGC 33		STAR	0.1824	3.675917	99.0	0.0	
NGC 330		OC	0.938236	-72.462944	9.55	2.8	
NGC 3300		GX	10.610678	14.171111	13.32	1.53	
NGC 3301		GX	10.615567	21.882139	11.41	3.63	
NGC 3302		GX	10.596508	-32.3585	13.59	1.93	
NGC 3303		GX	10.616611	18.136667	99.0	1.2	
NGC 3303 NED01		GX	10.616511	18.137694	15.61	0.59	
NGC 3303 NED02		GX	10.616669	18.135889	14.5	1.1	
NGC 3304		GX	10.627197	37.455639	14.34	1.55	
NGC 3305		GX	10.603264	-27.162194	12.74	1.17	
NGC 3306		GX	10.619506	12.652472	13.84	1.04	
NGC 3307		GX	10.604769	-27.52975	14.4	0.95	
NGC 3308		GX	10.606222	-27.438139	12.3	1.21	
NGC 3309		GX	10.609917	-27.518444	11.74	1.82	
NGC 331		GX	0.785239	-2.731139	15.51	0.96	
NGC 3310		GX	10.646072	53.503389	11.61	1.8	
NGC 3311		GX	10.611894	-27.528333	11.32	2.63	
NGC 3312		GX	10.617367	-27.565056	12.89	3.31	
NGC 3313		GX	10.623736	-25.319444	11.73	2.96	
NGC 3314		GX	10.620333	-27.684444	99.0	1.2	
NGC 3314A		GX	10.620236	-27.683944	13.11	1.17	
NGC 3314B		GX	10.620347	-27.684972	13.51	0.64	
NGC 3315		GX	10.622008	-27.192306	13.05	1.2	
NGC 3316		GX	10.627033	-27.594306	12.59	0.96	
NGC 3317		OTHER	10.628642	-27.519611	99.0	0.0	
NGC 3318		GX	10.620975	-41.627556	11.5	2.52	
NGC 3318A		GX	10.59225	-41.740944	15.84	1.29	
NGC 3318B		GX	10.626067	-41.465389	13.91	1.54	
NGC 3319		GX	10.652628	41.686667	11.37	3.63	
NGC 332		GX	0.980314	7.111306	14.82	1.37	
NGC 3320		GX	10.660147	47.397917	12.96	1.95	
NGC 3321		GX	10.647378	-11.648861	13.67	2.3	
NGC 3323		GX	10.660844	25.32275	14.34	0.95	
NGC 3324		OC	10.621169	-58.619556	6.7	4.8	
NGC 3325		GX	10.655681	-0.20025	13.0	1.26	
NGC 3326		GX	10.65885	5.107611	14.22	0.97	
NGC 3327		GX	10.666094	24.09125	14.03	1.26	
NGC 3328		STAR	10.665069	9.300111	99.0	0.0	
NGC 3329		GX	10.744269	76.809444	12.82	1.91	
NGC 333		GX	0.980889	-16.470278	99.0	1.5	
NGC 3330		OC	10.645953	-54.130722	7.4	5.1	
NGC 3331		GX	10.66915	-23.820361	13.97	1.19	
NGC 3332		GX	10.674547	9.182556	13.59	1.37	
NGC 3333		GX	10.663842	-36.036167	13.12	1.44	
NGC 3334		GX	10.692	37.312861	12.84	1.21	
NGC 3335		GX	10.659461	-23.922694	14.07	1.1	
NGC 3336		GX	10.671394	-27.777083	12.31	1.97	
NGC 3337		GX	10.696553	4.988389	15.07	1.16	
NGC 3338		GX	10.702094	13.747	10.88	1.23	
NGC 3339		STAR	10.702794	-0.36925	15.4	0.0	
NGC 333A		GX	0.980919	-16.469194	16.0	0.41	
NGC 333B		GX	0.980858	-16.471444	14.9	1.5	
NGC 334		GX	0.980503	-35.116028	14.62	1.08	
NGC 3340		GX	10.704997	-0.376861	13.24	1.29	
NGC 3341		GX	10.708742	5.043806	14.84	1.07	
NGC 3343		GX	10.769569	73.353139	14.63	1.34	
NGC 3344		GX	10.725319	24.922222	9.98	6.7	
NGC 3345		STAR	10.725561	11.985278	99.0	0.0	
NGC 3346		GX	10.727475	14.871861	12.57	2.64	
NGC 3347		GX	10.712931	-36.352667	11.51	4.05	
NGC 3347A		GX	10.672392	-36.411111	13.46	2.21	
NGC 3347B		GX	10.69995	-36.935333	13.72	2.99	
NGC 3347C		GX	10.681581	-36.287917	14.86	1.35	
NGC 3348		GX	10.786111	72.839667	10.92	2.13	
NGC 3349		GX	10.730711	6.762972	15.09	0.7	
NGC 335		GX	0.988828	-18.234667	15.16	1.28	
NGC 3350		GX	10.739714	30.724861	15.29	0.65	
NGC 3352		GX	10.737481	22.371194	12.56	1.43	
NGC 3353		GX	10.756225	55.960389	12.7	1.36	
NGC 3354		GX	10.717483	-36.362389	13.23	1.02	
NGC 3355		GX	10.690553	-23.38425	13.73	1.25	
NGC 3356		GX	10.736731	6.758778	13.28	1.69	
NGC 3357		GX	10.739094	14.084472	14.1	1.03	
NGC 3358		GX	10.725839	-36.410694	11.61	3.62	
NGC 3359		GX	10.776906	63.224222	10.55	4.07	
NGC 336		GX	0.967453	-18.384333	15.48	0.75	
NGC 3360		GX	10.737828	-11.242556	13.73	1.03	
NGC 3361		GX	10.741436	-11.207917	12.84	2.23	
NGC 3362		GX	10.7477	6.596722	15.0	1.32	
NGC 3363		GX	10.752628	22.0785	14.47	0.86	
NGC 3364		GX	10.808283	72.425028	13.47	1.39	
NGC 3365		GX	10.770164	1.813278	12.57	4.04	
NGC 3366		GX	10.585633	-43.691806	11.71	2.72	
NGC 3367		GX	10.776375	13.750861	11.73	2.88	
NGC 3369		GX	10.779069	-25.244444	13.58	0.72	
NGC 337		GX	0.997247	-7.577972	11.48	2.92	
NGC 3370		GX	10.784458	17.273611	12.16	2.44	
NGC 3372	Carina Nebula	EN	10.752369	-59.866694	3.0	120.0	
NGC 3374		GX	10.800292	43.186556	14.51	1.22	
NGC 3375		GX	10.783553	-9.941306	12.61	1.49	
NGC 3376		GX	10.790714	6.048139	14.16	1.13	
NGC 3377		GX	10.795092	13.985917	10.27	3.87	
NGC 3377A		GX	10.789528	14.069444	13.71	1.43	
NGC 3378		GX	10.778686	-40.016028	13.46	1.5	
NGC 337A		GX	1.026083	-7.58825	12.37	2.63	
NGC 338		GX	1.010114	30.668972	12.7	1.75	
NGC 3380		GX	10.803383	28.601778	13.45	1.56	
NGC 3381		GX	10.806894	34.711417	12.89	2.02	
NGC 3382		STAR	10.806953	36.725444	99.0	0.0	
NGC 3383		GX	10.788667	-24.438167	13.55	1.45	
NGC 3384		GX	10.804692	12.629278	9.96	5.24	
NGC 3385		GX	10.803231	4.92775	13.57	1.61	
NGC 3386		GX	10.803308	4.998583	14.57	1.06	
NGC 3387		OTHER	10.80465	4.966611	99.0	0.0	
NGC 3389		GX	10.807753	12.533194	12.04	2.68	
NGC 339		GC	0.961683	-74.473389	12.21	2.9	
NGC 3390		GX	10.801211	-31.533361	12.23	3.11	
NGC 3391		GX	10.815656	14.219833	13.3	0.87	
NGC 3392		GX	10.850833	65.781556	16.11	0.9	
NGC 3393		GX	10.806517	-25.162056	13.09	1.95	
NGC 3394		GX	10.8444	65.727222	13.15	1.77	
NGC 3395		GX	10.830586	32.982861	12.06	1.6	
NGC 3396		GX	10.831964	32.990833	12.5	3.1	
NGC 3398		GX	10.858731	55.390972	14.42	0.86	
NGC 3399		GX	10.824333	16.218556	14.48	1.52	
NGC 340		GX	1.009689	-6.866583	14.52	0.94	
NGC 3400		GX	10.845964	28.469083	14.07	1.53	
NGC 3401		OTHER	10.838853	5.8115	99.0	0.0	
NGC 3402		GX	10.840686	-12.844611	11.89	1.85	
NGC 3403		GX	10.898572	73.690361	13.02	2.78	
NGC 3404		GX	10.838328	-12.108722	14.06	2.06	
NGC 3405		GX	10.828833	16.240278	99.0	1.2	
NGC 3405 NED01		GX	10.828697	16.238833	14.71	1.29	
NGC 3405 NED02		GX	10.828989	16.242194	15.56	0.66	
NGC 3406		GX	10.862278	51.023889	99.0	1.2	
NGC 3406 NED01		GX	10.862119	51.022167	13.84	1.45	
NGC 3406 NED02		GX	10.862356	51.025083	14.79	1.12	
NGC 3407		GX	10.871608	61.379639	14.63	1.35	
NGC 3408		GX	10.869911	58.438139	14.23	0.85	
NGC 3409		GX	10.838986	-17.043639	15.81	1.39	
NGC 341		GX	1.012731	-9.185694	13.97	1.25	
NGC 3410		GX	10.864919	51.0065	14.89	0.87	
NGC 3412		GX	10.848133	13.412139	10.53	3.96	
NGC 3413		GX	10.855761	32.766389	13.12	2.02	
NGC 3414		GX	10.854503	27.975111	11.09	2.67	
NGC 3415		GX	10.861833	43.712611	12.61	1.35	
NGC 3416		GX	10.863419	43.764139	15.51	0.59	
NGC 3417		GX	10.850478	8.4735	15.21	0.81	
NGC 3418		GX	10.856653	28.112028	14.28	1.1	
NGC 3419		GX	10.854928	13.946	13.84	0.75	
NGC 3419A		GX	10.855539	14.023444	14.85	1.67	
NGC 342		GX	1.01385	-6.772556	15.43	0.91	
NGC 3420		GX	10.836017	-17.242528	15.01	1.16	
NGC 3421		GX	10.849342	-12.448528	14.58	1.58	
NGC 3422		GX	10.854817	-12.402389	14.71	1.33	
NGC 3423		GX	10.853981	5.840028	11.17	3.56	
NGC 3424		GX	10.862869	32.90075	13.13	2.49	
NGC 3425		GX	10.857092	8.567139	14.44	1.16	
NGC 3426		GX	10.861597	18.480833	13.78	1.71	
NGC 3427		GX	10.857314	8.298694	13.95	1.3	
NGC 3428		GX	10.858197	9.2795	14.03	1.4	
NGC 343		GX	0.973314	-23.225222	16.56	0.72	
NGC 3430		GX	10.869833	32.950444	11.81	3.99	
NGC 3431		GX	10.854178	-17.008028	14.53	1.5	
NGC 3432		GX	10.875314	36.618778	11.27	7.41	
NGC 3433		GX	10.867742	10.148306	13.3	2.51	
NGC 3434		GX	10.866119	3.792056	13.47	1.45	
NGC 3435		GX	10.913425	61.289861	14.05	1.75	
NGC 3436		GX	10.874303	8.094028	14.92	0.86	
NGC 3437		GX	10.876597	22.934139	12.19	2.35	
NGC 3438		GX	10.873883	10.54725	14.25	0.89	
NGC 3439		GX	10.873811	8.557583	15.24	0.44	
NGC 344		GX	0.973733	-23.229222	16.87	0.28	
NGC 3440		GX	10.897083	57.11875	14.06	2.03	
NGC 3441		GX	10.875311	7.224889	14.02	0.79	
NGC 3442		GX	10.885586	33.910361	13.41	0.54	
NGC 3443		GX	10.883367	17.573639	14.58	1.77	
NGC 3444		GX	10.883161	10.210583	15.52	1.36	
NGC 3445		GX	10.909858	56.990694	12.66	1.41	
NGC 3446		OC	10.868592	-45.13925	99.0	7.5	
NGC 3447		GX	10.874111	16.778889	99.0	3.6	
NGC 3447A		GX	10.889994	16.772444	14.47	3.38	
NGC 3447B		GX	10.891569	16.786	15.35	1.49	
NGC 3448		GX	10.910889	54.304861	11.98	2.97	
NGC 3449		GX	10.881572	-32.927611	12.98	3.66	
NGC 345		GX	1.022806	-6.884278	14.86	0.98	
NGC 3450		GX	10.801006	-20.849194	11.83	2.61	
NGC 3451		GX	10.905803	27.23975	13.5	1.66	
NGC 3452		GX	10.903911	-11.405056	14.8	1.25	
NGC 3453		GX	10.894583	-21.79275	13.91	1.09	
NGC 3454		GX	10.908203	17.344028	13.71	2.41	
NGC 3455		GX	10.908636	17.28475	12.73	2.27	
NGC 3456		GX	10.900919	-16.027722	13.33	1.75	
NGC 3457		GX	10.913508	17.62125	12.98	0.97	
NGC 3458		GX	10.933744	57.116972	13.05	1.38	
NGC 3459		GX	10.9123	-17.042	14.5	1.45	
NGC 346		OC	0.984733	-72.177111	99.0	8.5	
NGC 3461		GX	10.915358	17.708139	15.99	0.51	
NGC 3462		GX	10.922517	7.69675	13.36	1.76	
NGC 3463		GX	10.920378	-26.14075	13.82	1.51	
NGC 3464		GX	10.911114	-21.066639	12.63	2.37	
NGC 3465		GX	10.992019	75.191278	14.55	0.95	
NGC 3466		GX	10.937633	9.754444	14.55	1.0	
NGC 3467		GX	10.945578	9.758917	13.43	0.92	
NGC 3468		GX	10.958658	40.946139	14.02	1.5	
NGC 3469		GX	10.949358	-14.300806	14.28	1.56	
NGC 347		GX	1.026433	-6.733667	15.71	0.6	
NGC 3470		GX	10.979139	59.510694	14.19	1.36	
NGC 3471		GX	10.985836	61.530694	12.78	1.79	
NGC 3472		OTHER	10.956178	-19.637694	99.0	0.0	
NGC 3473		GX	10.968103	17.124417	14.64	1.05	
NGC 3474		GX	10.9691	17.095694	15.02	1.06	
NGC 3475		GX	10.973672	24.226333	14.54	1.13	
NGC 3476		GX	10.968778	9.276139	14.86	1.01	
NGC 3477		GX	10.970161	9.217806	15.57	1.41	
NGC 3478		GX	10.990933	46.122389	12.87	2.05	
NGC 3479		GX	10.982078	-14.961389	13.91	1.53	
NGC 348		GX	1.014447	-53.2445	14.59	0.84	
NGC 3481		GX	10.990603	-7.543639	13.81	0.81	
NGC 3482		GX	10.976186	-46.583889	12.62	1.85	
NGC 3483		GX	10.983383	-28.476972	13.24	1.79	
NGC 3484		OTHER	10.956681	-19.63325	99.0	0.0	
NGC 3485		GX	11.000661	14.841583	12.24	2.17	
NGC 3486		GX	11.006631	28.975139	10.57	5.82	
NGC 3487		GX	11.012931	17.587611	14.6	0.89	
NGC 3488		GX	11.023225	57.677667	13.68	1.51	
NGC 3489		GX	11.005158	13.901222	10.23	3.44	
NGC 349		GX	1.030764	-6.799806	14.05	1.34	
NGC 3490		GX	10.998447	9.361889	15.25	0.89	
NGC 3491		GX	11.009833	12.161556	13.23	0.92	
NGC 3492		GX	11.015833	10.505	99.0	1.0	
NGC 3492 NED01		GX	11.015764	10.504222	15.34	0.98	
NGC 3492 NED02		GX	11.01595	10.505472	13.14	1.17	
NGC 3493		GX	11.024397	27.719583	15.08	0.98	
NGC 3494		STAR	11.019697	3.774306	99.0	0.0	
NGC 3495		GX	11.021175	3.627944	12.43	4.66	
NGC 3496		OC	10.992725	-60.336861	8.2	6.0	
NGC 3497		GX	11.121686	-19.471556	13.01	2.58	
NGC 3498		OTHER	11.028386	14.350722	99.0	0.0	
NGC 3499		GX	11.053064	56.221722	14.2	0.83	
NGC 35		GX	0.186244	-12.020917	14.88	0.76	
NGC 350		GX	1.032419	-6.795722	15.43	0.79	
NGC 3500		GX	11.030964	75.201361	14.76	0.87	
NGC 3501		GX	11.046464	17.989333	13.6	4.31	
NGC 3503		RN	11.021456	-59.84575	99.0	3.0	
NGC 3504		GX	11.053114	27.9725	12.18	2.48	
NGC 3506		GX	11.053603	11.076667	13.16	1.16	
NGC 3507		GX	11.057044	18.135444	12.07	2.92	
NGC 3508		GX	11.049908	-16.289444	13.38	1.0	
NGC 3509		GX	11.073208	4.828611	14.11	1.93	
NGC 351		GX	1.032733	-1.93675	14.12	1.53	
NGC 3510		GX	11.062047	28.887167	13.49	1.55	
NGC 3511		GX	11.056603	-23.086778	11.02	6.04	
NGC 3512		GX	11.067483	28.036806	12.29	1.59	
NGC 3513		GX	11.0628	-23.2455	11.66	2.81	
NGC 3514		GX	11.066639	-18.780583	13.79	1.22	
NGC 3515		GX	11.077011	28.227972	14.7	0.98	
NGC 3516		GX	11.113192	72.568583	12.09	1.91	
NGC 3517		GX	11.093558	56.524917	13.8	0.95	
NGC 3519		OC	11.067436	-61.36825	7.7	4.8	
NGC 352		GX	1.035892	-4.245472	12.59	2.29	
NGC 3520		GX	11.119225	-18.023694	14.87	0.95	
NGC 3521		GX	11.096828	-0.035861	9.11	8.32	
NGC 3522		GX	11.111239	20.085556	14.07	1.17	
NGC 3523		GX	11.051756	75.11575	13.74	1.14	
NGC 3524		GX	11.108917	11.385417	13.33	1.47	
NGC 3526		GX	11.115731	7.173917	13.58	2.38	
NGC 3527		GX	11.121719	28.527778	14.92	1.18	
NGC 3529		GX	11.121978	-19.555639	14.07	1.11	
NGC 353		GX	1.040147	-1.958861	14.63	1.26	
NGC 3530		GX	11.14455	57.230194	14.32	0.81	
NGC 3532	Wishing Well Cluster	OC	11.096617	-58.7705	3.0	12.0	
NGC 3533		GX	11.118764	-37.172639	13.77	2.88	
NGC 3534		GX	11.148794	26.6105	14.04	1.44	
NGC 3534B		GX	11.149214	26.596139	14.86	0.92	
NGC 3535		GX	11.142756	4.831889	14.18	1.16	
NGC 3536		GX	11.147556	28.475694	15.14	0.84	
NGC 3537		GX	11.14075	-10.257778	99.0	1.4	
NGC 3537 NED01		GX	11.140697	-10.256028	14.18	1.35	
NGC 3537 NED02		GX	11.140814	-10.258833	99.0	1.38	
NGC 3538		STAR	11.192872	75.569722	99.0	0.0	
NGC 3539		GX	11.152456	28.672528	15.22	1.26	
NGC 354		GX	1.054553	22.342667	14.16	0.9	
NGC 3540		GX	11.154467	36.021083	14.49	1.32	
NGC 3541		GX	11.142281	-10.491833	15.39	1.3	
NGC 3542		GX	11.165408	36.9465	14.89	0.81	
NGC 3543		GX	11.182347	61.347028	14.14	1.21	
NGC 3544		GX	11.191797	-18.2895	13.06	3.06	
NGC 3545		GX	11.170194	36.965556	99.0	1.3	
NGC 3545A		GX	11.170069	36.964778	14.97	1.16	
NGC 3545B		GX	11.170347	36.966556	15.17	0.44	
NGC 3546		GX	11.162997	-13.380861	14.46	1.91	
NGC 3547		GX	11.165539	10.720833	12.88	1.74	
NGC 3549		GX	11.182464	53.387778	12.14	2.64	
NGC 355		GX	1.051939	-6.324	16.43	0.73	
NGC 3550		GX	11.177417	28.768333	99.0	1.2	
NGC 3550 NED01		GX	11.177389	28.767778	14.44	0.87	
NGC 3550 NED02		GX	11.177333	28.767611	13.22	1.07	
NGC 3551		GX	11.162344	21.758917	14.7	1.38	
NGC 3552		GX	11.178569	28.693167	15.04	0.82	
NGC 3553		GX	11.177911	28.68475	16.03	0.54	
NGC 3554		GX	11.17995	28.660278	15.21	0.74	
NGC 3555		GX	11.163981	21.810194	15.64	0.6	
NGC 3557		GX	11.166011	-37.539167	10.42	4.36	
NGC 3557B		GX	11.158925	-37.349639	12.55	1.83	
NGC 3558		GX	11.182186	28.543806	14.55	0.99	
NGC 3559		GX	11.179225	12.016139	13.78	1.5	
NGC 356		GX	1.051972	-6.988361	14.08	1.75	
NGC 3561	the Guitar	GX	11.187	28.696472	14.7	1.71	
NGC 3562		GX	11.2163	72.879306	12.2	1.69	
NGC 3563		GX	11.190139	26.9625	99.0	1.4	
NGC 3563A		GX	11.189925	26.961861	15.6	0.58	
NGC 3563B		GX	11.190333	26.963583	14.75	1.13	
NGC 3564		GX	11.176772	-37.547583	12.16	1.95	
NGC 3565		GX	11.129903	-20.021556	15.43	0.68	
NGC 3567		GX	11.188522	5.836306	14.4	1.22	
NGC 3568		GX	11.180158	-37.447861	12.41	2.7	
NGC 3569		GX	11.202247	35.452139	14.43	1.15	
NGC 357		GX	1.056078	-6.339222	12.02	2.11	
NGC 3570		GX	11.200931	27.589778	14.94	1.06	
NGC 3572		OC	11.172	-60.248361	6.6	4.08	
NGC 3573		GX	11.188492	-36.875528	12.33	2.55	
NGC 3574		GX	11.203369	27.624833	15.68	0.73	
NGC 3576		EN	11.192131	-61.363	99.0	3.0	
NGC 3577		GX	11.229139	48.272722	14.73	1.16	
NGC 3578		OTHER	11.214664	-15.95725	99.0	0.0	
NGC 3579		EN	11.199889	-61.243222	99.0	20.0	
NGC 358		OTHER	1.086369	62.020444	99.0	0.0	
NGC 3580		GX	11.221092	3.657333	14.68	0.85	
NGC 3581		EN	11.200544	-61.301861	99.0	0.0	
NGC 3582		EN	11.203325	-61.273556	99.0	0.0	
NGC 3583		GX	11.236358	48.318528	12.17	2.24	
NGC 3584		EN	11.205497	-61.228611	99.0	0.0	
NGC 3585		GX	11.221414	-26.754833	9.69	6.61	
NGC 3586		EN	11.208317	-61.35225	99.0	0.0	
NGC 3588		GX	11.234083	20.388611	15.3	0.55	
NGC 3589		GX	11.253703	60.699917	14.48	1.49	
NGC 359		GX	1.071378	-0.764917	14.42	1.28	
NGC 3590		OC	11.216381	-60.789028	8.2	5.1	
NGC 3591		GX	11.234253	-14.087333	14.49	1.22	
NGC 3592		GX	11.240936	17.26	14.55	2.13	
NGC 3593		GX	11.243611	12.817667	10.91	4.69	
NGC 3594		GX	11.270553	55.704333	14.96	1.25	
NGC 3595		GX	11.257097	47.447028	12.92	1.51	
NGC 3596		GX	11.251725	14.787028	11.49	3.55	
NGC 3597		GX	11.244992	-23.727694	13.09	1.49	
NGC 3598		GX	11.253242	17.262694	13.47	1.61	
NGC 3599		GX	11.257489	18.110389	12.01	2.4	
NGC 36		GX	0.189528	6.389361	14.39	2.14	
NGC 360		GX	1.047625	-65.609972	13.43	3.99	
NGC 3600		GX	11.264447	41.591028	12.98	1.87	
NGC 3601		GX	11.25925	5.115417	14.25	0.51	
NGC 3602		GX	11.263422	17.416111	15.63	1.04	
NGC 3603		OC	11.251831	-61.261222	99.0	3.3	
NGC 3604		GX	11.291714	4.555583	12.22	1.4	
NGC 3605		GX	11.279608	18.017167	12.3	1.25	
NGC 3606		GX	11.271008	-33.827444	13.39	1.59	
NGC 3607		GX	11.281844	18.05175	10.0	4.59	
NGC 3608		GX	11.283042	18.148694	10.63	3.18	
NGC 3609		GX	11.297394	26.625806	13.97	1.17	
NGC 361		OC	1.036156	-71.60475	11.77	2.6	
NGC 3610		GX	11.307019	58.786278	10.77	2.39	
NGC 3612		GX	11.304089	26.620556	14.93	0.93	
NGC 3613		GX	11.310031	58.0	10.81	3.55	
NGC 3614		GX	11.305922	45.748222	12.15	2.5	
NGC 3614A		GX	11.303297	45.716889	16.0	0.69	
NGC 3615		GX	11.301847	23.397333	13.89	1.51	
NGC 3616		STAR	11.302464	14.765222	99.0	0.0	
NGC 3617		GX	11.297461	-26.134417	12.75	1.79	
NGC 3618		GX	11.309039	23.469083	14.28	0.89	
NGC 3619		GX	11.322656	57.757833	12.53	3.89	
NGC 362		GC	1.053953	-70.848222	6.58	8.7	
NGC 3620		GX	11.267967	-76.216306	13.88	3.16	
NGC 3621		GX	11.304586	-32.814056	9.55	9.79	
NGC 3622		GX	11.336769	67.241556	13.13	1.25	
NGC 3624		GX	11.314161	7.521389	14.8	0.91	
NGC 3625		GX	11.342039	57.781417	13.92	1.91	
NGC 3626		GX	11.334392	18.356833	10.98	2.94	
NGC 3628		GX	11.338047	13.589694	9.45	11.04	
NGC 3629		GX	11.342169	26.963361	12.94	1.77	
NGC 363		GX	1.104386	-16.54275	15.64	0.82	
NGC 3630		GX	11.33805	2.964389	12.8	1.92	
NGC 3631		GX	11.350797	53.169556	10.42	3.72	
NGC 3633		GX	11.340617	3.585611	14.29	1.19	
NGC 3634		GX	11.341753	-9.01375	15.5	0.35	
NGC 3635		GX	11.342053	-9.013611	14.64	1.35	
NGC 3636		GX	11.340289	-10.281778	12.4	2.51	
NGC 3637		GX	11.344325	-10.257361	12.63	2.45	
NGC 3638		GX	11.336119	-8.105694	14.18	1.6	
NGC 3639		GX	11.359911	18.458583	14.05	1.1	
NGC 364		GX	1.078008	-0.80275	14.24	1.4	
NGC 3640		GX	11.351903	3.234833	10.41	4.33	
NGC 3641		GX	11.352447	3.194583	13.21	0.99	
NGC 3642		GX	11.371636	59.074528	12.19	4.27	
NGC 3643		GX	11.356942	3.013917	14.66	0.95	
NGC 3644		GX	11.359131	2.810444	15.02	1.43	
NGC 3646		GX	11.361967	20.169556	11.2	3.09	
NGC 3647		GX	11.360717	2.891722	15.67	0.39	
NGC 3648		GX	11.375419	39.876889	12.64	1.19	
NGC 3649		GX	11.370761	20.208528	14.67	0.76	
NGC 365		GX	1.071867	-35.121417	14.25	1.01	
NGC 3650		GX	11.376497	20.703917	14.48	1.91	
NGC 3651		GX	11.373972	24.297222	99.0	1.0	
NGC 3651 NED01		GX	11.373978	24.299083	14.16	1.35	
NGC 3651 NED02		GX	11.373994	24.295444	15.22	0.78	
NGC 3652		GX	11.377508	37.765111	12.66	2.48	
NGC 3653		GX	11.375019	24.279278	14.58	1.21	
NGC 3654		GX	11.402983	69.413083	13.32	1.46	
NGC 3655		GX	11.381839	16.590028	11.67	1.45	
NGC 3656		GX	11.394069	53.842111	12.75	1.46	
NGC 3657		GX	11.398772	52.921	13.24	0.99	
NGC 3658		GX	11.399517	38.562333	12.16	1.72	
NGC 3659		GX	11.395983	17.818667	12.82	1.96	
NGC 366		OC	1.107219	62.228917	99.0	5.1	
NGC 3660		GX	11.3923	-8.658556	12.66	2.56	
NGC 3661		GX	11.394008	-13.831111	14.34	1.77	
NGC 3662		GX	11.396239	-1.104861	13.77	1.32	
NGC 3663		GX	11.399975	-12.296444	13.16	1.98	
NGC 3664		GX	11.406736	3.325	12.7	1.45	
NGC 3664A		GX	11.406972	3.2225	15.77	0.63	
NGC 3665		GX	11.412131	38.762861	10.83	4.06	
NGC 3666		GX	11.407242	11.342222	12.69	3.44	
NGC 3667		GX	11.404728	-13.857306	14.0	2.1	
NGC 3667A		GX	11.405969	-13.855806	14.8	0.92	
NGC 3668		GX	11.425122	63.446333	13.11	1.82	
NGC 3669		GX	11.4241	57.72125	13.34	1.79	
NGC 367		GX	1.096914	-12.128472	15.45	0.96	
NGC 3670		GX	11.413794	23.945222	14.35	1.06	
NGC 3671		GX	11.431264	60.479583	15.61	0.82	
NGC 3672		GX	11.417353	-9.795389	11.34	2.9	
NGC 3673		GX	11.420236	-26.736722	11.57	3.48	
NGC 3674		GX	11.440725	57.048389	13.01	1.59	
NGC 3675		GX	11.435717	43.585917	10.09	5.9	
NGC 3676		GX	11.427083	-11.139667	14.68	1.01	
NGC 3677		GX	11.438267	46.974111	13.82	1.49	
NGC 3678		GX	11.437711	27.867139	14.14	0.71	
NGC 3679		GX	11.36335	-5.757694	14.85	1.21	
NGC 368		GX	1.072789	-43.27675	14.7	0.72	
NGC 3680		OC	11.426967	-43.250111	7.6	5.7	
NGC 3681		GX	11.441611	16.863194	11.92	1.74	
NGC 3682		GX	11.461444	66.589833	12.49	2.23	
NGC 3683		GX	11.458847	56.877056	12.97	1.74	
NGC 3683A		GX	11.4866	57.132333	12.72	2.03	
NGC 3684		GX	11.453111	17.030167	11.81	2.29	
NGC 3685		GX	11.471172	4.327278	15.46	0.75	
NGC 3686		GX	11.462214	17.224194	11.43	2.88	
NGC 3687		GX	11.466836	29.511056	12.58	1.4	
NGC 3688		GX	11.462347	-9.165611	15.38	1.11	
NGC 3689		GX	11.469731	25.661167	12.31	1.48	
NGC 369		GX	1.085808	-17.759194	14.58	0.95	
NGC 3690		GX	11.475639	58.561944	99.0	2.1	
NGC 3690A		GX	11.475283	58.561306	12.86	0.21	
NGC 3690B		GX	11.476008	58.562944	11.68	2.4	
NGC 3691		GX	11.469281	16.920472	12.63	1.49	
NGC 3692		GX	11.473336	9.407639	12.94	3.22	
NGC 3693		GX	11.469881	-13.194861	14.02	2.33	
NGC 3694		GX	11.481703	35.414	13.56	1.0	
NGC 3695		GX	11.488081	35.575722	14.85	0.97	
NGC 3696		GX	11.478858	-11.282833	14.97	0.9	
NGC 3697		GX	11.480661	20.795028	13.06	2.07	
NGC 3699		PN	11.465875	-59.958056	11.3	0.75	
NGC 37		GX	0.189703	-56.957333	14.94	1.11	
NGC 370		OTHER	1.112386	32.428694	99.0	0.0	
NGC 3700		GX	11.494058	35.514639	14.87	0.98	
NGC 3701		GX	11.491367	24.093444	13.02	1.6	
NGC 3702		GX	11.503744	-8.862917	14.67	1.29	
NGC 3703		GX	11.485933	-8.446444	15.68	0.6	
NGC 3704		GX	11.501292	-11.546333	13.88	1.55	
NGC 3705		GX	11.502072	9.276639	10.97	4.31	
NGC 3705A		GX	11.508256	9.387944	15.72	0.89	
NGC 3705B		GX	11.495472	9.205806	16.59	0.59	
NGC 3706		GX	11.495675	-36.391306	11.3	3.1	
NGC 3707		GX	11.503211	-11.5435	15.83	0.67	
NGC 3708		OTHER	11.510911	-3.222583	99.0	0.0	
NGC 3709		OTHER	11.510908	-3.255917	99.0	0.0	
NGC 371		OC	1.058203	-72.056833	99.0	4.2	
NGC 3710		GX	11.518594	22.768056	13.09	1.22	
NGC 3711		GX	11.490422	-11.079083	14.69	0.95	
NGC 3712		GX	11.519208	28.567944	15.63	1.97	
NGC 3713		GX	11.528339	28.153583	14.18	1.21	
NGC 3714		GX	11.531558	28.358472	14.33	1.23	
NGC 3715		GX	11.52565	-14.231361	13.45	1.23	
NGC 3716		GX	11.528092	3.488	14.24	0.92	
NGC 3717		GX	11.525553	-30.30775	11.23	6.52	
NGC 3718		GX	11.543014	53.067917	10.7	4.7	
NGC 3719		GX	11.537072	0.819278	13.11	1.67	
NGC 3720		GX	11.539333	0.804	13.02	1.07	
NGC 3721		GX	11.568839	-9.467139	15.47	0.91	
NGC 3722		GX	11.573142	-9.680056	15.44	1.11	
NGC 3723		GX	11.541819	-9.969528	14.36	1.3	
NGC 3724		GX	11.574633	-9.660194	15.02	1.46	
NGC 3725		GX	11.561258	61.888	13.18	1.54	
NGC 3726		GX	11.555867	47.029194	10.49	5.27	
NGC 3727		GX	11.561369	-13.878889	15.14	0.92	
NGC 3728		GX	11.554383	24.446889	14.53	1.56	
NGC 3729		GX	11.5637	53.125556	11.56	2.89	
NGC 373		GX	1.116169	32.308472	15.94	0.52	
NGC 3730		GX	11.571356	-9.576111	14.69	1.42	
NGC 3731		GX	11.569911	12.512306	14.37	0.97	
NGC 3732		GX	11.570539	-9.845667	12.36	1.28	
NGC 3733		GX	11.583778	54.8505	12.43	3.4	
NGC 3734		GX	11.577967	-14.081833	14.85	1.11	
NGC 3735		GX	11.59925	70.535583	12.5	3.54	
NGC 3736		GX	11.594925	73.451833	15.82	1.15	
NGC 3737		GX	11.593439	54.948556	13.87	1.1	
NGC 3738		GX	11.596886	54.523889	11.45	2.26	
NGC 3739		GX	11.593778	25.088639	15.16	1.22	
NGC 374		GX	1.118272	32.795111	14.23	1.3	
NGC 3740		GX	11.603411	59.9765	14.82	1.26	
NGC 3741		GX	11.601717	45.283639	14.03	0.94	
NGC 3742		GX	11.592364	-37.956389	12.06	2.6	
NGC 3743		GX	11.599267	21.722611	15.65	0.56	
NGC 3744		GX	11.599408	23.011556	15.5	0.73	
NGC 3745		GX	11.629008	22.021278	16.17	0.58	
NGC 3746		GX	11.628783	22.009833	14.98	1.13	
NGC 3747		GX	11.541961	74.378389	16.33	0.48	
NGC 3748		GX	11.630294	22.026139	15.77	0.85	
NGC 3749		GX	11.598114	-37.997361	12.76	2.82	
NGC 375		GX	1.118311	32.348167	14.29	0.48	
NGC 3750		GX	11.631011	21.97425	14.91	1.05	
NGC 3751		GX	11.631628	21.936472	15.0	0.91	
NGC 3752		GX	11.542281	74.627528	13.81	1.62	
NGC 3753		GX	11.631639	21.981389	14.54	1.6	
NGC 3754		GX	11.631922	21.9855	15.02	0.55	
NGC 3755		GX	11.609269	36.410333	12.79	2.9	
NGC 3756		GX	11.613339	54.293556	11.52	1.91	
NGC 3757		GX	11.617461	58.415528	13.44	1.14	
NGC 3758		GX	11.608083	21.596111	14.08	0.7	
NGC 3759		GX	11.615025	54.823306	13.29	1.03	
NGC 3759A		GX	11.616119	55.162056	14.36	1.08	
NGC 376		OC	1.064847	-72.823667	10.9	1.8	
NGC 3761		GX	11.612256	22.992028	15.01	1.09	
NGC 3762		GX	11.623286	61.759361	13.25	1.83	
NGC 3763		GX	11.608386	-9.846694	13.16	1.07	
NGC 3764		GX	11.615028	17.889444	99.0	0.8	
NGC 3764 NED01		GX	11.615172	17.888611	14.88	0.69	
NGC 3764 NED02		GX	11.614906	17.890444	18.15	0.24	
NGC 3765		GX	11.617828	24.09625	14.89	0.85	
NGC 3766	Pearl Cluster	OC	11.603997	-61.605167	5.3	6.9	
NGC 3767		GX	11.620989	16.877167	13.44	0.98	
NGC 3768		GX	11.620689	17.839889	13.66	1.36	
NGC 3769		GX	11.628919	47.893083	12.52	2.82	
NGC 3769A		GX	11.630933	47.881333	14.74	0.92	
NGC 377		GX	1.109672	-20.332556	16.31	0.98	
NGC 3770		GX	11.632983	59.616917	13.58	0.95	
NGC 3771		GX	11.651667	-9.348194	12.59	1.47	
NGC 3772		GX	11.630133	22.691278	14.26	1.31	
NGC 3773		GX	11.636911	12.112056	13.31	1.23	
NGC 3774		GX	11.641739	-8.976139	14.74	1.11	
NGC 3775		GX	11.64075	-10.638778	14.7	1.28	
NGC 3776		GX	11.638328	-3.354389	16.08	0.48	
NGC 3777		GX	11.601903	-12.569083	14.42	1.18	
NGC 3778		GX	11.639281	-50.715361	14.16	1.21	
NGC 3779		GX	11.647514	-10.58375	14.39	1.62	
NGC 378		GX	1.103392	-30.178139	13.8	1.52	
NGC 3780		GX	11.656211	56.270667	12.13	2.64	
NGC 3781		GX	11.651044	26.36175	14.73	0.68	
NGC 3782		GX	11.655767	46.513833	13.09	1.23	
NGC 3783		GX	11.650489	-37.738667	12.67	2.15	
NGC 3784		GX	11.658278	26.309139	15.11	0.93	
NGC 3785		GX	11.659136	26.302278	15.06	1.11	
NGC 3786		GX	11.661819	31.909278	13.74	1.96	
NGC 3787		GX	11.660542	20.454694	14.57	0.75	
NGC 3788		GX	11.662403	31.931194	12.5	2.0	
NGC 3789		GX	11.63585	-9.607139	14.26	1.8	
NGC 379		GX	1.121025	32.520361	12.76	1.41	
NGC 3790		GX	11.663128	17.71225	14.41	1.03	
NGC 3791		GX	11.661583	-9.36725	14.36	1.34	
NGC 3792		STAR	11.660703	5.0995	99.0	0.0	
NGC 3793		STAR	11.667219	31.877722	14.4	0.0	
NGC 3794		GX	11.681506	56.202028	13.01	2.03	
NGC 3795		GX	11.668519	58.613083	13.99	2.1	
NGC 3795A		GX	11.655919	58.268694	14.26	2.03	
NGC 3796		GX	11.675311	60.298917	12.86	1.46	
NGC 3797		STAR	11.670364	31.906556	14.9	0.0	
NGC 3798		GX	11.670539	24.697056	13.1	2.15	
NGC 3799		GX	11.669272	15.327306	14.47	0.67	
NGC 38		GX	0.196386	-5.586278	14.34	1.14	
NGC 380		GX	1.121553	32.482917	12.48	1.45	
NGC 3800		GX	11.670419	15.342361	13.01	1.67	
NGC 3801		GX	11.671372	17.728056	12.26	2.31	
NGC 3802		GX	11.671883	17.765333	13.55	1.04	
NGC 3803		GX	11.671458	17.80125	16.4	0.62	
NGC 3805		GX	11.678244	20.342944	13.7	1.53	
NGC 3806		GX	11.679619	17.796278	13.62	1.14	
NGC 3807		STAR	11.698522	17.818917	99.0	0.0	
NGC 3808		GX	11.679	22.437778	99.0	2.2	
NGC 3808A		GX	11.678956	22.429361	13.63	0.94	
NGC 3808B		GX	11.679067	22.446944	12.02	0.75	
NGC 3809		GX	11.687794	59.885778	13.53	1.22	
NGC 381		OC	1.138336	61.583278	9.3	6.0	
NGC 3810		GX	11.682989	11.471139	10.75	3.35	
NGC 3811		GX	11.687953	47.690806	12.33	2.03	
NGC 3812		GX	11.685475	24.821694	13.81	1.71	
NGC 3813		GX	11.688517	36.546806	11.7	2.12	
NGC 3814		GX	11.691022	24.805417	15.54	0.79	
NGC 3815		GX	11.694247	24.8005	14.08	1.44	
NGC 3816		GX	11.696678	20.103639	12.52	1.7	
NGC 3817		GX	11.698042	10.304389	13.3	1.1	
NGC 3818		GX	11.699267	-6.155667	11.75	2.44	
NGC 3819		GX	11.701628	10.351139	14.79	0.9	
NGC 382		GX	1.123297	32.403861	14.48	0.24	
NGC 3820		GX	11.701364	10.38425	15.42	0.69	
NGC 3821		GX	11.702531	20.315667	12.85	1.36	
NGC 3822		GX	11.703086	10.277778	13.7	1.36	
NGC 3823		GX	11.704194	-13.866944	13.84	1.93	
NGC 3824		GX	11.712461	52.779583	14.47	1.23	
NGC 3825		GX	11.706592	10.264139	12.98	1.35	
NGC 3826		GX	11.709125	26.488889	14.24	1.06	
NGC 3827		GX	11.710075	18.845444	13.3	1.01	
NGC 3828		GX	11.716228	16.487611	15.37	0.77	
NGC 3829		GX	11.724244	52.711139	14.96	1.04	
NGC 383		GX	1.1236	32.412556	12.14	2.39	
NGC 3831		GX	11.721833	-12.878361	13.87	2.28	
NGC 3832		GX	11.7254	22.725444	12.94	1.87	
NGC 3833		GX	11.724717	10.161861	14.56	1.34	
NGC 3834		GX	11.727147	19.090472	14.87	0.86	
NGC 3835		GX	11.734694	60.119778	13.07	1.91	
NGC 3835A		GX	11.789694	60.300444	13.94	1.1	
NGC 3836		GX	11.724944	-16.795556	99.0	1.5	
NGC 3836 NED01		GX	11.724864	-16.79425	99.0	0.43	
NGC 3836 NED02		GX	11.724956	-16.796472	13.7	1.2	
NGC 3837		GX	11.732342	19.894583	13.24	0.93	
NGC 3838		GX	11.737156	57.948222	12.32	1.43	
NGC 3839		GX	11.731758	10.784694	13.73	1.04	
NGC 384		GX	1.123639	32.292444	13.08	1.1	
NGC 3840		GX	11.733044	20.077028	13.94	0.79	
NGC 3841		GX	11.733931	19.971889	13.55	0.99	
NGC 3842		GX	11.733931	19.949806	11.84	2.14	
NGC 3843		GX	11.731842	7.925694	14.08	0.99	
NGC 3844		GX	11.733553	20.029333	13.87	1.16	
NGC 3845		GX	11.734853	19.996111	14.03	0.95	
NGC 3846		GX	11.741411	55.65225	13.63	0.97	
NGC 3846A		GX	11.73745	55.034972	14.1	1.94	
NGC 3847		GX	11.737214	33.514528	14.36	1.52	
NGC 3849		GX	11.759792	3.231833	14.83	0.67	
NGC 385		GX	1.124236	32.319528	12.94	1.21	
NGC 3850		GX	11.759878	55.886889	14.46	1.71	
NGC 3851		GX	11.739006	19.980861	15.19	0.63	
NGC 3853		GX	11.741203	16.558111	12.43	1.43	
NGC 3854		GX	11.747792	-9.233278	12.99	1.87	
NGC 3855		GX	11.740494	33.355083	14.85	1.22	
NGC 3857		GX	11.747264	19.532861	14.08	0.9	
NGC 3858		GX	11.753244	-9.313972	14.25	1.41	
NGC 3859		GX	11.747844	19.454194	14.14	1.05	
NGC 386		GX	1.125358	32.362	14.28	0.46	
NGC 3860		GX	11.746989	19.795028	13.45	1.32	
NGC 3861		GX	11.751078	19.973694	12.75	2.04	
NGC 3862		GX	11.751392	19.606306	13.34	1.09	
NGC 3863		GX	11.751533	8.4695	13.87	2.51	
NGC 3864		GX	11.754356	19.392111	15.58	0.77	
NGC 3867		GX	11.758228	19.400167	13.2	1.44	
NGC 3868		GX	11.758317	19.444694	14.78	0.84	
NGC 3869		GX	11.762656	10.824611	13.46	1.67	
NGC 387		GX	1.12585	32.391111	16.49	0.42	
NGC 3870		GX	11.765722	50.19975	13.03	1.03	
NGC 3871		GX	11.769483	33.10875	15.25	0.94	
NGC 3872		GX	11.763628	13.766694	11.71	2.39	
NGC 3873		GX	11.762806	19.773944	12.85	1.14	
NGC 3874		STAR	11.760486	8.573917	99.0	0.0	
NGC 3875		GX	11.763736	19.767417	14.5	1.59	
NGC 3876		GX	11.757408	9.160722	13.78	1.12	
NGC 3877		GX	11.768806	47.494333	11.0	5.36	
NGC 3878		GX	11.771606	33.204472	14.04	0.6	
NGC 3879		GX	11.780394	69.383694	13.39	2.04	
NGC 388		GX	1.129764	32.309972	14.36	0.58	
NGC 3880		GX	11.772842	33.161778	14.69	0.94	
NGC 3881		GX	11.776225	33.106417	14.95	1.2	
NGC 3882		GX	11.768486	-56.388139	11.81	3.32	
NGC 3883		GX	11.779772	20.675417	13.07	1.77	
NGC 3884		GX	11.77005	20.391639	12.59	1.91	
NGC 3885		GX	11.779581	-27.922167	11.87	2.74	
NGC 3886		GX	11.784889	19.837194	14.12	1.35	
NGC 3887		GX	11.784603	-16.854611	10.93	3.27	
NGC 3888		GX	11.792881	55.967222	12.1	1.61	
NGC 3889		GX	11.796703	56.018333	15.55	0.73	
NGC 389		GX	1.141647	39.695444	14.93	1.26	
NGC 3890		GX	11.822181	74.302194	14.06	0.87	
NGC 3891		GX	11.800933	30.359333	12.76	1.72	
NGC 3892		GX	11.800275	-10.962056	11.24	3.08	
NGC 3893		GX	11.810608	48.710833	10.63	2.69	
NGC 3894		GX	11.813989	59.415667	11.62	2.66	
NGC 3895		GX	11.817786	59.432667	13.03	1.19	
NGC 3896		GX	11.815664	48.674667	12.63	1.39	
NGC 3897		GX	11.816517	35.016056	13.03	1.53	
NGC 3898		GX	11.820936	56.084361	10.72	3.47	
NGC 3899		GX	11.834569	26.47925	13.16	1.51	
NGC 39		GX	0.205239	31.061083	14.34	1.1	
NGC 390		STAR	1.131597	32.433111	99.0	0.0	
NGC 3900		GX	11.819294	27.022028	11.44	2.55	
NGC 3901		GX	11.713811	77.372694	14.52	1.37	
NGC 3902		GX	11.821878	26.121611	13.99	1.27	
NGC 3903		GX	11.81765	-37.517111	13.53	1.28	
NGC 3904		GX	11.820339	-29.27675	10.79	3.47	
NGC 3905		GX	11.818031	-9.729833	12.84	1.89	
NGC 3906		GX	11.827917	48.425972	13.52	1.35	
NGC 3907		GX	11.825039	-1.086528	13.64	1.06	
NGC 3907B		GX	11.823206	-1.083778	13.94	1.49	
NGC 3908		GX	11.8313	12.185917	16.27	0.65	
NGC 3909		OC	11.835594	-48.238139	99.0	6.6	
NGC 391		GX	1.122939	0.925944	14.33	0.98	
NGC 3910		GX	11.833142	21.333639	14.32	1.43	
NGC 3911		GX	11.822803	24.938472	15.31	0.87	
NGC 3913		GX	11.84415	55.353861	12.51	1.64	
NGC 3914		GX	11.842403	6.567583	13.87	0.84	
NGC 3915		GX	11.823481	-5.118444	14.62	1.9	
NGC 3916		GX	11.847514	55.143639	14.62	1.21	
NGC 3917		GX	11.845953	51.824667	11.81	4.61	
NGC 3918	Blue Planetary	PN	11.838319	-57.182333	8.1	0.32	
NGC 3919		GX	11.844869	20.015194	14.39	0.95	
NGC 392		GX	1.13985	33.133611	12.71	1.36	
NGC 3920		GX	11.834981	24.92	14.11	1.05	
NGC 3921		GX	11.851908	55.07875	12.49	2.02	
NGC 3922		GX	11.853731	50.156889	13.6	1.91	
NGC 3923		GX	11.850469	-28.806028	9.6	6.89	
NGC 3925		GX	11.855825	21.889139	15.05	1.23	
NGC 3926		GX	11.857611	22.026944	99.0	1.2	
NGC 3926A		GX	11.857378	22.027972	15.67	0.62	
NGC 3926B		GX	11.857842	22.025972	15.18	0.83	
NGC 3928	Miniature Spiral	GX	11.863228	48.683139	12.48	1.36	
NGC 3929		GX	11.861814	21.002722	14.66	0.58	
NGC 393		GX	1.143597	39.644306	12.54	1.64	
NGC 3930		GX	11.862781	38.015111	13.51	2.66	
NGC 3931		GX	11.853736	52.000861	14.42	1.13	
NGC 3932		STAR	11.869678	48.620389	99.0	0.0	
NGC 3933		GX	11.867236	16.809694	13.55	1.01	
NGC 3934		GX	11.870156	16.851444	14.85	0.92	
NGC 3935		GX	11.873353	32.403806	13.93	1.03	
NGC 3936		GX	11.872386	-26.905889	12.29	4.55	
NGC 3937		GX	11.878506	20.631306	12.48	1.75	
NGC 3938		GX	11.880403	44.120722	10.36	3.55	
NGC 394		GX	1.140569	33.147972	13.83	0.64	
NGC 3940		GX	11.879569	20.989278	12.85	1.22	
NGC 3941		GX	11.882044	36.986333	10.37	3.51	
NGC 3942		GX	11.858372	-11.424722	13.78	1.34	
NGC 3943		GX	11.882381	20.479111	14.46	0.97	
NGC 3944		GX	11.884744	26.206944	14.13	1.07	
NGC 3945		GX	11.887147	60.675556	10.75	5.55	
NGC 3946		GX	11.889064	21.021528	14.45	0.66	
NGC 3947		GX	11.888978	20.751722	13.2	1.37	
NGC 3948		STAR	11.893514	20.950778	99.0	0.0	
NGC 3949		GX	11.894922	47.858694	10.89	2.26	
NGC 395		OC	1.085644	-71.990722	99.0	1.5	
NGC 3950		GX	11.894836	47.884583	16.18	0.4	
NGC 3951		GX	11.894792	23.382222	13.63	1.02	
NGC 3952		GX	11.894619	-3.996528	13.02	1.63	
NGC 3953		GX	11.896922	52.326778	10.1	6.14	
NGC 3954		GX	11.894911	20.8825	14.34	0.91	
NGC 3955		GX	11.899208	-23.164167	11.84	4.15	
NGC 3956		GX	11.900192	-20.567333	12.46	3.46	
NGC 3957		GX	11.900419	-19.568889	12.94	3.24	
NGC 3958		GX	11.909356	58.367028	13.02	1.26	
NGC 3959		GX	11.910458	-7.7565	13.97	0.88	
NGC 396		GX	1.135667	4.530861	99.0	0.62	
NGC 3960		OC	11.842558	-55.669833	8.3	6.0	
NGC 3961		GX	11.916011	69.330111	14.63	1.3	
NGC 3962		GX	11.911139	-13.975028	10.65	4.17	
NGC 3963		GX	11.916308	58.493639	12.01	2.52	
NGC 3964		GX	11.914856	28.262417	14.9	0.89	
NGC 3965		GX	11.906419	-10.866861	16.29	0.6	
NGC 3966		GX	11.945608	32.021778	13.82	2.48	
NGC 3967		GX	11.919556	-7.843778	14.42	1.28	
NGC 3968		GX	11.924639	11.968361	13.22	1.91	
NGC 3969		GX	11.919233	-18.927417	14.0	1.32	
NGC 397		GX	1.141972	33.109194	14.58	0.65	
NGC 3970		GX	11.924464	-12.061278	14.45	1.19	
NGC 3971		GX	11.926775	29.995917	13.13	1.05	
NGC 3972		GX	11.929192	55.32075	12.32	3.67	
NGC 3973		GX	11.926944	11.997389	15.53	0.69	
NGC 3974		GX	11.927817	-12.027444	14.27	1.18	
NGC 3975		GX	11.931581	60.529417	15.53	0.76	
NGC 3976		GX	11.932581	6.749444	12.45	3.13	
NGC 3977		GX	11.935333	55.390778	14.47	1.53	
NGC 3978		GX	11.9362	60.522528	12.74	1.58	
NGC 3979		GX	11.933625	-2.720861	13.96	1.23	
NGC 398		GX	1.148242	32.514528	15.34	0.83	
NGC 3981		GX	11.935403	-19.896167	11.65	3.32	
NGC 3982		GX	11.941147	55.12525	11.7	2.13	
NGC 3983		GX	11.939911	23.867944	14.62	1.17	
NGC 3985		GX	11.945031	48.333944	13.12	1.06	
NGC 3987		GX	11.955811	25.195389	12.93	2.72	
NGC 3988		GX	11.956728	27.877528	14.61	0.76	
NGC 3989		GX	11.957414	25.233083	15.71	0.76	
NGC 399		GX	1.149778	32.634306	14.44	1.12	
NGC 3990		GX	11.959878	55.458667	12.58	1.38	
NGC 3991		GX	11.958633	32.337778	99.0	1.8	
NGC 3991 NED01		GX	11.958439	32.333833	13.12	1.17	
NGC 3991 NED02		GX	11.958814	32.341722	14.93	0.83	
NGC 3993		GX	11.960506	25.240611	14.65	1.68	
NGC 3994		GX	11.960242	32.277611	12.8	0.85	
NGC 3995		GX	11.96225	32.294056	12.41	2.59	
NGC 3996		GX	11.962794	14.297417	14.32	0.83	
NGC 3997		GX	11.963397	25.270639	13.46	1.1	
NGC 3998		GX	11.965592	55.453583	11.33	2.78	
NGC 3999		GX	11.965692	25.068278	15.84	0.63	
NGC 4		GX	0.123447	8.373778	16.36	0.53	
NGC 40	Bow-Tie nebula	PN	0.216953	72.521944	11.89	0.8	
NGC 400		STAR	1.150692	32.732417	99.0	0.0	
NGC 4000		GX	11.965839	25.144472	15.23	1.04	
NGC 4001		GX	11.96855	47.334861	15.87	0.59	
NGC 4002		GX	11.966472	23.202056	14.58	1.34	
NGC 4003		GX	11.9664	23.124889	14.59	1.04	
NGC 4004		GX	11.968119	27.878861	13.61	1.17	
NGC 4004B		GX	11.964272	27.868667	15.04	0.76	
NGC 4005		GX	11.969492	25.12225	13.14	1.12	
NGC 4006		GX	11.968272	-2.120083	14.18	1.52	
NGC 4008		GX	11.9714	28.1925	12.02	2.07	
NGC 4009		STAR	11.970847	25.18975	99.0	0.0	
NGC 401		STAR	1.152144	32.759333	99.0	0.0	
NGC 4010		GX	11.977192	47.2615	13.17	3.07	
NGC 4011		GX	11.973731	25.097639	15.78	0.77	
NGC 4012		GX	11.974314	10.0215	14.43	1.73	
NGC 4013		GX	11.975383	43.946583	11.31	4.89	
NGC 4014		GX	11.976614	16.177306	13.41	1.63	
NGC 4015		GX	11.978583	25.040278	99.0	1.4	
NGC 4015 NED01		GX	11.9785	25.036611	14.08	1.62	
NGC 4015 NED02		GX	11.978672	25.043833	14.15	0.78	
NGC 4016		GX	11.974728	27.528778	13.82	0.76	
NGC 4017		GX	11.979353	27.452444	13.04	1.57	
NGC 4018		GX	11.977972	25.316417	13.81	1.39	
NGC 4019		GX	12.019561	14.104306	14.09	1.48	
NGC 402		STAR	1.153711	32.80625	99.0	0.0	
NGC 4020		GX	11.982408	30.411889	13.1	1.87	
NGC 4021		GX	11.984053	25.083222	15.38	0.93	
NGC 4022		GX	11.983614	25.222806	14.32	1.0	
NGC 4023		GX	11.984853	24.988972	14.56	0.92	
NGC 4024		GX	11.975347	-18.346833	11.8	1.75	
NGC 4025		GX	11.986164	37.793417	13.63	1.42	
NGC 4026		GX	11.990331	50.961694	10.78	4.41	
NGC 4027		GX	11.991714	-19.265222	11.17	3.54	
NGC 4027A		GX	11.991497	-19.332	14.51	1.11	
NGC 4029		GX	12.000881	8.181722	14.44	1.25	
NGC 403		GX	1.153933	32.752139	13.18	2.4	
NGC 4030		GX	12.006564	-1.100083	10.51	3.78	
NGC 4031		GX	12.008708	31.947583	14.84	0.67	
NGC 4032		GX	12.009117	20.073944	12.47	1.35	
NGC 4033		GX	12.00965	-17.842611	11.79	2.59	
NGC 4034		GX	12.024906	69.323917	14.42	1.45	
NGC 4035		GX	12.00815	-15.948083	14.5	1.23	
NGC 4036		GX	12.024097	61.895778	10.84	4.85	
NGC 4037		GX	12.023242	13.401028	12.88	2.38	
NGC 4038	Antennae Galaxies	GX	12.031392	-18.867611	10.2	5.42	
NGC 4039	Antennae Galaxies	GX	12.031531	-18.886194	11.04	5.36	
NGC 404		GX	1.157506	35.718139	10.55	3.4	
NGC 4040		GX	12.034844	17.823222	14.98	1.2	
NGC 4041		GX	12.036722	62.137222	11.08	2.57	
NGC 4042		GX	12.046328	20.16325	16.36	0.41	
NGC 4043		GX	12.039711	4.329806	14.03	0.95	
NGC 4044		GX	12.041531	-0.212417	14.58	1.12	
NGC 4045		GX	12.045067	1.976806	11.81	2.55	
NGC 4045A		GX	12.045192	1.952222	14.29	0.92	
NGC 4047		GX	12.047411	48.636194	12.76	1.53	
NGC 4048		GX	12.047275	18.015583	14.44	0.67	
NGC 4049		GX	12.048528	18.7525	14.1	1.16	
NGC 405		OTHER	1.142808	-46.6685	6.89	0.0	
NGC 4050		GX	12.048319	-16.373611	11.79	3.43	
NGC 4051		GX	12.052669	44.531333	11.37	4.89	
NGC 4052		OC	12.034775	-63.223472	8.8	5.1	
NGC 4053		GX	12.053214	19.728833	14.45	1.06	
NGC 4054		GX	12.053639	57.894444	99.0	1.0	
NGC 4054 NED01		GX	12.053461	57.893444	15.45	0.65	
NGC 4054 NED02		GX	12.053728	57.898056	17.39	0.43	
NGC 4054 NED03		GX	12.053842	57.890556	15.87	0.62	
NGC 4055		GX	12.067078	20.232333	13.78	0.92	
NGC 4056		GX	12.066047	20.3125	16.47	0.63	
NGC 4057		GX	12.068381	20.235083	12.57	1.29	
NGC 4058		GX	12.063628	3.548222	13.89	1.39	
NGC 406		GX	1.123625	-69.879167	12.46	2.44	
NGC 4060		GX	12.066944	20.337417	15.49	0.55	
NGC 4062		GX	12.067731	31.895806	11.15	4.14	
NGC 4063		GX	12.068331	1.846972	14.86	0.92	
NGC 4064		GX	12.069767	18.443417	11.33	3.22	
NGC 4066		GX	12.069283	20.347944	14.17	1.16	
NGC 4067		GX	12.069872	10.854389	13.42	1.13	
NGC 4068		GX	12.066883	52.588278	12.71	1.92	
NGC 4069		GX	12.068344	20.323778	16.3	0.49	
NGC 407		GX	1.176822	33.1265	14.3	2.0	
NGC 4070		GX	12.069806	20.409833	14.06	1.24	
NGC 4071		PN	12.071047	-67.310111	13.0	1.05	
NGC 4072		GX	12.070511	20.209722	15.54	0.44	
NGC 4073		GX	12.074186	1.895972	11.51	2.09	
NGC 4074		GX	12.074911	20.316222	14.44	0.55	
NGC 4075		GX	12.077175	2.072528	14.52	1.21	
NGC 4076		GX	12.0757	20.204944	13.45	0.87	
NGC 4077		GX	12.077236	1.787722	14.13	1.26	
NGC 4078		GX	12.0799	10.595583	13.77	1.17	
NGC 4079		GX	12.080514	-2.382389	13.81	1.73	
NGC 408		STAR	1.180858	33.151278	99.0	0.0	
NGC 4080		GX	12.081064	26.992528	13.88	1.23	
NGC 4081		GX	12.076086	64.43675	13.06	1.43	
NGC 4082		GX	12.086514	10.670611	14.94	0.78	
NGC 4083		GX	12.087236	10.613222	15.12	0.88	
NGC 4084		GX	12.087572	21.214444	14.64	1.08	
NGC 4085		GX	12.089642	50.352944	12.37	2.22	
NGC 4086		GX	12.091492	20.24675	14.95	1.17	
NGC 4087		GX	12.093147	-26.522639	13.15	2.0	
NGC 4088		GX	12.092831	50.539028	10.6	7.01	
NGC 4089		GX	12.093731	20.555722	14.64	0.86	
NGC 409		GX	1.159228	-35.805611	14.08	1.36	
NGC 4090		GX	12.091089	20.30875	14.78	1.12	
NGC 4091		GX	12.094469	20.555722	15.0	0.94	
NGC 4092		GX	12.097253	20.477	13.57	1.01	
NGC 4093		GX	12.097631	20.521972	15.15	0.75	
NGC 4094		GX	12.098322	-14.526417	12.01	4.4	
NGC 4095		GX	12.098394	20.572528	14.35	1.36	
NGC 4096		GX	12.100314	47.478444	10.57	5.65	
NGC 4097		GX	12.100697	36.863667	14.4	1.22	
NGC 4098		GX	12.101083	20.606111	99.0	1.2	
NGC 4098 NED01		GX	12.100994	20.608083	14.38	1.32	
NGC 4098 NED02		GX	12.101172	20.603917	15.06	1.23	
NGC 41		GX	0.213325	22.023389	14.52	0.94	
NGC 410		GX	1.183028	33.151889	11.48	2.37	
NGC 4100		GX	12.102347	49.582694	11.09	4.56	
NGC 4101		GX	12.102936	25.557	14.54	1.18	
NGC 4102		GX	12.106386	52.711083	11.87	2.94	
NGC 4103		OC	12.110992	-61.250083	7.4	7.8	
NGC 4104		GX	12.110825	28.174194	12.14	2.5	
NGC 4105		GX	12.111325	-29.760222	10.62	4.33	
NGC 4106		GX	12.112444	-29.768306	11.3	4.14	
NGC 4108		GX	12.112381	67.163083	13.05	1.63	
NGC 4108A		GX	12.097128	67.252083	14.58	1.28	
NGC 4108B		GX	12.119894	67.235167	14.5	1.33	
NGC 4109		GX	12.1142	42.995639	14.97	0.7	
NGC 411		OC	1.132131	-71.768361	12.1	2.1	
NGC 4110		GX	12.117625	18.531722	14.5	1.31	
NGC 4111		GX	12.117536	43.065722	10.81	1.78	
NGC 4112		GX	12.119297	-40.208167	12.71	1.7	
NGC 4113		GX	12.119022	32.995889	14.84	0.81	
NGC 4114		GX	12.120081	-14.185472	14.06	2.16	
NGC 4115		STAR	12.119319	14.406556	99.0	0.0	
NGC 4116		GX	12.126986	2.6905	12.02	2.57	
NGC 4117		GX	12.129475	43.126361	14.3	1.58	
NGC 4118		GX	12.131353	43.111056	15.75	0.69	
NGC 4119		GX	12.136006	10.378889	11.5	1.58	
NGC 4120		GX	12.14195	69.544833	14.01	1.57	
NGC 4121		GX	12.132397	65.113944	12.99	0.52	
NGC 4123		GX	12.136419	2.878278	11.39	3.18	
NGC 4125		GX	12.135006	65.174139	9.71	5.87	
NGC 4126		GX	12.143733	16.142778	14.48	0.81	
NGC 4127		GX	12.140656	76.804028	13.42	1.51	
NGC 4128		GX	12.142314	68.767611	11.96	2.21	
NGC 4129		GX	12.148117	-9.0365	12.48	2.58	
NGC 413		GX	1.208722	-2.793417	15.06	1.05	
NGC 4131		GX	12.146469	29.304778	13.27	1.36	
NGC 4132		GX	12.150389	29.250111	13.99	1.14	
NGC 4133		GX	12.147211	74.904306	13.01	1.66	
NGC 4134		GX	12.152781	29.176917	13.1	1.85	
NGC 4135		GX	12.152447	44.003194	14.02	0.76	
NGC 4136		GX	12.154914	29.927611	11.9	2.34	
NGC 4137		GX	12.154864	44.090167	14.34	0.79	
NGC 4138		GX	12.158272	43.685306	11.8	2.92	
NGC 4139		GX	12.076119	1.801611	14.72	1.2	
NGC 414		GX	1.188278	33.112778	99.0	0.75	
NGC 414 NED01		GX	1.188189	33.113889	14.45	0.74	
NGC 414 NED02		GX	1.188319	33.11225	99.0	0.45	
NGC 4141		GX	12.163144	58.849194	14.6	1.18	
NGC 4142		GX	12.158386	53.104944	13.91	1.76	
NGC 4143		GX	12.160017	42.534167	12.08	2.73	
NGC 4144		GX	12.166278	46.457167	11.61	5.24	
NGC 4145		GX	12.167089	39.883861	11.22	4.62	
NGC 4146		GX	12.171739	26.43075	13.86	1.29	
NGC 4147		GC	12.168381	18.542139	10.74	2.4	
NGC 4148		GX	12.168881	35.877611	14.39	1.63	
NGC 4149		GX	12.175789	58.304139	13.92	1.37	
NGC 415		GX	1.168247	-35.490778	14.3	1.57	
NGC 4150		GX	12.176014	30.401528	11.69	1.99	
NGC 4151		GX	12.175717	39.405722	11.48	2.88	
NGC 4152		GX	12.177083	16.032917	12.5	1.36	
NGC 4155		GX	12.179358	19.040833	14.43	1.24	
NGC 4156		GX	12.180447	39.472722	13.53	1.11	
NGC 4157		GX	12.184547	50.484667	11.29	6.22	
NGC 4158		GX	12.186158	20.175667	13.28	1.45	
NGC 4159		GX	12.181561	76.125861	14.22	1.36	
NGC 416		GC	1.132917	-72.355056	11.76	1.7	
NGC 4160		STAR	12.200483	43.735583	99.0	0.0	
NGC 4161		GX	12.192628	57.7375	13.74	1.06	
NGC 4162		GX	12.197908	24.123667	11.7	2.28	
NGC 4163		GX	12.202544	36.169194	13.15	1.67	
NGC 4164		GX	12.201517	13.205639	15.36	0.71	
NGC 4165		GX	12.203278	13.246528	13.63	1.24	
NGC 4166		GX	12.202656	17.757028	14.16	1.05	
NGC 4168		GX	12.204797	13.205194	11.45	2.92	
NGC 4169		GX	12.205217	29.179417	12.2	1.64	
NGC 417		GX	1.184878	-18.148333	15.29	1.08	
NGC 4170		STAR	12.203678	29.166806	99.0	0.0	
NGC 4171		STAR	12.210664	29.2245	99.0	0.0	
NGC 4172		GX	12.204136	56.177556	14.26	1.23	
NGC 4173		GX	12.205961	29.207056	13.34	2.34	
NGC 4174		GX	12.207469	29.149222	13.64	0.91	
NGC 4175		GX	12.208625	29.168444	13.45	1.61	
NGC 4176		GX	12.210231	-9.160472	15.44	0.7	
NGC 4177		GX	12.211461	-14.014556	13.29	1.82	
NGC 4178		GX	12.212903	10.865972	11.43	4.66	
NGC 4179		GX	12.214475	1.299694	10.93	4.48	
NGC 418		GX	1.176561	-30.221278	12.58	1.98	
NGC 4180		GX	12.217514	7.038944	13.22	1.45	
NGC 4181		GX	12.213608	52.903306	14.83	1.12	
NGC 4183		GX	12.221356	43.698583	12.29	4.29	
NGC 4184		OC	12.225719	-62.721417	99.0	6.0	
NGC 4185		GX	12.222833	28.510972	13.41	1.85	
NGC 4186		GX	12.235147	14.725806	14.52	1.02	
NGC 4187		GX	12.2248	50.7415	14.26	1.64	
NGC 4188		GX	12.235378	-12.586	14.31	0.67	
NGC 4189		GX	12.229797	13.424806	11.84	2.2	
NGC 419		GC	1.138103	-72.8835	10.5	2.8	
NGC 4190		GX	12.229103	36.634028	13.13	1.53	
NGC 4191		GX	12.230667	7.200889	13.56	1.52	
NGC 4193		GX	12.231553	13.172861	12.29	2.23	
NGC 4194	Medusa Galaxy Merger	GX	12.235964	54.526833	12.77	1.64	
NGC 4195		GX	12.238356	59.615444	15.29	1.51	
NGC 4196		GX	12.241597	28.423444	13.62	1.14	
NGC 4197		GX	12.244042	5.805722	13.36	2.84	
NGC 4198		GX	12.239458	56.011444	14.44	0.8	
NGC 4199		GX	12.247278	59.9075	99.0	1.1	
NGC 4199A		GX	12.246842	59.906194	15.3	1.02	
NGC 4199B		GX	12.247694	59.908389	16.43	0.85	
NGC 42		GX	0.215653	22.100306	15.07	0.86	
NGC 420		GX	1.202681	32.123167	13.36	1.38	
NGC 4200		GX	12.245619	12.18075	12.96	1.43	
NGC 4201		GX	12.244961	-11.582861	14.47	1.0	
NGC 4202		GX	12.302375	-1.064111	14.53	1.03	
NGC 4203		GX	12.251406	33.197333	11.55	3.42	
NGC 4204		GX	12.254011	20.658583	12.89	4.06	
NGC 4205		GX	12.248761	63.782778	13.71	1.67	
NGC 4206		GX	12.254669	13.023972	12.17	4.69	
NGC 4207		GX	12.258472	9.584889	13.4	1.5	
NGC 4208		GX	12.260933	13.9015	11.1	2.8	
NGC 4209		STAR	12.257172	28.468417	13.6	0.0	
NGC 421		OTHER	1.204017	32.1235	99.0	0.0	
NGC 4210		GX	12.254397	65.985333	13.38	1.94	
NGC 4211		GX	12.259958	28.177639	14.3	1.03	
NGC 4211A		GX	12.260367	28.169639	15.85	0.44	
NGC 4213		GX	12.260433	23.981889	12.57	1.57	
NGC 4214		GX	12.260881	36.326889	9.77	6.79	
NGC 4215		GX	12.26515	6.401139	11.96	1.69	
NGC 4216		GX	12.265122	13.149389	9.93	7.82	
NGC 4217		GX	12.264139	47.091778	11.23	5.43	
NGC 4218		GX	12.262892	48.130833	13.45	0.96	
NGC 4219		GX	12.274256	-43.32425	11.83	3.75	
NGC 4219A		GX	12.299969	-43.540028	14.73	1.29	
NGC 422		OC	1.157053	-71.767222	13.26	1.0	
NGC 4220		GX	12.269919	47.88325	11.33	3.3	
NGC 4221		GX	12.266628	66.230806	13.32	1.85	
NGC 4222		GX	12.272922	13.307056	13.8	2.83	
NGC 4223		GX	12.290503	6.690083	11.95	2.02	
NGC 4224		GX	12.276053	7.462083	11.77	2.9	
NGC 4225		GX	12.277325	-12.327667	14.97	0.84	
NGC 4226		GX	12.273967	47.025194	14.34	1.12	
NGC 4227		GX	12.276028	33.522056	13.72	1.49	
NGC 4229		GX	12.277442	33.560889	14.22	1.24	
NGC 423		GX	1.189503	-29.234528	14.39	0.9	
NGC 4230		OC	12.285936	-55.286139	9.4	5.4	
NGC 4231		GX	12.280242	47.457389	14.65	0.78	
NGC 4232		GX	12.280286	47.438806	14.52	1.23	
NGC 4233		GX	12.285467	7.624389	11.94	2.34	
NGC 4234		GX	12.285878	3.683056	12.88	1.15	
NGC 4235		GX	12.286078	7.191583	11.97	4.41	
NGC 4236		GX	12.278367	69.462583	9.77	23.5	
NGC 4237		GX	12.286506	15.323972	11.83	1.82	
NGC 4238		GX	12.282167	63.409917	14.13	1.73	
NGC 4239		GX	12.287481	16.531389	12.77	1.36	
NGC 424		GX	1.191008	-38.083472	14.12	1.66	
NGC 4240		GX	12.2901	-9.951639	14.27	1.47	
NGC 4241		GX	12.299972	6.654194	13.05	1.46	
NGC 4242		GX	12.291717	45.619306	11.03	3.8	
NGC 4244		GX	12.291572	37.807111	10.18	16.22	
NGC 4245		GX	12.293547	29.608	11.42	2.55	
NGC 4246		GX	12.299478	7.185917	12.72	2.14	
NGC 4247		GX	12.299467	7.273944	14.79	0.99	
NGC 4248		GX	12.297181	47.409194	12.58	2.01	
NGC 4249		GX	12.299831	5.598583	14.48	0.86	
NGC 425		GX	1.217378	38.768361	13.46	0.89	
NGC 4250		GX	12.290631	70.802583	12.9	1.87	
NGC 4251		GX	12.302292	28.175389	10.77	2.34	
NGC 4252		GX	12.308581	5.559472	14.65	1.19	
NGC 4253		GX	12.307364	29.812861	13.23	0.89	
NGC 4255		GX	12.315597	4.786139	13.4	1.35	
NGC 4256		GX	12.311969	65.89825	12.68	3.87	
NGC 4257		GX	12.318464	5.725972	14.57	0.47	
NGC 4259		GX	12.322836	5.376389	13.57	1.04	
NGC 426		GX	1.213503	-0.290194	12.89	1.2	
NGC 4260		GX	12.322844	6.098667	11.55	2.51	
NGC 4261		GX	12.323117	5.825222	11.11	4.25	
NGC 4262		GX	12.325158	14.877667	11.46	1.74	
NGC 4263		GX	12.328389	-12.225556	13.64	1.16	
NGC 4264		GX	12.3266	5.84675	12.79	0.86	
NGC 4266		GX	12.328417	5.538278	13.42	2.0	
NGC 4267		GX	12.329233	12.798278	10.89	2.55	
NGC 4268		GX	12.329783	5.283778	12.71	1.51	
NGC 4269		GX	12.330331	6.014972	13.41	1.22	
NGC 427		GX	1.205344	-32.061167	15.1	1.1	
NGC 4270		GX	12.330408	5.463444	12.18	1.88	
NGC 4271		GX	12.325722	56.736583	13.59	1.77	
NGC 4272		GX	12.3299	30.339083	14.04	1.02	
NGC 4273		GX	12.332244	5.343333	11.8	2.19	
NGC 4274		GX	12.330719	29.614472	10.42	3.63	
NGC 4275		GX	12.331272	27.621	13.37	0.87	
NGC 4276		GX	12.335411	7.691861	13.56	1.34	
NGC 4277		GX	12.334367	5.341361	13.5	0.76	
NGC 4278		GX	12.335228	29.28075	10.21	2.89	
NGC 4279		GX	12.340278	-11.666611	15.13	1.17	
NGC 428		GX	1.215475	0.981556	11.47	2.82	
NGC 4280		OTHER	12.342194	-11.652444	99.0	0.0	
NGC 4281		GX	12.339311	5.386389	11.31	2.85	
NGC 4282		GX	12.340086	5.572833	14.55	0.88	
NGC 4283		GX	12.339125	29.310944	12.32	1.23	
NGC 4284		GX	12.336839	58.092889	14.49	1.9	
NGC 4285		GX	12.344389	-11.641917	15.0	0.93	
NGC 4286		GX	12.345025	29.345889	14.51	1.08	
NGC 4287		GX	12.346806	5.639889	14.99	1.22	
NGC 4288		GX	12.343919	46.291667	12.91	1.7	
NGC 4288A		GX	12.344603	46.255444	15.7	0.72	
NGC 4289		GX	12.350625	3.722139	14.32	4.26	
NGC 429		GX	1.21595	-0.345	14.45	1.51	
NGC 4290		GX	12.346536	58.0925	12.76	2.19	
NGC 4291		GX	12.338389	75.370833	11.42	1.93	
NGC 4292		GX	12.354572	4.595694	12.21	1.6	
NGC 4293		GX	12.353581	18.382389	10.17	6.24	
NGC 4294		GX	12.354953	11.510444	12.05	2.69	
NGC 4295		GX	12.352717	28.165111	14.87	0.51	
NGC 4296		GX	12.357886	6.653556	13.68	1.44	
NGC 4297		GX	12.357614	6.671028	12.92	0.64	
NGC 4298		GX	12.3591	14.606167	11.35	2.54	
NGC 4299		GX	12.361264	11.499917	12.47	1.48	
NGC 43		GX	0.216875	30.915278	13.87	1.39	
NGC 430		GX	1.216647	-0.2525	12.53	1.18	
NGC 4300		GX	12.361519	5.384806	13.36	1.79	
NGC 4301		GX	12.374225	4.566278	13.12	1.14	
NGC 4302		GX	12.3618	14.598306	11.54	6.0	
NGC 4304		GX	12.3702	-33.4845	11.77	2.48	
NGC 4305		GX	12.367667	12.740917	12.61	2.3	
NGC 4306		GX	12.367808	12.787472	13.58	1.49	
NGC 4307		GX	12.368244	9.043639	12.71	3.44	
NGC 4307A		GX	12.3687	8.990556	14.98	0.76	
NGC 4308		GX	12.365792	30.074361	13.25	0.94	
NGC 4309		GX	12.370106	7.144306	13.56	1.93	
NGC 431		GX	1.234594	33.704194	13.96	1.16	
NGC 4310		GX	12.373972	29.209028	13.44	1.93	
NGC 4311		STAR	12.374125	29.145944	99.0	0.0	
NGC 4312		GX	12.375378	15.537917	11.7	5.02	
NGC 4313		GX	12.377372	11.800944	12.42	3.8	
NGC 4314		GX	12.375506	29.895889	10.57	3.7	
NGC 4315		STAR	12.379206	9.305389	99.0	0.0	
NGC 4316		GX	12.3784	9.332472	13.54	2.47	
NGC 4317		OTHER	12.378328	31.037861	99.0	0.0	
NGC 4318		GX	12.378692	8.198278	14.2	0.73	
NGC 4319		GX	12.362186	75.322583	12.88	2.45	
NGC 432		GX	1.196183	-61.527639	14.12	1.32	
NGC 4320		GX	12.3827	10.548333	14.91	0.94	
NGC 4322		STAR	12.378303	15.903278	13.4	0.0	
NGC 4323		GX	12.383814	15.905583	13.76	1.23	
NGC 4324		GX	12.38505	5.250333	11.5	2.96	
NGC 4325		GX	12.385189	10.621194	13.3	1.23	
NGC 4326		GX	12.386564	6.072139	14.23	1.13	
NGC 4327		STAR	12.385419	15.7365	16.1	0.0	
NGC 4328		GX	12.388897	15.820389	14.19	1.6	
NGC 4329		GX	12.389086	-12.558611	14.65	1.08	
NGC 433		OC	1.252572	60.125778	99.0	3.6	
NGC 4330		GX	12.388125	11.367972	13.12	2.29	
NGC 4331		GX	12.376656	76.172472	14.71	1.58	
NGC 4332		GX	12.379656	65.843778	13.22	1.97	
NGC 4333		GX	12.389519	6.040722	14.33	0.8	
NGC 4334		GX	12.389967	7.473194	14.09	2.0	
NGC 4335		GX	12.383856	58.444556	13.64	1.85	
NGC 4336		GX	12.391619	19.426917	13.23	1.54	
NGC 4337		OC	12.400919	-58.123778	8.9	6.6	
NGC 4339		GX	12.393042	6.08175	11.41	2.32	
NGC 434		GX	1.203925	-58.247972	12.04	2.24	
NGC 4340		GX	12.393136	16.722361	11.15	2.82	
NGC 4341		GX	12.398211	7.107111	13.26	1.67	
NGC 4342		GX	12.394167	7.054	12.51	1.25	
NGC 4343		GX	12.394083	6.954083	12.29	1.92	
NGC 4344		GX	12.393742	17.540861	13.31	1.34	
NGC 4346		GX	12.391094	46.993833	12.14	3.13	
NGC 4347		STAR	12.3979	-3.240417	99.0	0.0	
NGC 4348		GX	12.398331	-3.442917	12.28	2.67	
NGC 4349		OC	12.401678	-61.870444	7.4	6.3	
NGC 434A		GX	1.208228	-58.2095	15.61	1.19	
NGC 435		GX	1.233292	2.071444	14.94	1.1	
NGC 4350		GX	12.399408	16.693417	10.87	2.8	
NGC 4351		GX	12.400417	12.204778	12.55	1.58	
NGC 4352		GX	12.401394	11.218056	12.52	1.64	
NGC 4353		GX	12.400072	7.785194	13.41	1.05	
NGC 4355		GX	12.448506	-0.877611	13.37	1.41	
NGC 4356		GX	12.404036	8.535861	13.41	2.01	
NGC 4357		GX	12.399672	48.779472	12.68	3.48	
NGC 4358		GX	12.400561	58.385222	14.18	1.15	
NGC 4359		GX	12.403103	31.521944	13.65	1.38	
NGC 436		OC	1.26605	58.817111	8.8	5.7	
NGC 4360		GX	12.406028	9.292778	13.32	1.4	
NGC 4360B		GX	12.404089	9.266861	14.9	0.5	
NGC 4361		PN	12.408544	-18.784833	10.9	1.05	
NGC 4362		GX	12.403128	58.360667	14.96	1.28	
NGC 4363		GX	12.391222	74.952222	14.54	0.79	
NGC 4365		GX	12.407856	7.317667	9.43	5.12	
NGC 4366		GX	12.413058	7.353028	14.9	0.85	
NGC 4367		STAR	12.409761	12.182306	99.0	0.0	
NGC 4369		GX	12.410056	39.383	11.69	1.98	
NGC 437		GX	1.239525	5.926889	13.91	1.73	
NGC 4370		GX	12.41525	7.444889	13.84	1.62	
NGC 4371		GX	12.415397	11.704222	10.83	3.88	
NGC 4372		GC	12.429272	-72.659083	9.85	12.0	
NGC 4373		GX	12.421617	-39.759722	10.92	3.98	
NGC 4373A		GX	12.427147	-39.319667	12.2	2.8	
NGC 4373B		GX	12.445494	-39.134222	15.06	1.03	
NGC 4375		GX	12.416797	28.558611	13.83	1.16	
NGC 4376		GX	12.421683	5.741194	13.81	1.32	
NGC 4377		GX	12.420094	14.762167	11.8	1.6	
NGC 4378		GX	12.421694	4.925139	11.29	2.09	
NGC 4379		GX	12.420761	15.607472	11.63	1.87	
NGC 438		GX	1.226156	-37.901639	13.61	1.35	
NGC 4380		GX	12.422825	10.016806	11.29	3.35	
NGC 4383		GX	12.423756	16.470139	12.18	1.67	
NGC 4384		GX	12.419994	54.506222	13.06	1.27	
NGC 4385		GX	12.428556	0.572611	12.96	2.15	
NGC 4386		GX	12.407875	75.528917	11.69	2.52	
NGC 4387		GX	12.428244	12.810528	12.13	1.58	
NGC 4388		GX	12.429653	12.662083	11.02	5.38	
NGC 4389		GX	12.426417	45.684667	12.55	2.51	
NGC 439		GX	1.229794	-31.747139	12.89	3.38	
NGC 4390		GX	12.430742	10.459056	13.34	1.52	
NGC 4391		GX	12.421886	64.933472	13.73	1.25	
NGC 4392		GX	12.421933	45.847472	14.29	1.58	
NGC 4393		GX	12.430897	27.561556	13.72	2.92	
NGC 4394		GX	12.432092	18.214056	11.03	3.48	
NGC 4395		GX	12.430239	33.546917	10.29	4.17	
NGC 4396		GX	12.433006	15.671472	12.64	2.97	
NGC 4397		OTHER	12.432822	18.301028	99.0	0.0	
NGC 4398		STAR	12.435397	10.686083	99.0	0.0	
NGC 4399		OTHER	12.428614	33.516083	99.0	0.0	
NGC 44		STAR	0.220389	31.28625	99.0	0.0	
NGC 440		GX	1.213472	-58.282278	13.18	1.06	
NGC 4400		OTHER	12.432197	33.514833	99.0	0.0	
NGC 4401		OTHER	12.432658	33.528361	99.0	0.0	
NGC 4402		GX	12.435458	13.113333	11.78	3.52	
NGC 4403		GX	12.436886	-7.684944	13.49	1.58	
NGC 4404		GX	12.437836	-7.680833	14.25	1.56	
NGC 4405		GX	12.435319	16.181	12.94	1.52	
NGC 4407		GX	12.442292	12.610972	12.25	2.08	
NGC 4408		GX	12.438122	27.871167	15.15	0.62	
NGC 4409		GX	12.449583	2.494361	12.77	1.82	
NGC 441		GX	1.230906	-31.788333	13.77	1.51	
NGC 4410		GX	12.44135	9.019667	99.0	1.2	
NGC 4410A		GX	12.441192	9.019861	16.08	0.62	
NGC 4410B		GX	12.44155	9.019222	14.17	0.58	
NGC 4410C		GX	12.443194	9.035472	14.78	0.85	
NGC 4411		GX	12.441694	8.872222	12.82	1.63	
NGC 4411B		GX	12.446453	8.884611	12.41	1.92	
NGC 4412		GX	12.443356	3.964694	13.16	1.5	
NGC 4414		GX	12.440861	31.223528	10.2	1.95	
NGC 4415		GX	12.444581	8.435694	13.59	1.28	
NGC 4416		GX	12.446311	7.919	11.57	1.57	
NGC 4417		GX	12.447392	9.58425	11.22	3.09	
NGC 4419		GX	12.449011	15.047389	11.06	3.89	
NGC 442		GX	1.244069	-1.020639	14.35	1.16	
NGC 4421		GX	12.450706	15.461472	11.42	2.59	
NGC 4422		GX	12.453364	-5.831	14.59	1.48	
NGC 4423		GX	12.452492	5.880167	13.88	2.05	
NGC 4424		GX	12.453225	9.420667	11.68	3.04	
NGC 4425		GX	12.453703	12.734722	11.95	3.08	
NGC 4426		STAR	12.452925	27.838194	99.0	0.0	
NGC 4428		GX	12.457861	-8.167889	13.15	1.62	
NGC 4429		GX	12.457364	11.107722	10.08	5.3	
NGC 443		GX	1.252108	33.377333	14.25	0.82	
NGC 4430		GX	12.457336	6.262778	12.65	2.02	
NGC 4431		GX	12.457606	12.290278	12.97	1.53	
NGC 4432		GX	12.459158	6.23325	14.93	0.64	
NGC 4433		GX	12.460719	-8.278417	12.66	2.0	
NGC 4434		GX	12.460189	8.154333	12.12	1.42	
NGC 4435	Eyes	GX	12.461247	13.078944	10.96	3.03	
NGC 4436		GX	12.461456	12.315889	13.19	1.66	
NGC 4438	Eyes	GX	12.462664	13.008833	10.92	9.16	
NGC 4439		OC	12.473986	-60.103222	8.4	4.5	
NGC 444		GX	1.263778	31.08025	14.24	1.57	
NGC 4440		GX	12.464881	12.293278	11.81	1.77	
NGC 4441		GX	12.455653	64.8015	12.67	4.13	
NGC 4442		GX	12.467744	9.803722	10.6	4.32	
NGC 4444		GX	12.476781	-43.26175	13.06	2.27	
NGC 4445		GX	12.471092	9.436194	12.76	2.54	
NGC 4446		GX	12.468553	13.91175	14.58	0.98	
NGC 4447		GX	12.470147	13.899222	14.8	0.75	
NGC 4448		GX	12.470953	28.620306	11.11	1.58	
NGC 4449		GX	12.46975	44.093639	9.64	4.66	
NGC 445		GX	1.247911	1.917444	15.45	0.79	
NGC 4450		GX	12.474897	17.084944	10.87	5.46	
NGC 4451		GX	12.477931	9.258806	12.51	1.35	
NGC 4452		GX	12.478697	11.755028	11.9	3.36	
NGC 4453		GX	12.479778	6.5075	99.0	1.2	
NGC 4453 NED01		GX	12.479669	6.512	15.71	0.63	
NGC 4453 NED02		GX	12.479911	6.503556	17.82	0.34	
NGC 4454		GX	12.480764	-1.939194	11.93	2.17	
NGC 4455		GX	12.478919	22.820444	13.12	1.61	
NGC 4456		GX	12.464556	-30.097889	14.12	1.29	
NGC 4457		GX	12.483058	3.570583	10.57	2.79	
NGC 4458		GX	12.482658	13.241889	12.12	1.59	
NGC 4459		GX	12.483336	13.978361	10.25	4.17	
NGC 446		GX	1.267669	4.294111	13.5	2.06	
NGC 4460		GX	12.479322	44.864222	12.4	3.93	
NGC 4461		GX	12.484169	13.18375	11.02	3.61	
NGC 4462		GX	12.489228	-23.166361	11.85	3.6	
NGC 4463		OC	12.498672	-64.789667	7.2	4.8	
NGC 4464		GX	12.489247	8.156611	12.6	1.01	
NGC 4465		GX	12.489872	8.026	15.22	0.26	
NGC 4466		GX	12.491825	7.696417	14.34	0.93	
NGC 4467		GX	12.491736	7.992861	14.15	0.59	
NGC 4468		GX	12.491917	14.049083	12.96	1.54	
NGC 4469		GX	12.491119	8.749917	11.04	2.86	
NGC 447		GX	1.260453	33.067722	13.94	2.21	
NGC 4470		GX	12.493828	7.824194	13.06	1.28	
NGC 4471		GX	12.493625	7.93275	15.24	0.44	
NGC 4473		GX	12.496908	13.429361	10.09	4.27	
NGC 4474		GX	12.498208	14.068583	11.56	2.33	
NGC 4475		GX	12.49655	27.243333	13.85	1.1	
NGC 4476		GX	12.499744	12.348667	12.2	1.7	
NGC 4477		GX	12.500611	13.636611	10.31	3.7	
NGC 4478		GX	12.504839	12.328556	11.44	1.75	
NGC 4479		GX	12.505103	13.577639	12.52	1.43	
NGC 448		GX	1.254589	-1.626194	13.25	1.6	
NGC 4480		GX	12.507439	4.246583	12.4	1.89	
NGC 4481		GX	12.496853	64.033	14.76	1.23	
NGC 4482		GX	12.502869	10.779472	13.01	1.51	
NGC 4483		GX	12.511292	9.015667	12.18	1.65	
NGC 4484		GX	12.4813	-11.652056	14.21	1.26	
NGC 4485		GX	12.508647	41.701167	12.18	2.01	
NGC 4486A		GX	12.516031	12.270361	12.53	0.92	
NGC 4486B		GX	12.508881	12.490167	13.38	0.38	
NGC 4487		GX	12.517906	-8.053917	11.45	3.46	
NGC 4488		GX	12.514269	8.36	12.02	2.75	
NGC 4489		GX	12.514514	16.758861	12.68	1.72	
NGC 449		GX	1.268681	33.089556	14.57	0.68	
NGC 4490		GX	12.510067	41.643889	9.72	6.71	
NGC 4491		GX	12.515864	11.483528	12.43	1.64	
NGC 4492		GX	12.516586	8.077861	11.99	2.11	
NGC 4493		GX	12.518992	0.613694	14.72	1.52	
NGC 4494		GX	12.523361	25.77525	9.8	4.35	
NGC 4495		GX	12.523022	29.136472	13.46	1.34	
NGC 4496		GX	12.527778	3.932778	99.0	3.5	
NGC 4496A		GX	12.527558	3.939472	11.59	3.37	
NGC 4496B		GX	12.528022	3.926333	14.52	1.05	
NGC 4497		GX	12.525703	11.624722	12.46	2.0	
NGC 4498		GX	12.527656	16.852778	12.76	2.88	
NGC 4499		GX	12.534706	-39.982472	13.14	2.01	
NGC 45		GX	0.234442	-23.182083	10.44	6.18	
NGC 450		GX	1.258456	-0.860972	12.79	2.94	
NGC 4500		GX	12.522822	57.964639	12.52	1.53	
NGC 4502		GX	12.534264	16.687722	14.56	1.04	
NGC 4503		GX	12.535064	11.176417	10.97	3.48	
NGC 4504		GX	12.538181	-7.563444	11.61	3.18	
NGC 4506		GX	12.536258	13.419611	13.56	1.63	
NGC 4507		GX	12.593508	-39.90925	13.13	1.39	
NGC 4508		STAR	12.538172	5.819972	99.0	0.0	
NGC 4509		GX	12.551886	32.091556	14.08	0.67	
NGC 451		GX	1.270111	33.064111	14.76	0.69	
NGC 4510		GX	12.529781	64.233806	14.07	1.46	
NGC 4511		GX	12.535586	56.471167	14.52	0.92	
NGC 4512		GX	12.546569	63.939194	12.97	2.57	
NGC 4513		GX	12.533756	66.332583	13.99	2.06	
NGC 4514		GX	12.545269	29.712389	13.98	1.0	
NGC 4515		GX	12.551381	16.265528	12.65	1.35	
NGC 4516		GX	12.552094	14.574944	13.53	1.75	
NGC 4517		GX	12.545997	0.115028	10.48	9.02	
NGC 4517A		GX	12.541153	0.389667	12.24	2.05	
NGC 4518		GX	12.553267	7.851639	14.53	1.18	
NGC 4519		GX	12.558403	8.65475	12.0	2.33	
NGC 4519A		GX	12.556864	8.69075	15.71	0.58	
NGC 452		GX	1.270786	31.033833	12.59	1.99	
NGC 4520		GX	12.563861	-7.375556	14.65	0.79	
NGC 4522		GX	12.561031	9.175028	12.93	3.51	
NGC 4523		GX	12.563333	15.168306	13.61	1.24	
NGC 4524		GX	12.565108	-12.027611	14.23	1.25	
NGC 4525		GX	12.564206	30.277472	12.98	2.0	
NGC 4526		GX	12.567525	7.699528	9.59	9.64	
NGC 4527		GX	12.569006	2.653667	10.5	6.3	
NGC 4528		GX	12.568353	11.32125	11.97	1.6	
NGC 4529		GX	12.547681	20.1835	15.09	1.11	
NGC 453		OTHER	1.271506	33.014167	99.0	0.0	
NGC 4530		STAR	12.563253	41.353472	99.0	0.0	
NGC 4531		GX	12.571081	13.075333	12.36	3.03	
NGC 4532		GX	12.572036	6.467694	11.92	2.49	
NGC 4533		GX	12.572783	2.325361	14.25	1.82	
NGC 4534		GX	12.568172	35.518333	13.15	2.78	
NGC 4535		GX	12.572308	8.19775	9.89	8.15	
NGC 4536		GX	12.574181	2.188139	10.48	7.08	
NGC 4537		GX	12.580253	50.805167	15.2	1.34	
NGC 4538		GX	12.578028	3.323667	14.55	0.71	
NGC 4539		GX	12.576317	18.202694	12.05	2.74	
NGC 454		GX	1.239592	-55.398694	99.0	2.0	
NGC 454 NED01		GX	1.239392	-55.401417	13.58	1.64	
NGC 454 NED02		GX	1.240258	-55.397083	13.58	1.93	
NGC 4540		GX	12.580797	15.551722	12.31	2.19	
NGC 4541		GX	12.586294	-0.221139	13.94	1.63	
NGC 4543		GX	12.588956	6.115083	14.27	1.02	
NGC 4544		GX	12.593492	3.034528	13.84	1.93	
NGC 4545		GX	12.576153	63.525056	13.14	2.43	
NGC 4546		GX	12.591531	-3.793194	10.57	3.16	
NGC 4547		GX	12.581067	58.916778	15.01	1.19	
NGC 4549		GX	12.589242	58.949667	15.95	0.6	
NGC 455		GX	1.266011	5.178694	13.85	2.58	
NGC 4550		GX	12.591828	12.220833	12.03	3.16	
NGC 4551		GX	12.593875	12.263972	11.98	1.71	
NGC 4553		GX	12.602111	-39.438667	12.2	2.59	
NGC 4554		STAR	12.599867	11.265361	99.0	0.0	
NGC 4555		GX	12.594772	26.523111	13.4	1.4	
NGC 4556		GX	12.596072	26.908889	14.24	1.31	
NGC 4557		OTHER	12.59715	27.053778	99.0	0.0	
NGC 4558		GX	12.597958	26.992139	14.93	0.73	
NGC 4559		GX	12.599347	27.96	9.92	10.57	
NGC 4559A		GX	12.614844	27.862028	14.49	0.4	
NGC 4559B		GX	12.614981	27.749111	15.33	0.62	
NGC 4559C		EN	12.597811	27.932083	99.0	0.0	
NGC 456		OC	1.228994	-73.290528	99.0	3.8	
NGC 4561		GX	12.602278	19.322917	12.61	1.32	
NGC 4562		GX	12.593	25.85	14.37	1.93	
NGC 4563		GX	12.603578	26.941444	15.55	0.56	
NGC 4564		GX	12.607494	11.439278	11.26	3.13	
NGC 4565	Needle Galaxy	GX	12.605772	25.987667	10.86	16.75	
NGC 4565B		GX	12.594914	26.222194	15.11	0.8	
NGC 4565C		GX	12.594839	26.285833	16.43	0.96	
NGC 4566		GX	12.600031	54.220972	13.23	1.08	
NGC 4567	Butterfly Galaxies	GX	12.609086	11.258	11.32	2.74	
NGC 4568	Butterfly Galaxies	GX	12.609517	11.238889	10.8	4.31	
NGC 457	Owl Cluster	OC	1.325736	58.290694	6.4	7.8	
NGC 4570		GX	12.614833	7.246639	11.11	3.88	
NGC 4571		GX	12.615661	14.217361	11.29	3.56	
NGC 4572		GX	12.595917	74.245556	14.82	1.47	
NGC 4573		GX	12.628831	-43.621139	12.92	2.49	
NGC 4574		GX	12.628753	-35.517639	12.99	1.83	
NGC 4575		GX	12.630867	-40.537361	12.6	2.06	
NGC 4576		GX	12.625989	4.367694	13.49	1.22	
NGC 4577		GX	12.653456	6.012306	13.84	1.42	
NGC 4578		GX	12.625156	9.555083	11.4	2.5	
NGC 458		OC	1.248186	-71.552694	11.66	2.6	
NGC 4580		GX	12.630108	5.368528	12.57	1.87	
NGC 4581		GX	12.634769	1.47775	12.38	1.62	
NGC 4582		STAR	12.636167	0.18275	14.28	0.0	
NGC 4583		GX	12.634594	33.458833	14.47	1.51	
NGC 4584		GX	12.638297	13.109889	13.76	1.61	
NGC 4585		GX	12.637022	28.937028	14.22	0.79	
NGC 4586		GX	12.641222	4.319083	11.58	3.43	
NGC 4587		GX	12.643172	2.657333	13.79	1.32	
NGC 4588		GX	12.645953	6.768167	14.96	1.19	
NGC 4589		GX	12.623608	74.191917	10.74	2.93	
NGC 459		GX	1.302275	17.562389	15.69	0.58	
NGC 4592		GX	12.655206	-0.532	11.88	4.1	
NGC 4593		GX	12.660953	-5.34425	11.43	2.4	
NGC 4595		GX	12.664419	15.297806	12.94	1.52	
NGC 4596		GX	12.665542	10.176139	10.46	3.93	
NGC 4597		GX	12.670258	-5.799278	12.87	3.55	
NGC 4598		GX	12.669981	8.38375	13.54	1.5	
NGC 4599		GX	12.674192	1.196917	13.49	1.71	
NGC 46		STAR	0.236072	5.987694	11.68	0.0	
NGC 460		OC	1.244056	-73.274194	99.0	2.6	
NGC 4600		GX	12.673044	3.11775	13.27	1.42	
NGC 4601		GX	12.67965	-40.893056	13.91	1.82	
NGC 4602		GX	12.676903	-5.133	11.75	1.29	
NGC 4603		GX	12.682003	-40.976389	11.67	2.6	
NGC 4603A		GX	12.660256	-40.740028	14.27	1.84	
NGC 4603B		GX	12.674928	-41.069833	15.43	1.3	
NGC 4603C		GX	12.678642	-40.763361	14.24	1.83	
NGC 4603D		GX	12.70225	-40.820861	13.2	1.62	
NGC 4604		GX	12.679183	-5.302889	14.4	1.06	
NGC 4605		GX	12.666494	61.609194	10.26	5.87	
NGC 4606		GX	12.68265	11.912222	11.9	2.47	
NGC 4607		GX	12.686778	11.886639	12.79	2.86	
NGC 4608		GX	12.687025	10.155667	11.08	2.88	
NGC 4609	Coalsack Cluster	OC	12.704675	-62.99575	6.9	5.4	
NGC 461		GX	1.289067	-33.840889	14.08	1.21	
NGC 4611		GX	12.690403	13.729528	14.96	1.24	
NGC 4612		GX	12.692431	7.314889	12.1	2.57	
NGC 4613		GX	12.691375	26.088611	15.43	0.52	
NGC 4614		GX	12.692075	26.042667	14.32	1.0	
NGC 4615		GX	12.6937	26.072833	13.89	1.54	
NGC 4616		GX	12.704569	-40.642056	13.32	1.31	
NGC 4617		GX	12.684964	50.393417	14.1	2.81	
NGC 4618		GX	12.692458	41.150778	10.78	3.56	
NGC 4619		GX	12.695708	35.062778	13.5	1.37	
NGC 462		GX	1.303053	4.226	15.74	0.48	
NGC 4620		GX	12.699822	12.942778	13.38	1.6	
NGC 4622		GX	12.71045	-40.744222	13.01	1.81	
NGC 4622A		GX	12.730308	-40.714611	14.68	0.7	
NGC 4622B		GX	12.730725	-40.717472	15.27	1.15	
NGC 4623		GX	12.702969	7.676944	13.14	2.23	
NGC 4625		GX	12.697978	41.273972	12.46	1.41	
NGC 4626		GX	12.707031	-7.044278	13.71	1.63	
NGC 4627		GX	12.699911	32.573556	12.48	2.36	
NGC 4628		GX	12.707017	-6.971	14.5	1.64	
NGC 4629		GX	12.709075	-1.350667	13.9	1.03	
NGC 463		GX	1.316181	16.32575	15.14	1.04	
NGC 4630		GX	12.708647	3.96025	13.04	1.66	
NGC 4631	Whale Galaxy	GX	12.702225	32.5415	9.24	14.45	
NGC 4632		GX	12.708897	-0.082611	11.86	2.56	
NGC 4633		GX	12.710383	14.357194	13.12	1.77	
NGC 4634		GX	12.711378	14.295833	12.33	2.47	
NGC 4635		GX	12.7109	19.945306	13.0	1.94	
NGC 4636		GX	12.713842	2.687778	9.99	6.35	
NGC 4637		GX	12.715028	11.438278	14.89	1.29	
NGC 4638		GX	12.713172	11.4425	11.12	2.31	
NGC 4639		GX	12.714553	13.257389	11.6	2.87	
NGC 464		STAR	1.324078	34.955417	99.0	0.0	
NGC 4640		GX	12.716047	12.286972	14.17	1.61	
NGC 4641		GX	12.718794	12.051194	13.72	1.28	
NGC 4642		GX	12.721606	-0.64425	13.81	1.55	
NGC 4643		GX	12.722261	1.978278	10.65	2.24	
NGC 4644		GX	12.71185	55.1455	13.84	1.51	
NGC 4645		GX	12.736108	-41.749944	11.83	1.97	
NGC 4645A		GX	12.718214	-41.358917	12.39	3.03	
NGC 4645B		GX	12.725328	-41.362528	12.99	2.16	
NGC 4646		GX	12.714478	54.856	13.31	0.63	
NGC 4647		GX	12.725642	11.581861	11.6	2.75	
NGC 4648		GX	12.695664	74.420944	12.03	1.41	
NGC 465		OC	1.261486	-73.334611	99.0	5.0	
NGC 4650		GX	12.738775	-40.731806	11.8	3.05	
NGC 4650A		GX	12.746961	-40.714306	13.58	1.46	
NGC 4651	Umbrella Galaxy	GX	12.728508	16.393389	10.82	3.87	
NGC 4652		GX	12.722153	58.964889	15.34	1.1	
NGC 4653		GX	12.730808	-0.561222	12.36	2.31	
NGC 4654		GX	12.732383	13.126667	10.49	4.72	
NGC 4655		GX	12.726803	41.018528	14.77	0.86	
NGC 4656		GX	12.732703	32.168139	99.0	8.0	
NGC 4656 NED01		GX	12.732686	32.17025	10.47	6.46	
NGC 4657		GX	12.735306	32.20875	14.5	1.86	
NGC 4658		GX	12.743831	-10.083111	12.43	1.38	
NGC 4659		GX	12.741497	13.498556	12.96	1.75	
NGC 466		GX	1.287017	-58.909944	13.59	1.61	
NGC 4660		GX	12.742217	11.190528	11.27	2.09	
NGC 4661		GX	12.754153	-40.82425	14.65	1.17	
NGC 4662		GX	12.740611	37.121222	12.78	1.83	
NGC 4663		GX	12.746403	-10.197833	14.01	1.07	
NGC 4664		GX	12.751664	3.055778	10.5	4.52	
NGC 4666		GX	12.752386	-0.461889	10.75	4.97	
NGC 4668		GX	12.758886	-0.535722	13.1	1.59	
NGC 4669		GX	12.746317	54.875667	13.18	1.53	
NGC 467		GX	1.319481	3.300833	12.1	1.66	
NGC 4670		GX	12.754742	27.125417	12.76	0.97	
NGC 4671		GX	12.763231	-7.069694	13.52	1.69	
NGC 4672		GX	12.771042	-41.705972	14.25	2.06	
NGC 4673		GX	12.759631	27.060833	14.78	1.07	
NGC 4674		GX	12.767631	-8.655444	13.96	1.79	
NGC 4675		GX	12.758858	54.737611	14.84	1.34	
NGC 4676	Mice Galaxy	GX	12.769639	30.727222	99.0	3.0	
NGC 4676A		GX	12.769475	30.731917	14.53	2.16	
NGC 4676B		GX	12.769789	30.72275	14.33	0.98	
NGC 4677		GX	12.782536	-41.582528	12.81	1.49	
NGC 4678		GX	12.828292	-4.579722	14.26	0.97	
NGC 4679		GX	12.791736	-39.570861	13.52	2.43	
NGC 468		GX	1.330139	32.767778	15.2	0.85	
NGC 4680		GX	12.781864	-11.637056	13.23	1.36	
NGC 4681		GX	12.791336	-43.334806	13.44	1.4	
NGC 4682		GX	12.787636	-10.063444	13.12	2.58	
NGC 4683		GX	12.795103	-41.528278	12.84	1.44	
NGC 4684		GX	12.7882	-2.727417	11.55	2.97	
NGC 4685		GX	12.786511	19.464361	13.63	1.59	
NGC 4686		GX	12.777744	54.534278	12.59	1.92	
NGC 4687		GX	12.789936	35.352056	13.01	0.96	
NGC 4688		GX	12.796256	4.336056	12.92	3.72	
NGC 4689		GX	12.795989	13.762806	10.93	3.82	
NGC 469		GX	1.325819	14.871944	15.23	0.81	
NGC 4690		GX	12.798756	-1.656056	13.57	1.6	
NGC 4691		GX	12.803786	-3.332722	10.99	3.03	
NGC 4692		GX	12.7987	27.222361	12.65	1.0	
NGC 4693		GX	12.785881	71.176139	13.95	1.0	
NGC 4694		GX	12.804189	10.983611	12.52	2.0	
NGC 4695		GX	12.792253	54.374833	13.38	1.12	
NGC 4696		GX	12.813681	-41.310833	10.3	3.85	
NGC 4696A		GX	12.782117	-41.49675	14.56	1.74	
NGC 4696B		GX	12.789383	-41.2375	12.71	1.33	
NGC 4696C		GX	12.800739	-40.818556	14.65	2.3	
NGC 4696D		GX	12.806017	-41.714028	13.98	1.38	
NGC 4696E		GX	12.807256	-40.9365	14.55	1.41	
NGC 4697		GX	12.809967	-5.80075	9.37	7.14	
NGC 4698		GX	12.806364	8.487389	10.65	3.81	
NGC 4699		GX	12.817286	-8.664861	9.53	3.99	
NGC 47		GX	0.241844	-7.167444	13.5	1.35	
NGC 470		GX	1.329125	3.409944	11.79	2.86	
NGC 4700		GX	12.818931	-11.409861	12.21	2.72	
NGC 4701		GX	12.819886	3.388722	12.37	1.74	
NGC 4702		GX	12.817081	27.179139	16.04	0.58	
NGC 4703		GX	12.821936	-9.108417	13.58	1.7	
NGC 4704		GX	12.812897	41.92125	13.69	1.01	
NGC 4705		GX	12.823603	-5.195861	12.6	3.65	
NGC 4706		GX	12.831708	-41.279556	12.88	1.47	
NGC 4707		GX	12.806353	51.164694	12.97	2.19	
NGC 4708		GX	12.828189	-11.093028	13.92	1.25	
NGC 4709		GX	12.834411	-41.381972	11.1	3.09	
NGC 471		GX	1.333219	14.786222	13.32	1.06	
NGC 4710		GX	12.827453	15.165444	10.71	4.39	
NGC 4711		GX	12.812742	35.332694	14.27	1.21	
NGC 4712		GX	12.826172	25.469944	13.01	1.56	
NGC 4713		GX	12.832742	5.311417	11.73	1.66	
NGC 4714		GX	12.838681	-13.324333	14.24	2.0	
NGC 4715		GX	12.832744	27.822417	15.12	1.34	
NGC 4716		GX	12.842531	-9.451111	13.66	1.13	
NGC 4717		GX	12.842886	-9.463028	14.08	1.61	
NGC 4718		GX	12.8424	-5.281917	14.3	2.02	
NGC 4719		GX	12.835756	33.159139	14.04	1.42	
NGC 472		GX	1.341303	32.709028	14.16	0.9	
NGC 4720		GX	12.845217	-4.155833	14.18	1.23	
NGC 4721		GX	12.838867	27.324	15.08	0.84	
NGC 4722		GX	12.858997	-13.330028	13.68	1.98	
NGC 4723		GX	12.850808	-13.236611	15.38	1.02	
NGC 4724		GX	12.848289	-14.331861	13.7	0.95	
NGC 4725		GX	12.840717	25.500806	9.38	9.71	
NGC 4726		GX	12.846128	-14.268556	15.47	1.1	
NGC 4727		GX	12.849233	-14.332944	12.22	2.7	
NGC 4728		GX	12.841133	27.434917	15.32	0.78	
NGC 4729		GX	12.862856	-41.132278	12.48	1.97	
NGC 473		GX	1.331964	16.544694	12.5	1.77	
NGC 4730		GX	12.866797	-41.147306	14.03	1.28	
NGC 4731		GX	12.850303	-6.393056	11.42	6.32	
NGC 4732		GX	12.835306	52.850111	14.92	1.21	
NGC 4733		GX	12.851883	10.912083	11.76	1.97	
NGC 4734		GX	12.853581	4.859056	14.26	0.97	
NGC 4735		GX	12.850481	28.927972	14.57	0.66	
NGC 4737		GX	12.848039	34.156861	14.85	1.36	
NGC 4738		GX	12.852472	28.788056	13.44	1.82	
NGC 4739		GX	12.8603	-8.410222	14.18	1.5	
NGC 474		GX	1.335192	3.415389	11.52	2.65	
NGC 4741		GX	12.849867	47.671556	14.38	1.17	
NGC 4742		GX	12.863344	-10.454722	11.2	2.14	
NGC 4743		GX	12.871106	-41.390667	13.31	1.73	
NGC 4744		GX	12.872111	-41.060028	12.59	2.45	
NGC 4745		GX	12.857267	27.421278	15.16	0.61	
NGC 4746		GX	12.865378	12.082972	13.33	2.03	
NGC 4747		GX	12.862764	25.777083	12.38	2.09	
NGC 4748		GX	12.870128	-13.414722	14.03	1.27	
NGC 4749		GX	12.853325	71.636722	14.11	1.59	
NGC 475		GX	1.333889	14.861056	15.97	0.81	
NGC 4750		GX	12.835353	72.874639	12.1	2.4	
NGC 4751		GX	12.880775	-42.659917	13.0	1.66	
NGC 4752		GX	12.858075	13.781806	15.27	0.95	
NGC 4753		GX	12.872808	-1.199694	9.66	6.49	
NGC 4754		GX	12.871528	11.313889	10.48	4.16	
NGC 4755	Herschel's Jewel Box	OC	12.893633	-60.356306	99.0	7.8	
NGC 4756		GX	12.881286	-15.413278	12.22	2.28	
NGC 4757		GX	12.880581	-10.310222	14.54	0.8	
NGC 4758		GX	12.878903	15.848528	13.41	2.75	
NGC 4759		GX	12.884778	-9.202222	99.0	1.6	
NGC 476		GX	1.338861	16.020139	15.17	0.84	
NGC 4760		GX	12.885342	-10.494194	11.58	2.57	
NGC 4761		GX	12.886058	-9.197806	14.85	1.55	
NGC 4762		GX	12.882236	11.230806	10.17	8.26	
NGC 4763		GX	12.890894	-17.005528	12.49	1.86	
NGC 4764		GX	12.885175	-9.257639	15.99	0.46	
NGC 4765		GX	12.887336	4.463111	12.98	1.16	
NGC 4766		GX	12.885603	-10.378194	15.35	0.98	
NGC 4767		GX	12.898042	-39.714306	11.51	2.82	
NGC 4767A		GX	12.883744	-39.83525	16.4	0.59	
NGC 4767B		GX	12.912508	-39.852278	13.93	1.47	
NGC 4768		STAR	12.888125	-9.531444	99.0	0.0	
NGC 4769		STAR	12.888356	-9.536	99.0	0.0	
NGC 477		GX	1.355658	40.488194	13.91	1.55	
NGC 4770		GX	12.892264	-9.5415	13.78	1.73	
NGC 4771		GX	12.889228	1.269083	12.73	3.1	
NGC 4772		GX	12.891433	2.168389	11.34	4.12	
NGC 4773		GX	12.893336	-8.63875	13.67	0.85	
NGC 4774		GX	12.885056	36.822778	99.0	1.2	
NGC 4774 NED01		GX	12.885006	36.826333	17.16	0.4	
NGC 4774 NED02		GX	12.885164	36.819056	14.34	0.6	
NGC 4775		GX	12.896028	-6.622167	11.56	2.22	
NGC 4776		GX	12.884572	-9.199917	14.03	1.96	
NGC 4777		GX	12.899594	-8.775722	14.02	1.84	
NGC 4778		GX	12.884947	-9.203833	13.49	2.69	
NGC 4779		GX	12.897456	9.710056	13.07	1.86	
NGC 478		GX	1.335914	-22.377389	14.62	0.84	
NGC 4780		GX	12.901453	-8.621111	13.51	1.96	
NGC 4780A		GX	12.900844	-8.653806	15.96	0.74	
NGC 4781		GX	12.906597	-10.537194	11.39	3.66	
NGC 4782		GX	12.909922	-12.568639	12.75	1.48	
NGC 4783		GX	12.910164	-12.557833	12.8	1.41	
NGC 4784		GX	12.910283	-10.613056	14.35	1.67	
NGC 4785		GX	12.890925	-48.749194	12.09	2.04	
NGC 4786		GX	12.909006	-6.859417	11.71	1.98	
NGC 4787		GX	12.901533	27.068639	15.36	1.02	
NGC 4788		GX	12.904453	27.303694	15.2	0.91	
NGC 4789		GX	12.905283	27.068028	12.06	1.66	
NGC 4789A		GX	12.901458	27.149639	13.92	1.9	
NGC 479		GX	1.354369	3.862278	15.06	0.91	
NGC 4790		GX	12.914428	-10.247833	12.41	1.69	
NGC 4791		GX	12.912208	8.053111	14.94	1.06	
NGC 4792		GX	12.917689	-12.497167	15.0	0.85	
NGC 4793		GX	12.911283	28.938667	11.64	1.82	
NGC 4794		GX	12.919583	-12.608472	13.0	1.12	
NGC 4795		GX	12.917461	8.0655	12.76	2.16	
NGC 4796		GX	12.917969	8.066222	15.35	1.8	
NGC 4797		GX	12.915325	27.412694	13.16	1.15	
NGC 4799		GX	12.920981	2.896639	13.8	1.44	
NGC 48		GX	0.233942	48.234861	14.93	1.34	
NGC 480		GX	1.342886	-9.880222	16.05	0.58	
NGC 4800		GX	12.9105	46.531167	12.32	1.65	
NGC 4801		GX	12.910492	53.09	15.15	1.35	
NGC 4802		GX	12.930456	-12.055306	11.34	2.64	
NGC 4803		GX	12.926022	8.240417	14.95	0.76	
NGC 4805		STAR	12.923397	27.981306	99.0	0.0	
NGC 4806		GX	12.936778	-29.502944	13.45	1.35	
NGC 4807		GX	12.92475	27.521417	13.49	0.88	
NGC 4808		GX	12.930264	4.304111	11.79	2.36	
NGC 4809		GX	12.914183	2.654083	13.78	1.58	
NGC 481		GX	1.353475	-9.211222	14.65	1.46	
NGC 4810		GX	12.914222	2.640278	14.71	0.86	
NGC 4811		GX	12.947878	-41.797194	14.49	1.32	
NGC 4812		GX	12.947972	-41.813333	14.23	1.5	
NGC 4813		GX	12.943367	-6.817833	14.15	1.59	
NGC 4814		GX	12.922761	58.344111	12.03	2.75	
NGC 4815		OC	12.966214	-64.96175	8.6	3.9	
NGC 4816		GX	12.936708	27.745472	12.68	1.38	
NGC 4817		GX	12.941617	27.94	15.77	0.69	
NGC 4818		GX	12.946917	-8.525306	11.34	4.27	
NGC 4819		GX	12.941072	26.987333	13.19	1.0	
NGC 482		GX	1.339006	-40.966111	14.47	2.06	
NGC 4820		GX	12.950156	-13.719333	14.86	1.19	
NGC 4821		GX	12.941425	26.957	15.02	0.59	
NGC 4822		GX	12.951039	-10.761833	14.36	1.38	
NGC 4823		GX	12.957122	-13.698694	15.97	0.81	
NGC 4824		STAR	12.943436	27.432639	99.0	0.0	
NGC 4825		GX	12.9534	-13.664833	11.56	2.69	
NGC 4827		GX	12.945425	27.178639	12.9	1.22	
NGC 4828		GX	12.945239	28.020444	13.68	0.75	
NGC 4829		GX	12.9568	-13.7375	16.16	0.58	
NGC 483		GX	1.365639	33.520972	13.96	0.87	
NGC 4830		GX	12.957753	-19.691278	12.09	2.31	
NGC 4831		GX	12.960192	-27.292139	13.47	1.57	
NGC 4832		GX	12.963203	-39.761694	12.27	2.14	
NGC 4833		GC	12.993039	-70.874583	7.79	8.4	
NGC 4834		GX	12.940356	52.295861	15.09	1.08	
NGC 4835		GX	12.968844	-46.264222	11.81	3.3	
NGC 4835A		GX	12.953647	-46.374694	14.09	2.95	
NGC 4836		GX	12.959525	-12.744111	14.93	1.48	
NGC 4837		GX	12.946972	48.298611	99.0	1.3	
NGC 4837 NED01		GX	12.94675	48.296889	14.55	1.32	
NGC 4837 NED02		GX	12.947194	48.300111	14.4	0.33	
NGC 4838		GX	12.9656	-13.060083	14.0	1.79	
NGC 4839		GX	12.956767	27.497806	12.11	2.7	
NGC 484		GX	1.326314	-58.524306	12.23	1.8	
NGC 4840		GX	12.959122	27.610333	13.68	0.73	
NGC 4841		GX	12.959139	28.479444	99.0	2.0	
NGC 4841A		GX	12.958875	28.476944	13.76	1.45	
NGC 4841B		GX	12.959414	28.48225	13.69	1.0	
NGC 4842		GX	12.959972	27.489167	99.0	1.0	
NGC 4842A		GX	12.959956	27.49325	15.22	0.58	
NGC 4842B		GX	12.960039	27.484806	16.11	0.42	
NGC 4843		GX	12.966894	-3.621139	14.2	1.98	
NGC 4844		STAR	12.968961	-13.079917	14.14	0.0	
NGC 4845		GX	12.966997	1.575833	10.97	5.5	
NGC 4846		GX	12.963247	36.370722	14.54	1.21	
NGC 4847		GX	12.974708	-13.140917	15.33	0.83	
NGC 4848		GX	12.968233	28.24275	13.68	1.27	
NGC 4849		GX	12.970189	26.396889	14.27	1.4	
NGC 485		GX	1.357667	7.018083	13.25	1.64	
NGC 4850		GX	12.972733	27.967722	14.23	0.66	
NGC 4851		GX	12.972697	28.14875	14.94	0.4	
NGC 4852		OC	13.001219	-59.609444	8.9	5.4	
NGC 4853		GX	12.976442	27.596333	13.66	0.68	
NGC 4854		GX	12.979833	27.67475	13.95	0.95	
NGC 4855		GX	12.988458	-13.231028	14.32	1.68	
NGC 4856		GX	12.989242	-15.042167	10.62	4.25	
NGC 4857		GX	12.955094	70.203444	14.64	1.15	
NGC 4858		GX	12.9839	28.11575	15.22	0.51	
NGC 4859		GX	12.983842	26.815667	13.59	1.51	
NGC 486		GX	1.361956	5.346306	17.48	0.36	
NGC 4860		GX	12.984417	28.123694	13.43	1.07	
NGC 4861		GX	12.983983	34.859444	12.32	3.81	
NGC 4862		GX	12.991894	-14.132333	15.31	1.09	
NGC 4863		GX	12.995128	-14.029639	14.9	1.9	
NGC 4864		GX	12.986975	27.977	13.5	0.77	
NGC 4865		GX	12.988853	28.084306	13.44	0.88	
NGC 4866		GX	12.990872	14.171056	11.08	5.77	
NGC 4867		GX	12.987569	27.970722	14.41	0.65	
NGC 4868		GX	12.985806	37.310333	12.95	1.43	
NGC 4869		GX	12.989822	27.911583	13.36	0.77	
NGC 487		GX	1.365303	-16.370361	14.41	1.09	
NGC 4870		GX	12.988269	37.048361	15.54	0.91	
NGC 4871		GX	12.991656	27.956444	14.22	0.77	
NGC 4872		GX	12.992789	27.946944	13.59	0.67	
NGC 4873		GX	12.992442	27.983611	14.16	0.81	
NGC 4874		GX	12.993253	27.959278	11.83	2.29	
NGC 4875		GX	12.993864	27.907333	14.65	0.48	
NGC 4876		GX	12.995669	27.912472	14.38	0.56	
NGC 4877		GX	13.007317	-15.283444	13.08	2.36	
NGC 4878		GX	13.005603	-6.103833	13.96	1.53	
NGC 4879		STAR	13.007114	-6.111222	99.0	0.0	
NGC 488		GX	1.363014	5.256722	10.26	5.05	
NGC 4880		GX	13.002936	12.483306	12.66	2.63	
NGC 4881		GX	12.999333	28.247389	13.48	0.98	
NGC 4883		GX	12.998892	28.034722	14.31	0.77	
NGC 4885		GX	13.009408	-6.853083	14.92	0.85	
NGC 4886		GX	13.001233	27.987583	13.84	0.8	
NGC 4887		GX	13.010906	-14.66625	14.14	1.14	
NGC 4888		GX	13.010072	-6.075194	14.32	1.55	
NGC 4889		GX	13.002258	27.977	11.45	2.59	
NGC 489		GX	1.364972	9.206556	13.43	1.55	
NGC 4890		GX	13.010867	-4.604333	13.84	0.96	
NGC 4891		STAR	13.013053	-13.425944	99.0	0.0	
NGC 4892		GX	13.000981	26.898111	14.53	1.4	
NGC 4893		GX	12.999892	37.193389	15.47	1.1	
NGC 4893A		GX	12.999956	37.188139	15.95	0.56	
NGC 4894		GX	13.004589	27.967528	15.18	0.6	
NGC 4895		GX	13.004981	28.202306	13.2	1.66	
NGC 4895A		GX	13.002533	28.170389	14.94	0.59	
NGC 4896		GX	13.00855	28.346222	13.9	0.85	
NGC 4897		GX	13.014708	-13.449806	12.54	2.65	
NGC 4898		GX	13.005	27.957222	99.0	0.8	
NGC 4898A		GX	13.004908	27.955389	14.59	0.68	
NGC 4898B		GX	13.005025	27.956556	14.33	0.61	
NGC 4899		GX	13.015731	-13.944222	12.33	2.02	
NGC 49		GX	0.239564	48.246611	15.2	0.93	
NGC 490		GX	1.367464	5.367194	14.48	0.66	
NGC 4900		GX	13.010864	2.501444	11.36	2.13	
NGC 4901		GX	12.999003	47.205556	15.22	1.15	
NGC 4902		GX	13.016592	-14.513639	11.26	2.63	
NGC 4903		GX	13.022992	-30.934972	12.5	1.72	
NGC 4904		GX	13.016294	-0.027611	11.96	1.99	
NGC 4905		GX	13.025189	-30.868278	14.29	1.55	
NGC 4906		GX	13.011047	27.923889	14.1	0.7	
NGC 4907		GX	13.013556	28.158333	13.66	1.0	
NGC 4908		GX	13.015128	28.007639	13.23	1.19	
NGC 4909		GX	13.033847	-42.771417	12.76	1.96	
NGC 491		GX	1.355675	-34.063278	12.55	1.35	
NGC 4911		GX	13.015578	27.790833	12.88	1.16	
NGC 4912		GX	13.026	29.130611	13.84	1.06	
NGC 4913		GX	13.028714	29.044667	13.84	1.45	
NGC 4914		GX	13.011931	37.315278	11.6	2.69	
NGC 4915		GX	13.024506	-4.546528	12.0	1.64	
NGC 4916		GX	13.0345	29.253444	13.95	0.98	
NGC 4917		GX	13.015436	47.222111	14.87	1.33	
NGC 4918		GX	13.030728	-4.500556	15.07	0.89	
NGC 4919		GX	13.021553	27.809083	14.04	1.11	
NGC 491A		GX	1.334631	-33.8995	13.8	1.88	
NGC 492		GX	1.370433	5.417056	15.46	0.67	
NGC 4920		GX	13.034486	-11.378417	14.15	1.08	
NGC 4921		GX	13.023931	27.885944	12.62	1.96	
NGC 4922		GX	13.023583	29.311111	99.0	1.1	
NGC 4922 NED01		GX	13.023478	29.308361	14.0	1.23	
NGC 4922 NED02		GX	13.023683	29.313778	14.02	0.58	
NGC 4923		GX	13.0255	27.847528	13.74	0.72	
NGC 4924		GX	13.036903	-14.969833	13.87	1.77	
NGC 4925		GX	13.035386	-7.710778	14.34	1.18	
NGC 4926		GX	13.031592	27.624444	12.99	1.23	
NGC 4926A		GX	13.035522	27.648306	15.39	0.63	
NGC 4927		GX	13.032667	28.005889	14.75	1.01	
NGC 4928		GX	13.050158	-8.084972	12.92	1.05	
NGC 4929		GX	13.045667	28.045361	14.88	0.82	
NGC 493		GX	1.369164	0.945361	12.48	3.01	
NGC 4930		GX	13.068131	-41.411583	11.43	3.54	
NGC 4931		GX	13.050244	28.032472	13.43	1.65	
NGC 4932		GX	13.043808	50.438417	14.55	1.44	
NGC 4933		GX	13.066083	-11.497778	99.0	3.5	
NGC 4933A		GX	13.065203	-11.505056	13.96	0.74	
NGC 4933B		GX	13.065761	-11.498056	11.74	4.37	
NGC 4933C		GX	13.066969	-11.490556	15.89	0.65	
NGC 4934		GX	13.054511	28.030417	14.33	1.0	
NGC 4935		GX	13.055897	14.3775	13.97	1.09	
NGC 4936		GX	13.071358	-30.52625	10.71	2.85	
NGC 4937		STAR	13.080992	-47.219361	99.0	0.0	
NGC 4938		GX	13.049331	51.318528	15.1	0.87	
NGC 4939		GX	13.070664	-10.339611	11.91	5.71	
NGC 494		GX	1.382056	33.173889	12.85	1.86	
NGC 4940		GX	13.083403	-47.236917	13.18	1.13	
NGC 4941		GX	13.070317	-5.551611	11.27	3.29	
NGC 4942		GX	13.071975	-7.649444	13.79	1.68	
NGC 4943		GX	13.062483	28.084222	15.46	0.79	
NGC 4944		GX	13.063875	28.185722	12.87	1.39	
NGC 4945		GX	13.090967	-49.468222	11.86	23.33	
NGC 4945A		GX	13.109369	-49.690639	13.31	2.63	
NGC 4946		GX	13.091494	-43.591139	12.35	2.0	
NGC 4947		GX	13.088944	-35.337417	12.2	2.65	
NGC 4947A		GX	13.072453	-35.227778	15.01	1.28	
NGC 4948		GX	13.082211	-7.947694	13.44	2.3	
NGC 4948A		GX	13.084942	-8.161333	13.5	1.44	
NGC 4949		GX	13.071644	29.029528	14.97	0.72	
NGC 495		GX	1.382222	33.471667	13.68	1.09	
NGC 4950		GX	13.093481	-43.500528	14.95	0.92	
NGC 4951		GX	13.085472	-6.493833	11.84	3.14	
NGC 4952		GX	13.082883	29.12225	13.01	1.6	
NGC 4953		GX	13.102908	-37.58575	14.18	1.84	
NGC 4954		GX	13.038853	75.404167	14.15	0.99	
NGC 4955		GX	13.101339	-29.754278	12.15	2.34	
NGC 4956		GX	13.083594	35.178028	12.38	1.56	
NGC 4957		GX	13.086775	27.56975	12.99	1.22	
NGC 4958		GX	13.096911	-8.020278	10.59	4.79	
NGC 4959		GX	13.094731	33.178917	15.29	0.74	
NGC 496		GX	1.386556	33.529167	13.7	0.89	
NGC 4961		GX	13.096547	27.734139	13.51	1.11	
NGC 4963		GX	13.097764	41.721917	14.12	0.86	
NGC 4964		GX	13.090239	56.322778	14.04	1.1	
NGC 4965		GX	13.119272	-28.228194	12.41	2.49	
NGC 4966		GX	13.104808	29.062861	13.32	1.03	
NGC 4967		GX	13.093453	53.564278	14.95	1.15	
NGC 4968		GX	13.118328	-23.677028	14.79	2.28	
NGC 4969		GX	13.1175	13.636944	99.0	0.8	
NGC 4969 NED01		GX	13.117428	13.637361	15.0	0.78	
NGC 4969 NED02		GX	13.117631	13.637111	15.64	0.68	
NGC 497		GX	1.373272	-0.875194	13.02	2.06	
NGC 4970		GX	13.126039	-24.008556	13.33	1.79	
NGC 4971		GX	13.115267	28.548028	14.98	0.78	
NGC 4973		GX	13.092264	53.685139	14.63	0.96	
NGC 4974		GX	13.098858	53.659278	13.3	1.57	
NGC 4975		GX	13.130611	-5.017472	15.02	0.97	
NGC 4976		GX	13.143758	-49.506417	10.08	5.83	
NGC 4977		GX	13.101231	55.656083	14.49	1.05	
NGC 4978		GX	13.130703	18.4155	14.3	1.51	
NGC 4979		GX	13.128561	24.810583	15.07	0.86	
NGC 498		GX	1.386467	33.489361	16.49	0.51	
NGC 4980		GX	13.1528	-28.641778	13.55	1.77	
NGC 4981		GX	13.146872	-6.777528	11.41	2.7	
NGC 4982		OTHER	13.14615	-10.588667	99.0	0.0	
NGC 4983		GX	13.140914	28.3205	13.95	1.04	
NGC 4984		GX	13.149231	-15.516306	11.01	3.37	
NGC 4985		GX	13.136694	41.676333	14.82	1.15	
NGC 4986		GX	13.140128	35.206444	14.11	1.55	
NGC 4987		GX	13.133072	51.929306	14.42	1.24	
NGC 4988		GX	13.165106	-43.105722	13.87	1.86	
NGC 4989		GX	13.154458	-5.396417	14.31	1.41	
NGC 499		GX	1.386528	33.460556	12.27	1.68	
NGC 4990	Cocoon Galaxy	GX	13.154803	-5.272806	13.82	0.9	
NGC 4991		GX	13.154197	2.347667	15.4	0.59	
NGC 4992		GX	13.151556	11.634167	14.46	1.06	
NGC 4993		GX	13.16325	-23.383889	13.45	1.55	
NGC 4995		GX	13.161292	-7.833417	11.11	2.43	
NGC 4996		GX	13.158858	0.857028	14.29	1.81	
NGC 4997		GX	13.164361	-16.515472	14.0	1.61	
NGC 4998		GX	13.136156	50.66375	14.92	1.02	
NGC 4999		GX	13.159203	1.673056	13.06	2.5	
NGC 5		GX	0.130242	35.362306	14.61	0.98	
NGC 50		GX	0.245714	-7.345083	12.79	2.04	
NGC 500		GX	1.377603	5.387278	15.05	0.91	
NGC 5000		GX	13.163192	28.906944	13.28	1.28	
NGC 5001		GX	13.159197	53.494278	14.56	1.15	
NGC 5002		GX	13.177225	36.633917	14.65	1.39	
NGC 5003		GX	13.143864	43.737528	15.03	1.03	
NGC 5004		GX	13.183764	29.636694	13.15	1.33	
NGC 5004A		GX	13.183806	29.578278	14.44	1.25	
NGC 5004B		GX	13.179903	29.709889	14.67	0.81	
NGC 5005		GX	13.182286	37.059194	10.71	4.82	
NGC 5006		GX	13.196047	-19.26175	13.4	2.07	
NGC 5007		GX	13.153997	62.175028	14.15	0.93	
NGC 5008		GX	14.182567	25.497222	14.41	1.07	
NGC 5009		GX	13.179731	50.092861	15.31	1.08	
NGC 501		GX	1.389558	33.432972	14.45	0.52	
NGC 5010		GX	13.207319	-15.797861	14.4	1.0	
NGC 5011		GX	13.214406	-43.096222	11.38	2.92	
NGC 5011A		GX	13.2027	-43.307861	14.36	1.58	
NGC 5012		GX	13.193622	22.9155	12.4	2.64	
NGC 5013		GX	13.202042	3.199056	14.95	0.74	
NGC 5014		GX	13.192006	36.282139	12.83	2.11	
NGC 5015		GX	13.206358	-4.336472	13.24	2.0	
NGC 5016		GX	13.201856	24.095	12.56	1.57	
NGC 5017		GX	13.215139	-16.765833	12.57	1.5	
NGC 5018		GX	13.216953	-19.518194	10.85	3.49	
NGC 5019		GX	13.211775	4.729667	14.46	0.85	
NGC 502		GX	1.382094	9.049194	12.79	1.64	
NGC 5020		GX	13.211075	12.59975	13.0	2.69	
NGC 5021		GX	13.201742	46.196139	14.19	1.49	
NGC 5022		GX	13.225219	-19.546639	13.81	2.46	
NGC 5023		GX	13.2035	44.041222	12.29	6.22	
NGC 5025		GX	13.212431	31.809389	14.5	2.07	
NGC 5026		GX	13.237122	-42.961278	11.81	3.52	
NGC 5027		GX	13.222497	6.061278	14.96	1.1	
NGC 5028		GX	13.229406	-13.042472	14.18	2.12	
NGC 5029		GX	13.210442	47.063278	14.2	1.52	
NGC 503		GX	1.391231	33.331722	15.16	0.63	
NGC 5030		GX	13.231708	-16.490944	14.03	1.78	
NGC 5031		GX	13.234228	-16.123111	14.21	1.89	
NGC 5032		GX	13.224153	27.802389	12.82	1.95	
NGC 5033		GX	13.224297	36.593944	10.68	9.84	
NGC 5034		GX	13.205281	70.649361	14.06	0.89	
NGC 5035		GX	13.247008	-16.492694	12.84	1.56	
NGC 5036		GX	13.245233	-4.178583	15.26	0.69	
NGC 5037		GX	13.249825	-16.590306	12.14	2.02	
NGC 5038		GX	13.250592	-15.951806	14.2	1.79	
NGC 5039		GX	13.247756	-4.158167	17.46	0.55	
NGC 504		GX	1.391083	33.204444	13.95	1.55	
NGC 5040		GX	13.225733	51.258361	14.75	1.03	
NGC 5041		GX	13.24235	30.705778	13.38	1.26	
NGC 5042		GX	13.258617	-23.984056	11.78	4.15	
NGC 5043		OC	13.270739	-60.0455	99.0	5.52	
NGC 5044		GX	13.256658	-16.385528	10.78	3.66	
NGC 5045		STAR	13.279722	-63.416667	99.0	20.0	
NGC 5046		GX	13.262533	-16.326833	14.08	1.02	
NGC 5047		GX	13.263478	-16.518889	13.6	2.86	
NGC 5048		GX	13.268994	-28.410528	13.96	1.57	
NGC 5049		GX	13.266472	-16.397167	13.05	2.01	
NGC 505		GX	1.382528	9.468889	15.04	1.07	
NGC 5050		GX	13.261592	2.878972	14.31	1.4	
NGC 5051		GX	13.27225	-28.285694	14.0	1.65	
NGC 5052		GX	13.259692	29.676083	13.57	1.37	
NGC 5053		GC	13.274164	17.69775	9.96	4.8	
NGC 5054		GX	13.282914	-16.634861	10.79	5.04	
NGC 5056		GX	13.270089	30.950333	13.13	1.62	
NGC 5057		GX	13.274381	31.0315	14.44	1.31	
NGC 5058		GX	13.281197	12.548222	14.25	0.76	
NGC 5059		GX	13.282906	7.8445	15.44	1.12	
NGC 506		STAR	1.393153	33.244667	99.0	0.0	
NGC 5060		GX	13.287839	6.037444	14.09	1.17	
NGC 5061		GX	13.301408	-26.837222	10.31	3.75	
NGC 5062		GX	13.306561	-35.458667	12.24	2.69	
NGC 5063		GX	13.307142	-35.352472	13.26	2.02	
NGC 5064		GX	13.316647	-47.908667	12.04	2.7	
NGC 5065		GX	13.291836	31.092694	14.24	1.22	
NGC 5066		GX	13.307903	-10.233889	14.16	0.8	
NGC 5067		STAR	13.307711	-10.145278	99.0	0.0	
NGC 5068		GX	13.315225	-21.039111	10.06	7.48	
NGC 507		GX	1.394419	33.256056	11.57	2.45	
NGC 5070		GX	13.320156	-12.539889	14.46	1.17	
NGC 5071		GX	13.310331	7.935528	15.49	0.77	
NGC 5073		GX	13.322403	-14.844528	13.5	3.78	
NGC 5074		GX	13.307158	31.469083	14.03	0.82	
NGC 5075		GX	13.318403	7.831028	15.08	1.02	
NGC 5076		GX	13.325111	-12.740861	13.84	1.35	
NGC 5077		GX	13.325464	-12.656972	11.65	2.65	
NGC 5078		GX	13.33055	-27.410389	10.64	2.56	
NGC 5079		GX	13.327236	-12.699028	12.55	1.38	
NGC 508		GX	1.394611	33.280278	14.2	1.08	
NGC 5080		GX	13.322006	8.429139	14.32	1.31	
NGC 5081		GX	13.318956	28.506917	13.13	1.9	
NGC 5082		GX	13.344453	-43.699944	13.79	1.73	
NGC 5083		GX	13.317528	39.589333	15.14	1.09	
NGC 5084		GX	13.338033	-21.827583	10.49	9.93	
NGC 5085		GX	13.338264	-24.440139	12.6	4.06	
NGC 5086		STAR	13.349836	-43.733528	99.0	0.0	
NGC 5087		GX	13.340267	-20.611	11.13	2.99	
NGC 5088		GX	13.338958	-12.571778	13.15	1.86	
NGC 5089		GX	13.3276	30.256556	14.33	0.95	
NGC 509		GX	1.390025	9.433556	14.61	1.59	
NGC 5090		GX	13.353561	-43.704556	11.28	3.51	
NGC 5090A		GX	13.322531	-43.649389	14.43	1.91	
NGC 5090B		GX	13.3382	-43.864667	14.15	2.39	
NGC 5091		GX	13.354922	-43.719667	13.35	2.15	
NGC 5092		GX	13.330981	22.999889	14.39	1.01	
NGC 5093		GX	13.327169	40.386111	14.54	1.14	
NGC 5094		GX	13.346347	-14.080667	14.41	1.52	
NGC 5095		GX	13.343575	-2.289333	14.53	1.29	
NGC 5096		GX	13.33575	33.089444	99.0	0.7	
NGC 5096 NED01		GX	13.335747	33.087944	15.26	0.87	
NGC 5096 NED02		GX	13.335878	33.09075	16.35	0.66	
NGC 5096 NED03		GX	13.335581	33.089583	16.59	0.65	
NGC 5097		GX	13.349914	-12.47125	14.86	0.54	
NGC 5098		GX	13.337833	33.144167	99.0	1.6	
NGC 5098 NED01		GX	13.338264	33.14475	15.12	0.79	
NGC 5098 NED02		GX	13.337425	33.143417	14.7	1.1	
NGC 5099		GX	13.355436	-13.042361	15.34	0.69	
NGC 51		GX	0.243033	48.255694	14.44	1.4	
NGC 510		STAR	1.398767	33.496889	99.0	0.0	
NGC 5100		GX	13.349611	8.981944	99.0	1.4	
NGC 5100 NED01		GX	13.349328	8.985472	17.05	0.66	
NGC 5101		GX	13.362844	-27.430528	10.46	5.9	
NGC 5102		GX	13.366003	-36.63025	9.88	9.71	
NGC 5103		GX	13.341689	43.083972	13.43	1.59	
NGC 5104		GX	13.356414	0.342389	14.28	1.2	
NGC 5105		GX	13.363636	-13.206778	11.81	1.93	
NGC 5106		GX	13.349886	8.978306	14.89	0.94	
NGC 5107		GX	13.356856	38.537611	13.75	1.71	
NGC 5108		GX	13.388567	-32.342111	15.02	1.32	
NGC 5109		GX	13.347875	57.64475	13.51	1.6	
NGC 511		GX	1.391869	11.291	15.34	1.18	
NGC 5110		GX	13.382367	-12.964806	13.61	2.63	
NGC 5112		GX	13.365667	38.734694	12.17	2.99	
NGC 5114		GX	13.400481	-32.343944	13.65	1.81	
NGC 5115		GX	13.383439	13.950667	14.73	1.14	
NGC 5116		GX	13.382114	26.980722	13.41	1.95	
NGC 5117		GX	13.382356	28.316444	14.4	1.54	
NGC 5118		GX	13.390958	6.392556	14.38	0.95	
NGC 5119		GX	13.400089	-12.276444	14.29	1.49	
NGC 512		GX	1.399944	33.907778	13.87	1.46	
NGC 5120		OC	13.427614	-63.458333	10.8	0.0	
NGC 5121		GX	13.412669	-37.682194	11.62	2.16	
NGC 5121A		GX	13.425778	-37.378806	15.7	1.21	
NGC 5122		GX	13.40415	-10.654278	13.94	1.15	
NGC 5123		GX	13.386256	43.08625	13.51	1.18	
NGC 5124		GX	13.414008	-30.307528	12.08	2.48	
NGC 5125		GX	13.400197	9.710194	13.53	1.77	
NGC 5126		GX	13.414889	-30.333611	14.2	1.86	
NGC 5127		GX	13.395839	31.56575	13.62	2.18	
NGC 5128	Centaurus A	GX	13.424339	-43.019111	7.22	25.88	
NGC 5129		GX	13.402781	13.976528	12.11	1.65	
NGC 513		GX	1.407458	33.799444	13.4	0.62	
NGC 5130		GX	13.407544	-10.210222	14.25	1.11	
NGC 5131		GX	13.39915	30.988056	14.22	0.45	
NGC 5132		GX	13.408028	14.092583	14.23	1.31	
NGC 5133		GX	13.414697	-4.082	14.54	1.1	
NGC 5134		GX	13.421819	-21.134167	11.77	2.7	
NGC 5135		GX	13.428906	-29.833667	12.59	2.4	
NGC 5136		GX	13.414281	13.737861	14.46	1.31	
NGC 5137		GX	13.414583	14.077194	15.55	0.77	
NGC 5138		OC	13.454225	-59.040944	5.33	4.2	
NGC 5139	Omega Centauri	GC	13.446081	-47.476861	5.33	27.0	
NGC 514		GX	1.401083	12.917389	11.71	3.5	
NGC 5140		GX	13.439369	-33.868472	12.97	2.36	
NGC 5141		GX	13.414289	36.378528	12.8	1.59	
NGC 5142		GX	13.416975	36.3995	13.25	1.18	
NGC 5143		GX	13.417022	36.437167	15.91	0.53	
NGC 5144		GX	13.381583	70.512222	99.0	1.1	
NGC 5144 NED01		GX	13.381525	70.510111	15.67	0.89	
NGC 5144 NED02		GX	13.381689	70.514722	13.15	1.0	
NGC 5145		GX	13.420533	43.267278	13.48	1.97	
NGC 5146		GX	13.443747	-12.323972	14.09	2.16	
NGC 5147		GX	13.438814	2.100861	12.13	1.47	
NGC 5148		GX	13.444106	2.313722	15.37	0.66	
NGC 5149		GX	13.435875	35.934417	13.73	1.62	
NGC 515		GX	1.410722	33.472778	14.26	0.92	
NGC 5150		GX	13.46015	-29.56225	12.6	1.4	
NGC 5151		GX	13.444678	16.873806	14.62	0.91	
NGC 5152		GX	13.4642	-29.618611	13.57	2.03	
NGC 5153		GX	13.465092	-29.618028	11.92	2.44	
NGC 5154		GX	13.441261	36.010278	14.73	1.35	
NGC 5155		STAR	13.476414	-63.508694	99.0	6.3	
NGC 5156		GX	13.478914	-48.916806	11.86	2.54	
NGC 5157		GX	13.454681	32.030722	14.13	1.32	
NGC 5158		GX	13.463047	17.778833	13.78	0.98	
NGC 5159		GX	13.471158	2.982667	15.09	1.24	
NGC 516		GX	1.402242	9.551694	14.25	1.62	
NGC 5160		STAR	13.472667	5.995889	99.0	0.0	
NGC 5161		GX	13.487197	-33.173833	11.52	5.36	
NGC 5162		GX	13.490536	11.007889	13.63	2.96	
NGC 5163		GX	13.448406	52.753528	14.79	1.13	
NGC 5164		GX	13.453306	55.487167	14.5	0.99	
NGC 5165		GX	13.47755	11.387056	14.55	1.64	
NGC 5166		GX	13.470844	32.032389	14.31	2.13	
NGC 5167		GX	13.477842	12.711194	14.63	1.0	
NGC 5168		OC	13.518125	-60.939222	9.1	4.2	
NGC 5169		GX	13.469458	46.672139	14.56	1.51	
NGC 517		GX	1.412167	33.429444	13.56	1.46	
NGC 5170		GX	13.496886	-17.966417	11.23	7.96	
NGC 5171		GX	13.489322	11.735111	12.8	1.07	
NGC 5172		GX	13.488697	17.051917	11.96	2.38	
NGC 5173		GX	13.473686	46.591639	13.38	1.1	
NGC 5175		STAR	13.490631	10.995139	99.0	0.0	
NGC 5176		GX	13.490267	11.781472	15.43	0.38	
NGC 5177		GX	13.490072	11.797028	15.33	0.86	
NGC 5178		GX	13.491475	11.624778	14.82	1.03	
NGC 5179		GX	13.491911	11.745833	14.74	1.1	
NGC 518		GX	1.4049	9.330944	14.32	1.56	
NGC 5180		GX	13.490822	16.825833	13.0	1.25	
NGC 5181		GX	13.495	13.304111	14.54	1.04	
NGC 5182		GX	13.511419	-28.150306	12.56	2.06	
NGC 5183		GX	13.501708	-1.720583	13.66	1.72	
NGC 5184		GX	13.503192	-1.663139	13.51	1.57	
NGC 5185		GX	13.500625	13.416056	14.47	2.0	
NGC 5186		GX	13.501083	12.175194	15.65	0.73	
NGC 5187		GX	13.496719	31.130139	14.55	0.81	
NGC 5188		GX	13.524522	-34.794417	12.04	3.41	
NGC 5189		PN	13.559142	-65.974056	10.3	2.33	
NGC 519		GX	1.407956	-1.64125	15.3	0.53	
NGC 5190		GX	13.510708	18.134611	13.14	0.97	
NGC 5191		GX	13.513156	11.20075	14.76	1.03	
NGC 5192		GX	13.514356	-1.778694	15.27	0.61	
NGC 5193		GX	13.531536	-33.234222	11.73	2.07	
NGC 5193A		GX	13.5303	-33.239472	14.14	1.49	
NGC 5195		GX	13.499886	47.266139	9.58	5.5	
NGC 5196		GX	13.522128	-1.615056	15.19	0.87	
NGC 5197		GX	13.523647	-1.693056	15.81	0.86	
NGC 5198		GX	13.503167	46.670778	11.78	2.03	
NGC 5199		GX	13.511878	34.830667	14.8	1.27	
NGC 52		GX	0.244475	18.582028	14.34	2.26	
NGC 520		GX	1.409742	3.792417	99.0	4.2	
NGC 520 NED01		GX	1.409578	3.794944	11.47	4.09	
NGC 520 NED02		GX	1.409664	3.789778	12.4	1.56	
NGC 5200		STAR	13.528461	-0.030167	99.0	0.0	
NGC 5201		GX	13.487836	53.081972	14.19	1.58	
NGC 5202		GX	13.533475	-1.698778	15.52	0.67	
NGC 5203		GX	13.537056	-8.786222	14.24	1.66	
NGC 5204		GX	13.493475	58.418722	11.32	4.5	
NGC 5205		GX	13.500994	62.511583	12.77	1.58	
NGC 5206		GX	13.562217	-48.151167	10.49	4.26	
NGC 5207		GX	13.537219	13.892389	14.37	1.75	
NGC 5208		GX	13.541092	7.316444	14.21	1.69	
NGC 5209		GX	13.54515	7.32725	14.65	1.25	
NGC 521		GX	1.409383	1.731389	11.8	2.77	
NGC 5210		GX	13.547014	7.170083	14.15	1.51	
NGC 5211		GX	13.551483	-1.035806	13.1	2.0	
NGC 5212		GX	13.548903	7.28775	15.95	0.51	
NGC 5213		GX	13.577611	4.133333	14.9	0.93	
NGC 5214		GX	13.546861	41.871833	13.67	1.04	
NGC 5215		GX	13.585611	-33.483889	99.0	2.2	
NGC 5215A		GX	13.585183	-33.481	14.14	1.57	
NGC 5215B		GX	13.586072	-33.482972	13.95	1.24	
NGC 5216		GX	13.535247	62.700694	16.14	1.69	
NGC 5217		GX	13.568314	17.856861	13.87	1.56	
NGC 5218		GX	13.536217	62.76775	12.32	1.84	
NGC 522		GX	1.412736	9.994639	12.95	2.38	
NGC 5220		GX	13.599075	-33.453806	13.54	2.62	
NGC 5221		GX	13.582194	13.8325	14.44	1.56	
NGC 5222		GX	13.582417	13.743333	99.0	1.2	
NGC 5222 NED01		GX	13.582208	13.742167	13.95	1.51	
NGC 5222 NED02		GX	13.582664	13.744278	15.56	0.93	
NGC 5223		GX	13.573672	34.690444	14.29	2.14	
NGC 5224		GX	13.585794	6.481111	15.01	0.87	
NGC 5225		GX	13.5556	51.490333	14.37	0.73	
NGC 5226		GX	13.584339	13.922167	16.4	0.5	
NGC 5227		GX	13.590156	1.410583	13.21	1.51	
NGC 5228		GX	13.576406	34.777806	14.3	1.15	
NGC 5229		GX	13.567453	47.915444	13.85	2.28	
NGC 523		GX	1.422425	34.024944	12.71	2.52	
NGC 5230		GX	13.592189	13.676167	13.19	1.55	
NGC 5231		GX	13.596736	2.998917	16.15	1.15	
NGC 5232		GX	13.602294	-8.497722	13.44	1.72	
NGC 5233		GX	13.587039	34.677444	14.53	1.46	
NGC 5234		GX	13.624983	-49.836917	13.98	1.51	
NGC 5235		GX	13.600392	6.585361	15.06	1.31	
NGC 5237		GX	13.627514	-42.846972	12.49	2.34	
NGC 5238		GX	13.578475	51.613667	13.4	1.75	
NGC 5239		GX	13.607278	7.369583	14.47	1.8	
NGC 524		GX	1.413256	9.538833	10.35	3.37	
NGC 5240		GX	13.598667	35.58825	13.88	1.83	
NGC 5241		GX	13.611075	-8.401889	13.81	1.05	
NGC 5242		OTHER	13.618719	2.770583	99.0	0.0	
NGC 5243		GX	13.604153	38.343917	14.05	1.01	
NGC 5244		GX	13.644917	-45.855972	13.3	2.22	
NGC 5245		GX	13.623119	3.897417	15.17	0.56	
NGC 5246		GX	13.624825	4.104444	14.67	0.85	
NGC 5247		GX	13.634178	-17.884028	10.41	5.32	
NGC 5248		GX	13.625561	8.885167	9.97	4.07	
NGC 5249		GX	13.627083	15.972222	13.97	1.49	
NGC 525		GX	1.414697	9.703333	14.54	1.5	
NGC 5250		GX	13.602036	51.235806	13.88	0.93	
NGC 5251		GX	13.623564	27.419222	14.63	0.9	
NGC 5252		GX	13.637767	4.542583	14.21	1.29	
NGC 5253		GX	13.665544	-31.640111	10.28	5.01	
NGC 5254		GX	13.660531	-11.493861	12.16	3.35	
NGC 5255		GX	13.6217	57.108944	15.09	1.41	
NGC 5256		GX	13.638194	48.276944	13.42	0.95	
NGC 5256 NED01		GX	13.638142	48.275556	13.42	0.22	
NGC 5256 NED02		GX	13.638275	48.278056	14.02	1.48	
NGC 5257		GX	13.664697	0.84	13.04	1.48	
NGC 5258		GX	13.666025	0.830944	13.04	1.48	
NGC 5259		GX	13.656639	30.991389	99.0	1.0	
NGC 5259 NED01		GX	13.656425	30.992361	16.43	0.83	
NGC 5259 NED02		GX	13.656853	30.990806	15.17	0.87	
NGC 526		GX	1.399583	-35.1225	99.0	2.0	
NGC 5260		GX	13.672194	-23.858083	13.57	1.64	
NGC 5261		GX	13.671136	5.076306	15.16	0.86	
NGC 5262		GX	13.59405	75.039417	13.65	1.22	
NGC 5263		GX	13.665456	28.400583	14.11	1.14	
NGC 5264		GX	13.693522	-29.913083	11.98	2.97	
NGC 5265		GX	13.669197	36.861083	14.69	0.95	
NGC 5266		GX	13.717253	-48.169417	10.77	2.92	
NGC 5266A		GX	13.676972	-48.341972	13.82	1.91	
NGC 5267		GX	13.677767	38.794083	14.13	1.53	
NGC 5268		STAR	13.703497	-13.859556	11.33	0.0	
NGC 5269		OC	13.745611	-62.9125	99.0	4.8	
NGC 526A		GX	1.398442	-35.065528	14.6	1.7	
NGC 526B		GX	1.399189	-35.069278	14.5	0.79	
NGC 527		GX	1.399478	-35.115056	14.07	1.79	
NGC 5270		GX	13.703022	4.262583	14.7	1.0	
NGC 5271		GX	13.695114	30.125444	15.11	0.84	
NGC 5273		GX	13.702317	35.654222	12.16	2.31	
NGC 5274		GX	13.706475	29.847833	15.37	0.6	
NGC 5275		GX	13.706544	29.824889	14.2	0.88	
NGC 5276		GX	13.706111	35.624139	14.72	0.86	
NGC 5277		GX	13.710661	29.954417	15.48	0.58	
NGC 5278		GX	13.694339	55.670639	13.58	0.76	
NGC 5279		GX	13.695486	55.673806	13.6	0.61	
NGC 527B		GX	1.399817	-35.127361	15.54	0.87	
NGC 528		GX	1.426	33.671667	13.65	1.77	
NGC 5280		GX	13.715428	29.868611	13.63	0.84	
NGC 5281		OC	13.776431	-62.916528	5.9	6.9	
NGC 5282		GX	13.723578	30.069528	14.95	0.66	
NGC 5283		GX	13.684933	67.672306	14.05	1.19	
NGC 5284		STAR	13.789806	-59.149389	99.0	8.4	
NGC 5285		GX	13.740497	2.109917	15.47	0.77	
NGC 5286		GC	13.77405	-51.373472	8.31	6.6	
NGC 5287		GX	13.747928	29.770917	15.42	0.68	
NGC 5288		OC	13.812483	-64.685389	11.8	3.6	
NGC 5289		GX	13.752419	41.503389	12.97	2.33	
NGC 529		GX	1.427889	34.713333	12.13	2.22	
NGC 5290		GX	13.755328	41.712583	16.5	3.24	
NGC 5291		GX	13.790133	-30.407	14.0	1.77	
NGC 5292		GX	13.794464	-30.939528	11.92	2.29	
NGC 5293		GX	13.7813	16.272861	13.1	1.58	
NGC 5294		GX	13.755036	55.290833	15.12	1.26	
NGC 5295		GX	13.644275	79.458889	14.59	0.63	
NGC 5296		GX	13.77185	43.851361	13.81	0.95	
NGC 5297		GX	13.773242	43.872333	11.76	3.72	
NGC 5298		GX	13.810136	-30.428528	13.09	1.86	
NGC 5299		OC	13.840628	-59.947722	99.0	4.2	
NGC 53		GX	0.245236	-60.32875	12.64	1.54	
NGC 530		GX	1.411569	-1.587083	13.9	1.78	
NGC 5300		GX	13.804456	3.950861	13.17	2.83	
NGC 5301		GX	13.773519	46.107056	12.63	3.96	
NGC 5302		GX	13.8138	-30.511111	12.43	1.05	
NGC 5303		GX	13.795831	38.304639	12.86	0.86	
NGC 5304		GX	13.833744	-30.578472	13.56	1.91	
NGC 5305		GX	13.798817	37.826333	14.45	1.46	
NGC 5306		GX	13.819833	-7.224389	13.1	1.94	
NGC 5307		PN	13.850917	-51.205778	11.2	0.21	
NGC 5308		GX	13.783453	60.973167	11.32	4.33	
NGC 5309		GX	13.836322	-15.618417	15.71	0.63	
NGC 531		GX	1.438583	34.753889	14.87	1.77	
NGC 5310		STAR	13.829928	0.069194	14.07	0.0	
NGC 5311		GX	13.815578	39.985111	13.3	2.01	
NGC 5312		GX	13.830714	33.62175	14.62	1.09	
NGC 5313		GX	13.828983	39.984778	12.09	1.81	
NGC 5314		GX	13.769833	70.339556	14.52	0.95	
NGC 5315		PN	13.899136	-66.514167	9.8	0.1	
NGC 5316		OC	13.899228	-61.869111	6.0	9.9	
NGC 5318		GX	13.843336	33.704889	13.5	1.51	
NGC 5319		GX	13.844628	33.761556	16.64	0.65	
NGC 532		GX	1.421483	9.264111	12.21	2.18	
NGC 5320		GX	13.838994	41.366222	12.4	1.82	
NGC 5321		GX	13.845469	33.632611	15.02	0.89	
NGC 5322		GX	13.820908	60.190528	10.14	5.62	
NGC 5323		GX	13.760144	76.828333	14.24	1.05	
NGC 5324		GX	13.868303	-6.058306	12.18	2.22	
NGC 5325		GX	13.848392	38.274778	14.92	0.86	
NGC 5326		GX	13.847417	39.574861	11.87	2.18	
NGC 5327		GX	13.867825	-2.206611	13.82	1.61	
NGC 5328		GX	13.881475	-28.489389	11.71	3.07	
NGC 5329		GX	13.869469	2.325111	12.46	1.48	
NGC 533		GX	1.425378	1.759111	11.47	3.44	
NGC 5330		GX	13.883108	-28.470667	13.57	1.14	
NGC 5331		GX	13.871194	2.103028	99.0	1.1	
NGC 5331 NED01		GX	13.871153	2.100917	16.59	1.07	
NGC 5331 NED02		GX	13.871228	2.108639	14.93	0.56	
NGC 5332		GX	13.868867	16.96975	12.95	1.06	
NGC 5333		GX	13.906728	-48.512528	11.89	2.18	
NGC 5334		GX	13.881794	-1.114639	11.73	3.38	
NGC 5335		GX	13.882378	2.814278	14.24	1.45	
NGC 5336		GX	13.869389	43.242917	13.64	1.22	
NGC 5337		GX	13.873064	39.68725	13.37	1.66	
NGC 5338		GX	13.890708	5.207778	14.11	1.94	
NGC 5339		GX	13.900075	-7.930667	12.24	1.82	
NGC 534		GX	1.412397	-38.129083	14.4	1.19	
NGC 5340		GX	13.816642	72.653833	15.0	0.84	
NGC 5341		GX	13.875544	37.817417	14.11	1.07	
NGC 5342		GX	13.857181	59.863944	14.28	0.92	
NGC 5343		GX	13.903253	-7.588139	14.22	1.23	
NGC 5344		GX	13.832786	73.952889	15.4	0.54	
NGC 5345		GX	13.903958	-1.436472	13.79	1.5	
NGC 5346		GX	13.883858	39.580778	14.71	1.56	
NGC 5347		GX	13.888286	33.490833	12.68	1.62	
NGC 5348		GX	13.903131	5.227444	14.34	3.88	
NGC 5349		GX	13.886981	37.883139	14.96	1.6	
NGC 535		GX	1.425319	-1.408139	14.85	0.97	
NGC 5350		GX	13.889342	40.363944	11.47	2.69	
NGC 5351		GX	13.891031	37.914972	12.15	2.43	
NGC 5352		GX	13.894008	36.134056	14.08	1.42	
NGC 5353		GX	13.890747	40.283028	11.02	2.37	
NGC 5354		GX	13.89075	40.30275	11.38	3.03	
NGC 5355		GX	13.895989	40.338667	13.18	1.15	
NGC 5356		GX	13.916239	5.333722	13.79	2.83	
NGC 5357		GX	13.933208	-30.341444	12.01	2.18	
NGC 5358		GX	13.900114	40.277306	14.58	1.12	
NGC 5359		OC	14.002658	-70.392306	99.0	5.4	
NGC 536		GX	1.439383	34.703028	12.37	2.92	
NGC 5360		GX	13.927431	4.985056	14.93	1.1	
NGC 5361		GX	13.909786	38.449417	14.77	0.76	
NGC 5362		GX	13.914806	41.313528	12.76	1.89	
NGC 5363		GX	13.935336	5.254778	10.21	4.17	
NGC 5364		GX	13.936667	5.014472	10.52	3.8	
NGC 5365		GX	13.964067	-43.931306	11.32	3.88	
NGC 5365A		GX	13.944314	-44.00925	13.52	2.84	
NGC 5365B		GX	13.977658	-43.963722	14.15	1.79	
NGC 5366		GX	13.940239	-0.247556	14.46	0.8	
NGC 5367		RN	13.962186	-39.978417	99.0	2.0	
NGC 5368		GX	13.9081	54.330667	13.86	0.99	
NGC 5369		GX	13.943783	-5.469889	14.38	1.08	
NGC 5370		GX	13.902603	60.678056	14.11	1.37	
NGC 5371		GX	13.927761	40.46175	11.69	3.98	
NGC 5372		GX	13.912775	58.666861	13.37	0.69	
NGC 5373		GX	13.952072	5.251889	15.35	0.6	
NGC 5374		GX	13.958231	6.097	13.68	1.62	
NGC 5375		GX	13.948889	29.164361	12.08	2.34	
NGC 5376		GX	13.921131	59.506611	12.33	1.48	
NGC 5377		GX	13.937964	47.235694	11.27	3.64	
NGC 5378		GX	13.947506	37.79725	13.63	2.03	
NGC 5379		GX	13.9262	59.742806	13.42	2.06	
NGC 538		GX	1.423903	-1.550639	14.62	1.38	
NGC 5380		GX	13.949081	37.610389	12.29	2.0	
NGC 5381		OC	14.011656	-59.586806	99.0	6.3	
NGC 5382		GX	13.970803	6.258694	12.6	1.45	
NGC 5383		GX	13.951381	41.84625	11.57	2.48	
NGC 5384		GX	13.970239	6.518194	13.07	1.8	
NGC 5385		OC	13.875533	76.162778	99.0	0.0	
NGC 5386		GX	13.972872	6.339111	13.65	0.98	
NGC 5387		GX	13.973553	6.071278	14.79	1.17	
NGC 5388		OTHER	13.982769	-14.150889	99.0	0.0	
NGC 5389		GX	13.935092	59.742056	11.98	3.27	
NGC 539		GX	1.422703	-18.163861	13.62	1.32	
NGC 5391		GX	13.961883	46.469583	16.42	0.51	
NGC 5392		GX	13.990214	-3.209194	14.43	0.95	
NGC 5393		GX	14.0089	-28.874583	14.03	0.95	
NGC 5394		GX	13.976014	37.453472	12.94	2.63	
NGC 5395		GX	13.977217	37.424472	11.66	2.49	
NGC 5397		GX	14.019572	-33.945833	12.85	1.62	
NGC 5398		GX	14.022656	-33.063778	12.39	2.76	
NGC 5399		GX	13.992061	34.773583	14.54	1.14	
NGC 54		GX	0.252131	-7.106722	14.31	1.35	
NGC 540		GX	1.452472	-20.036639	15.72	0.82	
NGC 5400		GX	14.010333	-2.857806	14.3	1.4	
NGC 5401		GX	13.995397	36.238111	14.46	1.46	
NGC 5402		GX	13.971264	59.814556	14.54	1.13	
NGC 5403		GX	13.997478	38.182528	14.65	2.75	
NGC 5404		STAR	14.018744	0.085889	99.0	0.0	
NGC 5405		GX	14.019297	7.702278	14.52	0.83	
NGC 5406		GX	14.005589	38.915417	12.33	1.69	
NGC 5407		GX	14.013917	39.156222	14.29	1.37	
NGC 5408		GX	14.055808	-41.377694	11.64	2.84	
NGC 5409		GX	14.029467	9.490278	13.33	1.56	
NGC 541		GX	1.428975	-1.379583	12.19	2.16	
NGC 5410		GX	14.015169	40.988611	14.14	1.15	
NGC 5411		GX	14.033128	8.937694	13.31	1.51	
NGC 5412		GX	13.953758	73.616722	14.78	1.17	
NGC 5413		GX	13.964869	64.910972	14.34	1.29	
NGC 5414		GX	14.034311	9.929306	13.85	0.97	
NGC 5415		GX	13.949144	70.754389	15.0	0.87	
NGC 5416		GX	14.036478	9.440111	13.29	1.29	
NGC 5417		GX	14.036956	8.037111	13.63	1.67	
NGC 5418		GX	14.038219	7.684167	14.39	0.95	
NGC 5419		GX	14.060758	-33.97825	10.77	3.98	
NGC 542		GX	1.441917	34.675278	15.67	1.02	
NGC 5420		GX	14.066639	-14.616861	14.08	1.9	
NGC 5421		GX	14.0283	33.823778	14.3	1.3	
NGC 5421 NED01		GX	14.028164	33.826833	14.39	1.17	
NGC 5421 NED02		GX	14.028364	33.8215	15.11	1.0	
NGC 5422		GX	14.011678	55.164472	11.8	2.81	
NGC 5423		GX	14.046839	9.341389	12.86	1.53	
NGC 5424		GX	14.048806	9.420667	13.14	1.46	
NGC 5425		GX	14.013242	48.443861	14.23	1.58	
NGC 5426		GX	14.056903	-6.069111	12.16	3.06	
NGC 5427		GX	14.057236	-6.030806	12.39	3.61	
NGC 5428		STAR	14.057786	-5.984472	99.0	0.0	
NGC 5429		STAR	14.059267	-6.038278	99.0	0.0	
NGC 543		GX	1.430553	-1.292806	13.17	0.81	
NGC 5430		GX	14.012706	59.328278	12.78	2.18	
NGC 5431		GX	14.051986	9.363056	15.6	0.9	
NGC 5432		OTHER	14.061292	-5.975444	99.0	0.0	
NGC 5433		GX	14.043356	32.510444	13.99	1.52	
NGC 5434		GX	14.056428	9.448083	13.28	1.48	
NGC 5435		STAR	14.066681	-5.931667	99.0	0.0	
NGC 5436		GX	14.061417	9.5735	13.83	1.24	
NGC 5437		GX	14.06315	9.523694	14.91	1.07	
NGC 5438		GX	14.063333	9.610583	14.42	1.18	
NGC 5439		GX	14.032686	46.311917	14.51	1.27	
NGC 544		GX	1.420008	-38.094528	14.46	1.47	
NGC 5440		GX	14.050289	34.757861	13.27	2.84	
NGC 5441		GX	14.053333	34.684611	14.9	0.44	
NGC 5442		GX	14.078672	-9.713667	13.94	1.19	
NGC 5443		GX	14.036611	55.814028	13.11	1.68	
NGC 5444		GX	14.056703	35.132111	11.86	2.48	
NGC 5445		GX	14.05875	35.025306	13.91	1.56	
NGC 5447		EN	14.041222	54.276917	99.0	0.0	
NGC 5448		GX	14.047231	49.172694	11.88	3.77	
NGC 5449		OTHER	14.040908	54.330222	99.0	0.0	
NGC 545		GX	1.433089	-1.340222	13.34	3.01	
NGC 5450		EN	14.041608	54.271028	99.0	0.0	
NGC 5451		EN	14.043625	54.362528	16.7	0.52	
NGC 5452		GX	13.906917	78.220556	14.13	1.25	
NGC 5453		EN	14.048997	54.307972	99.0	0.0	
NGC 5454		GX	14.079364	14.382056	14.22	1.34	
NGC 5455		EN	14.050325	54.241472	15.22	0.63	
NGC 5456		GX	14.083025	11.871639	13.99	1.36	
NGC 5458		EN	14.053464	54.298333	99.0	0.0	
NGC 5459		GX	14.083386	13.131889	14.39	1.27	
NGC 546		GX	1.420225	-38.069083	14.41	1.35	
NGC 5460		OC	14.124392	-48.342528	5.6	13.2	
NGC 5461		EN	14.061503	54.318028	14.38	1.62	
NGC 5462		EN	14.064722	54.365583	18.17	0.13	
NGC 5463		GX	14.102928	9.353444	14.01	1.25	
NGC 5464		GX	14.117889	-30.017111	12.97	1.38	
NGC 5465		STAR	14.107578	-5.506278	14.47	0.0	
NGC 5466		GC	14.090933	28.5345	9.7	6.6	
NGC 5467		STAR	14.108194	-5.481472	15.12	0.0	
NGC 5468		GX	14.109692	-5.453111	12.05	2.28	
NGC 5469		GX	14.208306	8.647944	14.98	0.92	
NGC 547		GX	1.433508	-1.345167	13.34	3.07	
NGC 5470		GX	14.108864	6.029694	14.24	2.6	
NGC 5471		EN	14.074728	54.396917	14.54	0.82	
NGC 5472		GX	14.115283	-5.460472	14.68	1.46	
NGC 5473		GX	14.078675	54.892639	11.47	1.99	
NGC 5474		GX	14.083781	53.662222	11.01	2.39	
NGC 5475		GX	14.086781	55.741861	13.27	1.94	
NGC 5476		GX	14.135692	-6.092056	13.34	1.41	
NGC 5477		GX	14.092583	54.461139	13.78	1.11	
NGC 5478		GX	14.135697	-1.702306	13.64	0.97	
NGC 5479		GX	14.099269	65.69075	15.02	0.93	
NGC 548		GX	1.434031	-1.225611	13.71	0.9	
NGC 5480		GX	14.105994	50.725111	12.18	1.67	
NGC 5481		GX	14.111464	50.723333	13.24	1.76	
NGC 5482		GX	14.141861	8.931917	14.0	1.17	
NGC 5483		GX	14.173619	-43.324611	11.13	3.42	
NGC 5484		GX	14.113394	55.029917	15.74	0.47	
NGC 5485		GX	14.119819	55.001694	11.5	2.51	
NGC 5486		GX	14.1236	55.103083	14.01	1.36	
NGC 5487		GX	14.162194	8.069139	14.61	1.05	
NGC 5488		GX	14.134197	-33.314917	13.31	2.63	
NGC 5489		GX	14.2002	-46.088722	13.16	2.29	
NGC 549		GX	1.418633	-38.00775	15.5	0.59	
NGC 5490		GX	14.165914	17.545556	12.05	1.66	
NGC 5490C		GX	14.168586	17.61575	15.22	0.75	
NGC 5491		GX	14.182597	6.364861	13.82	1.32	
NGC 5492		GX	14.176444	19.612333	13.71	1.58	
NGC 5493		GX	14.191494	-5.043611	11.42	2.17	
NGC 5494		GX	14.206717	-30.644083	12.63	2.33	
NGC 5495		GX	14.206486	-27.108028	13.5	1.52	
NGC 5496		GX	14.19385	-1.159111	13.45	2.69	
NGC 5497		GX	14.175456	38.893556	15.11	0.6	
NGC 5498		GX	14.184592	25.697972	14.73	1.23	
NGC 5499		GX	14.179903	35.9135	14.27	1.12	
NGC 55		GX	0.248222	-39.196639	8.54	29.85	
NGC 550		GX	1.445153	2.022361	13.5	1.82	
NGC 5500		GX	14.170897	48.546111	14.37	0.92	
NGC 5501		GX	14.205606	1.272528	15.0	0.89	
NGC 5502		GX	14.159431	60.409583	16.23	0.63	
NGC 5504		GX	14.204392	15.841917	14.04	1.18	
NGC 5504B		GX	14.203533	15.868889	15.23	0.56	
NGC 5504C		GX	14.204386	15.879333	15.65	0.81	
NGC 5505		GX	14.208808	13.304722	13.13	0.89	
NGC 5506		GX	14.220803	-3.207583	12.56	2.88	
NGC 5507		GX	14.222186	-3.148889	12.44	1.6	
NGC 5508		GX	14.208067	24.6355	15.03	0.98	
NGC 5509		GX	14.210994	20.387	14.97	1.19	
NGC 551		GX	1.461294	37.182917	13.42	1.49	
NGC 5510		GX	14.227006	-17.983806	14.26	0.95	
NGC 5511		GX	14.218172	8.631889	15.62	0.68	
NGC 5512		GX	14.211425	30.855056	15.3	0.67	
NGC 5513		GX	14.219064	20.416278	13.78	2.02	
NGC 5514		GX	14.227439	7.659528	99.0	1.3	
NGC 5514 NED01		GX	14.227344	7.660528	14.37	1.15	
NGC 5514 NED02		GX	14.227606	7.658	15.89	0.85	
NGC 5515		GX	14.210603	39.310278	13.7	1.22	
NGC 5516		GX	14.265192	-48.114861	11.99	2.39	
NGC 5517		GX	14.214233	35.710889	14.73	1.01	
NGC 5518		GX	14.229911	20.848306	14.51	1.28	
NGC 5519		GX	14.239131	7.515917	14.51	1.77	
NGC 552		STAR	1.436153	33.405861	99.0	0.0	
NGC 5520		GX	14.206331	50.348417	12.75	1.61	
NGC 5521		GX	14.256589	4.408528	14.62	0.61	
NGC 5522		GX	14.247325	15.146889	14.0	1.87	
NGC 5523		GX	14.247867	25.317611	13.13	2.04	
NGC 5524		STAR	14.233511	36.417361	99.0	0.0	
NGC 5525		GX	14.260897	14.282611	12.84	1.21	
NGC 5526		GX	14.2316	57.771333	14.24	1.1	
NGC 5527		GX	14.240897	36.4045	14.94	0.94	
NGC 5528		GX	14.2722	8.293472	14.66	0.99	
NGC 5529		GX	14.259464	36.226583	11.91	5.79	
NGC 553		GX	1.436833	33.405	14.93	0.91	
NGC 5530		GX	14.307542	-43.388583	11.19	4.86	
NGC 5531		GX	14.278694	10.884778	14.7	1.07	
NGC 5532		GX	14.281375	10.807389	11.94	2.34	
NGC 5533		GX	14.268817	35.343833	11.81	2.86	
NGC 5534		GX	14.294517	-7.417417	12.49	1.36	
NGC 5535		GX	14.292019	8.208389	15.74	0.66	
NGC 5536		GX	14.273294	39.502194	14.41	0.83	
NGC 5537		GX	14.293636	7.055	15.05	0.94	
NGC 5538		GX	14.295136	7.476667	15.5	0.89	
NGC 5539		GX	14.293825	8.179611	15.05	1.15	
NGC 554		GX	1.452667	-22.725	99.0	1.42	
NGC 5540		GX	14.248453	60.011111	14.7	1.1	
NGC 5541		GX	14.2755	39.589056	13.58	0.92	
NGC 5542		GX	14.298111	7.558778	14.84	0.6	
NGC 5543		GX	14.301131	7.654861	15.18	0.79	
NGC 5544		GX	14.284033	36.571583	13.89	1.03	
NGC 5545		GX	14.284767	36.575111	13.2	0.97	
NGC 5546		GX	14.302564	7.564556	12.29	1.57	
NGC 5547		GX	14.162556	78.601056	14.83	0.74	
NGC 5548		GX	14.299869	25.136778	13.37	1.33	
NGC 5549		GX	14.310781	7.377333	13.95	1.53	
NGC 554A		GX	1.452694	-22.724667	15.0	1.42	
NGC 554B		GX	1.452656	-22.725722	14.76	0.2	
NGC 555		GX	1.453281	-22.762167	15.31	0.74	
NGC 5550		GX	14.307769	12.883083	14.09	1.1	
NGC 5551		GX	14.315233	5.451472	14.88	0.81	
NGC 5552		GX	14.317736	7.031694	15.12	0.91	
NGC 5553		GX	14.308258	26.287833	14.59	1.15	
NGC 5554		GX	14.320833	7.021139	15.12	0.65	
NGC 5555		GX	14.313356	-19.138917	15.14	0.61	
NGC 5556		GX	14.342803	-29.241778	11.82	3.45	
NGC 5557		GX	14.307144	36.493556	11.02	2.28	
NGC 5559		GX	14.320217	24.798722	14.81	1.31	
NGC 556		GX	1.453503	-22.69775	15.56	0.45	
NGC 5560		GX	14.334581	3.992472	12.35	3.45	
NGC 5561		GX	14.289675	58.7505	15.45	0.65	
NGC 5562		GX	14.336403	10.262833	14.37	0.8	
NGC 5563		GX	14.336969	7.055417	15.13	0.95	
NGC 5565		STAR	14.321806	6.994944	99.0	0.0	
NGC 5566		GX	14.338858	3.93375	10.51	5.36	
NGC 5567		GX	14.321567	35.137944	14.48	1.06	
NGC 5568		GX	14.322589	35.092167	15.43	0.74	
NGC 5569		GX	14.342247	3.983222	14.89	1.11	
NGC 557		GX	1.440319	-1.638722	14.82	1.45	
NGC 5571		OTHER	14.325564	35.150944	99.0	0.0	
NGC 5572		GX	14.326472	36.140667	15.04	0.89	
NGC 5573		GX	14.344864	6.907306	15.01	1.24	
NGC 5574		GX	14.348881	3.238	12.45	1.32	
NGC 5575		GX	14.349836	6.202667	14.35	0.91	
NGC 5576		GX	14.351022	3.271	10.9	2.83	
NGC 5577		GX	14.353642	3.435778	13.47	2.86	
NGC 5579		GX	14.340689	35.188806	14.54	1.49	
NGC 558		GX	1.454492	-1.970889	15.24	0.62	
NGC 5580		GX	14.360669	35.204861	13.55	1.54	
NGC 5581		GX	14.354531	23.480028	14.67	0.6	
NGC 5582		GX	14.345311	39.693583	11.62	2.2	
NGC 5583		GX	14.36125	13.232389	14.2	0.84	
NGC 5584		GX	14.373269	-0.387667	12.77	3.13	
NGC 5585		GX	14.330056	56.729056	11.02	4.27	
NGC 5586		OTHER	14.368794	13.184278	99.0	0.0	
NGC 5587		GX	14.369642	13.918056	13.79	2.13	
NGC 5588		GX	14.356975	35.270639	14.2	0.95	
NGC 559		OC	1.492547	63.301444	9.5	9.0	
NGC 5591		GX	14.376111	13.716667	99.0	1.4	
NGC 5591 NED01		GX	14.375914	13.717194	13.88	0.85	
NGC 5591 NED02		GX	14.376322	13.717361	15.85	1.02	
NGC 5592		GX	14.398625	-28.688056	12.73	1.63	
NGC 5593		OC	14.42755	-54.798694	99.0	4.5	
NGC 5594		GX	14.386197	26.265806	14.8	1.47	
NGC 5595		GX	14.403678	-16.723	12.02	2.12	
NGC 5596		GX	14.37465	37.122194	13.5	1.04	
NGC 5597		GX	14.407622	-16.76275	12.89	2.0	
NGC 5598		GX	14.374522	40.319806	14.1	1.55	
NGC 5599		GX	14.397392	6.576111	14.56	1.34	
NGC 56		OTHER	0.255739	12.444528	99.0	0.0	
NGC 560		GX	1.457061	-1.912972	12.9	2.09	
NGC 5600		GX	14.397089	14.638778	12.39	1.6	
NGC 5601		GX	14.381467	40.309583	15.47	0.83	
NGC 5602		GX	14.371897	50.501389	12.53	1.31	
NGC 5603		GX	14.383758	40.377417	13.01	1.11	
NGC 5604		GX	14.411889	-3.212167	12.87	1.8	
NGC 5605		GX	14.418769	-13.163	12.5	1.5	
NGC 5606		OC	14.463133	-59.63225	7.7	3.6	
NGC 5607		GX	14.324083	71.588222	13.5	0.87	
NGC 5608		GX	14.388303	41.775889	13.36	1.66	
NGC 5609		GX	14.39675	34.842778	16.18	0.48	
NGC 561		GX	1.471878	34.308639	14.02	1.4	
NGC 5610		GX	14.406372	24.614139	14.29	1.73	
NGC 5611		GX	14.401328	33.047389	13.46	1.36	
NGC 5612		GX	14.567014	-78.3875	12.08	1.94	
NGC 5613		GX	14.401656	34.892111	15.6	0.56	
NGC 5614		GX	14.402108	34.858861	11.71	2.43	
NGC 5615		GX	14.401806	34.865	15.29	0.16	
NGC 5616		GX	14.40575	36.461417	14.55	2.13	
NGC 5617		OC	14.495575	-60.710833	6.3	5.1	
NGC 5618		GX	14.453281	-2.262417	13.4	1.45	
NGC 5619		GX	14.455064	4.802833	13.89	2.29	
NGC 5619B		GX	14.458992	4.821611	14.76	1.05	
NGC 562		GX	1.474794	48.387083	14.46	0.91	
NGC 5621		OTHER	14.463836	8.24025	99.0	0.0	
NGC 5622		GX	14.436719	48.564	13.44	1.34	
NGC 5623		GX	14.452411	33.252556	12.53	1.65	
NGC 5624		GX	14.443114	51.585361	13.69	1.02	
NGC 5625		GX	14.450417	39.956944	99.0	1.2	
NGC 5625 NED01		GX	14.450167	39.956222	16.74	0.48	
NGC 5625 NED02		GX	14.450647	39.957278	14.84	1.0	
NGC 5626		GX	14.496969	-29.748472	14.02	1.37	
NGC 5627		GX	14.476189	11.37825	14.55	1.28	
NGC 5628		GX	14.473831	17.924361	14.45	0.97	
NGC 5629		GX	14.471214	25.848778	12.19	1.71	
NGC 5630		GX	14.460169	41.25775	13.61	1.48	
NGC 5631		GX	14.442583	56.582639	11.56	1.95	
NGC 5633		GX	14.457883	46.146528	12.46	1.09	
NGC 5634		GC	14.493689	-5.976417	10.05	4.5	
NGC 5635		GX	14.475489	27.408944	13.9	2.62	
NGC 5636		GX	14.494172	3.266306	13.85	1.36	
NGC 5637		GX	14.483222	23.1915	14.5	0.84	
NGC 5638		GX	14.49455	3.233306	11.21	1.94	
NGC 5639		GX	14.479597	30.412944	14.53	1.26	
NGC 564		GX	1.463392	-1.879528	12.51	1.72	
NGC 5640		GX	14.344669	80.123111	15.5	0.78	
NGC 5641		GX	14.48795	28.821889	13.29	2.07	
NGC 5642		GX	14.487081	30.026444	14.2	1.77	
NGC 5643		GX	14.54465	-44.174417	11.49	5.27	
NGC 5644		GX	14.507106	11.928	13.93	1.24	
NGC 5645		GX	14.510931	7.275083	12.41	2.02	
NGC 5646		GX	14.492781	35.461944	15.03	1.19	
NGC 5647		GX	14.510028	11.876694	15.41	1.02	
NGC 5648		GX	14.509056	14.023056	14.29	0.77	
NGC 565		GX	1.469494	-1.306028	14.42	1.46	
NGC 5650		GX	14.516967	5.978417	13.8	1.05	
NGC 5653		GX	14.502894	31.2155	12.22	1.6	
NGC 5654		GX	14.500369	36.360917	14.12	1.25	
NGC 5655		GX	14.514147	13.96875	14.06	0.73	
NGC 5656		GX	14.507086	35.321028	12.43	1.26	
NGC 5657		GX	14.512111	29.180833	14.34	1.75	
NGC 5659		GX	14.518372	25.355111	14.75	1.79	
NGC 566		GX	1.484156	32.33225	14.53	1.21	
NGC 5660		GX	14.497169	49.622667	11.91	2.64	
NGC 5661		GX	14.532608	6.250417	14.24	1.14	
NGC 5662		OC	14.593772	-56.618083	5.5	8.1	
NGC 5663		GX	14.565639	-16.581056	15.1	0.92	
NGC 5664		GX	14.562117	-14.619694	14.52	0.85	
NGC 5665		GX	14.540483	8.078639	12.61	1.88	
NGC 5665A		OTHER	14.540928	8.078722	99.0	0.0	
NGC 5666		GX	14.552558	10.510806	13.52	0.97	
NGC 5667		GX	14.506364	59.469778	12.95	1.62	
NGC 5668		GX	14.556761	4.450444	11.71	1.91	
NGC 5669		GX	14.545414	9.890444	12.97	2.57	
NGC 567		GX	1.450667	-10.26525	14.97	1.21	
NGC 5670		GX	14.593342	-45.966972	11.96	2.59	
NGC 5671		GX	14.461667	69.694167	14.32	1.41	
NGC 5672		GX	14.543983	31.670167	13.52	0.91	
NGC 5673		GX	14.525253	49.958722	12.17	2.33	
NGC 5674		GX	14.564511	5.458222	13.7	1.15	
NGC 5675		GX	14.544397	36.302194	14.0	2.27	
NGC 5676		GX	14.546347	49.457889	11.22	3.59	
NGC 5677		GX	14.570206	25.468028	14.7	0.94	
NGC 5678		GX	14.534892	57.921444	11.43	2.96	
NGC 5679		GX	14.58575	5.356389	99.0	1.6	
NGC 5679A		GX	14.585108	5.356833	14.2	0.78	
NGC 5679B		GX	14.585767	5.358944	14.33	1.08	
NGC 5679C		GX	14.586386	5.354278	17.43	0.27	
NGC 568		GX	1.465836	-35.717694	12.62	2.04	
NGC 5680		GX	14.595703	-0.013361	15.32	0.96	
NGC 5681		GX	14.595242	8.300611	14.3	0.86	
NGC 5682		GX	14.579161	48.67025	14.34	0.65	
NGC 5683		GX	14.581236	48.661917	15.04	0.57	
NGC 5684		GX	14.597267	36.543222	12.72	1.41	
NGC 5685		GX	14.604269	29.908389	14.72	1.05	
NGC 5686		GX	14.600719	36.503194	14.92	0.77	
NGC 5687		GX	14.581222	54.475861	11.74	2.41	
NGC 5688		GX	14.659764	-45.019	11.81	4.13	
NGC 5689		GX	14.591581	48.741639	11.8	3.66	
NGC 569		GX	1.485322	11.131472	14.65	0.99	
NGC 5690		GX	14.628075	2.290833	12.48	3.2	
NGC 5691		GX	14.631483	-0.398889	12.38	1.86	
NGC 5692		GX	14.638364	3.410333	13.41	0.95	
NGC 5693		GX	14.603108	48.585028	14.26	1.57	
NGC 5694		GC	14.660142	-26.538333	10.89	3.3	
NGC 5695		GX	14.622811	36.567806	12.93	0.99	
NGC 5696		GX	14.615856	41.828111	13.95	1.21	
NGC 5697		GX	14.608906	41.685889	14.66	1.0	
NGC 5698		GX	14.62075	38.454278	14.01	1.73	
NGC 5699		GX	14.6451	30.465917	15.66	0.61	
NGC 57		GX	0.258575	17.328528	11.65	2.11	
NGC 570		GX	1.482956	-0.949	12.79	1.62	
NGC 5700		GX	14.6171	48.544833	15.09	0.99	
NGC 5701		GX	14.653078	5.363472	11.2	2.0	
NGC 5702		GX	14.648633	20.506722	14.31	1.19	
NGC 5703		GX	14.647228	30.442528	14.38	1.51	
NGC 5704		GX	14.637856	40.45675	13.81	1.56	
NGC 5705		GX	14.663803	-0.718472	14.03	1.35	
NGC 5707		GX	14.625214	51.561861	13.21	2.38	
NGC 571		GX	1.498883	32.501333	14.97	0.71	
NGC 5710		GX	14.654497	20.043694	12.99	1.42	
NGC 5711		GX	14.656267	19.990889	15.14	1.03	
NGC 5712		GX	14.494922	78.86425	15.22	0.72	
NGC 5713		GX	14.669864	-0.288972	11.32	2.47	
NGC 5714		GX	14.636533	46.63825	14.1	2.84	
NGC 5715		OC	14.724914	-57.577028	9.8	3.6	
NGC 5716		GX	14.684867	-17.476972	13.53	1.57	
NGC 5717		GX	14.643803	46.663139	15.23	1.02	
NGC 5718		GX	14.678567	3.465417	14.27	1.54	
NGC 5719		GX	14.682322	-0.318222	13.37	3.08	
NGC 572		GX	1.476783	-39.307306	15.14	0.89	
NGC 5720		GX	14.642581	50.815222	14.45	1.9	
NGC 5721		GX	14.648044	46.674444	14.4	0.35	
NGC 5722		GX	14.648447	46.665611	15.38	0.72	
NGC 5723		GX	14.649422	46.689611	16.55	0.64	
NGC 5724		STAR	14.650592	46.692028	18.0	0.0	
NGC 5725		GX	14.682867	2.186556	14.45	0.95	
NGC 5726		GX	14.715569	-18.444889	13.97	1.2	
NGC 5727		GX	14.673922	33.989111	13.65	0.78	
NGC 5728		GX	14.706639	-17.253083	11.51	3.2	
NGC 5729		GX	14.701911	-9.009444	12.98	2.47	
NGC 573		GX	1.513708	41.257306	13.52	0.39	
NGC 5730		GX	14.664489	42.742361	14.45	2.01	
NGC 5731		GX	14.669225	42.779556	14.1	1.5	
NGC 5732		GX	14.677486	38.637806	14.34	1.23	
NGC 5733		GX	14.712758	-0.351083	14.68	0.99	
NGC 5734		GX	14.752514	-20.870472	13.77	1.4	
NGC 5735		GX	14.709233	28.726444	13.36	2.0	
NGC 5736		GX	14.725225	11.202694	14.69	0.96	
NGC 5737		GX	14.71995	18.879944	14.58	1.14	
NGC 5738		GX	14.732325	1.604167	14.64	0.94	
NGC 5739		GX	14.708031	41.842333	13.27	1.75	
NGC 574		GX	1.484189	-35.598917	14.28	1.15	
NGC 5740		GX	14.740125	1.679778	11.9	2.7	
NGC 5741		GX	14.764367	-11.914278	14.58	1.05	
NGC 5742		GX	14.760244	-11.809639	13.86	1.17	
NGC 5743		GX	14.753053	-20.9135	13.89	1.29	
NGC 5744		GX	14.777403	-18.513278	14.28	1.05	
NGC 5745		GX	14.7506	-13.946222	14.0	1.62	
NGC 5746		GX	14.748867	1.955	10.55	7.24	
NGC 5747		GX	14.739111	12.129722	99.0	1.3	
NGC 5747 NED01		GX	14.739111	12.128333	14.4	0.43	
NGC 5747 NED02		GX	14.739111	12.132	14.36	1.0	
NGC 5748		GX	14.751419	21.916222	15.28	0.96	
NGC 5749		OC	14.814983	-54.497694	8.8	7.2	
NGC 575		GX	1.512956	21.440417	13.02	1.45	
NGC 5750		GX	14.769756	-0.222944	11.69	2.65	
NGC 5751		GX	14.730328	53.400667	13.8	1.3	
NGC 5752		GX	14.753933	38.728861	15.16	0.77	
NGC 5753		GX	14.755244	38.805889	15.96	0.54	
NGC 5754		GX	14.755458	38.731222	13.99	1.28	
NGC 5755		GX	14.756811	38.779889	14.89	0.46	
NGC 5756		GX	14.792703	-14.853583	12.28	2.95	
NGC 5757		GX	14.796217	-19.078556	13.6	2.09	
NGC 5758		GX	14.783911	13.668389	13.65	1.11	
NGC 5759		GX	14.787392	13.457944	14.9	1.1	
NGC 576		GX	1.482686	-51.598667	14.42	0.99	
NGC 5760		GX	14.795072	18.502028	14.19	1.57	
NGC 5761		GX	14.819022	-20.376028	12.49	1.79	
NGC 5762		GX	14.811825	12.457222	14.17	1.34	
NGC 5763		GX	14.816311	12.490139	15.44	0.64	
NGC 5764		OC	14.892289	-52.670528	12.6	4.2	
NGC 5765		GX	14.8475	5.116944	99.0	1.2	
NGC 5765A		GX	14.847417	5.119444	14.6	0.8	
NGC 5765B		GX	14.847642	5.114472	14.52	0.81	
NGC 5766		GX	14.885989	-21.394111	14.21	0.96	
NGC 5767		GX	14.826231	47.376167	14.81	0.95	
NGC 5768		GX	14.868875	-2.52975	13.57	1.28	
NGC 5769		GX	14.878203	7.931806	14.88	0.98	
NGC 577		GX	1.511308	-1.994361	14.12	1.45	
NGC 5770		GX	14.887506	3.959722	12.27	1.1	
NGC 5771		GX	14.870647	29.845417	14.78	0.86	
NGC 5772		GX	14.8608	40.599167	13.71	1.38	
NGC 5773		GX	14.875117	29.807389	14.62	0.89	
NGC 5774		GX	14.895128	3.5825	12.24	1.7	
NGC 5775		GX	14.899333	3.544444	11.43	3.7	
NGC 5776		GX	14.909097	2.966444	14.56	1.21	
NGC 5777		GX	14.854958	58.977944	14.03	2.96	
NGC 5778		GX	14.908747	18.642306	13.93	1.23	
NGC 5779		GX	14.869322	55.899444	15.53	0.73	
NGC 578		GX	1.508081	-22.667361	11.09	4.82	
NGC 5780		GX	14.906297	28.939667	13.96	0.69	
NGC 5781		GX	14.944783	-17.243944	13.82	1.29	
NGC 5782		GX	14.932019	11.861528	14.76	0.95	
NGC 5783		GX	14.891197	52.076111	13.84	2.45	
NGC 5784		GX	14.904569	42.557917	13.65	1.48	
NGC 5786		GX	14.982294	-42.013361	11.89	2.4	
NGC 5787		GX	14.920994	42.506861	13.95	1.15	
NGC 5788		GX	14.888053	52.04425	15.6	0.73	
NGC 5789		GX	14.9432	30.234028	13.84	1.15	
NGC 579		GX	1.529581	33.615556	13.33	1.08	
NGC 5790		GX	14.959947	8.285278	14.79	1.18	
NGC 5791		GX	14.979506	-19.266861	11.85	2.71	
NGC 5792		GX	14.972975	-1.091083	11.26	3.55	
NGC 5793		GX	14.990211	-16.693361	13.23	1.94	
NGC 5794		GX	14.931564	49.726083	14.32	1.07	
NGC 5795		GX	14.938856	49.400056	14.67	0.78	
NGC 5796		GX	14.990031	-16.623861	11.58	2.65	
NGC 5797		GX	14.940014	49.696167	13.51	1.58	
NGC 5798		GX	14.960547	29.9685	13.43	1.24	
NGC 5799		GX	15.093114	-72.432833	14.02	1.2	
NGC 5800		OC	15.029964	-51.918583	99.0	4.5	
NGC 5801		GX	15.007206	-13.904306	15.86	0.71	
NGC 5802		GX	15.008333	-13.919028	15.3	1.29	
NGC 5803		GX	15.009594	-13.894528	15.78	0.67	
NGC 5804		GX	14.951889	49.669028	15.94	1.17	
NGC 5805		GX	14.953306	49.627778	99.0	0.7	
NGC 5805 NED01		GX	14.953228	49.629	15.91	0.66	
NGC 5805 NED02		GX	14.953369	49.626889	17.58	0.38	
NGC 5806		GX	15.000111	1.891306	11.65	3.03	
NGC 5807		GX	14.930186	63.903472	15.25	0.78	
NGC 5808		GX	14.900781	73.131694	14.25	0.95	
NGC 5809		GX	15.014536	-14.165194	14.42	1.65	
NGC 5810		GX	15.045203	-17.868	14.02	0.98	
NGC 5811		GX	15.007472	1.623889	14.8	1.02	
NGC 5812		GX	15.015472	-7.457361	11.23	2.66	
NGC 5813		GX	15.019786	1.701972	10.53	4.13	
NGC 5814		GX	15.022542	1.637083	14.51	0.82	
NGC 5815		GX	15.008136	-16.834306	14.43	0.78	
NGC 5816		GX	15.00135	-16.093639	15.62	0.95	
NGC 5817		GX	14.994681	-16.180361	15.4	1.04	
NGC 5818		GX	14.982886	49.821417	14.76	0.99	
NGC 582		GX	1.532792	33.476528	13.16	2.07	
NGC 5820		GX	14.977728	53.886083	12.24	1.66	
NGC 5821		GX	14.983239	53.923278	14.71	1.49	
NGC 5822		OC	15.072569	-54.396417	6.5	18.0	
NGC 5823		OC	15.091842	-55.60375	7.9	3.9	
NGC 5824		GC	15.066289	-33.068139	9.56	5.1	
NGC 5826		GX	15.1094	55.479111	15.11	1.39	
NGC 5827		GX	15.031592	25.964528	13.72	1.04	
NGC 5828		GX	15.012808	49.993667	14.35	0.84	
NGC 5829		GX	15.045003	23.333611	13.47	1.42	
NGC 583		GX	1.495597	-18.339417	15.27	0.72	
NGC 5830		GX	15.030808	47.875389	14.99	0.9	
NGC 5831		GX	15.068611	1.219917	11.46	2.24	
NGC 5832		GX	14.962697	71.682333	12.26	1.86	
NGC 5833		GX	15.198236	-72.859417	11.93	3.1	
NGC 5835		GX	15.040381	48.877694	15.48	1.13	
NGC 5836		GX	14.991942	73.893222	14.84	1.16	
NGC 5837		GX	15.077939	12.633444	14.4	1.0	
NGC 5838		GX	15.090628	2.099333	10.81	3.86	
NGC 5839		GX	15.090969	1.634806	12.19	1.44	
NGC 584		GX	1.522431	-6.868056	10.35	3.78	
NGC 5840		OTHER	15.072375	29.506028	99.0	0.0	
NGC 5841		GX	15.109733	2.004806	14.5	1.19	
NGC 5842		GX	15.081108	21.069444	15.26	0.52	
NGC 5843		GX	15.124414	-36.327417	13.13	1.96	
NGC 5844		PN	15.178042	-64.673667	13.2	0.88	
NGC 5845		GX	15.100225	1.633806	11.4	1.0	
NGC 5846		GX	15.108133	1.605611	10.18	4.27	
NGC 5846A		GX	15.108111	1.594861	13.37	3.16	
NGC 5847		GX	15.106186	6.379889	15.17	0.7	
NGC 5849		GX	15.114081	-14.571833	15.74	1.05	
NGC 585		GX	1.528372	-0.933306	14.07	2.4	
NGC 5850		GX	15.118803	1.54425	11.0	3.35	
NGC 5851		GX	15.114839	12.858861	15.0	1.07	
NGC 5852		GX	15.115669	12.846833	14.59	1.1	
NGC 5853		GX	15.098136	39.522194	14.59	1.1	
NGC 5854		GX	15.129917	2.568639	11.8	3.02	
NGC 5855		GX	15.130289	3.984167	15.34	0.83	
NGC 5856		STAR	15.122286	18.442444	6.03	0.0	
NGC 5857		GX	15.124253	19.597639	13.09	1.14	
NGC 5858		GX	15.146983	-11.207833	14.12	2.16	
NGC 5859		GX	15.126317	19.582306	12.43	2.55	
NGC 586		GX	1.526903	-6.89375	13.14	1.61	
NGC 5860		GX	15.109389	42.641389	99.0	0.8	
NGC 5860 NED01		GX	15.109339	42.640361	14.26	1.07	
NGC 5860 NED02		GX	15.109389	42.642806	15.19	0.28	
NGC 5861		GX	15.154469	-11.321667	11.69	2.78	
NGC 5862		GX	15.100919	55.573861	15.56	0.77	
NGC 5863		GX	15.1801	-18.431028	13.23	1.45	
NGC 5864		GX	15.159322	3.05275	12.72	2.49	
NGC 5865		GX	15.163661	0.529833	14.77	1.25	
NGC 5866		GX	15.108194	55.763222	9.89	6.31	
NGC 5866B		GX	15.202008	55.785083	15.43	2.33	
NGC 5867		GX	15.106756	55.731583	16.77	0.44	
NGC 5869		GX	15.163733	0.470028	12.19	2.17	
NGC 587		GX	1.542592	35.358583	13.59	2.23	
NGC 5871		STAR	15.167997	0.498	99.0	0.0	
NGC 5872		GX	15.182128	-11.480139	14.21	1.77	
NGC 5873		PN	15.214111	-38.125556	11.0	0.12	
NGC 5874		GX	15.131064	54.752778	12.49	2.38	
NGC 5875		GX	15.153656	52.528444	13.34	2.42	
NGC 5876		GX	15.158767	54.5065	13.71	2.46	
NGC 5877		STAR	15.214742	-4.927222	99.0	0.0	
NGC 5878		GX	15.229364	-14.269833	11.67	3.27	
NGC 5879		GX	15.162981	57.000194	11.47	3.79	
NGC 588		EN	1.546094	30.647528	14.44	0.6	
NGC 5880		GX	15.250317	-14.579028	15.04	0.87	
NGC 5881		GX	15.105783	62.980972	14.06	0.81	
NGC 5882		PN	15.280556	-45.649306	10.18	0.23	
NGC 5883		GX	15.252828	-14.617056	14.54	1.29	
NGC 5884		STAR	15.219203	31.861056	99.0	0.0	
NGC 5885		GX	15.251156	-10.086	11.7	3.07	
NGC 5886		GX	15.212622	41.233583	14.87	0.86	
NGC 5887		GX	15.24555	1.15425	14.87	1.38	
NGC 5888		GX	15.218714	41.264639	14.17	1.33	
NGC 5889		GX	15.221042	41.327972	15.93	0.7	
NGC 589		GX	1.544428	-12.042694	14.97	0.76	
NGC 5890		GX	15.297547	-17.589194	14.22	1.56	
NGC 5891		GX	15.270389	-11.49425	14.59	0.83	
NGC 5892		GX	15.230058	-15.463889	12.17	3.05	
NGC 5893		GX	15.226158	41.958806	14.07	1.05	
NGC 5894		GX	15.194717	59.808944	13.22	2.98	
NGC 5895		GX	15.230556	42.008083	15.2	0.87	
NGC 5896		GX	15.230744	42.024278	15.38	0.29	
NGC 5897		GC	15.290111	-21.010111	8.52	9.9	
NGC 5898		GX	15.303767	-24.097944	11.38	2.66	
NGC 5899		GX	15.250894	42.049833	12.28	2.1	
NGC 59		GX	0.256981	-21.444389	12.45	2.38	
NGC 590		GX	1.561367	44.928694	14.09	2.13	
NGC 5900		GX	15.251433	42.209417	13.39	1.49	
NGC 5901		STAR	15.250722	42.228056	99.0	0.0	
NGC 5902		GX	15.239556	50.329667	14.72	1.26	
NGC 5903		GX	15.310147	-24.068583	11.27	3.0	
NGC 5905		GX	15.256478	55.517361	12.5	3.22	
NGC 5907		GX	15.264936	56.328778	10.37	11.3	
NGC 5908		GX	15.278672	55.40925	11.89	3.37	
NGC 5909		GX	15.191119	75.383806	13.58	1.0	
NGC 591		GX	1.558686	35.66825	13.9	1.43	
NGC 5910		GX	15.323639	20.895	99.0	1.1	
NGC 5910 NED01		GX	15.323406	20.890806	15.62	0.74	
NGC 5910 NED02		GX	15.323539	20.896361	14.59	1.15	
NGC 5910 NED03		GX	15.323842	20.899528	16.55	0.55	
NGC 5911		GX	15.338394	3.518333	14.59	1.09	
NGC 5912		GX	15.194694	75.384806	12.98	1.04	
NGC 5913		GX	15.348733	-2.577944	14.18	1.85	
NGC 5914		GX	15.312172	41.865472	14.51	0.92	
NGC 5914B		GX	15.312586	41.890806	15.31	0.5	
NGC 5915		GX	15.359189	-13.09175	12.41	1.67	
NGC 5916		GX	15.360533	-13.169278	13.48	3.09	
NGC 5916A		GX	15.353844	-13.100611	14.56	1.38	
NGC 5917		GX	15.359047	-7.377167	13.81	1.68	
NGC 5918		GX	15.323683	45.88025	13.91	2.01	
NGC 5919		GX	15.360244	7.719306	14.44	1.0	
NGC 592		STAR	1.553247	30.644944	99.0	0.0	
NGC 5920		GX	15.364403	7.708806	13.77	1.28	
NGC 5921		GX	15.365711	5.070528	11.02	3.02	
NGC 5923		GX	15.353956	41.725944	13.13	1.33	
NGC 5924		GX	15.367217	31.233083	15.34	0.65	
NGC 5925		OC	15.45745	-54.528778	8.4	4.8	
NGC 5926		GX	15.39025	12.715278	14.71	0.91	
NGC 5927		GC	15.466786	-50.672778	8.86	6.6	
NGC 5928		GX	15.434133	18.073639	13.68	1.64	
NGC 5929		GX	15.435044	41.670667	14.0	0.9	
NGC 593		GX	1.5391	-12.354444	15.27	0.88	
NGC 5930		GX	15.435539	41.676056	12.53	1.85	
NGC 5931		GX	15.491564	7.57325	14.49	1.58	
NGC 5932		GX	15.446725	48.614972	14.82	1.1	
NGC 5933		GX	15.450436	48.613306	15.6	0.82	
NGC 5934		GX	15.470217	42.929917	14.44	0.61	
NGC 5935		GX	15.471308	42.944111	14.85	0.85	
NGC 5936		GX	15.500231	12.989333	12.46	1.18	
NGC 5937		GX	15.512814	-2.8295	13.08	1.89	
NGC 5938		GX	15.607297	-66.85975	11.49	2.31	
NGC 5939		GX	15.412786	68.730639	13.66	0.82	
NGC 594		GX	1.549142	-16.536	15.79	1.24	
NGC 5940		GX	15.521686	7.45775	14.9	0.78	
NGC 5941		GX	15.527844	7.339	14.91	0.9	
NGC 5942		GX	15.526894	7.312417	15.27	0.71	
NGC 5943		GX	15.495589	42.777972	14.45	1.24	
NGC 5944		GX	15.529889	7.308139	15.87	0.86	
NGC 5945		GX	15.495839	42.918667	14.16	1.66	
NGC 5946		GC	15.591269	-50.659722	10.72	3.6	
NGC 5947		GX	15.510167	42.717139	14.58	1.17	
NGC 5948		STAR	15.549622	3.982833	99.0	0.0	
NGC 5949		GX	15.466853	64.763194	12.75	1.84	
NGC 595		EN	1.559397	30.691556	99.0	1.73	
NGC 5950		GX	15.525219	40.430028	14.55	1.25	
NGC 5951		GX	15.561961	15.007278	13.67	3.03	
NGC 5952		GX	15.582344	4.958833	15.77	0.56	
NGC 5953		GX	15.575661	15.193778	12.45	1.47	
NGC 5954		GX	15.576394	15.200056	12.81	1.02	
NGC 5955		GX	15.5868	5.063	15.24	0.72	
NGC 5956		GX	15.582928	11.750278	13.27	1.49	
NGC 5957		GX	15.589781	12.047611	12.25	2.44	
NGC 5958		GX	15.580319	28.65525	13.25	1.07	
NGC 5959		GX	15.622897	-16.595778	14.79	2.09	
NGC 596		GX	1.5478	-7.031833	10.95	2.14	
NGC 5960		GX	15.605119	5.665361	14.88	0.88	
NGC 5961		GX	15.587867	30.864167	13.78	0.81	
NGC 5962		GX	15.6088	16.607778	11.5	2.48	
NGC 5963		GX	15.557739	56.559694	12.12	3.14	
NGC 5964		GX	15.626728	5.974028	11.82	3.42	
NGC 5965		GX	15.56735	56.685611	11.78	5.08	
NGC 5966		GX	15.597817	39.768944	12.22	1.53	
NGC 5967		GX	15.804425	-75.672944	12.2	2.37	
NGC 5967A		GX	15.782978	-75.787444	14.15	1.5	
NGC 5968		GX	15.665881	-30.552778	12.23	2.29	
NGC 5969		GX	15.580839	56.451083	15.15	0.79	
NGC 597		GX	1.537458	-33.497083	13.97	1.31	
NGC 5970		GX	15.641658	12.186611	11.61	2.77	
NGC 5971		GX	15.593581	56.461694	14.72	1.25	
NGC 5972		GX	15.648381	17.026194	14.27	0.7	
NGC 5973		GX	15.670964	-8.600944	15.16	0.92	
NGC 5974		GX	15.650672	31.759917	14.16	0.58	
NGC 5975		GX	15.666103	21.470806	14.56	0.93	
NGC 5976		GX	15.613325	59.39775	14.77	0.98	
NGC 5977		GX	15.675958	17.127972	15.24	0.91	
NGC 5978		GX	15.707561	-13.234444	15.55	0.81	
NGC 5979		PN	15.794739	-61.217861	11.5	0.13	
NGC 5980		GX	15.691778	15.787667	13.21	1.63	
NGC 5981		GX	15.631514	59.39175	12.93	2.73	
NGC 5982		GX	15.644397	59.355833	11.07	3.07	
NGC 5983		GX	15.712675	8.241111	15.03	0.97	
NGC 5984		GX	15.714769	14.231472	13.28	2.48	
NGC 5985		GX	15.660303	59.331944	11.81	3.98	
NGC 5986		GC	15.767622	-37.786139	6.92	5.4	
NGC 5987		GX	15.665936	58.079528	11.72	3.84	
NGC 5988		GX	15.742739	10.293139	15.01	1.12	
NGC 5989		GX	15.692444	59.755222	13.56	0.88	
NGC 599		GX	1.548272	-12.19125	14.14	1.53	
NGC 5990		GX	15.771211	2.415417	13.3	1.59	
NGC 5991		GX	15.754661	24.630528	14.42	1.0	
NGC 5992		GX	15.739308	41.086361	13.97	0.69	
NGC 5993		GX	15.741006	41.120806	13.51	0.95	
NGC 5994		GX	15.781461	17.872611	15.6	0.6	
NGC 5995		GX	15.806931	-13.757778	13.69	1.02	
NGC 5996		GX	15.783022	17.884194	12.79	1.5	
NGC 5997		GX	15.791019	8.321194	15.61	0.68	
NGC 5998		OC	15.827281	-28.578222	99.0	5.4	
NGC 5999		OC	15.869064	-56.472806	9.0	3.3	
NGC 6		GX	0.159083	33.308667	14.41	1.73	
NGC 60		GX	0.266178	-0.303528	14.86	1.03	
NGC 600		GX	1.551472	-7.311417	12.46	2.63	
NGC 6000		GX	15.830431	-29.386833	13.0	1.91	
NGC 6001		GX	15.7961	28.641694	14.26	1.06	
NGC 6002		STAR	15.795664	28.609694	99.0	0.0	
NGC 6003		GX	15.823789	19.032083	13.36	0.97	
NGC 6004		GX	15.839644	18.939278	13.37	1.89	
NGC 6005		OC	15.930194	-57.437389	10.7	4.2	
NGC 6006		GX	15.884047	12.005361	15.51	0.71	
NGC 6007		GX	15.889772	11.959194	13.2	1.55	
NGC 6008		GX	15.882231	21.1005	14.09	1.16	
NGC 6009		GX	15.890022	12.058667	15.63	0.66	
NGC 601		GX	1.551828	-12.20875	16.4	0.4	
NGC 6010		GX	15.905319	0.543056	13.17	1.82	
NGC 6011		GX	15.775803	72.169222	14.4	1.77	
NGC 6012		GX	15.903872	14.60125	11.96	1.77	
NGC 6013		GX	15.881344	40.646722	13.63	1.44	
NGC 6014		GX	15.932611	5.931889	13.71	1.75	
NGC 6015		GX	15.857008	62.310028	11.17	5.81	
NGC 6016		GX	15.931908	26.9665	15.0	0.98	
NGC 6017		GX	15.954289	5.998389	13.8	0.8	
NGC 6018		GX	15.958269	15.872611	13.44	1.32	
NGC 6019		GX	15.869206	64.840667	15.72	0.43	
NGC 602		OC	1.490656	-73.5605	13.02	3.2	
NGC 6020		GX	15.952261	22.404583	12.73	1.74	
NGC 6021		GX	15.958525	15.956056	13.03	1.55	
NGC 6022		GX	15.963269	16.282306	14.72	0.8	
NGC 6023		GX	15.963783	16.310194	13.13	1.61	
NGC 6024		GX	15.885519	64.918056	15.02	0.98	
NGC 6025		OC	16.054942	-60.431361	5.1	11.4	
NGC 6026		PN	16.022475	-34.544222	12.9	0.67	
NGC 6027		GX	15.986817	20.763361	15.28	1.64	
NGC 6027A		GX	15.986428	20.754861	14.79	1.79	
NGC 6027B		GX	15.986342	20.762194	15.23	0.91	
NGC 6027C		GX	15.986631	20.747611	16.58	1.1	
NGC 6027D		GX	15.986917	20.759917	16.45	0.3	
NGC 6027E		GX	15.987356	20.765917	14.39	2.28	
NGC 6028		GX	16.024711	19.359889	13.48	1.31	
NGC 6029		GX	16.033019	12.574	15.75	0.8	
NGC 603		OTHER	1.578861	30.231972	99.0	0.0	
NGC 6030		GX	16.03095	17.9575	12.93	1.29	
NGC 6031		OC	16.126494	-54.014944	8.5	4.8	
NGC 6032		GX	16.050311	20.955944	13.56	0.83	
NGC 6033		GX	16.074439	-2.120972	14.93	1.0	
NGC 6034		GX	16.058911	17.198694	13.53	1.15	
NGC 6035		GX	16.056717	20.89125	13.5	0.97	
NGC 6036		GX	16.075208	3.868472	13.87	1.04	
NGC 6037		GX	16.074972	3.815139	15.34	0.75	
NGC 6038		GX	16.044597	37.3595	14.32	1.21	
NGC 6039		GX	16.077658	17.700861	14.1	1.0	
NGC 604		EN	1.575886	30.784889	99.0	1.93	
NGC 6040		GX	16.074064	17.745139	14.6	1.41	
NGC 6041		GX	16.076467	17.71925	14.9	1.48	
NGC 6043		GX	16.083667	17.773889	15.4	0.74	
NGC 6044		GX	16.083244	17.870361	14.3	0.65	
NGC 6045		GX	16.085525	17.757667	13.97	1.4	
NGC 6047		GX	16.085831	17.729889	13.49	1.18	
NGC 6048		GX	15.958403	70.689111	13.54	1.95	
NGC 6049		STAR	16.093869	8.09625	6.27	0.0	
NGC 605		GX	1.583986	41.248139	14.23	1.32	
NGC 6050		GX	16.089825	17.757167	14.71	0.86	
NGC 6050B		GX	16.089506	17.754194	15.43	0.62	
NGC 6051		GX	16.082408	23.932694	13.02	2.69	
NGC 6052		GX	16.086942	20.542361	99.0	1.2	
NGC 6052 NED01		GX	16.086908	20.542389	13.18	0.83	
NGC 6052 NED02		GX	16.087008	20.542417	15.3	0.69	
NGC 6054		GX	16.093931	17.767889	14.18	0.83	
NGC 6055		GX	16.094347	18.164361	14.62	0.68	
NGC 6056		GX	16.092022	17.963639	13.89	0.98	
NGC 6057		GX	16.092378	18.159583	13.84	1.22	
NGC 6058		PN	16.074039	40.683056	12.9	0.38	
NGC 6059		STAR	16.113333	-6.393056	99.0	0.0	
NGC 606		GX	1.5806	21.418444	14.45	1.01	
NGC 6060		GX	16.097772	21.484972	14.08	1.89	
NGC 6061		GX	16.104453	18.249944	13.64	1.13	
NGC 6062		GX	16.106339	19.777972	13.7	1.19	
NGC 6062B		GX	16.105269	19.76325	16.19	0.54	
NGC 6063		GX	16.120275	7.979	13.95	1.63	
NGC 6065		GX	16.123044	13.887917	14.86	0.98	
NGC 6066		GX	16.126486	13.943722	15.05	1.0	
NGC 6067		OC	16.219736	-54.218944	5.6	8.1	
NGC 6068		GX	15.923886	78.996778	12.34	1.29	
NGC 6068A		GX	15.913197	78.985111	14.1	0.94	
NGC 6069		GX	16.128233	38.93075	15.06	1.09	
NGC 607		OTHER	1.571214	-7.412806	99.0	0.0	
NGC 6070		GX	16.166303	0.709306	11.75	3.49	
NGC 6071		GX	16.035286	70.417028	14.72	0.75	
NGC 6072		PN	16.216167	-36.23	11.7	1.17	
NGC 6073		GX	16.169681	16.699611	13.55	1.31	
NGC 6074		GX	16.188056	14.256944	99.0	0.8	
NGC 6074 NED01		GX	16.187989	14.255028	15.61	0.46	
NGC 6074 NED02		GX	16.188117	14.25875	15.08	0.85	
NGC 6075		GX	16.189608	23.965	14.95	1.03	
NGC 6076		GX	16.187056	26.8725	99.0	0.8	
NGC 6076 NED01		GX	16.186947	26.872028	15.31	1.0	
NGC 6076 NED02		GX	16.187167	26.873333	15.4	0.57	
NGC 6077		GX	16.187256	26.923417	14.84	1.16	
NGC 6078		GX	16.201514	14.208778	14.43	0.93	
NGC 6079		GX	16.074781	69.665778	13.86	1.37	
NGC 608		GX	1.591178	33.656722	14.21	0.83	
NGC 6080		GX	16.216389	2.179167	99.0	1.3	
NGC 6080 NED01		GX	16.216289	2.177278	14.24	1.23	
NGC 6080 NED02		GX	16.216517	2.181056	15.58	1.2	
NGC 6081		GX	16.215794	9.867111	14.33	1.55	
NGC 6082		OTHER	16.257656	-34.23275	99.0	0.0	
NGC 6083		GX	16.220183	14.185417	15.44	0.79	
NGC 6084		GX	16.237978	17.757444	13.89	1.24	
NGC 6085		GX	16.209783	29.365083	14.48	1.31	
NGC 6086		GX	16.209869	29.484778	12.8	1.9	
NGC 6087	S Nor Cluster	OC	16.31405	-57.934583	5.4	10.2	
NGC 6088		GX	16.17875	57.464167	99.0	1.1	
NGC 6088 NED01		GX	16.178508	57.466528	13.8	1.07	
NGC 6088 NED02		GX	16.178994	57.462139	14.1	0.78	
NGC 6089		GX	16.211306	33.036389	99.0	1.1	
NGC 6089 NED01		GX	16.211153	33.034889	14.81	0.85	
NGC 6089 NED02		GX	16.211483	33.037722	15.49	1.41	
NGC 609		OC	1.606594	64.536583	11.0	4.8	
NGC 6090		GX	16.194639	52.456667	99.0	0.8	
NGC 6090 NED01		GX	16.194536	52.456583	14.69	0.85	
NGC 6090 NED02		GX	16.194672	52.457472	14.53	0.44	
NGC 6091		GX	16.131386	69.904778	14.77	0.93	
NGC 6092		STAR	16.234611	28.125611	99.0	0.0	
NGC 6094		GX	16.109417	72.494389	14.42	1.85	
NGC 6095		GX	16.186381	61.267972	12.65	1.9	
NGC 6096		GX	16.246306	26.558833	15.4	0.99	
NGC 6097		GX	16.240603	35.109167	14.65	1.12	
NGC 6098		GX	16.259494	19.461972	14.41	1.56	
NGC 6099		GX	16.259878	19.453389	14.94	1.42	
NGC 61		GX	0.273389	-6.319444	99.0	1.5	
NGC 610		OTHER	1.571667	-20.144222	99.0	0.0	
NGC 6100		GX	16.281214	0.841306	14.62	1.42	
NGC 6101		GC	16.430158	-72.201556	10.08	4.5	
NGC 6102		GX	16.260256	28.158583	15.3	0.78	
NGC 6103		GX	16.262394	31.963944	14.44	0.72	
NGC 6104		GX	16.275192	35.708056	13.62	0.87	
NGC 6105		GX	16.285919	34.878889	15.47	0.71	
NGC 6106		GX	16.313103	7.410889	12.2	2.19	
NGC 6107		GX	16.288925	34.901944	13.76	1.59	
NGC 6108		GX	16.290453	35.135722	15.05	0.95	
NGC 6109		GX	16.294589	35.004278	12.81	1.02	
NGC 611		OTHER	1.571669	-20.127556	99.0	0.0	
NGC 6110		GX	16.295547	35.086972	15.57	0.69	
NGC 6111		GX	16.239667	63.261111	15.2	0.85	
NGC 6112		GX	16.300156	35.110278	14.87	0.78	
NGC 6113		GX	16.319594	14.133639	14.6	1.23	
NGC 6114		GX	16.306564	35.174306	15.1	0.93	
NGC 6115		OC	16.407328	-51.94825	9.8	4.5	
NGC 6116		GX	16.315167	35.153972	15.08	0.94	
NGC 6117		GX	16.321711	37.095222	14.57	1.05	
NGC 6118		GX	16.363506	-2.283444	11.71	4.45	
NGC 6119		GX	16.328325	37.806306	15.39	0.6	
NGC 612		GX	1.566039	-36.49325	13.01	1.49	
NGC 6120		GX	16.330028	37.774472	14.31	0.48	
NGC 6122		GX	16.335981	37.798222	15.54	1.1	
NGC 6123		GX	16.288817	61.939111	14.36	0.91	
NGC 6124		OC	16.422239	-40.653694	5.8	13.5	
NGC 6125		GX	16.319875	57.984222	12.0	1.38	
NGC 6126		GX	16.357758	36.376639	13.62	0.93	
NGC 6129		GX	16.362019	37.996028	14.69	0.93	
NGC 613		GX	1.571714	-29.418361	10.35	5.48	
NGC 6130		GX	16.325956	57.614972	14.25	1.22	
NGC 6131		GX	16.364514	38.932444	13.28	1.08	
NGC 6132		GX	16.394122	11.78625	14.71	1.28	
NGC 6133		OTHER	16.338114	56.652417	99.0	0.0	
NGC 6134		OC	16.462917	-49.151167	7.2	6.9	
NGC 6135		GX	16.240244	64.98275	14.71	1.01	
NGC 6136		GX	16.349839	55.9705	15.37	0.91	
NGC 6137		GX	16.384194	37.922361	12.45	1.78	
NGC 6139		GC	16.461253	-38.84975	9.68	4.5	
NGC 614		GX	1.59785	33.681889	13.84	1.52	
NGC 6140		GX	16.349489	65.390556	11.66	2.09	
NGC 6141		GX	16.385114	40.858306	15.59	0.43	
NGC 6142		GX	16.389186	37.258389	14.65	1.49	
NGC 6143		GX	16.361747	55.086056	13.92	1.1	
NGC 6144		GC	16.453928	-26.024722	9.63	5.4	
NGC 6145		GX	16.417322	40.946639	14.89	0.98	
NGC 6146		GX	16.419544	40.892861	12.52	1.66	
NGC 6147		GX	16.418289	40.928778	15.44	0.57	
NGC 6148		GX	16.451119	24.093278	16.75	0.42	
NGC 6149		GX	16.456731	19.597194	14.55	1.24	
NGC 615		GX	1.584911	-7.340306	11.66	3.18	
NGC 6150		GX	16.430564	40.488556	14.48	1.61	
NGC 6151		OTHER	16.640061	-73.252444	99.0	0.0	
NGC 6152		OC	16.546006	-52.644	8.1	6.6	
NGC 6153		PN	16.525178	-40.253444	10.9	0.4	
NGC 6154		GX	16.425133	49.84025	13.87	1.4	
NGC 6155		GX	16.43565	48.366806	13.06	1.33	
NGC 6156		GX	16.581264	-60.618806	11.98	1.87	
NGC 6157		GX	16.430108	55.360583	15.35	0.9	
NGC 6158		GX	16.461358	39.383	13.69	1.22	
NGC 6159		GX	16.457008	42.679722	14.3	1.5	
NGC 616		STAR	1.601167	33.770222	99.0	0.0	
NGC 6160		GX	16.461425	40.927	14.23	1.79	
NGC 6161		GX	16.472397	32.810639	15.62	0.72	
NGC 6162		GX	16.472881	32.849333	14.63	1.11	
NGC 6163		GX	16.474419	32.846389	15.26	0.9	
NGC 6164		EN	16.561622	-48.080056	6.71	1.41	
NGC 6165		EN	16.567625	-48.1505	6.71	2.5	
NGC 6166		GX	16.477356	39.551556	11.91	2.14	
NGC 6166B		GX	16.481447	39.56	15.72	0.43	
NGC 6166C		GX	16.473142	39.570306	15.22	0.74	
NGC 6167		OC	16.576383	-49.771889	6.7	7.2	
NGC 6168		GX	16.522583	20.184944	14.61	1.65	
NGC 6169		OC	16.567953	-44.045639	6.6	4.2	
NGC 617		GX	1.567372	-9.774139	14.7	0.59	
NGC 6170		GX	16.460139	59.5625	14.84	0.8	
NGC 6172		GX	16.369528	-1.514861	14.15	0.9	
NGC 6173		GX	16.495806	40.811611	12.14	2.03	
NGC 6174		GX	16.496578	40.871972	99.0	0.9	
NGC 6174 NED01		GX	16.49625	40.874861	16.56	0.41	
NGC 6174 NED02		GX	16.496478	40.872722	15.67	0.72	
NGC 6175		GX	16.499417	40.629167	99.0	1.5	
NGC 6175 NED01		GX	16.499314	40.630722	14.74	1.45	
NGC 6175 NED02		GX	16.499461	40.628556	14.73	1.32	
NGC 6177		GX	16.5108	35.056444	14.61	1.62	
NGC 6178		OC	16.596458	-45.64375	7.2	6.9	
NGC 6179		GX	16.513069	35.10225	15.97	0.36	
NGC 6180		GX	16.509422	40.539444	14.72	1.09	
NGC 6181		GX	16.539156	19.826556	11.82	2.39	
NGC 6182		GX	16.492778	55.517778	14.46	1.51	
NGC 6183		GX	16.694972	-69.372167	14.09	2.36	
NGC 6184		GX	16.526258	40.565611	14.91	0.93	
NGC 6185		GX	16.554953	35.342333	14.42	1.47	
NGC 6186		GX	16.573744	21.540889	14.23	1.57	
NGC 6187		GX	16.526861	57.706667	15.34	0.75	
NGC 6188	Rim Nebula	EN	16.668289	-48.662278	99.0	20.0	
NGC 6189		GX	16.528028	59.626111	13.22	1.49	
NGC 619		GX	1.581053	-36.489389	14.19	1.66	
NGC 6190		GX	16.535194	58.438972	13.12	1.42	
NGC 6191		GX	16.191803	58.785833	14.85	1.3	
NGC 6192		OC	16.673297	-43.366806	8.5	7.5	
NGC 6193		OC	16.688953	-48.762528	99.0	8.1	
NGC 6194		GX	16.610319	36.200444	14.41	0.9	
NGC 6195		GX	16.609047	39.027889	13.22	1.44	
NGC 6196		GX	16.631644	36.073056	12.91	1.14	
NGC 6197		GX	16.6333	35.9955	15.2	0.75	
NGC 6198		GX	16.591847	57.486778	14.97	0.88	
NGC 6199		STAR	16.658047	36.058972	15.0	0.0	
NGC 61A		GX	0.273428	-6.321917	14.1	1.48	
NGC 61B		GX	0.273353	-6.318861	14.04	1.34	
NGC 62		GX	0.284839	-13.487111	14.29	0.99	
NGC 620		GX	1.616578	42.323333	13.86	0.82	
NGC 6200		OC	16.735375	-47.462667	7.4	8.1	
NGC 6201		GX	16.670669	23.765333	15.3	0.56	
NGC 6202		GX	16.723119	61.983944	13.77	0.72	
NGC 6203		GX	16.674281	23.774833	15.29	1.07	
NGC 6204		OC	16.769306	-47.016972	8.2	4.5	
NGC 6206		GX	16.668861	58.617361	14.49	0.72	
NGC 6207		GX	16.717708	36.832417	11.64	3.46	
NGC 6208		OC	16.824497	-53.728333	7.2	8.4	
NGC 6209		GX	16.916017	-72.586639	13.16	2.11	
NGC 621		GX	1.613628	35.512194	14.14	1.12	
NGC 6210		PN	16.741533	23.799833	9.65	0.5	
NGC 6211		GX	16.691011	57.783639	14.3	1.3	
NGC 6212		GX	16.723094	39.806444	15.0	0.91	
NGC 6213		GX	16.693664	57.814861	15.66	0.69	
NGC 6214		GX	16.658869	66.039528	14.25	0.96	
NGC 6215		GX	16.851892	-58.993472	11.16	2.64	
NGC 6215A		GX	16.883181	-58.948	14.24	1.96	
NGC 6216		OC	16.823225	-44.731528	10.1	4.2	
NGC 6217		GX	16.544222	78.198167	12.82	2.24	
NGC 6219		GX	16.772919	9.037861	15.14	0.8	
NGC 622		GX	1.600044	0.663528	13.28	1.3	
NGC 6220		GX	16.787022	-0.275472	15.2	1.53	
NGC 6221		GX	16.879467	-59.218611	10.54	4.84	
NGC 6223		GX	16.717864	61.578917	12.96	3.16	
NGC 6224		GX	16.80515	6.312222	14.94	1.1	
NGC 6225		GX	16.805994	6.222778	14.94	1.18	
NGC 6227		STAR	16.859367	-41.230528	5.22	0.0	
NGC 6228		GX	16.800739	26.213556	15.35	0.93	
NGC 6229		GC	16.783017	47.527806	9.86	4.8	
NGC 623		GX	1.585108	-36.490222	12.52	1.94	
NGC 6230		GX	16.84575	4.605	99.0	1.7	
NGC 6230 NED01		GX	16.845203	4.605	16.19	0.58	
NGC 6230 NED02		GX	16.846306	4.604639	15.47	0.72	
NGC 6231		OC	16.903033	-41.82425	2.6	13.8	
NGC 6232		GX	16.722289	70.632528	13.42	1.47	
NGC 6233		GX	16.837694	23.579833	14.61	1.46	
NGC 6234		GX	16.865928	4.383528	15.33	0.74	
NGC 6235		GC	16.890378	-22.177444	7.2	4.2	
NGC 6236		GX	16.742958	70.780222	13.93	1.82	
NGC 6237		OTHER	16.735428	70.634806	99.0	0.0	
NGC 6238		GX	16.787953	62.147028	14.47	0.68	
NGC 6239		GX	16.834717	42.739694	12.4	2.3	
NGC 624		GX	1.597525	-10.002972	14.18	1.3	
NGC 6240		GX	16.883019	2.400917	13.27	2.2	
NGC 6241		GX	16.836375	45.420611	14.8	0.52	
NGC 6242		OC	16.925956	-39.460944	6.4	6.6	
NGC 6243		GX	16.873969	23.332583	14.85	1.21	
NGC 6244		GX	16.801086	62.200444	14.21	1.54	
NGC 6245		OTHER	16.756244	70.804583	99.0	0.0	
NGC 6246		GX	16.831311	55.542056	13.63	1.38	
NGC 6246A		GX	16.837217	55.384611	12.49	2.17	
NGC 6247		GX	16.805622	62.976417	13.81	0.89	
NGC 6248		GX	16.772775	70.358806	14.03	1.23	
NGC 6249		OC	16.961528	-44.811889	8.2	7.6	
NGC 625		GX	1.584619	-41.436194	13.66	6.55	
NGC 6250		OC	16.965575	-45.936639	5.9	9.6	
NGC 6251		GX	16.542214	82.537889	14.0	1.67	
NGC 6252		GX	16.544603	82.576778	15.27	0.76	
NGC 6253		OC	16.984758	-52.708806	10.2	6.0	
NGC 6255		GX	16.913319	36.501111	12.87	3.1	
NGC 6256		GC	16.992414	-37.121417	99.0	4.2	
NGC 6257		GX	16.934308	39.6455	15.61	0.87	
NGC 6258		GX	16.874942	60.514528	14.48	0.87	
NGC 6259		OC	17.012611	-44.654972	8.0	6.0	
NGC 626		GX	1.586689	-39.146056	13.47	1.44	
NGC 6260		GX	16.864058	63.714583	14.66	0.93	
NGC 6261		GX	16.941811	27.9775	15.15	1.09	
NGC 6262		GX	16.978556	57.098389	14.55	0.78	
NGC 6263		GX	16.945333	27.822083	14.74	1.05	
NGC 6264		GX	16.954481	27.849611	15.4	0.82	
NGC 6265		GX	16.958083	27.844222	15.21	0.88	
NGC 6267		GX	16.969072	22.985111	13.93	1.3	
NGC 6268		OC	17.036219	-39.728222	9.5	6.0	
NGC 6269		GX	16.966136	27.854333	12.31	1.84	
NGC 6270		GX	16.978903	27.859111	15.55	0.72	
NGC 6271		GX	16.980769	27.964639	15.65	0.67	
NGC 6272		GX	16.98285	27.930917	15.49	0.56	
NGC 6274		GX	16.989144	29.943833	99.0	1.2	
NGC 6274 NED01		GX	16.989028	29.946417	14.33	0.6	
NGC 6274 NED02		GX	16.989286	29.940556	16.6	0.83	
NGC 6275		GX	16.925936	63.242194	17.37	0.76	
NGC 6276		GX	17.012525	23.044	15.08	0.64	
NGC 6277		STAR	17.013581	23.039361	99.0	0.0	
NGC 6278		GX	17.013981	23.011028	13.75	1.73	
NGC 6279		GX	16.983731	47.237167	14.78	1.04	
NGC 6280		GX	17.032636	6.66575	15.5	0.71	
NGC 6281		OC	17.078139	-37.985222	5.4	10.2	
NGC 6282		GX	17.013086	29.820611	15.15	0.73	
NGC 6283		GX	16.990714	49.921972	13.64	1.11	
NGC 6284		GC	17.074653	-24.764333	7.43	6.6	
NGC 6285		GX	16.973336	58.955972	14.5	1.08	
NGC 6286		GX	16.975383	58.93625	14.13	1.22	
NGC 6287		GC	17.085928	-22.708	10.3	5.4	
NGC 6288		GX	16.956792	68.457028	15.24	0.72	
NGC 6289		GX	16.962497	68.514722	15.4	1.1	
NGC 629		OTHER	1.649594	72.867083	99.0	0.0	
NGC 6290		GX	17.015675	58.9705	13.56	0.99	
NGC 6291		GX	17.015533	58.937556	14.78	0.62	
NGC 6292		GX	17.050964	61.043889	14.32	1.32	
NGC 6293		GC	17.169558	-26.58175	9.02	4.5	
NGC 6294		STAR	17.171175	-26.574556	99.0	0.0	
NGC 6295		GX	17.054264	60.33775	15.38	0.98	
NGC 6296		GX	17.145686	3.894083	14.16	0.89	
NGC 6297		GX	17.060153	62.025611	14.42	0.64	
NGC 6299		GX	17.084558	62.457833	14.9	0.95	
NGC 63		GX	0.295978	11.450333	12.53	1.72	
NGC 630		GX	1.593467	-39.357833	13.62	1.9	
NGC 6300		GX	17.283186	-62.820556	10.27	5.33	
NGC 6301		GX	17.142428	42.339111	14.5	1.77	
NGC 6302	Bug Nebula	PN	17.229064	-37.103139	9.6	0.74	
NGC 6303		GX	17.084103	68.827583	15.02	1.47	
NGC 6304		GC	17.242364	-29.462278	9.03	3.6	
NGC 6305		GX	17.300256	-59.172083	12.15	1.69	
NGC 6306		GX	17.126939	60.728889	13.86	1.32	
NGC 6307		GX	17.127908	60.750778	13.61	1.36	
NGC 6308		GX	17.199919	23.379944	14.24	1.19	
NGC 6309	Box Nebula	PN	17.234528	-12.910556	11.5	0.26	
NGC 631		GX	1.613072	5.835361	14.97	0.93	
NGC 6310		GX	17.132631	60.990167	13.79	1.68	
NGC 6311		GX	17.178769	41.651111	14.57	1.23	
NGC 6312		GX	17.180044	42.287694	14.98	0.87	
NGC 6313		GX	17.172444	48.33175	14.72	1.45	
NGC 6314		GX	17.210753	23.270056	13.1	1.37	
NGC 6315		GX	17.212819	23.223556	13.31	0.76	
NGC 6316		GC	17.277058	-28.140028	9.03	4.8	
NGC 6317		GX	17.149864	62.898	15.01	0.96	
NGC 6318		OC	17.269886	-39.424972	11.8	3.3	
NGC 6319		GX	17.162244	62.973056	14.33	1.17	
NGC 632		GX	1.621536	5.877639	13.48	0.99	
NGC 6320		GX	17.215483	40.2665	14.83	1.26	
NGC 6321		GX	17.240061	20.313917	14.45	1.0	
NGC 6322		OC	17.307164	-42.934028	6.0	6.3	
NGC 6323		GX	17.221689	43.782444	14.73	1.2	
NGC 6324		GX	17.090367	75.407028	13.45	0.98	
NGC 6325		GC	17.299797	-23.766028	11.49	4.02	
NGC 6326		PN	17.346211	-51.754389	12.2	0.21	
NGC 6327		GX	17.233969	43.649472	15.72	0.58	
NGC 6328		GX	17.394731	-65.010167	15.5	1.61	
NGC 6329		GX	17.237508	43.684694	14.22	1.18	
NGC 633		GX	1.6065	-37.321556	13.53	1.1	
NGC 6330		GX	17.262339	29.404306	15.16	1.19	
NGC 6331		GX	17.059992	78.629	15.2	1.04	
NGC 6332		GX	17.250806	43.660194	14.51	1.74	
NGC 6334		SNR	17.347139	-36.102722	99.0	8.4	
NGC 6335		STAR	17.325533	-30.164167	99.0	0.0	
NGC 6336		GX	17.271269	43.820472	14.45	1.05	
NGC 6337		PN	17.371003	-38.483722	12.3	0.85	
NGC 6338		GX	17.256386	57.411194	12.42	1.73	
NGC 6339		GX	17.285139	40.844972	13.76	1.86	
NGC 634		GX	1.638517	35.364833	13.85	1.77	
NGC 6340		GX	17.173569	72.304444	11.11	3.04	
NGC 6342		GC	17.352817	-19.587417	10.01	6.6	
NGC 6343		GX	17.287853	41.052722	14.51	1.24	
NGC 6344		STAR	17.288375	42.434194	99.0	0.0	
NGC 6345		GX	17.256744	57.350306	15.12	0.95	
NGC 6346		GX	17.256803	57.322528	14.97	0.91	
NGC 6347		GX	17.331853	16.660694	13.45	1.22	
NGC 6348		GX	17.305886	41.647611	15.31	0.85	
NGC 6349		GX	17.318486	36.060917	15.2	1.07	
NGC 635		GX	1.638294	-22.928917	15.26	0.6	
NGC 6350		GX	17.311736	41.694333	14.23	1.24	
NGC 6351		GX	17.319833	36.060556	99.0	0.4	
NGC 6351 NED01		GX	17.319744	36.060417	16.0	0.31	
NGC 6351 NED02		GX	17.319908	36.061056	17.27	0.08	
NGC 6352		GC	17.424767	-48.422694	8.87	7.2	
NGC 6353		OTHER	17.353464	15.688556	99.0	0.0	
NGC 6354		OTHER	17.409522	-38.541611	99.0	0.0	
NGC 6355		GC	17.399625	-26.353417	11.05	2.7	
NGC 6356		GC	17.393053	-17.813028	7.42	5.4	
NGC 6357	the War and Peace Nebula	OC	17.412103	-34.201333	99.0	3.9	
NGC 6358		GX	17.314725	52.615278	15.05	1.0	
NGC 6359		GX	17.298053	61.780806	12.62	1.06	
NGC 636		GX	1.651814	-7.512611	11.41	2.7	
NGC 6360		STAR	17.407672	-29.871583	99.0	5.1	
NGC 6361		GX	17.311414	60.608167	13.8	2.06	
NGC 6362		GC	17.5319	-67.047861	8.86	8.4	
NGC 6363		GX	17.377783	41.101694	14.61	1.02	
NGC 6364		GX	17.407592	29.390167	14.36	1.38	
NGC 6365		GX	17.378806	62.17	99.0	1.5	
NGC 6365A		GX	17.378836	62.166083	17.98	0.98	
NGC 6365B		GX	17.378758	62.173722	16.23	1.13	
NGC 6366		GC	17.462314	-5.076639	99.0	13.8	
NGC 6367		GX	17.419169	37.759889	14.91	0.99	
NGC 6368		GX	17.453206	11.543611	13.55	3.44	
NGC 6369	Little Ghost Nebula	PN	17.489028	-23.759444	11.4	0.63	
NGC 637		OC	1.717531	64.036556	8.2	4.5	
NGC 6370		GX	17.390328	56.974528	14.2	1.31	
NGC 6371		GX	17.455719	26.505056	15.12	0.72	
NGC 6372		GX	17.458847	26.475139	12.92	1.61	
NGC 6373		GX	17.402247	58.995083	14.56	1.04	
NGC 6374		OC	17.578483	-32.581361	5.5	6.9	
NGC 6375		GX	17.489414	16.206667	14.53	1.53	
NGC 6376		GX	17.421994	58.817444	14.1	0.52	
NGC 6377		GX	17.423114	58.82275	14.84	0.64	
NGC 6378		GX	17.511661	6.282278	15.04	1.13	
NGC 6379		GX	17.509697	16.28875	12.89	1.04	
NGC 638		GX	1.660514	7.237333	13.79	0.94	
NGC 6380		GC	17.574561	-39.069667	99.0	3.9	
NGC 6381		GX	17.454681	60.014056	13.68	1.22	
NGC 6382		GX	17.465328	56.868722	14.87	1.16	
NGC 6384		GX	17.540083	7.060278	10.63	2.45	
NGC 6385		GX	17.467058	57.521806	14.09	1.14	
NGC 6386		GX	17.48105	52.723361	15.23	0.97	
NGC 6387		GX	17.473286	57.545389	16.81	0.31	
NGC 6388		GC	17.604842	-44.735611	7.4	8.4	
NGC 6389		GX	17.544381	16.401778	12.1	1.2	
NGC 639		GX	1.649736	-29.925333	14.13	1.04	
NGC 6390		GX	17.474469	60.094167	14.48	0.88	
NGC 6391		GX	17.480275	58.850889	14.85	0.75	
NGC 6392		GX	17.725103	-69.785194	12.27	1.94	
NGC 6393		GX	17.502347	59.531806	15.84	0.43	
NGC 6394		GX	17.50595	59.639889	15.4	1.14	
NGC 6395		GX	17.442019	71.096278	12.69	2.25	
NGC 6396		OC	17.626761	-35.025861	8.5	3.3	
NGC 6397		GC	17.678156	-53.673694	5.17	15.3	
NGC 6398		GX	17.71215	-61.694278	13.46	2.44	
NGC 6399		GX	17.530639	59.615528	14.6	1.21	
NGC 64		GX	0.291769	-6.824611	14.09	1.38	
NGC 640		GX	1.656911	-9.401167	15.5	0.76	
NGC 6400		OC	17.670222	-36.947722	8.8	6.0	
NGC 6401		GC	17.643592	-23.908778	10.71	4.5	
NGC 6403		GX	17.723211	-61.682111	14.34	1.15	
NGC 6404		OC	17.660378	-33.246722	10.6	4.2	
NGC 6406		STAR	17.638625	18.833056	99.0	0.0	
NGC 6407		GX	17.749358	-60.739806	12.99	2.47	
NGC 6408		GX	17.646489	18.877861	14.4	1.55	
NGC 6409		GX	17.609833	50.765889	14.6	0.72	
NGC 641		GX	1.644231	-42.527528	12.17	1.82	
NGC 6410		STAR	17.589022	60.793056	99.0	0.0	
NGC 6411		GX	17.592458	60.813389	11.86	1.76	
NGC 6412		GX	17.493753	75.704417	11.83	2.13	
NGC 6413		OTHER	17.677978	12.623944	99.0	0.0	
NGC 6414		GX	17.510239	74.376139	15.71	1.0	
NGC 6415		STAR	17.739042	-35.071028	99.0	0.0	
NGC 6416		OC	17.738886	-32.361	99.0	6.9	
NGC 6417		GX	17.696617	23.672194	14.32	1.42	
NGC 6418		GX	17.635922	58.714917	14.5	0.65	
NGC 6419		GX	17.601639	68.155778	15.26	0.97	
NGC 642		GX	1.651758	-29.914889	13.46	1.8	
NGC 6420		GX	17.604528	68.052361	15.41	1.02	
NGC 6421		STAR	17.762281	-33.692639	99.0	0.0	
NGC 6422		GX	17.608336	68.058611	14.99	1.17	
NGC 6423		GX	17.614814	68.171472	15.6	0.63	
NGC 6424		GX	17.603353	69.988889	14.66	0.81	
NGC 6425		OC	17.7838	-31.529389	7.2	4.8	
NGC 6426		GC	17.748531	3.170139	99.0	5.7	
NGC 6427		GX	17.727386	25.493917	14.52	1.55	
NGC 6428		STAR	17.731336	25.554778	99.0	0.0	
NGC 6429		GX	17.734819	25.350722	14.2	1.82	
NGC 643		OC	1.583731	-75.556861	99.0	2.2	
NGC 6430		GX	17.753964	18.138944	14.71	1.68	
NGC 6432		OTHER	17.789558	-24.887472	99.0	0.0	
NGC 6433		GX	17.732281	36.800111	14.0	1.91	
NGC 6434		GX	17.613561	72.088972	13.2	2.09	
NGC 6435		GX	17.669744	62.64175	14.86	0.87	
NGC 6436		GX	17.687011	60.449694	14.85	1.04	
NGC 6437		STAR	17.805867	-35.366194	99.0	0.0	
NGC 6438		GX	18.371522	-85.402056	11.61	1.76	
NGC 6438A		GX	18.376525	-85.406333	12.58	3.44	
NGC 6439		PN	17.8055	-16.478889	12.6	0.08	
NGC 643A		OC	1.510692	-76.0545	99.0	0.0	
NGC 643B		GX	1.653536	-75.011111	14.62	1.75	
NGC 643C		GX	1.696981	-75.268111	15.71	1.4	
NGC 644		GX	1.648044	-42.585278	14.74	1.3	
NGC 6440		GC	17.814631	-20.359583	10.1	5.1	
NGC 6441		GC	17.8369	-37.051083	8.0	4.8	
NGC 6442		GX	17.780928	20.761083	14.44	1.42	
NGC 6443		GX	17.742736	48.114056	14.74	1.13	
NGC 6444		OC	17.826439	-34.819667	99.0	6.9	
NGC 6445	Little Gem	PN	17.82085	-20.0095	11.2	0.55	
NGC 6446		GX	17.768753	35.569389	15.03	0.58	
NGC 6447		GX	17.771453	35.571972	12.99	1.35	
NGC 6448		OTHER	17.728556	53.546111	99.0	0.0	
NGC 6449		GX	17.729539	56.804139	14.56	0.9	
NGC 645		GX	1.669083	5.726694	13.68	2.29	
NGC 6450		OTHER	17.792322	18.575222	99.0	0.0	
NGC 6451		OC	17.844622	-30.211611	8.2	7.2	
NGC 6452		GX	17.799592	20.837806	15.1	0.7	
NGC 6453		GC	17.847697	-34.599889	10.49	5.4	
NGC 6454		GX	17.749058	55.704778	13.5	1.41	
NGC 6455		STAR	17.85225	-35.337806	99.0	7.8	
NGC 6456		GX	17.708847	67.592306	15.5	0.51	
NGC 6457		GX	17.714678	66.476	15.24	1.08	
NGC 6458		GX	17.819725	20.804278	14.91	1.08	
NGC 6459		GX	17.763108	55.77675	15.23	0.86	
NGC 646		GX	1.62375	-64.896389	14.37	1.51	
NGC 646 NED01		GX	1.622533	-64.894861	14.16	1.23	
NGC 646 NED02		GX	1.624969	-64.896278	14.5	0.6	
NGC 6460		GX	17.8251	20.763667	14.66	1.72	
NGC 6461		GX	17.665697	74.034222	15.56	0.82	
NGC 6462		GX	17.746906	61.910583	14.9	0.55	
NGC 6463		GX	17.7262	67.6035	15.12	0.95	
NGC 6464		GX	17.763203	60.897472	15.29	0.56	
NGC 6465		OTHER	17.882106	-25.397694	99.0	0.0	
NGC 6466		GX	17.80225	51.399222	14.8	0.7	
NGC 6467		GX	17.844489	17.537778	14.83	1.41	
NGC 6469		OC	17.886703	-22.275111	8.2	9.0	
NGC 647		GX	1.665608	-9.242389	14.32	1.27	
NGC 6470		GX	17.737464	67.619389	15.14	1.08	
NGC 6471		GX	17.737667	67.591944	99.0	1.2	
NGC 6471 NED01		GX	17.736956	67.593056	15.35	0.93	
NGC 6471 NED02		GX	17.738378	67.591083	16.03	0.52	
NGC 6472		GX	17.734194	67.630333	16.27	0.65	
NGC 6473		GX	17.766067	57.257111	15.26	0.91	
NGC 6474		GX	17.784878	57.301167	14.96	0.87	
NGC 6476		STAR	17.900558	-29.144167	99.0	0.0	
NGC 6477		GX	17.741672	67.610583	16.65	0.55	
NGC 6478		GX	17.810653	51.15725	14.02	1.45	
NGC 6479		GX	17.805997	54.149	14.45	0.94	
NGC 648		GX	1.644386	-17.831194	14.69	1.09	
NGC 6480		STAR	17.907233	-30.452056	99.0	2.7	
NGC 6481		OTHER	17.880253	4.167833	99.0	3.9	
NGC 6482		GX	17.863558	23.071944	11.33	2.03	
NGC 6483		GX	17.991892	-63.668722	11.96	1.83	
NGC 6484		GX	17.86305	24.483472	13.35	1.74	
NGC 6485		GX	17.86465	31.461778	14.13	1.23	
NGC 6486		GX	17.876472	29.818	15.04	0.61	
NGC 6487		GX	17.878292	29.838639	11.97	1.8	
NGC 6488		GX	17.822492	62.222917	14.81	0.65	
NGC 6489		GX	17.833697	60.092222	16.24	0.51	
NGC 649		GX	1.668736	-9.272111	15.35	1.07	
NGC 6490		GX	17.908464	18.375833	14.73	1.01	
NGC 6491		GX	17.833528	61.531778	14.43	1.25	
NGC 6492		GX	18.046764	-66.430639	11.94	2.38	
NGC 6493		GX	17.839628	61.559417	15.44	1.07	
NGC 6495		GX	17.9141	18.326917	13.86	1.44	
NGC 6496		GC	17.984361	-44.266306	9.96	4.62	
NGC 6497		GX	17.854992	59.470889	14.22	1.45	
NGC 6499		STAR	17.922225	18.35975	99.0	0.0	
NGC 65		GX	0.316308	-22.880361	14.67	1.02	
NGC 6500		GX	17.933272	18.33825	12.54	2.08	
NGC 6501		GX	17.934372	18.373083	13.11	1.73	
NGC 6502		GX	18.070478	-65.409944	13.63	1.4	
NGC 6503		GX	17.824008	70.144361	10.12	5.94	
NGC 6504		GX	17.934919	33.208389	13.3	1.94	
NGC 6505		GX	17.852067	65.530778	15.28	1.15	
NGC 6506		OC	17.998192	-24.685333	99.0	0.0	
NGC 6507		OC	17.997442	-17.450278	9.6	4.8	
NGC 6508		GX	17.829567	72.021111	14.03	1.29	
NGC 6509		GX	17.990353	6.287028	13.32	1.45	
NGC 6510		GX	17.910917	60.817917	14.26	0.83	
NGC 6512		GX	17.913975	62.645083	14.74	0.81	
NGC 6513		GX	17.992925	24.880528	14.64	1.08	
NGC 6515		GX	17.956997	50.728111	14.25	1.53	
NGC 6516		GX	17.921328	62.669861	15.65	0.74	
NGC 6517		GC	18.030664	-8.9595	11.08	4.8	
NGC 6518		GX	17.995483	28.866667	14.94	0.8	
NGC 6519		STAR	18.055592	-29.80425	99.0	0.0	
NGC 652		GX	1.678689	7.982917	14.96	0.94	
NGC 6520		OC	18.056706	-27.886111	7.6	5.4	
NGC 6521		GX	17.930122	62.61225	13.9	1.55	
NGC 6522		GC	18.059464	-30.033972	9.48	3.9	
NGC 6524		GX	17.987419	45.887083	13.91	1.63	
NGC 6525		OC	18.034653	11.038333	99.0	5.4	
NGC 6526		EN	18.068375	-24.441889	99.0	40.0	
NGC 6527		GX	18.029536	19.728722	14.89	1.48	
NGC 6528		GC	18.080447	-30.055778	10.65	3.6	
NGC 6529		STAR	18.09135	-36.295389	99.0	0.0	
NGC 653		GX	1.70715	35.638333	14.06	1.49	
NGC 6530		OC	18.075286	-24.358056	4.6	6.0	
NGC 6532		GX	17.987208	56.231778	14.91	1.69	
NGC 6534		GX	17.935711	64.283694	15.42	0.93	
NGC 6535		GC	18.064081	-0.296917	9.85	3.6	
NGC 6536		GX	17.954542	64.938083	14.24	1.14	
NGC 6537	Red Spider Nebula	PN	18.086972	-19.842972	11.6	0.17	
NGC 6538		GX	17.904614	73.423944	14.05	0.94	
NGC 6539		GC	18.080486	-7.585861	99.0	6.0	
NGC 654		OC	1.733175	61.882722	6.5	6.3	
NGC 6540		GC	18.102208	-27.762806	99.0	4.08	
NGC 6541		GC	18.133981	-43.715889	7.32	7.5	
NGC 6542		GX	17.994061	61.359389	13.92	1.38	
NGC 6543	Cat's Eye Nebula	PN	17.975942	66.633194	9.01	0.9	
NGC 6544		GC	18.122222	-24.998361	9.9	6.0	
NGC 6545		GX	18.204103	-63.776139	14.24	1.11	
NGC 6546		OC	18.122931	-23.296222	8.0	6.9	
NGC 6547		GX	18.086117	25.232611	14.21	1.63	
NGC 6548		GX	18.099789	18.58725	11.73	2.65	
NGC 6549		GX	18.097083	18.538028	14.73	1.22	
NGC 655		GX	1.698647	-13.08175	14.74	1.12	
NGC 6551		OTHER	18.149906	-29.557667	99.0	0.0	
NGC 6552		GX	18.002008	66.615111	14.6	1.06	
NGC 6553		GC	18.154856	-25.907861	9.08	5.4	
NGC 6554		OC	18.156661	-18.378694	99.0	8.7	
NGC 6555		GX	18.130325	17.604889	12.39	1.96	
NGC 6556		STAR	18.165997	-27.524806	99.0	0.0	
NGC 6557		GX	18.356894	-76.582972	13.99	1.38	
NGC 6558		GC	18.171772	-31.763472	11.29	5.4	
NGC 6559		EN	18.165792	-24.106389	99.0	15.0	
NGC 656		GX	1.707567	26.143056	13.46	1.27	
NGC 6560		GX	18.087217	46.881583	13.61	1.12	
NGC 6561		OC	18.175239	-16.725667	99.0	6.0	
NGC 6562		GX	18.083586	56.263111	14.7	1.0	
NGC 6563		PN	18.200694	-33.868333	11.0	0.79	
NGC 6564		OTHER	18.150658	17.394639	99.0	0.0	
NGC 6565		PN	18.197944	-28.178333	11.6	0.23	
NGC 6566		GX	18.116853	52.260111	15.47	0.67	
NGC 6567		PN	18.229222	-19.075833	11.0	0.13	
NGC 6568		OC	18.212292	-21.628028	8.6	7.8	
NGC 6569		GC	18.227408	-31.827667	9.47	4.5	
NGC 657		OC	1.722444	55.836389	99.0	3.0	
NGC 6570		GX	18.185361	14.093083	12.7	1.59	
NGC 6571		GX	18.180378	21.2385	15.2	0.79	
NGC 6572		PN	18.201725	6.853722	8.1	0.18	
NGC 6573		STAR	18.239717	-22.174361	99.0	3.18	
NGC 6574		GX	18.197564	14.981778	11.96	1.57	
NGC 6575		GX	18.182636	31.116194	14.35	1.5	
NGC 6576		GX	18.196672	21.42825	15.68	0.76	
NGC 6577		GX	18.200342	21.463389	12.68	1.23	
NGC 6578		PN	18.27125	-20.450917	12.9	0.14	
NGC 6579		GX	18.208836	21.420694	14.28	1.15	
NGC 658		GX	1.702683	12.601889	12.41	1.48	
NGC 6580		GX	18.209361	21.426139	13.9	1.39	
NGC 6581		GX	18.205117	25.662361	15.35	0.6	
NGC 6582		GX	18.184306	49.910556	99.0	1.4	
NGC 6582 NED01		GX	18.183853	49.911889	14.41	0.76	
NGC 6582 NED02		GX	18.184767	49.909222	15.18	1.45	
NGC 6583		OC	18.263592	-22.137639	10.0	3.6	
NGC 6584		GC	18.310458	-52.215167	8.17	5.1	
NGC 6585		GX	18.206053	39.633	13.49	2.01	
NGC 6586		GX	18.227361	21.090083	14.54	1.15	
NGC 6587		GX	18.230803	18.825194	13.74	1.82	
NGC 6588		OTHER	18.349683	-63.809972	99.0	5.4	
NGC 6589		EN	18.282047	-19.777083	10.5	4.0	
NGC 659		OC	1.739719	60.669167	7.9	4.2	
NGC 6590		RN	18.284719	-19.866056	9.8	4.0	
NGC 6591		GX	18.234417	21.063889	16.39	0.54	
NGC 6592		GX	18.164078	61.421972	15.12	0.81	
NGC 6593		GX	18.234319	22.283917	15.1	0.81	
NGC 6594		GX	18.1682	61.133472	15.33	0.86	
NGC 6596		OC	18.292703	-16.650444	99.0	6.6	
NGC 6597		GX	18.187069	61.180667	15.44	0.89	
NGC 6598		GX	18.148889	69.067889	14.14	1.18	
NGC 6599		GX	18.261939	24.912389	12.82	1.23	
NGC 66		GX	0.318039	-22.936389	14.12	1.24	
NGC 660		GX	1.717333	13.645056	11.29	4.57	
NGC 6601		GX	18.195653	61.453306	15.54	0.79	
NGC 6602		GX	18.276192	25.044028	14.57	0.77	
NGC 6603		OC	18.307492	-18.406056	11.1	4.2	
NGC 6604		OC	18.300822	-12.243111	6.5	9.6	
NGC 6605		OC	18.272689	-15.015194	6.0	6.3	
NGC 6606		GX	18.244886	43.268639	14.36	0.91	
NGC 6607		GX	18.204094	61.332917	15.59	0.55	
NGC 6608		GX	18.208022	61.298167	16.6	0.86	
NGC 6609		GX	18.209325	61.331917	15.24	0.83	
NGC 661		GX	1.737394	28.705917	12.2	1.91	
NGC 6612		GX	18.269681	36.078556	15.51	1.02	
NGC 6614		GX	18.418669	-63.248361	13.8	1.64	
NGC 6615		GX	18.309297	13.265028	14.47	1.37	
NGC 6616		GX	18.294744	22.238444	15.12	1.35	
NGC 6617		GX	18.234033	61.319556	15.56	0.9	
NGC 6619		GX	18.315428	23.655611	14.26	1.38	
NGC 662		GX	1.743181	37.695778	13.84	0.81	
NGC 6620		PN	18.381708	-26.821694	12.7	0.13	
NGC 6621		GX	18.215364	68.363444	13.41	2.15	
NGC 6622		GX	18.216611	68.353889	14.08	0.97	
NGC 6623		GX	18.328583	23.705556	99.0	1.3	
NGC 6623 NED01		GX	18.328561	23.701778	14.4	0.15	
NGC 6623 NED02		GX	18.328572	23.709556	14.36	1.35	
NGC 6624		GC	18.394603	-30.361278	99.0	3.3	
NGC 6625		OC	18.379806	-11.955	9.0	6.0	
NGC 6627		GX	18.377478	15.698	13.32	1.07	
NGC 6628		GX	18.372753	23.478556	14.72	1.52	
NGC 6629		PN	18.428461	-23.202889	11.3	0.26	
NGC 663		OC	1.771125	61.218194	7.1	6.0	
NGC 6630		GX	18.543094	-63.29325	13.91	0.81	
NGC 6631		OC	18.453156	-12.031222	11.7	5.7	
NGC 6632		GX	18.417525	27.535306	12.15	2.4	
NGC 6633		OC	18.454231	6.508222	4.6	12.0	
NGC 6635		GX	18.460308	14.819056	13.4	1.14	
NGC 6636		GX	18.367639	66.620222	99.0	2.2	
NGC 6636 NED01		GX	18.367464	66.616556	14.03	1.91	
NGC 6636 NED02		GX	18.368086	66.622	16.0	0.72	
NGC 6638		GC	18.515625	-25.496417	9.68	4.2	
NGC 6639		OC	18.516472	-13.155833	99.0	6.0	
NGC 664		GX	1.729392	4.222889	13.84	1.19	
NGC 6640		GX	18.468964	34.302667	14.16	0.83	
NGC 6641		GX	18.482603	22.903	14.25	0.93	
NGC 6642		GC	18.531728	-23.476139	10.24	3.9	
NGC 6643		GX	18.329558	74.568361	11.11	3.32	
NGC 6644		PN	18.542981	-25.129361	10.7	0.04	
NGC 6645		OC	18.543861	-16.883889	8.5	5.4	
NGC 6646		GX	18.494094	39.865139	12.64	1.49	
NGC 6647		OC	18.547039	-17.228667	8.0	3.6	
NGC 6648		OTHER	18.427167	64.976167	99.0	0.0	
NGC 6649		OC	18.557767	-10.402806	8.9	5.58	
NGC 665		GX	1.748917	10.423028	12.14	1.62	
NGC 6650		GX	18.424442	68.005833	14.6	0.73	
NGC 6651		GX	18.405475	71.601917	13.63	1.34	
NGC 6652		GC	18.596042	-32.990306	9.75	5.1	
NGC 6653		GX	18.743992	-73.263417	13.39	1.64	
NGC 6654		GX	18.402103	73.183222	11.84	2.91	
NGC 6654A		GX	18.656928	73.57975	13.49	2.11	
NGC 6655		STAR	18.57525	-5.920861	99.0	0.0	
NGC 6657		GX	18.550406	34.060472	14.17	0.77	
NGC 6658		GX	18.565458	22.888278	11.8	1.5	
NGC 6659		OC	18.566647	23.594889	99.0	5.4	
NGC 666		GX	1.768389	34.374528	13.37	0.77	
NGC 6660		GX	18.576853	22.909667	12.36	1.95	
NGC 6662		GX	18.569772	32.064583	14.81	1.65	
NGC 6663		GX	18.559356	40.048944	14.76	0.86	
NGC 6664		OC	18.609264	-8.22075	7.8	6.0	
NGC 6665		GX	18.575003	30.720556	14.52	0.95	
NGC 6666		OTHER	18.579147	33.587639	99.0	0.0	
NGC 6667		GX	18.511053	67.987028	12.63	1.88	
NGC 6669		OTHER	18.620858	22.195722	99.0	0.0	
NGC 667		GX	1.749078	-22.918944	15.43	0.71	
NGC 6670		GX	18.559847	59.888806	99.0	1.2	
NGC 6670 NED03		GX	18.560842	59.888139	99.0	0.27	
NGC 6670A		GX	18.560478	59.889667	15.26	0.68	
NGC 6670B		GX	18.559469	59.888222	16.01	0.78	
NGC 6671		GX	18.623933	26.417194	13.72	1.39	
NGC 6672		STAR	18.603997	42.947639	99.0	0.0	
NGC 6673		GX	18.751756	-62.297222	11.72	2.6	
NGC 6674		GX	18.642742	25.375139	12.07	4.01	
NGC 6675		GX	18.624022	40.057722	13.33	1.31	
NGC 6676		GX	18.552767	66.959056	15.22	1.5	
NGC 6677		GX	18.560036	67.11075	13.86	0.84	
NGC 6679		GX	18.558472	67.137306	13.6	0.6	
NGC 668		GX	1.772964	36.460306	13.05	1.2	
NGC 6680		GX	18.662214	22.316417	15.38	0.63	
NGC 6682		OC	18.660378	-4.813694	99.0	4.5	
NGC 6683		OC	18.703881	-6.21225	9.4	3.0	
NGC 6684		GX	18.816078	-65.173444	10.5	4.19	
NGC 6684A		GX	18.873003	-64.831472	13.22	1.95	
NGC 6685		GX	18.666289	39.981778	14.59	0.95	
NGC 6686		GX	18.668617	40.137639	14.75	0.63	
NGC 6687		GX	18.622808	59.642972	14.83	1.25	
NGC 6688		GX	18.677814	36.289639	13.85	1.64	
NGC 6689		GX	18.580625	70.523917	12.28	3.29	
NGC 669		GX	1.787819	35.563306	12.3	2.34	
NGC 6691		GX	18.653403	55.641806	12.9	1.47	
NGC 6692		GX	18.694861	34.843611	14.3	1.05	
NGC 6695		GX	18.711872	40.366889	13.49	1.21	
NGC 6696		GX	18.668067	59.333972	16.01	0.91	
NGC 6697		GX	18.754156	25.512583	14.46	1.19	
NGC 6698		OC	18.801392	-25.477167	99.0	4.98	
NGC 6699		GX	18.867233	-57.32075	12.21	1.74	
NGC 67		GX	0.303386	30.055528	16.47	0.49	
NGC 670		GX	1.790236	27.88575	12.62	2.18	
NGC 6700		GX	18.767886	32.279611	14.12	1.52	
NGC 6701		GX	18.720128	60.653333	12.82	1.42	
NGC 6702		GX	18.782661	45.705667	12.24	1.64	
NGC 6703		GX	18.788564	45.550639	11.38	2.43	
NGC 6704		OC	18.846047	-5.205417	9.2	3.3	
NGC 6706		GX	18.947511	-63.166222	14.03	1.7	
NGC 6707		GX	18.922794	-53.818444	12.62	2.62	
NGC 6708		GX	18.926567	-53.723444	12.93	1.16	
NGC 6709		OC	18.855261	10.31875	6.7	8.7	
NGC 671		GX	1.783103	13.125111	16.71	1.08	
NGC 6710		GX	18.842819	26.838389	13.06	1.68	
NGC 6711		GX	18.816911	47.658111	12.94	1.03	
NGC 6712		GC	18.884692	-8.705472	8.69	5.7	
NGC 6713		GX	18.845711	33.959778	14.21	0.48	
NGC 6714		STAR	18.780556	66.745	99.0	0.0	
NGC 6716		OC	18.909547	-19.901083	7.5	7.2	
NGC 6717		GC	18.918344	-22.701611	10.35	3.9	
NGC 6718		GX	19.024619	-66.110194	14.17	1.48	
NGC 6719		GX	19.052081	-68.588361	13.5	1.66	
NGC 672		GX	1.798478	27.432778	10.92	7.01	
NGC 6721		GX	19.014114	-57.759444	12.04	1.9	
NGC 6722		GX	19.061214	-64.894472	13.57	2.93	
NGC 6723		GC	18.992542	-36.631472	99.0	9.3	
NGC 6724		OC	18.946356	10.428556	99.0	3.18	
NGC 6725		GX	19.032394	-53.863083	12.45	2.65	
NGC 6726		RN	19.027583	-36.891306	99.0	9.0	
NGC 6727		RN	19.028408	-36.87625	99.0	80.0	
NGC 6728		OC	18.979178	-8.966	99.0	4.5	
NGC 6729		EN	19.032056	-36.957639	99.0	25.0	
NGC 673		GX	1.806233	11.521306	12.62	1.77	
NGC 6730		GX	19.126014	-68.912806	12.06	2.2	
NGC 6731		STAR	18.953742	43.076778	99.0	0.0	
NGC 6732		GX	18.940006	52.377611	14.37	0.94	
NGC 6733		GX	19.102953	-62.196917	13.44	1.96	
NGC 6734		GX	19.120647	-65.461861	13.76	1.38	
NGC 6735		OC	19.010378	-0.475389	99.0	5.1	
NGC 6736		GX	19.124792	-65.428611	14.32	1.11	
NGC 6737		OC	19.038186	-18.546972	99.0	6.6	
NGC 6738		STAR	19.022656	11.615611	8.3	5.4	
NGC 6739		GX	19.130211	-61.368111	12.14	2.65	
NGC 674		GX	1.854881	22.357972	11.97	3.81	
NGC 6740		GX	19.014031	28.771222	15.5	1.09	
NGC 6741	Phantom Streak Nebula	PN	19.043611	-0.449389	11.5	0.13	
NGC 6742		PN	18.988861	48.465278	13.4	0.55	
NGC 6743		OC	19.022408	29.277472	8.2	6.9	
NGC 6744		GX	19.162806	-63.857528	9.25	15.67	
NGC 6744A		GX	19.145489	-63.7305	15.15	1.64	
NGC 6745		GX	19.02825	40.753056	99.0	2.3	
NGC 6745 NED01		GX	19.028178	40.747861	13.22	0.95	
NGC 6745 NED02		GX	19.028258	40.759972	16.93	0.69	
NGC 6745 NED03		GX	19.028328	40.751361	99.0	0.33	
NGC 6746		GX	19.172781	-61.970167	13.69	1.56	
NGC 6747		GX	18.922681	72.771528	14.97	0.65	
NGC 6749		GC	19.087667	1.900611	12.4	5.1	
NGC 675		GX	1.819058	13.059889	15.45	1.04	
NGC 6750		GX	19.010031	59.16675	13.64	1.08	
NGC 6751		PN	19.098764	-5.992306	11.9	0.34	
NGC 6752		GC	19.18105	-59.981861	6.28	13.2	
NGC 6753		GX	19.1899	-57.049556	11.04	2.97	
NGC 6754		GX	19.190478	-50.641806	12.22	2.02	
NGC 6755		OC	19.130292	4.266417	7.5	6.0	
NGC 6756		OC	19.145158	4.705778	10.6	3.6	
NGC 6757		GX	19.084272	55.715167	13.91	1.71	
NGC 6758		GX	19.231206	-56.309944	11.39	2.75	
NGC 6759		GX	19.115789	50.344222	15.12	0.97	
NGC 676		GX	1.815919	5.907528	12.0	2.75	
NGC 6760		GC	19.186683	1.030472	9.78	5.4	
NGC 6761		GX	19.251333	-50.656833	13.36	1.63	
NGC 6762		GX	19.093633	63.934028	14.12	1.55	
NGC 6764		GX	19.137881	50.933222	13.63	2.49	
NGC 6765		PN	19.185139	30.545556	12.9	0.67	
NGC 6767		STAR	19.192753	37.725444	99.0	0.0	
NGC 6768		GX	19.275722	-40.209167	13.7	1.26	
NGC 6769		GX	19.3063	-60.501083	11.77	2.86	
NGC 677		GX	1.820572	13.055361	12.27	1.81	
NGC 6770		GX	19.310367	-60.496472	11.86	2.39	
NGC 6771		GX	19.310975	-60.546	12.52	2.38	
NGC 6772		PN	19.243417	-2.706806	12.7	1.07	
NGC 6773		OC	19.252347	4.856556	99.0	0.0	
NGC 6774		OC	19.271194	-16.260694	99.0	30.0	
NGC 6775		OC	19.278572	-0.933361	99.0	4.8	
NGC 6776		GX	19.421986	-63.860167	12.07	2.0	
NGC 6776A		GX	19.418161	-63.683444	14.86	1.44	
NGC 6778		PN	19.306903	-1.596361	12.3	0.26	
NGC 678		GX	1.823572	21.997306	12.23	3.08	
NGC 6780		GX	19.3808	-55.775833	12.73	2.01	
NGC 6781		PN	19.30785	6.539722	11.4	1.8	
NGC 6782		GX	19.399417	-59.922472	11.98	2.45	
NGC 6783		GX	19.279894	46.017222	15.2	0.66	
NGC 6784		GX	19.443331	-65.617694	14.85	1.04	
NGC 6784A		GX	19.441994	-65.626111	15.03	0.95	
NGC 6786		GX	19.181642	73.410167	13.8	0.81	
NGC 6787		GX	19.269606	60.417528	14.87	0.8	
NGC 6788		GX	19.447153	-54.951306	12.05	3.2	
NGC 6789		GX	19.278378	63.971472	13.54	0.97	
NGC 679		GX	1.828828	35.785639	12.54	1.32	
NGC 6790		PN	19.382472	1.513333	10.5	0.12	
NGC 6791		OC	19.348117	37.771889	9.5	6.3	
NGC 6792		GX	19.349281	43.1325	13.29	2.08	
NGC 6793		OC	19.387331	22.141028	99.0	8.1	
NGC 6794		GX	19.467744	-38.91875	12.88	1.51	
NGC 6795		OC	19.43945	3.514361	99.0	0.0	
NGC 6796		GX	19.358575	61.144889	12.65	1.73	
NGC 6797		OTHER	19.483542	-25.666556	99.0	0.0	
NGC 6798		GX	19.400881	53.624778	14.45	1.78	
NGC 6799		GX	19.537925	-55.907917	13.51	1.83	
NGC 68		GX	0.305136	30.07175	14.42	1.29	
NGC 680		GX	1.829803	21.970861	11.9	1.69	
NGC 6800		OC	19.452133	25.140472	99.0	6.0	
NGC 6801		GX	19.459947	54.372889	14.72	1.36	
NGC 6802		OC	19.509733	20.260972	8.8	4.5	
NGC 6803		PN	19.521236	10.056028	11.4	0.09	
NGC 6804		PN	19.526497	9.225167	12.0	0.58	
NGC 6805		GX	19.612697	-37.554361	14.31	1.16	
NGC 6806		GX	19.618069	-42.296278	13.19	1.22	
NGC 6807		PN	19.575972	5.684167	12.0	0.03	
NGC 6808		GX	19.731667	-70.633389	12.9	0.8	
NGC 681		GX	1.819675	-10.426417	11.87	2.47	
NGC 6810		GX	19.726181	-58.655583	11.42	3.79	
NGC 6811		OC	19.621642	46.388833	6.8	7.2	
NGC 6812		GX	19.756728	-55.346806	13.57	1.75	
NGC 6813		PN	19.6729	27.309556	99.0	3.0	
NGC 6814		GX	19.711289	-10.3235	11.32	3.08	
NGC 6815		STAR	19.678975	26.759	99.0	0.0	
NGC 6816		GX	19.733953	-28.400833	12.87	1.72	
NGC 6817		GX	19.622889	62.383056	99.0	0.9	
NGC 6817 NED01		GX	19.622567	62.382694	16.34	0.26	
NGC 6817 NED02		GX	19.623161	62.383639	15.57	0.66	
NGC 6818	Little Gem Nebula	PN	19.732703	-14.153167	9.3	0.77	
NGC 6819	Foxhead Cluster	OC	19.688358	40.18675	7.3	6.9	
NGC 682		GX	1.817944	-14.974833	13.85	0.74	
NGC 6820		EN	19.707783	23.088083	15.0	0.5	
NGC 6821		GX	19.740017	-6.833444	13.07	1.03	
NGC 6822	Barnard's Galaxy	GX	19.749372	-14.803444	10.05	17.38	
NGC 6823		OC	19.719414	23.299944	7.1	6.0	
NGC 6824		GX	19.727972	56.109472	11.76	1.91	
NGC 6825		GX	19.698556	64.073056	15.3	0.72	
NGC 6826	Blinking Planetary	PN	19.746697	50.525028	9.44	0.42	
NGC 6827		OC	19.814844	21.215056	99.0	2.1	
NGC 6828		OC	19.838225	7.902556	99.0	6.0	
NGC 6829		GX	19.785433	59.907083	14.92	1.49	
NGC 683		GX	1.829636	11.701306	14.91	0.66	
NGC 6830		OC	19.849883	23.100139	7.9	4.2	
NGC 6831		GX	19.79925	59.892528	14.55	1.29	
NGC 6832		OC	19.804239	59.421167	99.0	3.3	
NGC 6833		PN	19.829611	48.961111	12.1	0.03	
NGC 6834		OC	19.870156	29.408167	7.8	4.5	
NGC 6835		GX	19.909153	-12.567583	12.46	2.74	
NGC 6836		GX	19.911128	-12.687944	13.01	1.42	
NGC 6837		OC	19.885731	11.699	99.0	3.0	
NGC 6839		OTHER	19.9	18.003333	99.0	0.0	
NGC 684		GX	1.837228	27.645667	12.34	2.95	
NGC 6840		OC	19.921181	12.114611	99.0	4.5	
NGC 6841		GX	19.963628	-31.810694	12.59	1.63	
NGC 6842		PN	19.917294	29.289167	13.1	0.95	
NGC 6843		OC	19.935061	12.163833	99.0	3.6	
NGC 6844		GX	20.047258	-65.229861	13.58	1.26	
NGC 6845		GX	20.016189	-47.069972	99.0	4.1	
NGC 6845A		GX	20.016228	-47.07025	13.22	1.08	
NGC 6845B		GX	20.018139	-47.059083	13.89	0.78	
NGC 6845C		GX	20.015781	-47.084222	15.43	0.94	
NGC 6845D		GX	20.014886	-47.095222	14.68	0.79	
NGC 6846		OC	19.941144	32.349694	14.2	2.4	
NGC 6847		OC	19.943839	30.212917	99.0	10.0	
NGC 6848		GX	20.046458	-56.090306	13.35	2.34	
NGC 6849		GX	20.104339	-40.198306	12.12	2.15	
NGC 685		GX	1.795225	-52.761806	11.5	3.01	
NGC 6850		GX	20.058361	-54.844778	13.07	2.03	
NGC 6851		GX	20.059547	-48.2845	11.84	2.18	
NGC 6851A		GX	20.096808	-47.97825	14.89	1.35	
NGC 6851B		GX	20.094428	-47.979056	14.81	1.12	
NGC 6852		PN	20.010878	1.728111	12.6	0.47	
NGC 6854		GX	20.094111	-54.375611	12.35	2.28	
NGC 6855		GX	20.113864	-56.389917	13.85	1.27	
NGC 6856		OC	19.988092	56.130889	99.0	3.0	
NGC 6857		EN	20.030036	33.525917	11.4	0.63	
NGC 6858		OC	20.049831	11.259417	99.0	4.2	
NGC 6859		OTHER	20.063753	0.444639	99.0	0.0	
NGC 686		GX	1.815594	-23.798139	13.4	1.34	
NGC 6860		GX	20.146358	-61.100194	13.53	1.31	
NGC 6861		GX	20.122078	-48.370222	11.04	3.18	
NGC 6861B		GX	20.101508	-48.474444	15.12	1.21	
NGC 6861C		GX	20.111411	-48.649778	15.09	1.11	
NGC 6861D		GX	20.138744	-48.211417	11.94	2.36	
NGC 6861E		GX	20.183756	-48.690583	15.11	1.48	
NGC 6861F		GX	20.186611	-48.275833	15.26	1.82	
NGC 6862		GX	20.148494	-56.39175	12.74	1.43	
NGC 6863		OTHER	20.085367	-3.555139	99.0	0.0	
NGC 6865		GX	20.099022	-9.040917	14.74	0.63	
NGC 6866		OC	20.065328	44.159111	7.6	5.1	
NGC 6867		GX	20.174906	-54.78325	13.93	1.61	
NGC 6868		GX	20.165019	-48.379556	10.59	3.58	
NGC 6869		GX	20.011781	66.227528	12.23	1.44	
NGC 687		GX	1.842567	36.370806	12.53	1.27	
NGC 6870		GX	20.169683	-48.287083	11.94	2.56	
NGC 6871		OC	20.099844	35.77725	5.2	9.3	
NGC 6872		GX	20.282378	-70.767944	11.64	4.7	
NGC 6873		OC	20.120525	21.10225	99.0	3.0	
NGC 6874		STAR	20.125856	38.246111	99.0	0.0	
NGC 6875		GX	20.220131	-46.161639	12.03	2.15	
NGC 6875A		GX	20.19885	-46.144083	13.95	2.97	
NGC 6876		GX	20.305319	-70.858806	10.83	3.46	
NGC 6876A		GX	20.188014	-71.012944	14.86	1.38	
NGC 6877		GX	20.310056	-70.853056	12.23	2.38	
NGC 6878		GX	20.231456	-44.52675	12.42	1.61	
NGC 6878A		GX	20.226667	-44.816167	13.25	1.87	
NGC 6879		PN	20.174056	16.922806	12.5	0.08	
NGC 688		GX	1.845606	35.284528	12.67	0.89	
NGC 6880		GX	20.324897	-70.859861	13.35	2.46	
NGC 6881		PN	20.18125	37.411389	13.9	0.07	
NGC 6882		OC	20.19885	26.488806	14.1	7.5	
NGC 6883		OC	20.188819	35.832194	8.0	4.5	
NGC 6884		PN	20.17325	46.460833	10.9	0.1	
NGC 6886		PN	20.211917	19.989722	11.4	0.09	
NGC 6887		GX	20.288136	-52.79675	12.08	3.44	
NGC 6888	Crescent Nebula	EN	20.201819	38.354944	7.44	20.0	
NGC 6889		GX	20.314786	-53.957083	13.71	1.71	
NGC 689		GX	1.831047	-27.466611	14.51	1.07	
NGC 6890		GX	20.305028	-44.806722	12.65	1.59	
NGC 6891		PN	20.252456	12.704361	10.5	0.25	
NGC 6892		OTHER	20.282567	18.019667	99.0	0.0	
NGC 6893		GX	20.347122	-48.239083	11.71	2.87	
NGC 6894		PN	20.273347	30.565083	12.3	0.67	
NGC 6895		OC	20.275656	50.240472	99.0	5.1	
NGC 6896		STAR	20.300994	30.640056	99.0	0.0	
NGC 6897		GX	20.350353	-12.254694	14.57	0.94	
NGC 6898		GX	20.352231	-12.358889	14.04	1.03	
NGC 6899		GX	20.406178	-50.433944	12.85	1.79	
NGC 69		GX	0.305697	30.039972	14.71	0.6	
NGC 690		GX	1.796689	-16.722	14.27	1.1	
NGC 6900		GX	20.359753	-2.569222	14.67	0.94	
NGC 6901		GX	20.372642	6.429861	14.83	1.25	
NGC 6902		GX	20.407817	-43.653528	11.48	2.69	
NGC 6902A		GX	20.383267	-44.271528	14.59	0.98	
NGC 6902B		GX	20.385292	-43.868611	13.8	1.32	
NGC 6903		GX	20.395794	-19.325417	12.9	2.24	
NGC 6904		OC	20.363375	25.7415	99.0	4.2	
NGC 6905	Blue Flash Nebula	PN	20.373053	20.104528	11.1	0.67	
NGC 6906		GX	20.392753	6.443667	12.56	1.12	
NGC 6907		GX	20.418508	-24.809167	11.16	3.33	
NGC 6908		GX	20.419158	-24.801139	12.31	1.87	
NGC 6909		GX	20.460803	-47.027028	11.99	2.36	
NGC 691		GX	1.844922	21.759917	11.73	2.68	
NGC 6910		OC	20.386681	40.778611	7.4	6.3	
NGC 6911		GX	20.327314	66.728333	15.6	1.84	
NGC 6912		GX	20.4478	-18.617278	13.22	1.3	
NGC 6914		RN	20.412028	42.482639	99.0	3.0	
NGC 6915		GX	20.462794	-3.077056	13.77	1.65	
NGC 6916		GX	20.392522	58.344056	15.21	1.64	
NGC 6917		GX	20.457878	8.098083	14.24	1.11	
NGC 6918		GX	20.513089	-47.473722	14.47	0.99	
NGC 6919		GX	20.527256	-44.216417	13.11	1.39	
NGC 692		GX	1.811664	-48.6485	13.07	1.95	
NGC 6920		GX	20.732611	-80.000833	11.97	2.3	
NGC 6921		GX	20.474683	25.723417	13.44	1.08	
NGC 6922		GX	20.498028	-2.191194	13.6	1.17	
NGC 6923		GX	20.527519	-30.831889	12.01	2.54	
NGC 6924		GX	20.555342	-25.474444	12.79	1.7	
NGC 6925		GX	20.572381	-31.980889	11.35	4.68	
NGC 6926		GX	20.551697	-2.0275	13.43	1.33	
NGC 6927		GX	20.543947	9.916389	14.46	0.6	
NGC 6927A		GX	20.543525	9.883917	17.0	0.38	
NGC 6928		GX	20.547283	9.926417	12.61	2.08	
NGC 6929		GX	20.556022	-2.037194	13.71	0.43	
NGC 693		GX	1.841903	6.145222	12.45	2.11	
NGC 6930		GX	20.549667	9.874444	12.9	1.43	
NGC 6931		GX	20.561486	-11.368861	14.0	1.27	
NGC 6932		GX	20.702383	-73.619361	13.3	2.45	
NGC 6933		STAR	20.560606	7.387333	11.61	0.0	
NGC 6934		GC	20.569858	7.404111	9.75	5.4	
NGC 6935		GX	20.63895	-52.110444	12.0	2.18	
NGC 6936		GX	20.598972	-25.279972	13.96	1.82	
NGC 6937		GX	20.646064	-52.14325	12.87	2.55	
NGC 6938		OC	20.578469	22.214583	99.0	5.4	
NGC 6939		OC	20.525036	60.662083	7.8	12.0	
NGC 694		GX	1.849581	21.9975	13.77	0.57	
NGC 6940		OC	20.574081	28.282722	6.3	10.8	
NGC 6941		GX	20.606519	-4.61875	14.17	1.73	
NGC 6942		GX	20.677181	-54.303056	11.97	2.24	
NGC 6943		GX	20.742706	-68.747722	11.39	3.75	
NGC 6944		GX	20.639961	6.996444	13.68	1.12	
NGC 6944A		GX	20.636475	6.902667	14.92	0.97	
NGC 6945		GX	20.650172	-4.972583	15.2	1.58	
NGC 6946	Fireworks Galaxy	GX	20.5812	60.153917	9.05	11.4	
NGC 6947		GX	20.687533	-32.486417	13.43	1.74	
NGC 6948		GX	20.724761	-53.356722	13.8	2.0	
NGC 6949		GX	20.585256	64.802806	14.5	1.31	
NGC 695		GX	1.853956	22.582361	13.76	0.48	
NGC 6950		OC	20.684883	16.622222	99.0	4.5	
NGC 6951		GX	20.620581	66.105639	12.41	3.19	
NGC 6953		OTHER	20.629506	65.764861	99.0	0.0	
NGC 6954		GX	20.734217	3.209444	13.17	1.27	
NGC 6955		GX	20.738328	2.594833	15.27	1.27	
NGC 6956		GX	20.731586	12.511917	13.4	1.75	
NGC 6957		GX	20.746544	2.581222	15.28	0.62	
NGC 6958		GX	20.811831	-37.997417	11.4	2.44	
NGC 6959		GX	20.785344	0.430194	14.74	0.5	
NGC 696		GX	1.82535	-34.905167	14.44	1.8	
NGC 6960	Veil Nebula	SNR	20.766161	30.595139	7.0	210.0	
NGC 6961		GX	20.786253	0.363278	15.12	0.76	
NGC 6962		GX	20.788628	0.320806	11.89	2.7	
NGC 6963		STAR	20.788742	0.510639	15.2	0.0	
NGC 6964		GX	20.790083	0.300833	12.95	1.68	
NGC 6965		GX	20.788992	0.484056	13.68	0.73	
NGC 6966		STAR	20.790767	0.367694	99.0	0.0	
NGC 6967		GX	20.792806	0.411611	13.01	1.19	
NGC 6968		GX	20.809022	-8.360306	13.97	1.97	
NGC 6969		GX	20.807675	7.739972	13.52	1.21	
NGC 6970		GX	20.869294	-48.777778	12.62	1.54	
NGC 6971		GX	20.823267	5.995583	14.74	1.05	
NGC 6972		GX	20.833039	9.899139	14.02	1.23	
NGC 6973		STAR	20.868311	-5.895194	99.0	0.0	
NGC 6974		SNR	20.8512	31.828111	99.0	0.0	
NGC 6975		GX	20.873897	-5.772306	14.8	1.02	
NGC 6977		GX	20.874919	-5.746111	14.12	1.25	
NGC 6978		GX	20.876508	-5.711139	14.08	1.51	
NGC 6979		SNR	20.841114	32.025889	99.0	7.0	
NGC 698		GX	1.828806	-34.831083	14.8	0.93	
NGC 6980		STAR	20.880261	-5.837889	99.0	0.0	
NGC 6982		GX	20.955106	-51.862278	13.66	1.0	
NGC 6983		GX	20.945397	-43.986028	14.25	0.85	
NGC 6984		GX	20.964994	-51.870833	12.73	1.8	
NGC 6985		GX	20.750828	-11.104194	14.78	1.25	
NGC 6985A		GX	20.750353	-11.107667	15.46	1.02	
NGC 6986		GX	20.94185	-18.566556	14.72	0.98	
NGC 6987		GX	20.969544	-48.630306	12.45	2.03	
NGC 6988		GX	20.930267	10.507861	14.81	0.68	
NGC 6989		OC	20.901922	45.239278	99.0	5.4	
NGC 699		GX	1.845467	-12.035667	14.94	1.4	
NGC 6990		GX	20.999144	-55.561972	14.0	1.24	
NGC 6991		OC	20.914444	47.461667	99.0	23.0	
NGC 6992	Eastern Veil	SNR	20.938631	31.74275	7.0	60.0	
NGC 6993		GX	20.898347	-25.472528	14.03	1.47	
NGC 6995	Eastern Veil	SNR	20.952989	31.235167	7.0	12.0	
NGC 6996		STAR	20.941669	45.473028	99.0	0.0	
NGC 6997		OC	20.944292	44.6315	10.0	6.9	
NGC 6998		GX	21.027133	-28.031917	14.06	0.94	
NGC 6999		GX	21.033206	-28.058917	14.91	1.21	
NGC 7		GX	0.139156	-29.915	13.84	2.47	
NGC 70		GX	0.306261	30.079583	14.5	1.69	
NGC 700		GX	1.871344	36.036722	15.51	0.48	
NGC 7000	North America Nebula	EN	20.988094	44.528778	4.0	120.0	
NGC 7001		GX	21.018819	-0.195167	12.93	1.38	
NGC 7002		GX	21.062444	-49.02975	12.38	2.1	
NGC 7003		GX	21.011783	17.804889	13.75	0.99	
NGC 7004		GX	21.067272	-49.11425	13.75	1.26	
NGC 7005		OTHER	21.032681	-12.882611	99.0	0.0	
NGC 7006		GC	21.024792	16.187528	10.46	4.2	
NGC 7007		GX	21.091089	-52.551972	11.95	3.39	
NGC 7008		PN	21.009111	54.543194	10.7	1.43	
NGC 7009	Saturn Nebula	PN	21.069664	-11.36325	8.0	0.7	
NGC 701		GX	1.851067	-9.702611	12.14	2.24	
NGC 7010		GX	21.077639	-12.338389	14.77	2.18	
NGC 7011		OC	21.030383	47.354306	99.0	0.0	
NGC 7012		GX	21.112644	-44.814722	13.68	1.65	
NGC 7013		GX	21.059328	29.897472	11.3	4.16	
NGC 7014		GX	21.131158	-47.179	12.31	2.03	
NGC 7015		GX	21.093717	11.414167	12.53	1.7	
NGC 7016		GX	21.121189	-25.468944	14.85	1.02	
NGC 7017		GX	21.122369	-25.486861	14.93	0.85	
NGC 7018		GX	21.123708	-25.42775	16.8	0.93	
NGC 7019		GX	21.107147	-24.412667	15.09	0.74	
NGC 702		GX	1.855222	-4.051944	99.0	1.6	
NGC 702 NED01		GX	1.855108	-4.049167	99.0	0.38	
NGC 702 NED02		GX	1.855331	-4.055944	13.19	1.03	
NGC 7020		GX	21.188914	-64.025333	11.74	4.1	
NGC 7022		GX	21.159789	-49.303667	14.06	1.52	
NGC 7023	Iris Nebula	EN	21.026561	68.169556	7.2	10.0	
NGC 7024		OC	21.102253	41.484583	99.0	4.92	
NGC 7025		GX	21.129817	16.335861	13.99	2.02	
NGC 7026		PN	21.105133	47.852194	10.9	0.33	
NGC 7027		PN	21.117092	42.236528	8.5	0.23	
NGC 7028		GX	21.097233	18.468194	14.78	0.64	
NGC 7029		GX	21.197792	-49.283722	11.67	2.75	
NGC 703		GX	1.877667	36.171417	13.33	0.99	
NGC 7030		GX	21.187036	-20.485861	14.58	0.86	
NGC 7031		OC	21.120153	50.875556	9.1	3.9	
NGC 7032		GX	21.256356	-68.287889	13.63	1.17	
NGC 7033		GX	21.160072	15.124889	15.2	0.88	
NGC 7034		GX	21.160606	15.150667	15.19	0.96	
NGC 7035		GX	21.179556	-23.135833	15.41	1.2	
NGC 7035A		GX	21.179294	-23.135139	15.6	0.89	
NGC 7035B		GX	21.179806	-23.137083	15.39	1.23	
NGC 7036		OC	21.170108	15.376111	99.0	4.5	
NGC 7037		OC	21.179367	33.728333	99.0	6.0	
NGC 7038		GX	21.252086	-47.2205	12.14	3.22	
NGC 7039		OC	21.179944	45.621806	7.6	7.8	
NGC 704		GX	1.877389	36.124167	99.0	1.5	
NGC 7040		GX	21.22125	8.864972	14.85	1.04	
NGC 7041		GX	21.275661	-48.363556	11.3	3.46	
NGC 7042		GX	21.229406	13.574917	12.9	1.78	
NGC 7043		GX	21.234492	13.626028	14.86	0.82	
NGC 7044		OC	21.219281	42.496194	12.0	6.0	
NGC 7045		STAR	21.247239	4.506778	99.0	0.0	
NGC 7046		GX	21.2489	2.834833	12.68	1.1	
NGC 7047		GX	21.274347	-0.8265	14.82	1.34	
NGC 7048		PN	21.237556	46.288611	12.1	1.02	
NGC 7049		GX	21.31675	-48.562167	10.55	3.94	
NGC 704A		GX	1.877772	36.120944	99.0	0.55	
NGC 704B		GX	1.877139	36.126806	14.0	1.1	
NGC 705		GX	1.8782	36.144	14.42	1.44	
NGC 7050		OC	21.252375	36.17525	99.0	3.6	
NGC 7051		GX	21.330925	-8.782944	13.68	1.25	
NGC 7052		GX	21.309181	26.447028	13.09	1.82	
NGC 7053		GX	21.352114	23.084806	14.17	1.57	
NGC 7055		OC	21.325031	57.545611	99.0	3.0	
NGC 7056		GX	21.368767	18.665667	13.09	1.1	
NGC 7057		GX	21.416306	-42.460444	13.83	1.36	
NGC 7058		OC	21.364883	50.819028	99.0	5.1	
NGC 7059		GX	21.455964	-60.014583	12.08	3.69	
NGC 706		GX	1.864036	6.296889	12.52	1.29	
NGC 7060		GX	21.43155	-42.411278	12.82	2.02	
NGC 7061		GX	21.457458	-49.0635	14.16	1.63	
NGC 7062		OC	21.390967	46.378528	8.3	3.6	
NGC 7063		OC	21.406028	36.4875	7.0	6.3	
NGC 7064		GX	21.484161	-52.767611	12.11	3.74	
NGC 7065		GX	21.445142	-6.994917	14.27	1.0	
NGC 7065A		GX	21.449403	-7.021528	14.32	1.1	
NGC 7066		GX	21.437222	14.181944	15.2	0.83	
NGC 7067		OC	21.406422	48.00925	9.7	2.4	
NGC 7068		GX	21.442325	12.184306	14.76	0.76	
NGC 7069		GX	21.468297	-1.646861	14.62	1.15	
NGC 707		GX	1.857528	-8.505361	14.6	1.31	
NGC 7070		GX	21.507042	-43.087111	12.31	2.5	
NGC 7070A		GX	21.529803	-42.847667	12.34	2.21	
NGC 7071		STAR	21.444258	47.919583	99.0	0.0	
NGC 7072		GX	21.510256	-43.153528	12.81	0.82	
NGC 7072A		GX	21.507133	-43.202611	13.87	0.8	
NGC 7073		GX	21.490561	-11.488139	14.49	0.92	
NGC 7074		GX	21.494122	6.682556	14.94	0.83	
NGC 7075		GX	21.525828	-38.617917	12.73	1.45	
NGC 7076		PN	21.439861	62.8925	13.5	0.93	
NGC 7077		GX	21.499892	2.414167	13.67	0.9	
NGC 7079		GX	21.543125	-44.067556	11.65	2.3	
NGC 708		GX	1.879578	36.151833	13.29	2.56	
NGC 7080		GX	21.500542	26.717806	12.38	1.63	
NGC 7081		GX	21.523367	2.491278	13.67	0.77	
NGC 7082		OC	21.488261	47.126278	7.2	9.0	
NGC 7083		GX	21.595747	-63.902833	11.24	3.56	
NGC 7084		OC	21.542536	17.508528	99.0	6.0	
NGC 7085		GX	21.540342	6.58125	15.26	0.99	
NGC 7086		OC	21.507653	51.600528	8.4	4.8	
NGC 7087		GX	21.575964	-40.818639	13.01	0.86	
NGC 7088		OTHER	21.556144	-0.382611	99.0	0.0	
NGC 709		GX	1.880728	36.223444	14.26	0.72	
NGC 7090		GX	21.608017	-54.557333	10.87	8.15	
NGC 7091		GX	21.568872	-36.653722	13.51	1.86	
NGC 7093		OC	21.572694	45.965	99.0	3.6	
NGC 7094		PN	21.614714	12.788639	13.4	1.65	
NGC 7095		GX	21.874011	-81.530833	11.92	2.71	
NGC 7096		GX	21.688689	-63.908694	11.97	2.1	
NGC 7096A		GX	21.646742	-64.350194	14.16	2.0	
NGC 7097		GX	21.670253	-42.539389	11.7	1.89	
NGC 7097A		GX	21.677183	-42.480278	14.28	0.7	
NGC 7098		GX	21.737811	-75.111333	11.53	1.78	
NGC 71		GX	0.30655	30.06325	14.09	1.95	
NGC 710		GX	1.88165	36.052889	13.67	1.04	
NGC 7100		STAR	21.651956	8.951528	99.0	0.0	
NGC 7101		GX	21.659614	8.876944	14.86	0.82	
NGC 7102		GX	21.662358	6.286306	14.07	1.48	
NGC 7103		GX	21.664306	-22.473889	15.33	1.42	
NGC 7104		GX	21.66755	-22.424806	15.36	0.79	
NGC 7105		GX	21.694819	-10.6355	14.25	1.51	
NGC 7106		GX	21.710164	-52.699528	13.34	1.66	
NGC 7107		GX	21.707356	-44.790278	13.34	1.91	
NGC 7108		GX	21.698264	-6.708833	14.88	1.17	
NGC 7109		GX	21.699592	-34.445889	14.47	0.87	
NGC 711		GX	1.874378	17.512667	14.55	1.1	
NGC 7110		GX	21.703375	-34.162222	14.26	1.4	
NGC 7112		GX	21.7074	12.56925	15.12	0.99	
NGC 7114	Schmidt's Nova Cygni	STAR	21.695564	42.841806	3.0	0.0	
NGC 7115		GX	21.727369	-25.351611	14.15	1.91	
NGC 7116		GX	21.711172	28.946583	14.13	1.22	
NGC 7117		GX	21.763067	-48.420417	12.8	1.71	
NGC 7118		GX	21.769372	-48.353806	12.57	1.7	
NGC 7119		GX	21.770972	-46.518056	99.0	1.0	
NGC 7119A		GX	21.771125	-46.516139	13.44	0.7	
NGC 7119B		GX	21.770883	-46.518417	13.75	0.64	
NGC 712		GX	1.885678	36.819861	14.05	1.08	
NGC 7120		GX	21.742561	-6.523167	14.88	0.84	
NGC 7121		GX	21.747939	-3.619722	14.39	1.17	
NGC 7122		STAR	21.763283	-8.829611	99.0	0.0	
NGC 7123		GX	21.846286	-70.334139	13.3	2.63	
NGC 7124		GX	21.801497	-50.565222	12.22	2.56	
NGC 7125		GX	21.821106	-60.713167	12.46	2.94	
NGC 7126		GX	21.821703	-60.609222	12.28	2.55	
NGC 7127		OC	21.728331	54.629972	99.0	2.7	
NGC 7128		OC	21.732725	53.715139	9.7	3.0	
NGC 7129		OC	21.716397	66.112972	11.5	2.1	
NGC 713		GX	1.922647	-9.08375	15.25	1.15	
NGC 7130		GX	21.805422	-34.95125	12.72	1.56	
NGC 7131		GX	21.793364	-13.182611	14.91	1.13	
NGC 7132		GX	21.787939	10.241167	14.53	0.9	
NGC 7133		OTHER	21.74075	66.168417	99.0	0.0	
NGC 7134		OTHER	21.815628	-12.973139	99.0	0.0	
NGC 7135		GX	21.829447	-34.876278	12.19	2.6	
NGC 7136		STAR	21.828647	-11.793306	99.0	0.0	
NGC 7137		GX	21.803622	22.159583	12.38	1.84	
NGC 7138		GX	21.816969	12.514222	15.34	1.2	
NGC 7139		PN	21.769056	63.791944	13.3	1.28	
NGC 714		GX	1.891569	36.221306	13.05	1.46	
NGC 7140		GX	21.870919	-55.569667	11.68	3.04	
NGC 7142		OC	21.752642	65.774444	9.3	9.6	
NGC 7143		OTHER	21.814908	29.954972	99.0	0.0	
NGC 7144		GX	21.878453	-48.25375	11.0	3.41	
NGC 7145		GX	21.888956	-47.882444	11.12	2.95	
NGC 7146		GX	21.863158	3.017028	15.46	0.73	
NGC 7147		GX	21.866231	3.071694	14.97	0.99	
NGC 7148		STAR	21.869019	3.341472	99.0	0.0	
NGC 7149		GX	21.869911	3.301139	14.53	1.3	
NGC 715		GX	1.886811	-12.872833	14.94	0.88	
NGC 7150		OTHER	21.839997	49.756083	99.0	0.0	
NGC 7151		GX	21.917817	-50.657889	13.49	2.66	
NGC 7152		GX	21.899733	-29.289083	14.46	1.27	
NGC 7153		GX	21.909836	-29.063611	14.43	1.91	
NGC 7154		GX	21.922511	-34.814139	12.48	2.26	
NGC 7155		GX	21.936036	-49.521944	12.13	2.15	
NGC 7156		GX	21.909342	2.943028	12.71	1.4	
NGC 7157		GX	21.949083	-25.350528	14.86	1.17	
NGC 7158		OTHER	21.957811	-11.592528	99.0	0.0	
NGC 7159		GX	21.940447	13.562639	15.0	0.71	
NGC 716		GX	1.883244	12.708472	14.01	1.31	
NGC 7160		OC	21.894519	62.603306	6.1	4.2	
NGC 7161		OTHER	21.949414	2.916222	99.0	0.0	
NGC 7162		GX	21.994203	-43.305972	12.68	3.04	
NGC 7162A		GX	22.009931	-43.141722	13.1	2.39	
NGC 7163		GX	21.989011	-31.883167	13.23	2.17	
NGC 7164		GX	21.9399	1.363944	15.57	0.72	
NGC 7165		GX	21.990583	-16.512333	13.54	1.12	
NGC 7166		GX	22.009144	-43.389722	12.04	0.81	
NGC 7167		GX	22.008511	-24.632611	12.66	1.83	
NGC 7168		GX	22.035389	-51.743083	11.9	2.23	
NGC 7169		GX	22.046844	-47.697833	14.56	1.08	
NGC 717		GX	1.898642	36.229417	13.89	1.31	
NGC 7170		GX	22.023961	-5.432778	14.77	1.12	
NGC 7171		GX	22.017225	-13.26975	12.35	2.37	
NGC 7172		GX	22.033858	-31.869667	12.24	2.75	
NGC 7173		GX	22.034219	-31.973694	11.98	1.88	
NGC 7174		GX	22.035125	-31.992972	12.15	2.51	
NGC 7175		OC	21.977731	54.806361	99.0	4.5	
NGC 7176		GX	22.035678	-31.98975	12.43	1.15	
NGC 7177		GX	22.011456	17.738056	11.13	2.85	
NGC 7178		GX	22.040333	-35.790361	14.76	1.17	
NGC 7179		GX	22.080367	-64.046833	12.82	2.03	
NGC 718		GX	1.887028	4.195833	11.66	2.75	
NGC 7180		GX	22.038461	-20.54775	12.61	1.66	
NGC 7181		GX	22.028747	-1.960556	15.37	0.73	
NGC 7182		GX	22.031017	-2.196583	15.35	0.79	
NGC 7183		GX	22.039339	-18.9165	12.94	3.89	
NGC 7184		GX	22.044394	-20.812833	11.0	5.98	
NGC 7185		GX	22.049097	-20.471278	12.58	2.31	
NGC 7186		OTHER	22.018117	35.078833	99.0	0.0	
NGC 7187		GX	22.045711	-32.802167	12.55	1.15	
NGC 7188		GX	22.058056	-20.317972	14.0	1.76	
NGC 7189		GX	22.054444	0.571111	14.38	0.99	
NGC 719		GX	1.894122	19.840417	14.83	1.01	
NGC 7190		GX	22.051856	11.199306	15.13	0.96	
NGC 7191		GX	22.114386	-64.634556	13.81	1.83	
NGC 7192		GX	22.113933	-64.31625	11.28	2.42	
NGC 7193		OC	22.050433	10.803833	99.0	0.0	
NGC 7194		GX	22.058594	12.636778	14.32	1.31	
NGC 7195		GX	22.058411	12.660833	15.71	0.69	
NGC 7196		GX	22.098558	-50.119333	12.01	2.76	
NGC 7197		GX	22.049458	41.059	14.41	1.67	
NGC 7198		GX	22.087289	-0.648278	14.44	0.98	
NGC 7199		GX	22.141622	-64.706139	13.08	1.21	
NGC 72		GX	0.307881	30.040694	13.56	1.16	
NGC 720		GX	1.883472	-13.738667	10.14	4.49	
NGC 7200		GX	22.119311	-49.995472	12.86	1.28	
NGC 7201		GX	22.108869	-31.263	13.95	1.66	
NGC 7202		STAR	22.112011	-31.217889	99.0	0.0	
NGC 7203		GX	22.112189	-31.162417	13.7	1.08	
NGC 7204		GX	22.115056	-31.051389	99.0	1.6	
NGC 7204A		GX	22.115	-31.050611	15.07	0.93	
NGC 7204B		GX	22.11535	-31.053083	14.5	1.07	
NGC 7205		GX	22.142858	-57.442583	10.97	3.7	
NGC 7205A		GX	22.125558	-57.464028	14.02	1.15	
NGC 7206		GX	22.094692	16.78525	14.73	1.19	
NGC 7207		GX	22.096022	16.76775	15.6	0.66	
NGC 7208		GX	22.140117	-29.051167	13.36	0.91	
NGC 7209		OC	22.085511	46.483528	7.7	6.0	
NGC 721		GX	1.912628	39.383528	13.46	1.4	
NGC 7211		GX	22.106075	-8.089972	15.11	0.77	
NGC 7212		GX	22.117028	10.231111	15.1	1.35	
NGC 7213		GX	22.154531	-47.166611	11.15	4.84	
NGC 7214		GX	22.152133	-27.809472	13.86	1.94	
NGC 7215		GX	22.142911	0.511694	15.01	0.91	
NGC 7216		GX	22.209956	-68.661861	12.59	1.61	
NGC 7217		GX	22.131219	31.359333	10.47	4.52	
NGC 7218		GX	22.169919	-16.661	11.91	2.55	
NGC 7219		GX	22.219172	-64.848972	12.59	1.83	
NGC 722		GX	1.913042	20.698222	14.54	1.13	
NGC 7220		GX	22.191944	-22.952861	13.37	0.9	
NGC 7221		GX	22.187569	-30.563167	12.16	2.29	
NGC 7222		GX	22.181044	2.105806	15.43	1.07	
NGC 7223		GX	22.169211	41.017278	13.42	1.41	
NGC 7224		GX	22.193161	25.8645	14.94	1.51	
NGC 7225		GX	22.218908	-26.148333	13.37	1.96	
NGC 7226		OC	22.174136	55.398583	9.6	3.0	
NGC 7227		GX	22.192036	38.721361	14.93	1.24	
NGC 7228		GX	22.196833	38.699167	14.92	1.38	
NGC 7229		GX	22.234228	-29.38275	12.73	1.46	
NGC 723		GX	1.896022	-23.75775	13.39	1.34	
NGC 7230		GX	22.236997	-17.074056	14.44	1.0	
NGC 7231		GX	22.208367	45.328472	13.91	1.69	
NGC 7232		GX	22.260556	-45.850083	11.89	2.86	
NGC 7232A		GX	22.228178	-45.893722	13.91	2.17	
NGC 7232B		GX	22.264569	-45.780639	13.59	1.68	
NGC 7233		GX	22.263606	-45.846444	12.53	1.74	
NGC 7234		OC	22.20695	57.271333	7.7	2.4	
NGC 7236		GX	22.245831	13.846528	13.55	1.38	
NGC 7237		GX	22.246356	13.840861	14.56	1.98	
NGC 7238		OTHER	22.255697	22.519222	99.0	0.0	
NGC 7239		GX	22.250389	-5.053333	15.52	0.97	
NGC 7240		GX	22.256267	37.280667	14.17	0.6	
NGC 7241		GX	22.263853	19.232361	13.47	2.75	
NGC 7242		GX	22.26125	37.300556	99.0	1.4	
NGC 7242 NED01		GX	22.260969	37.298722	13.98	1.23	
NGC 7242 NED02		GX	22.261547	37.302778	17.87	0.29	
NGC 7243		OC	22.252383	49.8975	6.4	15.0	
NGC 7244		GX	22.274119	16.471444	13.92	0.91	
NGC 7245		OC	22.253197	54.342556	9.2	3.9	
NGC 7246		GX	22.295189	-15.571278	13.76	2.26	
NGC 7247		GX	22.294792	-23.731028	13.41	1.28	
NGC 7248		GX	22.28165	40.502333	12.48	1.72	
NGC 7249		GX	22.341944	-55.124861	13.39	0.97	
NGC 725		GX	1.876525	-16.517806	14.97	0.89	
NGC 7250		GX	22.304944	40.562389	12.56	2.12	
NGC 7251		GX	22.340872	-15.773556	13.5	1.67	
NGC 7252		GX	22.345764	-24.678278	12.13	1.85	
NGC 7253		GX	22.324694	29.391667	99.0	2.6	
NGC 7253A		GX	22.324364	29.395806	13.99	1.56	
NGC 7253B		GX	22.325028	29.387778	13.95	1.28	
NGC 7254		GX	22.376731	-21.737222	13.91	1.3	
NGC 7255		GX	22.385556	-15.541417	15.15	1.47	
NGC 7257		GX	22.376789	-4.12075	13.69	1.81	
NGC 7258		GX	22.382797	-28.345139	13.99	1.54	
NGC 7259		GX	22.384867	-28.954833	13.77	1.25	
NGC 726		GX	1.925519	-10.799806	15.08	1.08	
NGC 7261		OC	22.335108	58.051833	8.4	6.9	
NGC 7262		GX	22.391261	-32.36425	15.0	0.86	
NGC 7263		GX	22.362569	36.35	15.62	0.94	
NGC 7264		GX	22.370494	36.387	14.6	1.99	
NGC 7265		GX	22.374289	36.209611	12.22	2.48	
NGC 7266		GX	22.399711	-4.073417	14.38	0.72	
NGC 7267		GX	22.406058	-33.694083	12.23	1.73	
NGC 7268		GX	22.428167	-31.200556	99.0	1.4	
NGC 7268 NED01		GX	22.427978	-31.20075	14.45	1.29	
NGC 7268 NED02		GX	22.428378	-31.2	15.4	1.0	
NGC 7269		GX	22.429619	-13.166389	14.61	1.02	
NGC 727		GX	1.89705	-35.856167	14.92	1.18	
NGC 7270		GX	22.396536	32.403028	14.95	0.93	
NGC 7271		GX	22.399331	32.366861	16.03	0.61	
NGC 7272		GX	22.408808	16.588167	15.3	1.09	
NGC 7273		GX	22.402564	36.199833	14.68	0.85	
NGC 7274		GX	22.403086	36.125861	14.18	1.83	
NGC 7275		GX	22.404786	32.44625	14.94	1.16	
NGC 7276		GX	22.403992	36.087556	14.89	1.0	
NGC 7277		GX	22.436372	-31.14525	14.18	1.28	
NGC 7278		GX	22.472892	-60.169833	15.2	0.76	
NGC 7279		GX	22.453517	-35.140444	13.8	1.24	
NGC 728		OTHER	1.917067	4.222583	99.0	0.0	
NGC 7280		GX	22.440994	16.148222	12.17	2.01	
NGC 7281		OC	22.422494	57.821139	99.0	4.8	
NGC 7282		GX	22.431628	40.314861	15.27	0.79	
NGC 7283		GX	22.475761	17.470333	15.81	0.87	
NGC 7284		GX	22.476647	-24.844139	13.33	1.82	
NGC 7285		GX	22.477222	-24.840778	12.83	2.68	
NGC 7286		GX	22.464033	29.095972	13.3	1.81	
NGC 7287		GX	22.480194	-22.2025	14.75	0.7	
NGC 7287A		GX	22.480136	-22.203361	15.53	0.62	
NGC 7287B		GX	22.480192	-22.201778	16.79	0.62	
NGC 7288		GX	22.470825	-2.884556	13.98	1.92	
NGC 7289		GX	22.488958	-35.471972	14.26	1.63	
NGC 7290		GX	22.474008	17.147444	13.27	1.49	
NGC 7291		GX	22.474861	16.783139	14.83	1.62	
NGC 7292		GX	22.473864	30.292306	12.56	1.82	
NGC 7293	Helix Nebula	PN	22.494047	-20.837333	7.3	16.33	
NGC 7294		GX	22.535572	-25.397778	13.57	2.1	
NGC 7295		OC	22.467456	52.289083	9.7	2.7	
NGC 7297		GX	22.519522	-37.826444	14.63	0.84	
NGC 7298		GX	22.514069	-14.18825	13.77	1.28	
NGC 7299		GX	22.525864	-37.809556	14.79	0.67	
NGC 72A		GX	0.309528	30.036389	14.64	0.38	
NGC 73		GX	0.310836	-15.32225	14.37	1.68	
NGC 730		STAR	1.921667	5.636389	99.0	0.0	
NGC 7300		GX	22.516642	-14.003528	12.83	2.06	
NGC 7301		GX	22.509644	-17.573778	14.21	0.85	
NGC 7302		GX	22.539944	-14.120528	12.18	1.73	
NGC 7303		GX	22.525786	30.955972	13.62	1.54	
NGC 7304		OTHER	22.529028	30.979667	99.0	0.0	
NGC 7305		GX	22.537206	11.712139	15.13	0.86	
NGC 7306		GX	22.554575	-27.246611	13.5	1.81	
NGC 7307		GX	22.564594	-40.932722	12.63	3.83	
NGC 7308		GX	22.575594	-12.933861	14.4	1.27	
NGC 7309		GX	22.572386	-10.357	12.5	2.08	
NGC 731		GX	1.915614	-9.010806	12.14	1.7	
NGC 7310		GX	22.576919	-22.485083	14.2	0.95	
NGC 7311		GX	22.568531	5.569889	13.32	1.47	
NGC 7312		GX	22.576331	5.817361	14.45	0.93	
NGC 7313		GX	22.592378	-26.101778	15.15	0.7	
NGC 7314		GX	22.596164	-26.050472	11.22	4.21	
NGC 7315		GX	22.592142	34.803389	13.87	1.58	
NGC 7316		GX	22.598983	20.32225	13.04	1.19	
NGC 7317		GX	22.597744	33.944889	13.66	0.8	
NGC 7318		GX	22.599333	33.965556	99.0	2.5	
NGC 7318A		GX	22.599097	33.965472	13.39	1.47	
NGC 7318B		GX	22.599558	33.965917	13.97	2.37	
NGC 7319		GX	22.600986	33.975722	13.48	1.67	
NGC 732		GX	1.941031	36.802222	14.85	0.98	
NGC 7320		GX	22.600939	33.948111	12.96	2.55	
NGC 7320C		GX	22.605658	33.984972	15.54	0.59	
NGC 7321		GX	22.607783	21.621806	13.92	1.41	
NGC 7322		GX	22.630961	-37.231194	14.54	1.04	
NGC 7323		GX	22.614914	19.143861	14.03	1.17	
NGC 7324		GX	22.616922	19.14625	14.61	1.14	
NGC 7325		STAR	22.613478	34.368028	14.7	0.0	
NGC 7326		STAR	22.614469	34.423111	99.0	0.0	
NGC 7327		GX	22.609456	34.503611	16.1	0.51	
NGC 7328		GX	22.6248	10.531583	12.98	1.95	
NGC 7329		GX	22.673394	-66.478972	11.7	3.12	
NGC 733		STAR	1.942747	33.055306	15.8	0.0	
NGC 7330		GX	22.615606	38.548056	13.55	1.71	
NGC 7331		GX	22.617781	34.415528	9.41	9.27	
NGC 7332		GX	22.623483	23.798333	11.05	2.95	
NGC 7333		STAR	22.6199	34.437833	15.1	0.0	
NGC 7335		GX	22.622053	34.44775	13.39	1.26	
NGC 7336		GX	22.622761	34.48175	15.64	0.61	
NGC 7337		GX	22.624061	34.374306	15.65	1.02	
NGC 7338		STAR	22.625367	34.414472	99.0	0.0	
NGC 7339		GX	22.629789	23.786694	12.24	3.21	
NGC 734		GX	1.891317	-16.995694	15.39	0.75	
NGC 7340		GX	22.62895	34.41	14.64	0.86	
NGC 7341		GX	22.651539	-22.666667	13.42	2.39	
NGC 7342		GX	22.636986	35.498861	15.23	1.31	
NGC 7343		GX	22.64385	34.071444	13.5	0.91	
NGC 7344		GX	22.660069	-4.158972	14.61	1.23	
NGC 7345		GX	22.645794	35.540583	15.04	1.09	
NGC 7346		GX	22.659847	11.083333	15.66	0.38	
NGC 7347		GX	22.665603	11.027556	14.54	1.55	
NGC 7348		GX	22.676744	11.906222	14.75	1.01	
NGC 7349		GX	22.687472	-21.7985	14.51	1.2	
NGC 735		GX	1.943883	34.176778	13.25	1.6	
NGC 7350		STAR	22.680156	12.006528	99.0	0.0	
NGC 7351		GX	22.690817	-4.444722	13.55	1.6	
NGC 7352		OTHER	22.662139	57.394361	99.0	0.0	
NGC 7353		GX	22.703475	11.877306	16.67	0.65	
NGC 7354		PN	22.672114	61.284833	12.2	0.38	
NGC 7355		GX	22.725156	-36.865167	15.09	1.04	
NGC 7356		GX	22.700653	30.708806	15.31	1.26	
NGC 7357		GX	22.70665	30.171361	15.11	0.58	
NGC 7358		GX	22.760122	-65.121833	12.75	2.13	
NGC 7359		GX	22.746667	-23.688083	12.45	2.18	
NGC 736		GX	1.944686	33.0435	12.14	1.83	
NGC 7360		GX	22.726097	4.151167	14.48	0.81	
NGC 7361		GX	22.704975	-30.057667	12.35	3.14	
NGC 7362		GX	22.730356	8.705444	12.74	1.3	
NGC 7363		GX	22.722197	34.0015	14.53	0.86	
NGC 7364		GX	22.740103	-0.162083	13.36	1.65	
NGC 7365		GX	22.752789	-19.952028	12.81	1.79	
NGC 7366		GX	22.740731	10.781361	16.22	0.34	
NGC 7367		GX	22.742903	3.646389	14.82	1.43	
NGC 7368		GX	22.7588	-39.341833	13.17	2.85	
NGC 7369		GX	22.73675	34.351222	14.73	0.86	
NGC 737		OTHER	1.944667	33.048917	99.0	0.0	
NGC 7370		GX	22.760342	11.057806	16.38	0.65	
NGC 7371		GX	22.767706	-11.001139	12.02	2.09	
NGC 7372		GX	22.762778	11.130833	14.51	1.01	
NGC 7373		GX	22.772058	3.210056	14.71	1.04	
NGC 7374		GX	22.766931	10.853611	14.83	0.87	
NGC 7374B		GX	22.766442	10.8675	15.55	0.78	
NGC 7375		GX	22.775567	21.083639	14.67	0.92	
NGC 7376		GX	22.788161	3.645583	15.56	0.69	
NGC 7377		GX	22.796528	-22.312111	11.19	3.92	
NGC 7378		GX	22.796583	-11.816639	13.0	1.52	
NGC 7379		GX	22.792486	40.238806	14.33	1.25	
NGC 738		GX	1.946025	33.058333	15.94	0.35	
NGC 7380		OC	22.789169	58.132417	7.2	25.0	
NGC 7381		GX	22.835597	-19.725111	14.93	0.68	
NGC 7382		GX	22.839978	-36.857306	14.67	0.74	
NGC 7383		GX	22.826561	11.556389	14.01	0.86	
NGC 7384		STAR	22.828486	11.487444	99.0	0.0	
NGC 7385		GX	22.831831	11.608556	12.13	1.93	
NGC 7386		GX	22.833931	11.698361	12.52	2.04	
NGC 7387		GX	22.838233	11.636722	13.98	1.0	
NGC 7388		STAR	22.839172	11.710944	99.0	0.0	
NGC 7389		GX	22.837792	11.566194	14.86	1.45	
NGC 739		GX	1.948525	33.266694	14.74	0.81	
NGC 7390		GX	22.838783	11.531028	15.45	0.82	
NGC 7391		GX	22.843369	-1.544833	12.05	1.49	
NGC 7392		GX	22.863539	-20.608083	11.84	2.24	
NGC 7393		GX	22.860581	-5.557306	13.34	2.04	
NGC 7394		OC	22.835467	52.180111	99.0	0.0	
NGC 7395		GX	22.850814	37.087806	15.16	1.15	
NGC 7396		GX	22.872956	1.092389	13.49	1.77	
NGC 7397		GX	22.879639	1.132778	15.04	0.71	
NGC 7398		GX	22.880353	1.201111	14.64	1.05	
NGC 7399		GX	22.877572	-9.267778	14.5	1.13	
NGC 74		GX	0.313706	30.061972	15.64	0.83	
NGC 740		GX	1.948575	33.015167	14.81	1.57	
NGC 7400		GX	22.905783	-45.347028	13.64	2.42	
NGC 7401		GX	22.882933	1.142667	15.26	0.75	
NGC 7402		GX	22.884578	1.144444	16.05	0.42	
NGC 7403		STAR	22.885111	1.482722	99.0	0.0	
NGC 7404		GX	22.905169	-39.314944	12.74	1.63	
NGC 7405		GX	22.882547	12.593611	16.98	0.33	
NGC 7406		GX	22.898956	-6.57925	14.17	0.92	
NGC 7407		GX	22.889133	32.130667	14.11	1.67	
NGC 7408		GX	22.932461	-63.694722	15.41	1.91	
NGC 7409		GX	22.8967	20.210389	15.49	0.58	
NGC 741		GX	1.939175	5.628944	11.26	2.83	
NGC 7410		GX	22.916931	-39.661333	11.19	6.01	
NGC 7411		GX	22.9097	20.236167	14.64	1.0	
NGC 7412		GX	22.929375	-42.642028	11.33	3.79	
NGC 7412A		GX	22.9525	-42.804472	13.96	0.59	
NGC 7413		GX	22.917528	13.220472	15.16	1.14	
NGC 7414		GX	22.92345	13.248278	16.77	0.62	
NGC 7415		GX	22.914894	20.261556	14.96	0.82	
NGC 7416		GX	22.92825	-5.495333	12.33	3.08	
NGC 7417		GX	22.963753	-65.038556	12.31	2.21	
NGC 7418		GX	22.943378	-37.030083	11.04	3.66	
NGC 7418A		GX	22.944792	-36.772722	13.6	1.75	
NGC 7419		OC	22.905572	60.815528	13.0	4.08	
NGC 742		GX	1.940047	5.626694	15.03	0.19	
NGC 7420		GX	22.925569	29.805	14.94	0.85	
NGC 7421		GX	22.948425	-37.34725	11.99	2.38	
NGC 7422		GX	22.936772	3.926778	14.26	0.83	
NGC 7423		OC	22.919039	57.096917	99.0	3.6	
NGC 7424		GX	22.955103	-41.070583	10.18	5.01	
NGC 7425		GX	22.954317	-10.95	15.22	0.97	
NGC 7426		GX	22.934128	36.361361	13.51	1.57	
NGC 7427		GX	22.952756	8.505583	15.29	0.58	
NGC 7428		GX	22.955425	-1.049	13.76	0.91	
NGC 7429		OC	22.9335	59.973861	99.0	4.5	
NGC 743		OC	1.975358	60.166306	99.0	5.4	
NGC 7430		GX	22.958256	8.794306	15.08	0.6	
NGC 7431		GX	22.960747	26.164306	15.45	0.26	
NGC 7432		GX	22.967206	13.1345	14.81	1.57	
NGC 7433		GX	22.964364	26.162167	15.55	0.78	
NGC 7434		GX	22.972625	-1.183944	15.19	0.61	
NGC 7435		GX	22.965131	26.138861	15.43	1.31	
NGC 7436		GX	22.965806	26.15	99.0	1.2	
NGC 7436A		GX	22.965603	26.149972	15.0	0.72	
NGC 7436B		GX	22.965983	26.149944	13.9	1.95	
NGC 7437		GX	22.969461	14.3085	13.95	1.71	
NGC 7438		OC	22.955658	54.309306	99.0	5.7	
NGC 7439		GX	22.969433	29.228417	15.08	1.03	
NGC 744		OC	1.974978	55.474611	7.9	11.7	
NGC 7440		GX	22.975706	35.802417	13.51	1.16	
NGC 7441		GX	22.944828	-7.379056	14.31	1.29	
NGC 7442		GX	22.990708	15.548389	14.15	1.01	
NGC 7443		GX	23.002458	-12.807889	12.91	1.73	
NGC 7444		GX	23.002489	-12.834278	12.82	1.45	
NGC 7445		GX	22.989567	39.107528	15.58	0.67	
NGC 7446		GX	22.991389	39.082889	15.44	1.26	
NGC 7447		OTHER	23.007244	-10.528	99.0	0.0	
NGC 7448		GX	23.000997	15.980333	11.69	2.07	
NGC 7449		GX	22.993789	39.145861	15.35	1.02	
NGC 745		GX	1.902406	-56.69075	99.0	1.8	
NGC 745 NED01		GX	1.902144	-56.693667	14.5	1.75	
NGC 745 NED02		GX	1.902114	-56.687361	15.21	0.11	
NGC 745 NED03		GX	1.903147	-56.685472	15.11	1.13	
NGC 7450		GX	23.013283	-12.918528	14.33	1.54	
NGC 7451		GX	23.01135	8.467917	14.94	1.11	
NGC 7452		GX	23.013194	6.745528	16.52	0.51	
NGC 7453		OTHER	23.023725	-6.3565	99.0	0.0	
NGC 7454		GX	23.018475	16.388361	11.86	1.54	
NGC 7455		GX	23.011381	7.303056	15.26	0.7	
NGC 7456		GX	23.036228	-39.569389	11.88	5.15	
NGC 7457		GX	23.016647	30.144944	10.98	3.95	
NGC 7458		GX	23.024622	1.753389	12.54	1.03	
NGC 7459		GX	23.016639	6.75	99.0	1.0	
NGC 7459 NED01		GX	23.016567	6.749417	15.37	1.32	
NGC 7459 NED02		GX	23.016725	6.751083	99.0	0.27	
NGC 746		GX	1.964169	44.918583	13.7	1.82	
NGC 7460		GX	23.028586	2.263611	12.99	1.14	
NGC 7461		GX	23.030092	15.582472	14.48	0.94	
NGC 7462		GX	23.046247	-40.83525	12.2	4.99	
NGC 7463		GX	23.031106	15.981861	13.19	1.58	
NGC 7464		GX	23.031583	15.97375	14.43	0.52	
NGC 7465		GX	23.033603	15.964778	13.27	1.06	
NGC 7466		GX	23.034286	27.052639	14.42	1.54	
NGC 7467		GX	23.040967	15.554083	15.38	0.81	
NGC 7468		GX	23.049794	16.60525	13.61	0.82	
NGC 7469		GX	23.054339	8.874	12.59	1.38	
NGC 747		GX	1.958458	-9.462361	14.5	1.15	
NGC 7470		GX	23.087239	-50.111583	13.73	1.55	
NGC 7471		OTHER	23.06495	-22.906917	99.0	0.0	
NGC 7472		GX	23.094058	3.05925	14.55	0.75	
NGC 7473		GX	23.065858	30.160139	14.74	1.09	
NGC 7474		GX	23.067897	20.067194	15.01	0.79	
NGC 7475		GX	23.069694	20.081139	99.0	1.3	
NGC 7475 NED01		GX	23.069514	20.0795	14.97	1.41	
NGC 7475 NED02		GX	23.069897	20.085028	15.1	0.45	
NGC 7476		GX	23.086631	-43.099361	13.58	1.33	
NGC 7477		GX	23.077961	3.118	16.92	0.38	
NGC 7478		GX	23.082392	2.577778	16.4	0.43	
NGC 7479		GX	23.082403	12.322889	11.09	3.65	
NGC 748		GX	1.939389	-4.467639	12.64	2.56	
NGC 7480		GX	23.087117	2.549417	14.81	1.32	
NGC 7481		OTHER	23.097672	-19.939667	99.0	0.0	
NGC 7483		GX	23.096747	3.545111	14.22	1.43	
NGC 7484		GX	23.118031	-36.275361	12.98	1.09	
NGC 7485		GX	23.10135	34.107694	14.15	1.51	
NGC 7486		OTHER	23.103606	34.1015	99.0	0.0	
NGC 7487		GX	23.114039	28.179028	14.72	1.8	
NGC 7488		GX	23.130264	0.940528	14.64	0.62	
NGC 7489		GX	23.125753	22.998	14.23	1.22	
NGC 749		GX	1.928089	-29.922333	13.53	2.07	
NGC 7490		GX	23.123658	32.375056	12.69	1.81	
NGC 7491		GX	23.134994	-5.966667	14.51	0.84	
NGC 7492		GC	23.140744	-15.611472	10.48	3.0	
NGC 7493		STAR	23.142119	0.91	99.0	0.0	
NGC 7494		GX	23.149606	-24.369583	15.21	0.87	
NGC 7495		GX	23.149217	12.048028	13.12	1.61	
NGC 7496		GX	23.163136	-43.427944	12.73	3.4	
NGC 7496A		GX	23.206467	-43.778194	14.61	1.44	
NGC 7497		GX	23.150947	18.177194	12.28	2.75	
NGC 7498		GX	23.165611	-24.425056	14.98	0.95	
NGC 7499		GX	23.172886	7.580667	12.98	1.55	
NGC 75		GX	0.323981	6.449361	14.64	1.82	
NGC 750		GX	1.959092	33.209278	13.11	1.48	
NGC 7500		GX	23.174947	11.012306	14.94	1.51	
NGC 7501		GX	23.175117	7.589028	13.47	1.02	
NGC 7502		OTHER	23.172164	-21.737583	99.0	0.0	
NGC 7503		GX	23.178411	7.567694	13.49	0.95	
NGC 7504		STAR	23.178103	14.386306	99.0	0.0	
NGC 7505		GX	23.183514	13.631556	15.36	1.0	
NGC 7506		GX	23.194717	-2.160028	14.23	1.25	
NGC 7507		GX	23.202108	-28.539611	10.04	3.33	
NGC 7508		GX	23.196997	12.940417	15.66	0.81	
NGC 7509		GX	23.205947	14.609361	16.47	1.32	
NGC 751		GX	1.959164	33.203083	13.39	1.64	
NGC 7510		OC	23.184383	60.570889	7.9	3.9	
NGC 7511		GX	23.207303	13.726583	15.04	1.01	
NGC 7512		GX	23.205814	31.125611	14.04	1.9	
NGC 7513		GX	23.220564	-28.3575	11.8	3.19	
NGC 7514		GX	23.207183	34.8815	13.15	1.3	
NGC 7515		GX	23.213519	12.679278	12.48	1.65	
NGC 7516		GX	23.214406	20.248417	14.53	1.26	
NGC 7517		GX	23.220508	-2.100417	15.42	0.57	
NGC 7518		GX	23.220203	6.321667	13.49	1.26	
NGC 7519		GX	23.219789	10.772167	15.14	1.11	
NGC 752		OC	1.959672	37.833389	5.7	39.0	
NGC 7520		OTHER	23.229133	-23.794194	99.0	0.0	
NGC 7521		GX	23.226486	-1.7315	14.9	0.52	
NGC 7522		STAR	23.260111	-22.894861	99.0	0.0	
NGC 7523		GX	23.226311	13.986806	15.62	1.32	
NGC 7524		GX	23.229597	-1.730083	15.64	0.81	
NGC 7525		GX	23.227878	14.022972	99.0	0.9	
NGC 7525 NED01		GX	23.227853	14.024389	17.88	0.12	
NGC 7525 NED02		GX	23.227917	14.021	15.2	0.79	
NGC 7526		OTHER	23.233981	-9.221639	99.0	0.0	
NGC 7527		GX	23.228269	24.902278	14.79	1.2	
NGC 7528		GX	23.238961	10.231444	15.98	0.65	
NGC 7529		GX	23.234219	8.9925	14.14	0.8	
NGC 753		GX	1.961722	35.916111	12.41	1.38	
NGC 7530		GX	23.236619	-2.779333	14.99	0.95	
NGC 7531		GX	23.246806	-43.599944	11.25	4.11	
NGC 7532		GX	23.239508	-2.728194	14.8	1.32	
NGC 7533		GX	23.239467	-2.033722	15.67	0.66	
NGC 7534		GX	23.240744	-2.69825	14.22	0.99	
NGC 7535		GX	23.236881	13.581889	13.7	1.46	
NGC 7536		GX	23.236994	13.426389	13.45	1.59	
NGC 7537		GX	23.242917	4.498361	13.2	1.84	
NGC 7538		OC	23.227397	61.512389	99.0	8.0	
NGC 7539		GX	23.241511	23.684833	12.95	1.16	
NGC 754		GX	1.905789	-56.761056	15.25	0.61	
NGC 7540		GX	23.243353	15.950306	15.67	0.66	
NGC 7541		GX	23.245525	4.534361	11.76	3.03	
NGC 7542		GX	23.244897	10.64325	15.62	0.95	
NGC 7543		GX	23.242939	28.327222	14.25	1.39	
NGC 7544		GX	23.249161	-2.199333	15.93	0.75	
NGC 7545		GX	23.258917	-38.535583	13.83	1.28	
NGC 7546		GX	23.251567	-2.32475	14.93	0.66	
NGC 7547		GX	23.250944	18.973444	14.72	1.06	
NGC 7548		GX	23.253086	25.281944	14.44	1.06	
NGC 7549		GX	23.254786	19.041694	14.08	1.85	
NGC 755		GX	1.939633	-9.061417	12.59	2.87	
NGC 7550		GX	23.254447	18.961806	13.17	1.45	
NGC 7551		GX	23.256119	15.941	15.7	0.62	
NGC 7552		GX	23.269656	-42.58475	11.45	3.88	
NGC 7553		GX	23.259192	19.048167	15.67	0.69	
NGC 7554		GX	23.261483	-2.378611	15.89	0.98	
NGC 7555		OTHER	23.258569	12.572861	99.0	0.0	
NGC 7556		GX	23.262353	-2.3815	15.98	2.15	
NGC 7556A		GX	23.262147	-2.385556	99.0	0.28	
NGC 7557		GX	23.261047	6.708333	14.17	0.68	
NGC 7558		GX	23.260619	18.919694	15.88	0.89	
NGC 7559		GX	23.262861	13.293889	99.0	1.5	
NGC 7559A		GX	23.262775	13.296944	16.41	0.6	
NGC 7559B		GX	23.262933	13.290278	14.43	1.29	
NGC 756		GX	1.908069	-16.707167	15.0	0.67	
NGC 7560		STAR	23.264933	4.495861	99.0	0.0	
NGC 7561		STAR	23.26595	4.522722	99.0	0.0	
NGC 7562		GX	23.265972	6.687528	11.55	2.18	
NGC 7562A		GX	23.267072	6.652278	14.79	1.32	
NGC 7563		GX	23.265536	13.196111	12.83	1.53	
NGC 7564		STAR	23.266997	7.348056	99.0	0.0	
NGC 7565		OTHER	23.272169	-0.058611	99.0	0.0	
NGC 7566		GX	23.277064	-2.330556	14.37	1.58	
NGC 7567		GX	23.269522	15.850028	15.36	0.91	
NGC 7568		GX	23.273575	24.497028	14.46	0.9	
NGC 7569		GX	23.279042	8.905444	14.47	0.96	
NGC 7570		GX	23.279075	13.483	13.21	1.58	
NGC 7571		GX	23.308406	18.68875	14.91	1.2	
NGC 7572		GX	23.280658	18.483167	14.02	1.01	
NGC 7573		GX	23.273986	-22.154389	14.9	1.24	
NGC 7575		GX	23.289131	5.660778	14.95	0.77	
NGC 7576		GX	23.28965	-4.727861	12.95	1.0	
NGC 7577		GX	23.288083	7.365417	99.0	0.38	
NGC 7578		GX	23.286861	18.704444	99.0	2.0	
NGC 7578A		GX	23.28665	18.701306	13.17	0.69	
NGC 7578B		GX	23.2871	18.70825	13.2	1.74	
NGC 7579		GX	23.294125	9.433306	17.06	0.45	
NGC 758		GX	1.928372	-3.066472	15.42	0.77	
NGC 7580		GX	23.293444	14.001194	13.67	0.79	
NGC 7582		GX	23.306528	-42.370556	11.03	6.95	
NGC 7583		GX	23.297992	7.379444	14.45	0.91	
NGC 7584		GX	23.298056	9.433333	15.23	0.85	
NGC 7585		GX	23.300372	-4.650306	11.52	2.55	
NGC 7586		GX	23.298778	8.584083	17.23	0.63	
NGC 7587		GX	23.299758	9.680194	12.06	1.12	
NGC 7588		GX	23.299392	18.752167	15.0	0.46	
NGC 7589		GX	23.304353	0.261167	17.01	0.96	
NGC 759		GX	1.963981	36.343111	12.73	1.12	
NGC 7590		GX	23.315225	-42.239056	12.34	3.03	
NGC 7591		GX	23.304522	6.585806	13.18	1.61	
NGC 7592		GX	23.306167	-4.416944	99.0	1.2	
NGC 7592A		GX	23.306056	-4.41575	13.56	0.56	
NGC 7592B		GX	23.306275	-4.416139	13.56	0.87	
NGC 7592C		GX	23.306147	-4.418889	99.0	0.22	
NGC 7593		GX	23.299164	11.349167	13.48	1.04	
NGC 7594		GX	23.303867	10.298306	13.76	1.29	
NGC 7595		GX	23.308397	9.932417	99.0	0.7	
NGC 7596		GX	23.286667	-6.912	15.12	0.93	
NGC 7598		GX	23.309242	18.749361	15.74	0.3	
NGC 7599		GX	23.322539	-42.256833	11.35	4.81	
NGC 76		GX	0.327164	29.933861	14.06	1.28	
NGC 760		STAR	1.963167	33.355389	14.5	0.0	
NGC 7600		GX	23.314961	-7.580444	11.95	2.09	
NGC 7601		GX	23.313069	9.233611	13.98	1.01	
NGC 7602		GX	23.312092	18.698361	15.47	0.62	
NGC 7603		GX	23.315728	0.243944	14.01	1.2	
NGC 7604		GX	23.29775	7.429889	15.23	0.42	
NGC 7606		GX	23.317994	-8.485083	11.0	5.26	
NGC 7607		STAR	23.316456	11.341722	99.0	0.0	
NGC 7608		GX	23.320925	8.350139	14.18	1.43	
NGC 7609		GX	23.325139	9.505278	99.0	1.1	
NGC 7609 NED01		GX	23.325014	9.508222	14.29	1.17	
NGC 7609 NED02		GX	23.325303	9.502972	16.14	0.74	
NGC 761		GX	1.963775	33.377139	14.42	1.48	
NGC 7610		GX	23.328158	10.185	13.06	2.17	
NGC 7611		GX	23.326833	8.06325	12.56	1.7	
NGC 7612		GX	23.328944	8.576389	12.79	1.63	
NGC 7613		OTHER	23.331044	0.198861	99.0	0.0	
NGC 7614		OTHER	23.331044	0.198861	99.0	0.0	
NGC 7615		GX	23.331789	8.399417	14.32	0.83	
NGC 7617		GX	23.335825	8.165778	13.88	0.94	
NGC 7618		GX	23.329783	42.852639	14.26	1.23	
NGC 7619		GX	23.337369	8.20625	11.06	2.53	
NGC 762		GX	1.949386	-5.402861	14.0	1.24	
NGC 7620		GX	23.334911	24.221139	13.38	0.94	
NGC 7621		GX	23.340172	8.366306	15.56	0.68	
NGC 7622		GX	23.360703	-62.11775	14.47	1.35	
NGC 7623		GX	23.341672	8.395806	12.82	1.34	
NGC 7624		GX	23.339614	27.315694	13.11	1.3	
NGC 7625		GX	23.341703	17.225556	12.2	1.48	
NGC 7626		GX	23.345153	8.216972	11.12	2.5	
NGC 7627		GX	23.375258	11.892556	15.12	1.47	
NGC 7628		GX	23.348578	25.898556	13.76	1.36	
NGC 7629		GX	23.355381	1.403139	14.89	0.94	
NGC 7630		GX	23.354531	11.397333	15.46	0.89	
NGC 7631		GX	23.357408	8.217639	13.08	1.86	
NGC 7632		GX	23.366917	-42.4805	12.15	2.56	
NGC 7633		GX	23.38425	-67.653722	12.67	2.2	
NGC 7634		GX	23.3616	8.886917	12.61	1.21	
NGC 7635	Bubble Nebula	EN	23.346	61.212361	11.0	15.0	
NGC 7636		GX	23.375822	-29.280694	14.87	1.03	
NGC 7637		GX	23.441017	-81.911583	13.25	2.08	
NGC 7638		GX	23.375867	11.328806	15.5	0.65	
NGC 7639		GX	23.380064	11.372861	15.93	0.74	
NGC 764		STAR	1.950908	-16.0625	99.0	0.0	
NGC 7640		GX	23.368494	40.845417	11.01	8.09	
NGC 7642		GX	23.3815	1.442778	14.68	0.49	
NGC 7643		GX	23.380667	11.988833	13.21	1.47	
NGC 7645		GX	23.396469	-29.388028	13.82	1.58	
NGC 7646		GX	23.401933	-11.860694	14.01	0.97	
NGC 7647		GX	23.399286	16.777278	12.9	1.81	
NGC 7648		GX	23.398339	9.667472	12.95	1.56	
NGC 7649		GX	23.405581	14.647139	13.57	1.63	
NGC 765		GX	1.98	24.892472	12.47	2.62	
NGC 7650		GX	23.422625	-57.791361	12.75	1.44	
NGC 7651		GX	23.407167	13.97	99.0	1.1	
NGC 7651 NED01		GX	23.407214	13.972278	14.52	1.26	
NGC 7651 NED02		GX	23.407131	13.967111	16.17	0.48	
NGC 7652		GX	23.427064	-57.887389	14.52	1.2	
NGC 7653		GX	23.413711	15.275583	12.74	1.62	
NGC 7655		GX	23.446094	-68.027528	14.21	0.76	
NGC 7656		GX	23.408725	-19.059056	14.47	0.97	
NGC 7657		GX	23.446531	-57.80575	15.03	1.46	
NGC 7658		GX	23.440194	-39.221806	99.0	1.5	
NGC 7658A		GX	23.440186	-39.215972	15.35	0.67	
NGC 7658B		GX	23.440236	-39.226611	14.52	1.0	
NGC 7659		GX	23.432133	14.209833	14.76	0.99	
NGC 766		GX	1.978319	8.346639	14.3	1.81	
NGC 7660		GX	23.430183	27.029889	12.65	1.94	
NGC 7661		GX	23.453969	-65.270417	14.12	1.84	
NGC 7662	Copeland's Blue Snowball	PN	23.431639	42.534944	8.3	0.28	
NGC 7663		GX	23.445894	-4.966667	17.4	0.39	
NGC 7664		GX	23.444378	25.080139	12.7	1.52	
NGC 7665		GX	23.454111	-9.387	14.23	0.76	
NGC 7666		OTHER	23.456808	-4.186306	99.0	0.0	
NGC 7667		GX	23.406417	-0.108056	14.58	1.05	
NGC 7668		OTHER	23.456061	-0.191306	99.0	0.0	
NGC 7669		OTHER	23.456061	-0.191306	99.0	0.0	
NGC 767		GX	1.980778	-9.587139	15.37	1.27	
NGC 7670		OTHER	23.456061	-0.191306	99.0	0.0	
NGC 7671		GX	23.455372	12.467417	12.79	1.39	
NGC 7672		GX	23.458733	12.385194	14.02	0.85	
NGC 7673		GX	23.461394	23.589028	12.79	1.04	
NGC 7674		GX	23.465756	8.779028	14.19	1.12	
NGC 7675		GX	23.468311	8.768583	14.68	0.75	
NGC 7676		GX	23.483811	-59.716667	13.48	2.07	
NGC 7677		GX	23.468367	23.531389	13.19	1.13	
NGC 7678		GX	23.474417	22.421194	12.14	2.0	
NGC 7679		GX	23.479639	3.511472	13.16	1.23	
NGC 768		GX	1.978036	0.529222	14.2	1.56	
NGC 7680		GX	23.476417	32.415722	12.54	1.67	
NGC 7681		GX	23.481914	17.309639	14.68	1.44	
NGC 7682		GX	23.484425	3.533333	13.94	1.15	
NGC 7683		GX	23.484394	11.445167	12.55	1.97	
NGC 7684		GX	23.5089	0.081056	14.35	1.58	
NGC 7685		GX	23.509306	3.901583	13.16	1.67	
NGC 7686		OC	23.50205	49.134111	5.6	3.6	
NGC 7687		GX	23.515125	3.546611	14.94	1.09	
NGC 7688		GX	23.518194	21.411528	15.4	0.94	
NGC 7689		GX	23.554647	-54.094472	10.84	3.1	
NGC 769		GX	1.993306	30.909917	13.36	0.85	
NGC 7690		GX	23.550711	-51.698361	12.31	2.16	
NGC 7691		GX	23.540117	15.847833	12.85	1.67	
NGC 7692		GX	23.546322	-5.596889	14.85	0.5	
NGC 7693		GX	23.552919	-1.291861	14.58	0.82	
NGC 7694		GX	23.554381	-2.702889	13.92	1.37	
NGC 7695		GX	23.554167	-2.720194	15.93	0.56	
NGC 7696		GX	23.563919	4.870806	14.75	0.76	
NGC 7697		GX	23.581383	-65.396028	14.34	1.68	
NGC 7698		GX	23.567106	24.944611	14.61	1.05	
NGC 7699		GX	23.574175	-2.899444	15.73	0.69	
NGC 77		GX	0.333792	-22.532111	15.92	0.48	
NGC 770		GX	1.987122	18.954667	13.49	0.91	
NGC 7700		GX	23.575081	-2.953667	14.98	2.04	
NGC 7701		GX	23.575417	-2.854278	14.36	1.24	
NGC 7702		GX	23.591356	-56.012278	12.15	2.15	
NGC 7703		GX	23.579686	16.075778	14.69	2.24	
NGC 7704		GX	23.583619	4.897528	14.96	1.1	
NGC 7705		GX	23.584033	4.803806	15.51	0.58	
NGC 7706		GX	23.586236	4.964194	14.54	1.13	
NGC 7707		GX	23.580944	44.304056	14.68	1.35	
NGC 7708		OC	23.583739	72.833167	99.0	5.1	
NGC 7709		GX	23.590964	-16.705083	13.6	2.22	
NGC 771		STAR	2.057386	72.420889	3.95	0.0	
NGC 7710		GX	23.59615	-2.880917	14.78	1.18	
NGC 7711		GX	23.594269	15.301972	12.18	2.43	
NGC 7712		GX	23.597678	23.61875	13.82	0.9	
NGC 7713		GX	23.604164	-37.938083	11.18	4.91	
NGC 7713A		GX	23.618969	-37.714139	12.73	1.59	
NGC 7714		GX	23.603917	2.155167	13.61	2.18	
NGC 7715		GX	23.60615	2.156528	14.21	2.06	
NGC 7716		GX	23.608736	0.297278	12.25	1.83	
NGC 7717		GX	23.628797	-15.1185	13.83	1.71	
NGC 7718		GX	23.634725	25.719722	15.15	1.03	
NGC 7719		GX	23.634047	-22.974417	15.09	0.9	
NGC 772		GX	1.988772	19.007528	10.3	4.57	
NGC 7720		GX	23.641497	27.031444	99.0	1.2	
NGC 7720 NED01		GX	23.6415	27.031472	12.91	1.51	
NGC 7720A		GX	23.641539	27.03475	13.9	0.68	
NGC 7721		GX	23.646847	-6.517861	11.68	3.08	
NGC 7722		GX	23.644778	15.954639	13.46	2.11	
NGC 7723		GX	23.649189	-12.961083	11.21	3.29	
NGC 7724		GX	23.651989	-12.224056	13.79	1.47	
NGC 7725		GX	23.654106	-4.539389	14.76	0.86	
NGC 7726		GX	23.653308	27.115333	15.04	1.36	
NGC 7727		GX	23.664922	-12.292778	10.64	3.61	
NGC 7728		GX	23.6669	27.133722	14.07	1.42	
NGC 7729		GX	23.676014	29.188167	14.45	1.69	
NGC 773		GX	1.981111	-11.514639	13.91	1.38	
NGC 7730		GX	23.679431	-20.508806	14.42	0.76	
NGC 7731		GX	23.691408	3.740028	13.51	1.05	
NGC 7732		GX	23.692742	3.724944	13.89	1.49	
NGC 7733		GX	23.709153	-65.9565	14.27	1.26	
NGC 7734		GX	23.711925	-65.944639	13.08	1.4	
NGC 7735		GX	23.704808	26.23175	14.92	1.39	
NGC 7736		GX	23.707161	-19.452306	12.88	1.66	
NGC 7737		GX	23.712892	27.052944	14.74	1.09	
NGC 7738		GX	23.733906	0.516639	14.16	1.19	
NGC 7739		GX	23.741689	0.320472	14.94	0.76	
NGC 774		GX	1.992981	14.008194	14.28	1.28	
NGC 7740		GX	23.725633	27.311889	14.9	1.08	
NGC 7741		GX	23.731769	26.075611	11.27	3.63	
NGC 7742		GX	23.737703	10.767083	11.58	1.71	
NGC 7743		GX	23.739206	9.934083	12.43	2.61	
NGC 7744		GX	23.749789	-42.910917	11.85	2.48	
NGC 7745		GX	23.746053	25.908972	16.64	0.68	
NGC 7746		GX	23.755556	-1.684889	14.42	1.16	
NGC 7747		GX	23.758958	27.360944	14.42	1.41	
NGC 7748		STAR	23.749075	69.754861	7.15	0.0	
NGC 7749		GX	23.763208	-29.517806	15.2	1.75	
NGC 775		GX	1.975742	-26.293722	13.38	1.69	
NGC 7750		GX	23.777178	3.799806	12.89	1.5	
NGC 7751		GX	23.782872	6.861806	13.87	1.48	
NGC 7752		GX	23.782933	29.458917	14.22	0.92	
NGC 7753		GX	23.784675	29.483444	13.3	2.01	
NGC 7754		GX	23.819781	-16.600583	15.0	0.65	
NGC 7755		GX	23.797711	-30.522028	11.68	3.7	
NGC 7756		STAR	23.807944	4.125167	99.0	0.0	
NGC 7757		GX	23.812644	4.171139	12.79	1.83	
NGC 7758		GX	23.815328	-22.024194	15.47	0.77	
NGC 7759		GX	23.815194	-16.541167	13.95	1.53	
NGC 776		GX	1.998469	23.644389	13.44	1.35	
NGC 7760		GX	23.819983	30.983139	14.74	1.14	
NGC 7761		GX	23.858025	-13.381583	14.11	1.23	
NGC 7762		OC	23.833819	68.037972	99.0	6.5	
NGC 7763		GX	23.837694	-16.59	15.25	0.73	
NGC 7764		GX	23.848328	-40.728222	12.21	1.95	
NGC 7764A		GX	23.889583	-40.810278	13.19	0.74	
NGC 7765		GX	23.847822	27.166278	15.66	0.69	
NGC 7766		GX	23.848864	27.126306	16.21	0.87	
NGC 7767		GX	23.848986	27.087139	14.14	1.1	
NGC 7768		GX	23.849606	27.147389	12.34	1.48	
NGC 7769		GX	23.851103	20.150417	11.79	1.75	
NGC 777		GX	2.004139	31.429583	11.46	2.75	
NGC 7770		GX	23.856261	20.096528	13.82	0.97	
NGC 7771		GX	23.856892	20.11175	12.11	2.51	
NGC 7772		OTHER	23.862767	16.248139	99.0	13.2	
NGC 7773		GX	23.869414	31.276611	14.44	1.1	
NGC 7774		GX	23.869778	11.47	99.0	1.2	
NGC 7774 NED01		GX	23.869636	11.470306	14.48	1.32	
NGC 7774 NED02		GX	23.869914	11.469722	14.6	0.91	
NGC 7775		GX	23.873458	28.772667	13.85	0.99	
NGC 7776		GX	23.9046	-13.586444	14.75	1.0	
NGC 7777		GX	23.886806	28.283444	14.46	1.26	
NGC 7778		GX	23.888797	7.870917	12.76	1.02	
NGC 7779		GX	23.890775	7.875667	12.67	1.49	
NGC 778		GX	2.0054	31.313028	14.14	1.05	
NGC 7780		GX	23.892269	8.118139	13.91	0.99	
NGC 7781		GX	23.896106	7.860472	13.93	1.07	
NGC 7782		GX	23.898303	7.970556	12.24	2.43	
NGC 7783		GX	23.903072	0.379944	99.0	1.9	
NGC 7783 NED01		GX	23.9028	0.382861	14.03	1.55	
NGC 7783 NED02		GX	23.903356	0.377028	15.03	0.83	
NGC 7784		GX	23.920464	21.762167	15.55	0.73	
NGC 7785		GX	23.921953	5.915833	11.6	1.95	
NGC 7786		GX	23.92265	21.588056	13.9	0.56	
NGC 7787		GX	23.935506	0.549472	15.31	1.09	
NGC 7788		OC	23.945994	61.399917	9.4	2.4	
NGC 7789		OC	23.956683	56.708278	6.7	14.4	
NGC 779		GX	1.995078	-5.963194	11.21	1.35	
NGC 7790		OC	23.973406	61.208306	8.5	3.6	
NGC 7791		STAR	23.965917	10.765722	99.0	0.0	
NGC 7792		GX	23.967658	16.501417	14.85	0.77	
NGC 7793		GX	23.963842	-32.591028	9.29	10.42	
NGC 7794		GX	23.976144	10.728139	13.74	1.17	
NGC 7795		OC	23.977067	60.034972	99.0	2.22	
NGC 7796		GX	23.983269	-55.458306	11.47	2.73	
NGC 7797		GX	23.983019	3.634639	14.76	0.9	
NGC 7798		GX	23.990417	20.749861	12.35	1.45	
NGC 7799		STAR	23.992097	31.295611	99.0	0.0	
NGC 78		GX	0.340722	0.829722	99.0	1.9	
NGC 780		GX	2.009772	28.225139	14.58	1.65	
NGC 7800		GX	23.993422	14.805583	13.31	1.74	
NGC 7801		OC	0.005956	50.745	99.0	4.2	
NGC 7802		GX	0.016783	6.242056	14.64	1.18	
NGC 7803		GX	0.022214	13.11125	14.07	0.86	
NGC 7804		STAR	0.021889	7.749694	99.0	0.0	
NGC 7805		GX	0.024103	31.43375	13.29	1.42	
NGC 7806		GX	0.025014	31.441861	14.29	1.21	
NGC 7807		GX	0.007383	-18.841889	15.57	0.73	
NGC 7808		GX	0.058925	-10.744667	15.31	1.08	
NGC 7809		GX	0.035958	2.941056	15.11	0.45	
NGC 781		GX	2.002489	12.656111	13.91	1.47	
NGC 7810		GX	0.038656	12.971639	14.27	0.96	
NGC 7811		GX	0.040686	3.351917	14.68	0.39	
NGC 7812		GX	0.048464	-34.235639	13.99	1.1	
NGC 7813		GX	0.0692	-11.983889	15.0	0.81	
NGC 7814		GX	0.054136	16.145417	10.6	4.37	
NGC 7815		STAR	0.056897	20.704167	99.0	0.0	
NGC 7816		GX	0.063572	7.478639	13.91	1.64	
NGC 7817		GX	0.066364	20.752333	12.11	3.29	
NGC 7818		GX	0.069125	7.379389	15.05	0.93	
NGC 7819		GX	0.073483	31.472056	13.6	1.44	
NGC 782		GX	1.961217	-57.790167	12.07	2.45	
NGC 7820		GX	0.075219	5.200278	13.81	1.54	
NGC 7821		GX	0.087978	-16.476917	13.77	1.14	
NGC 7822		EN	0.059819	67.161639	99.0	20.0	
NGC 7823		GX	0.079331	-62.061556	13.46	1.13	
NGC 7824		GX	0.085064	6.920111	14.37	1.59	
NGC 7825		GX	0.085167	5.203667	15.42	0.95	
NGC 7826		OTHER	0.0887	-20.688278	99.0	0.0	
NGC 7827		GX	0.091017	5.222333	14.53	1.29	
NGC 7828		GX	0.107519	-13.416111	13.86	2.07	
NGC 7829		GX	0.10805	-13.420611	13.92	2.07	
NGC 783		GX	2.018503	31.882472	12.72	1.38	
NGC 7830		STAR	0.100517	8.342778	99.0	0.0	
NGC 7831		GX	0.122092	32.60925	13.3	1.8	
NGC 7832		GX	0.107906	-3.716139	13.64	1.68	
NGC 7833		OTHER	0.108739	27.639667	99.0	0.0	
NGC 7834		GX	0.110506	8.367889	15.35	0.93	
NGC 7835		GX	0.112992	8.425944	15.5	0.56	
NGC 7836		GX	0.133789	33.070778	13.65	0.9	
NGC 7837		GX	0.114275	8.351389	16.68	0.67	
NGC 7838		GX	0.114986	8.350861	15.18	1.3	
NGC 7839		STAR	0.116842	27.635222	99.0	0.0	
NGC 784		GX	2.021369	28.83725	11.73	4.17	
NGC 7840		GX	0.119111	8.3835	16.47	0.68	
NGC 785		GX	2.027778	31.8265	13.85	1.6	
NGC 786		GX	2.023533	15.646528	14.27	0.79	
NGC 787		GX	2.013506	-9.002583	13.63	1.87	
NGC 788		GX	2.018458	-6.815528	12.33	1.74	
NGC 789		GX	2.040558	32.07225	13.98	0.69	
NGC 78A		GX	0.340497	0.826333	13.72	1.17	
NGC 78B		GX	0.340975	0.833556	13.5	1.0	
NGC 79		GX	0.350792	22.566583	15.16	0.79	
NGC 790		GX	2.022667	-5.370972	13.96	1.38	
NGC 791		GX	2.02895	8.499944	14.72	1.49	
NGC 792		GX	2.037592	15.712194	14.53	1.27	
NGC 793		STAR	2.048483	31.980722	99.0	0.0	
NGC 794		GX	2.041481	18.373	12.73	1.22	
NGC 795		GX	1.997044	-55.824167	14.3	1.28	
NGC 796		OC	1.945486	-74.22	99.0	1.2	
NGC 797		GX	2.057306	38.114444	99.0	1.8	
NGC 797 NED01		GX	2.056819	38.112222	16.5	0.48	
NGC 797 NED02		GX	2.057761	38.116944	12.64	1.21	
NGC 798		GX	2.055444	32.077528	14.63	1.19	
NGC 799		GX	2.036761	-0.100639	14.14	1.71	
NGC 8		STAR	0.145917	23.838889	15.32	0.0	
NGC 80		GX	0.353014	22.357194	12.3	1.82	
NGC 800		GX	2.036625	-0.130444	14.4	1.08	
NGC 801		GX	2.062453	38.258722	13.07	2.76	
NGC 802		GX	1.985	-67.870139	13.68	0.9	
NGC 803		GX	2.062417	16.030972	12.41	2.67	
NGC 804		GX	2.067253	30.832861	14.63	1.27	
NGC 805		GX	2.074881	28.812333	14.83	1.05	
NGC 806		GX	2.058653	-9.933361	14.61	1.35	
NGC 807		GX	2.082128	28.987444	13.75	1.71	
NGC 808		GX	2.065722	-23.311611	13.52	1.31	
NGC 809		GX	2.071936	-8.735306	14.59	1.11	
NGC 81		GX	0.353686	22.382889	16.37	0.41	
NGC 810		GX	2.091361	13.251389	99.0	1.4	
NGC 810 NED01		GX	2.091253	13.251222	15.04	1.4	
NGC 810 NED02		GX	2.091469	13.250972	15.83	0.98	
NGC 811		GX	2.076344	-10.108472	15.6	0.99	
NGC 812		GX	2.114306	44.572917	12.67	2.74	
NGC 813		GX	2.026686	-68.439194	13.85	1.42	
NGC 814		GX	2.177119	-15.773583	14.83	1.32	
NGC 815		GX	2.177611	-15.812778	99.0	0.4	
NGC 815 NED01		GX	2.177556	-15.812417	99.0	0.15	
NGC 815 NED02		GX	2.177642	-15.813389	16.24	0.45	
NGC 816		GX	2.135792	29.255833	15.24	0.66	
NGC 817		GX	2.126031	17.202639	13.86	0.89	
NGC 818		GX	2.1457	38.777194	12.51	2.2	
NGC 819		GX	2.142881	29.234028	14.09	0.6	
NGC 82		STAR	0.354875	22.460361	99.0	0.0	
NGC 820		GX	2.140272	14.349556	13.7	1.34	
NGC 821		GX	2.139206	10.994917	10.77	2.45	
NGC 822		GX	2.110872	-41.15675	13.17	1.4	
NGC 823		GX	2.122236	-25.441889	13.72	1.54	
NGC 824		GX	2.114794	-36.453167	14.1	1.49	
NGC 825		GX	2.142322	6.323722	14.39	2.06	
NGC 826		GX	2.156958	30.739694	15.31	1.0	
NGC 827		GX	2.148961	7.971472	13.89	2.2	
NGC 828		GX	2.169325	39.190361	12.24	2.85	
NGC 829		GX	2.145106	-7.790528	14.21	1.18	
NGC 83		GX	0.356222	22.433611	12.55	1.25	
NGC 830		GX	2.149633	-7.766806	14.35	1.4	
NGC 831		GX	2.159611	6.096333	15.22	0.44	
NGC 832		STAR	2.183564	35.54125	99.0	0.0	
NGC 833		GX	2.155789	-10.133083	12.9	1.63	
NGC 834		GX	2.183692	37.666278	13.05	1.05	
NGC 835		GX	2.156833	-10.135917	12.41	0.87	
NGC 836		GX	2.173578	-22.054861	14.47	1.11	
NGC 837		GX	2.171181	-22.4315	14.85	0.99	
NGC 838		GX	2.160703	-10.146694	12.91	1.34	
NGC 839		GX	2.161925	-10.184083	13.17	1.49	
NGC 84		STAR	0.355903	22.619694	99.0	0.0	
NGC 840		GX	2.171169	7.845306	13.42	1.74	
NGC 841		GX	2.188156	37.497167	13.12	1.74	
NGC 842		GX	2.164108	-7.762472	12.69	1.74	
NGC 843		OTHER	2.185586	32.097417	99.0	0.0	
NGC 844		GX	2.170625	6.049806	14.8	0.49	
NGC 845		GX	2.205497	37.477333	13.49	1.63	
NGC 846		GX	2.203422	44.568389	13.1	1.92	
NGC 848		GX	2.171567	-10.321444	13.1	1.36	
NGC 849		GX	2.169775	-22.323	15.42	0.59	
NGC 85		GX	0.357092	22.511778	15.79	0.69	
NGC 850		GX	2.187114	-1.485583	14.0	1.22	
NGC 851		GX	2.186692	3.779694	14.64	1.14	
NGC 852		GX	2.148739	-56.737056	14.19	1.36	
NGC 853		GX	2.194775	-9.306	15.87	1.8	
NGC 854		GX	2.191875	-35.835111	13.81	2.0	
NGC 855		GX	2.234303	27.877333	12.56	2.94	
NGC 856		GX	2.227322	-0.717278	16.54	1.19	
NGC 857		GX	2.210269	-31.944611	13.48	1.58	
NGC 858		GX	2.208381	-22.471528	13.75	1.26	
NGC 85B		GX	0.358056	22.505833	15.51	1.06	
NGC 86		GX	0.357936	22.556417	14.85	0.75	
NGC 860		GX	2.250042	30.778806	15.11	0.63	
NGC 861		GX	2.264206	35.913583	14.72	1.48	
NGC 862		GX	2.2175	-42.033528	12.89	1.04	
NGC 863		GX	2.242656	-0.766694	13.71	1.27	
NGC 864		GX	2.257678	6.002611	11.07	3.72	
NGC 865		GX	2.270864	28.599722	13.91	1.62	
NGC 867		GX	2.284661	1.244194	14.01	1.24	
NGC 868		GX	2.266244	-0.713639	15.55	0.79	
NGC 869	h Persei Cluster	OC	2.316267	57.11725	3.7	14.4	
NGC 87		GX	0.353964	-48.628222	14.26	0.86	
NGC 870		GX	2.285894	14.523111	16.38	0.37	
NGC 871		GX	2.286314	14.547833	13.55	1.01	
NGC 872		GX	2.257008	-17.781056	14.54	1.77	
NGC 873		GX	2.275656	-11.348556	12.71	1.48	
NGC 874		GX	2.266986	-23.301722	15.11	1.01	
NGC 876		GX	2.298142	14.521278	16.5	1.32	
NGC 877		GX	2.2999	14.544056	11.86	1.92	
NGC 878		GX	2.298406	-23.384056	14.71	0.87	
NGC 879		GX	2.280889	-8.964028	15.5	0.77	
NGC 88		GX	0.356144	-48.640167	14.41	0.85	
NGC 880		GX	2.30755	-4.20575	15.11	0.58	
NGC 881		GX	2.312575	-6.639083	12.44	2.28	
NGC 882		GX	2.327753	15.81425	14.87	1.13	
NGC 883		GX	2.318106	-6.790917	13.5	1.57	
NGC 884	chi Persei Cluster	OC	2.375583	57.144111	3.8	10.5	
NGC 886		OC	2.386603	63.77875	99.0	4.8	
NGC 887		GX	2.325725	-16.069722	13.5	1.66	
NGC 888		GX	2.290861	-59.861056	14.5	1.16	
NGC 889		GX	2.318592	-41.749333	14.62	1.24	
NGC 89		GX	0.356767	-48.665306	13.49	1.24	
NGC 890		GX	2.366947	33.266056	11.87	1.1	
NGC 891		GX	2.375947	42.349139	10.01	13.03	
NGC 892		GX	2.347783	-23.113639	15.62	0.72	
NGC 893		GX	2.332939	-41.403139	13.58	1.34	
NGC 894		OTHER	2.359603	-5.510222	99.0	0.0	
NGC 895		GX	2.360131	-5.521389	11.77	3.32	
NGC 896		EN	2.424394	62.019361	99.0	10.0	
NGC 897		GX	2.351769	-33.720667	11.85	2.01	
NGC 898		GX	2.388992	41.951417	13.71	1.75	
NGC 899		GX	2.364761	-20.82325	13.1	1.63	
NGC 9		GX	0.148528	23.816972	14.59	0.7	
NGC 90		GX	0.364278	22.4	13.77	0.98	
NGC 900		GX	2.392272	26.511528	14.98	0.92	
NGC 901		GX	2.392803	26.557056	15.66	0.78	
NGC 902		GX	2.372711	-16.679056	14.82	0.74	
NGC 903		GX	2.400244	27.356278	16.71	0.74	
NGC 904		GX	2.401547	27.342389	14.98	1.45	
NGC 905		GX	2.378769	-8.719028	15.7	0.61	
NGC 906		GX	2.421183	42.089889	12.9	1.46	
NGC 907		GX	2.383864	-20.712056	12.6	2.21	
NGC 908		GX	2.384603	-21.233861	10.31	6.14	
NGC 909		GX	2.422997	42.035667	14.51	1.02	
NGC 91		STAR	0.364367	22.368361	15.2	0.0	
NGC 910		GX	2.424106	41.824278	12.25	1.79	
NGC 911		GX	2.428444	41.956278	13.95	1.69	
NGC 912		GX	2.428536	41.777444	14.91	0.79	
NGC 913		GX	2.429067	41.799417	15.0	0.61	
NGC 914		GX	2.434772	42.144083	13.81	1.56	
NGC 915		GX	2.429328	27.221	15.2	0.76	
NGC 916		GX	2.4299	27.242528	15.13	1.18	
NGC 917		GX	2.435469	31.912333	14.4	1.77	
NGC 918		GX	2.430789	18.49625	13.21	3.09	
NGC 919		GX	2.437964	27.212111	15.43	1.31	
NGC 92		GX	0.358806	-48.62475	13.19	1.65	
NGC 920		GX	2.464383	45.947056	15.54	1.17	
NGC 921		GX	2.442617	-15.847528	15.41	1.25	
NGC 922		GX	2.417894	-24.788167	12.0	2.1	
NGC 923		GX	2.459622	41.977611	14.37	0.78	
NGC 924		GX	2.446342	20.4975	13.74	2.03	
NGC 925		GX	2.454689	33.579167	10.12	10.72	
NGC 926		GX	2.435197	-0.331944	13.25	1.75	
NGC 927		GX	2.443697	12.155333	14.44	1.18	
NGC 928		GX	2.461394	27.221194	14.63	0.9	
NGC 929		GX	2.455061	-12.086917	15.02	0.88	
NGC 93		GX	0.367564	22.408083	13.27	1.3	
NGC 930		OTHER	2.464289	20.341778	99.0	0.0	
NGC 931		GX	2.470689	31.311667	14.5	2.45	
NGC 932		GX	2.465192	20.332472	13.88	2.0	
NGC 933		GX	2.488192	45.911306	15.3	1.84	
NGC 934		GX	2.459147	-0.244556	13.43	1.14	
NGC 935		GX	2.469764	19.599111	12.82	1.58	
NGC 936		GX	2.460406	-1.156278	10.23	4.44	
NGC 937		GX	2.491133	42.249972	14.96	0.89	
NGC 938		GX	2.475975	20.283694	13.75	1.55	
NGC 939		GX	2.439256	-44.446167	14.05	1.66	
NGC 94		GX	0.370425	22.483056	15.4	0.51	
NGC 940		GX	2.490972	31.640917	13.35	1.64	
NGC 941		GX	2.474403	-1.151528	12.49	1.87	
NGC 942		GX	2.486181	-10.836139	14.48	1.78	
NGC 943		GX	2.486022	-10.828056	14.35	1.55	
NGC 944		GX	2.444869	-14.515639	15.0	1.01	
NGC 945		GX	2.477022	-10.538972	12.12	2.06	
NGC 946		GX	2.510675	42.232611	14.5	1.42	
NGC 947		GX	2.475867	-19.042111	12.62	2.14	
NGC 948		GX	2.479297	-10.513889	14.06	1.17	
NGC 949		GX	2.513514	37.136778	11.89	3.1	
NGC 95		GX	0.370428	10.491583	12.61	1.46	
NGC 950		GX	2.486603	-11.024694	14.48	1.18	
NGC 951		GX	2.482467	-22.349444	15.49	1.08	
NGC 953		GX	2.519383	29.58875	14.46	1.47	
NGC 954		GX	2.481008	-41.402667	12.91	1.79	
NGC 955		GX	2.509208	-1.108417	11.96	2.72	
NGC 956		OC	2.541917	44.593472	8.9	4.5	
NGC 957		OC	2.555286	57.569694	7.6	10.2	
NGC 958		GX	2.511897	-2.939	12.18	2.51	
NGC 959		GX	2.539983	35.494639	12.48	1.87	
NGC 96		GX	0.371586	22.54625	15.49	0.68	
NGC 960		GX	2.528156	-9.300444	14.78	1.23	
NGC 961		GX	2.684025	-6.935917	13.25	1.81	
NGC 962		GX	2.544397	28.069944	14.15	1.46	
NGC 963		GX	2.508689	-4.215417	14.31	0.8	
NGC 964		GX	2.518275	-36.034667	13.53	2.18	
NGC 965		GX	2.540306	-18.639722	14.85	0.94	
NGC 966		GX	2.529767	-19.881694	12.99	1.13	
NGC 967		GX	2.536864	-17.216861	13.8	1.48	
NGC 968		GX	2.568392	34.479889	13.74	1.2	
NGC 969		GX	2.568944	32.946944	12.41	1.69	
NGC 97		GX	0.375	29.745361	13.41	1.32	
NGC 970		GX	2.569806	32.976111	99.0	1.0	
NGC 970 NED01		GX	2.56965	32.974861	99.0	0.28	
NGC 970 NED02		GX	2.569917	32.977278	15.66	0.72	
NGC 971		STAR	2.571125	32.987111	99.0	0.0	
NGC 972		GX	2.570383	29.311278	11.33	3.31	
NGC 973		GX	2.572253	32.505611	13.56	3.28	
NGC 974		GX	2.573833	32.9545	14.05	3.2	
NGC 975		GX	2.556319	9.601694	14.16	0.84	
NGC 976		GX	2.566672	20.976778	12.41	1.54	
NGC 977		GX	2.550953	-10.759972	14.16	1.82	
NGC 978		GX	2.579889	32.843611	99.0	1.87	
NGC 978A		GX	2.579714	32.846194	13.26	1.83	
NGC 978B		GX	2.580028	32.841389	15.0	0.64	
NGC 979		GX	2.527442	-44.524306	13.83	1.38	
NGC 98		GX	0.380428	-45.269	12.7	1.62	
NGC 980		GX	2.588489	40.9265	14.21	1.64	
NGC 981		GX	2.549969	-10.973944	14.54	1.08	
NGC 982		GX	2.590242	40.869722	13.11	1.6	
NGC 983		GX	2.648789	34.622278	13.94	1.16	
NGC 984		GX	2.578639	23.413	13.57	1.66	
NGC 985		GX	2.577158	-8.787611	14.09	0.86	
NGC 986		GX	2.559542	-39.045056	10.91	3.77	
NGC 986A		GX	2.544847	-39.296222	13.97	1.85	
NGC 987		GX	2.613781	33.32725	13.32	1.52	
NGC 988		GX	2.591042	-9.356194	11.21	4.33	
NGC 989		GX	2.562792	-16.511167	15.09	0.92	
NGC 99		GX	0.399831	15.770417	13.78	1.05	
NGC 990		GX	2.605058	11.642083	12.46	1.48	
NGC 991		GX	2.592411	-7.154444	12.96	1.48	
NGC 992		GX	2.623747	21.100833	15.13	0.79	
NGC 993		GX	2.612794	2.050417	14.86	0.86	
NGC 995		GX	2.642233	41.52925	14.83	1.3	
NGC 996		GX	2.644408	41.647528	14.46	1.3	
NGC 997		GX	2.620694	7.307778	99.0	1.0	
NGC 997 NED01		GX	2.620672	7.309778	99.0	0.33	
NGC 997 NED02		GX	2.620694	7.305639	14.71	1.12	
NGC 998		GX	2.62125	7.335806	14.6	0.63	
NGC 999		GX	2.646517	41.6705	14.67	0.78	
PGC000143	Wolf-Lundmark-Melotte	GX	0.032822	-15.460917	10.76	10.47	
PGC003853		GX	1.084689	-6.212389	11.69	4.27	
PGC025886		GX	9.180406	-8.890694	11.52	5.75	
PGC029653	Sextans A	GX	10.183556	-4.692778	11.77	5.25	
PGC088608	Sextans Dwarf Spheroidal	GX	10.217472	-1.614722	10.4	30.2	
UGC04305		GX	8.31805	70.720028	10.75	7.94	
UGC05373	Sextans B	GX	10.000028	5.332222	11.51	4.9	
UGC05470	Leo I	GX	10.141139	12.306389	10.36	11.75	
