# OpenNGC (https://github.com/mattiaverga/OpenNGC), CC-BY-SA-4.0
# Columns OpenNGC publishes that ngc.tsv itself does not carry.
# Regenerate: python -m astrodeck.catalog.build_ngc_extras <NGC.csv> [<addendum.csv>]
# id	hubble	minax_arcmin	redshift	ned_note	axis_ratio	posang_deg
B033		4.00			0.667	90.0
C009		30.00			0.600	
C014		50.00			1.000	
C041			0.000133			
ESO056-115	SBm	550.00	0.000875		0.851	170.0
ESO097-013	Sb	4.27	0.001449		0.490	37.0
ESO107-004	E	1.74	0.010617		0.813	135.0
ESO121-006	Sc	0.79	0.004020		0.189	42.0
ESO121-026	SBbc	1.78	0.007615		0.742	113.0
ESO138-010	Sd	3.98	0.003833		0.724	56.0
ESO142-019	Sab	1.05	0.014697		0.429	161.0
ESO183-030	E-S0	1.95	0.009026		0.833	25.0
ESO185-054	E	0.87	0.014714		0.416	131.0
ESO208-021	E-S0	2.75	0.003506		0.724	109.0
ESO213-011	Sc	2.09	0.009174		0.589	10.0
ESO221-026	E	2.19	0.004734		0.693	0.0
ESO265-007	SBc	1.26	0.003567		0.269	143.0
ESO269-057	SABa	2.14	0.010406		0.577	47.0
ESO270-017	SBm	1.45	0.002764		0.126	111.0
ESO273-014	IB	3.55	0.003509		0.741	89.0
ESO274-001	Scd	1.55	0.001751		0.159	39.0
ESO311-012	S0-a	0.72	0.003769		0.165	15.0
ESO351-030	E	15.26	0.000372		1.000	99.0
ESO356-004	E	10.47	0.000184		0.813	48.0
ESO358-063	Scd	1.26	0.006502		0.295	132.0
ESO373-008	Sc	0.98	0.003079		0.263	90.0
ESO380-001	Sb	1.62	0.009069		0.757	18.0
ESO380-006	Sb	1.62	0.010504		0.446	79.0
ESO383-087	Sd	3.31	0.001110		0.775	86.0
ESO390-006			-0.000453			
ESO428-011	E-S0	1.38	0.007080		0.758	23.0
ESO443-024	E-S0	2.00	0.016874		0.855	166.0
ESO462-015	E	1.74	0.019337		0.813	166.0
ESO494-026	SABb	2.69	0.003221		0.661	146.0
ESO495-021	E-S0	1.41	0.002941		0.723	136.0
ESO507-025	E-S0	2.14	0.010855		0.814	98.0
ESO556-015	SBab	2.19	0.006625		0.852	130.0
H05			-0.000048			
H13			-0.000014			
H20			0.000021			
HCG079			0.014300			
HCG092			0.021500			
IC 10	IB	6.03	-0.001160		0.892	129.0
IC 100	E-S0	0.77	0.017559		0.740	88.0
IC 1000	S0	0.50	0.018780		0.495	20.0
IC 1001	Sbc	0.32	0.027370		0.395	94.0
IC 1002	Sc	0.23	0.027192		0.390	90.0
IC 1003	SABb	0.33	0.027070		0.317	36.0
IC 1004	E	0.58	0.051310		0.611	0.0
IC 1006	Sbc	0.61	0.017100		0.685	99.0
IC 1007	Sa	0.55	0.025980		0.733	86.0
IC 1008 NED01	Sb	0.36	0.030610		0.632	17.0
IC 1008 NED02	Sbc	0.56	0.029966		0.651	18.0
IC 1009	S0-a	0.48	0.025910		0.552	69.0
IC 101	Sb	0.59	0.007942		0.476	124.0
IC 1010	Sb	1.28	0.025660		0.842	169.0
IC 1011	S?	0.56	0.025670		0.667	114.0
IC 1012	Sb	0.66	0.013660		0.606	112.0
IC 1013	Scd	0.44	0.015357		0.463	136.0
IC 1014	Sd	1.11	0.004302		0.555	82.0
IC 1015 NED01	Sbc	0.23	0.056220		0.390	40.0
IC 1015 NED02	Sc	0.30	0.055110		0.417	82.0
IC 1015 NED03	Sc	0.40			0.541	66.0
IC 1017	S0	0.60	0.014667		0.561	129.0
IC 1018	E	0.46	0.013180		0.807	179.0
IC 1019	S0	0.44	0.013486		0.733	134.0
IC 102	S0-a	0.37	0.048100		0.493	111.0
IC 1020	S0	0.23	0.014333		0.217	175.0
IC 1021	SBa	0.26	0.029530		0.419	133.0
IC 1022	SBb	0.33	0.005727		0.340	163.0
IC 1024	S0	0.47	0.004780		0.423	29.0
IC 1025	SBbc	0.36	0.026779		0.621	130.0
IC 1027	E	1.05	0.043140		0.778	0.0
IC 1028	Sbc	0.56	0.017700	The IC identification is not certain.	0.538	15.0
IC 1029	SABb	0.45	0.007932		0.162	151.0
IC 103	E-S0	0.67	0.031979		0.705	128.0
IC 1031	E	0.60	0.036420		0.759	57.0
IC 1032	Sab	0.56	0.036360		0.862	93.0
IC 1033	E	0.98	0.026890		0.933	0.0
IC 1034	Sab	0.47	0.037840		0.797	5.0
IC 1035	E	0.89	0.030290		0.832	150.0
IC 1036	Sb	0.30	0.030320		0.517	43.0
IC 1037	E	0.66	0.030580		0.667	107.0
IC 1038	E	0.49	0.028890		0.778	171.0
IC 1039	S0	0.34	0.024530		0.500	41.0
IC 1040	Sc	0.45	0.028260		0.900	153.0
IC 1041	SBa	0.63	0.026360		0.724	52.0
IC 1042	S0	1.10	0.026650		0.973	98.0
IC 1043	Sa	0.37	0.031950		0.500	19.0
IC 1044	S0-a	0.84	0.028080		0.556	1.0
IC 1046	Sc	0.45	0.026292		0.577	86.0
IC 1047	SBbc	0.61	0.030690		0.847	9.0
IC 1048	Sb	0.50	0.005459		0.240	163.0
IC 1049	Sa	0.80	0.022350		0.870	66.0
IC 105	S0-a	0.29	0.032579		0.500	47.0
IC 1050	Sbc	0.42	0.032150		0.506	31.0
IC 1051	E	0.61	0.044290		0.824	54.0
IC 1052	Sc	0.28	0.030480		0.275	31.0
IC 1053	Sb	0.34	0.034439		0.618	27.0
IC 1054	S0	0.75	0.027460		0.728	10.0
IC 1055	Sb	0.76	0.009771		0.336	5.0
IC 1056	Sb	0.94	0.013344		0.623	22.0
IC 1058	Sab	0.39	0.037490		0.262	115.0
IC 1059	S0-a	0.77	0.026570		0.875	120.0
IC 1060	SBa	0.66	0.015582		0.541	93.0
IC 1061	E	0.39	0.043960		0.796	146.0
IC 1062	S0-a	0.78	0.043620		0.830	114.0
IC 1063	SBb	0.57	0.046400		0.770	145.0
IC 1065	S0	0.70	0.041680		0.795	95.0
IC 1066	SABb	0.66	0.005324		0.545	69.0
IC 1067	Sb	1.48	0.005257		0.813	128.0
IC 1068	E	0.69	0.027960		0.750	138.0
IC 1069	S0	0.76	0.037590		0.517	50.0
IC 107	E	1.31	0.021148		0.809	6.0
IC 1070	Sbc	0.31	0.027140		0.397	121.0
IC 1071	S0	0.69	0.027833		0.633	153.0
IC 1072	E	0.53	0.034710		0.609	152.0
IC 1073	S0	0.41	0.027560		0.788	159.0
IC 1074	Sbc	0.33	0.025870		0.359	116.0
IC 1075	SBb	0.52	0.020330		0.437	155.0
IC 1076	SBb	0.49	0.020230		0.538	9.0
IC 1077	SBbc	1.08	0.011458		0.824	61.0
IC 1078	Sa	0.81	0.028650		0.818	19.0
IC 1079	E	0.85	0.029080		0.582	81.0
IC 108	Sc	0.36	0.052510		0.277	4.0
IC 1080	E-S0	0.92	0.033520		0.754	33.0
IC 1081	S0-a	0.58	0.010164		0.349	153.0
IC 1082	E-S0	0.70	0.036790		0.814	43.0
IC 1083	Sbc	0.57	0.029430		0.792	94.0
IC 1084	E-S0	0.60	0.007425		0.690	156.0
IC 1085	E	0.84	0.038080		0.894	24.0
IC 1086	S0-a	0.47	0.021318		0.681	165.0
IC 1087	Sa	0.33	0.035020		0.446	74.0
IC 1089	E	0.64	0.030920		0.660	140.0
IC 109	S0	0.57	0.032516		0.750	70.0
IC 1090				Nothing here; nominal position.		
IC 1091	Sb	0.82	0.016635		0.752	132.0
IC 1092	S0-a	1.00	0.021400		0.990	72.0
IC 1093	SABb	0.74	0.044614		0.740	90.0
IC 1094 NED01	E	0.51	0.044250		0.927	155.0
IC 1094 NED02	Sa	0.41	0.044520		0.759	105.0
IC 1094 NED03	Sab	0.32	0.045260		0.615	141.0
IC 1095	Sbc	0.60	0.028690		0.923	82.0
IC 1096	S0-a	0.38	0.021870		0.679	76.0
IC 1097	SBa	0.42	0.020370		0.462	55.0
IC 1099	Sc	0.81	0.029550		0.723	4.0
IC 1101	E-S0	0.60	0.077800		0.500	25.0
IC 1102	SABb	0.58	0.042030		0.558	18.0
IC 1103	E	0.50	0.080070		0.549	178.0
IC 1105	S?	0.52	0.036479		0.547	92.0
IC 1106	SBb	0.43	0.041690		0.473	34.0
IC 1107	Sab	0.57	0.038934		0.814	142.0
IC 1109	E	0.69	0.051040		0.852	52.0
IC 1110	Sa	0.50	0.011445		0.397	76.0
IC 1112	SBab	0.60	0.033770		0.588	124.0
IC 1113	Sbc	0.77	0.035640		0.885	17.0
IC 1114				The IC identification is not certain.		
IC 1116	E	0.68	0.039050		0.636	3.0
IC 1117	Sab	0.35	0.023330		0.479	117.0
IC 1118	E	1.23	0.022700		1.000	73.0
IC 1119 NED01		0.33	0.032960		0.635	179.0
IC 1119 NED02	Sab	0.43	0.032502		0.694	17.0
IC 112	Sd	0.37	0.019253		0.514	127.0
IC 1120	I	0.29	0.060611		0.433	32.0
IC 1121	E	0.82	0.044496		0.781	54.0
IC 1122	SBb	0.56	0.043160		0.933	55.0
IC 1124	Sb	0.42	0.017710		0.382	77.0
IC 1125	Scd	0.86	0.009344		0.534	153.0
IC 1129	Sc	0.86	0.021802		0.851	3.0
IC 113		0.26			0.743	160.0
IC 1130	SBb	0.52	0.045630		0.703	37.0
IC 1131	E	0.65	0.006640		0.765	153.0
IC 1132	Sc	0.97	0.015040		0.924	48.0
IC 1133	SBc	0.39	0.013513		0.307	131.0
IC 1134	S0	0.54	0.049530		0.621	164.0
IC 1135	S0-a	0.31			0.365	63.0
IC 1136	S0	0.70	0.029820		0.933	50.0
IC 1137	E?	0.79	0.014270		0.919	115.0
IC 1138	S0-a	0.21	0.023080		0.202	41.0
IC 1139		0.28	0.022318		0.431	54.0
IC 114	S0	0.56	0.007589		0.400	154.0
IC 1141	SABa	0.45	0.014710		0.957	69.0
IC 1142	SBc	0.77	0.046590		0.748	160.0
IC 1143	E	1.38	0.021705		0.952	150.0
IC 1144	E-S0	0.52	0.040291		0.703	107.0
IC 1145	Sbc	0.43	0.025220		0.297	168.0
IC 1146	S0	0.94	0.026370		0.729	90.0
IC 1147		0.45	0.034970		1.000	125.0
IC 1149	Sbc	0.85	0.015610		0.794	164.0
IC 115	E	0.76	0.044049		1.000	80.0
IC 1150				Nothing here; nominal position.		
IC 1151	SBc	0.88	0.007260		0.395	32.0
IC 1152	E	1.03	0.019620		0.896	19.0
IC 1153	S0	1.00	0.019660		0.833	0.0
IC 1154	E	1.12	0.038110		0.633	142.0
IC 1155	SABb	0.74	0.035720		0.937	11.0
IC 1156	E	1.01	0.031190		0.918	10.0
IC 1157	SABa	0.41	0.038550		0.500	135.0
IC 1158	SABc	0.94	0.006459		0.497	134.0
IC 1159	S0-a	0.52	0.034640		0.684	30.0
IC 116	Sbc	0.56	0.018409		0.644	125.0
IC 1160	S0-a	0.49	0.037287		0.636	143.0
IC 1161	E	0.52	0.036810		0.732	96.0
IC 1162	SABb	0.56	0.044470		0.778	161.0
IC 1163	E	0.73	0.035310		0.924	11.0
IC 1165 NED01	E-S0	0.64	0.034170		0.928	41.0
IC 1165 NED02	E	0.54	0.034450		0.857	171.0
IC 1166 NED01	E	0.31	0.072030		0.585	52.0
IC 1166 NED02	SBb	0.28	0.072750		0.683	152.0
IC 1167	E	0.55	0.036170		0.887	117.0
IC 1168	E	0.56	0.036625		0.424	169.0
IC 1169	S0-a	0.72	0.011218		0.679	10.0
IC 1170	E-S0	0.28	0.032040		0.560	84.0
IC 1173	SABc	0.45	0.034830		0.489	63.0
IC 1174	S0-a	0.75	0.015670		0.728	51.0
IC 1177	S0-a	0.41			0.759	164.0
IC 1178	E-S0	0.66	0.034180		0.493	145.0
IC 118	E	0.55	0.046599		0.764	31.0
IC 1181	S0-a	0.73	0.033980		0.723	58.0
IC 1182	S0-a	0.68	0.033910		0.810	80.0
IC 1185	Sab	0.54	0.034930		0.730	8.0
IC 1186	Sb	0.48	0.035030		0.615	5.0
IC 1187	Sbc	0.22	0.025380		0.629	100.0
IC 1188A	S0-a	0.41	0.036348		0.745	8.0
IC 1188B	Sab	0.18	0.036700		0.643	47.0
IC 1189	S0-a	0.56	0.039400		0.709	179.0
IC 119	S0-a	0.58	0.019820		0.487	77.0
IC 1190	SABb	0.35	0.035820		0.273	119.0
IC 1191 NED01	Sab	0.16	0.038820		0.225	163.0
IC 1191 NED02	E	0.21	0.040855		0.525	153.0
IC 1192	SBb	0.43	0.038020		0.473	114.0
IC 1193	S0-a	0.65	0.040350		0.833	2.0
IC 1194	S0	0.49	0.039050		0.766	20.0
IC 1195	SBbc	0.43	0.039780		0.705	13.0
IC 1196	Sa	0.51	0.016320		0.490	5.0
IC 1197	Sc	0.54	0.004540		0.211	57.0
IC 1198	SBab	0.41	0.033400		0.519	111.0
IC 1199	Sbc	0.42	0.015837		0.353	158.0
IC 12	Sbc	0.32	0.020237		0.333	20.0
IC 120	S0	0.33	0.015700		0.359	138.0
IC 1201	Sb	0.22	0.023650		0.324	114.0
IC 1203		2.00			0.571	
IC 1204	Sa	0.30	0.025468		0.462	65.0
IC 1205	SBab	0.59	0.010830		0.855	110.0
IC 1206	Sab	0.64	0.033873		0.571	2.0
IC 1207		0.50			0.250	
IC 1208	S0-a	0.32	0.032210		0.256	95.0
IC 1209	E-S0	0.88	0.029854		0.647	3.0
IC 121	Sbc	0.62	0.030100		0.620	108.0
IC 1210	Sab	0.42	0.009667		0.304	169.0
IC 1211	E	1.25	0.018686		0.933	65.0
IC 1212	E	0.66	0.032400		0.857	5.0
IC 1214	S0-a	0.44	0.023390		0.419	17.0
IC 1215	SBbc	0.68	0.025394		0.747	163.0
IC 1216	Sc	0.63	0.025554		0.840	49.0
IC 1217				Nothing here; nominal position.		
IC 1218	Sb	0.92	0.003796		1.000	60.0
IC 1219	S0	0.52	0.034970		0.397	122.0
IC 122	S0-a	0.32			0.492	14.0
IC 1220	E	1.17	0.033100		0.944	142.0
IC 1221	Sc	0.92	0.191616		0.920	35.0
IC 1222	Sbc	1.12	0.030781		0.742	49.0
IC 1223	Sb	0.60	0.029750		0.732	20.0
IC 1224	E-S0	0.84	0.033950		0.656	87.0
IC 1225	Sb	0.45	0.029410		0.328	71.0
IC 1226	SBa	0.50	0.017720	Identification as IC 1232 is not certain.	0.877	53.0
IC 1228	Sb	0.71	0.025411		0.538	122.0
IC 1229	Sb	0.17	0.065830		0.386	106.0
IC 123	E	0.47	0.030374		0.701	44.0
IC 1230	E	0.59			0.641	159.0
IC 1231	Sc	0.86	0.017678		0.457	153.0
IC 1235	Sc	0.53			0.697	13.0
IC 1236	Sc	1.07	0.020260		0.915	146.0
IC 1237	Sbc	0.58	0.029000		0.294	22.0
IC 1240				Nothing here; nominal position.		
IC 1241	SBc	0.93	0.016190		0.802	59.0
IC 1242	Sb	0.51	0.022768		0.607	120.0
IC 1244	E	1.13	0.027290		1.000	130.0
IC 1245	S0	0.97	0.037360		0.524	126.0
IC 1248	Sc	0.64	0.016750		0.780	17.0
IC 1249	Sbc	0.22	0.037360		0.917	147.0
IC 125		0.59	0.047700		0.967	53.0
IC 1250	E	0.30	0.028180		0.508	70.0
IC 1251	Sc	0.64	0.004013		0.529	67.0
IC 1252	Sab	0.32	0.030007		0.302	141.0
IC 1254	Sb	0.54	0.004146		0.593	38.0
IC 1255	Sb	0.48	0.030161		0.490	11.0
IC 1256	Sb	0.75	0.015873		0.586	93.0
IC 1258	Sa	0.72	0.027130		0.791	65.0
IC 1259 NED01	E-S0	0.59	0.027019		0.648	152.0
IC 1259 NED02	E-S0	1.06	0.027850		0.955	35.0
IC 126		0.81	0.019053		0.910	30.0
IC 1260	S0-a	0.34	0.026190		0.810	138.0
IC 1261 NED01	E	0.68	0.046866		0.810	63.0
IC 1261 NED02	E-S0	0.61	0.046640		0.884	0.0
IC 1262	E	0.82	0.032650		0.500	84.0
IC 1263	Sb	0.68	0.028940		0.417	178.0
IC 1264	S0	1.22	0.033090		0.891	60.0
IC 1265	Sab	0.81	0.007215		0.438	78.0
IC 1266			-0.000314			
IC 1267	SBb	0.95	0.031045		0.688	55.0
IC 1268	Sc	0.49	0.020860		0.742	90.0
IC 1269	Sbc	0.85	0.020354		0.644	135.0
IC 127	Sb	0.45	0.006200		0.266	110.0
IC 1274		5.00			0.250	
IC 1276			0.000517			
IC 1277	Sc	0.67	0.023753		0.684	21.0
IC 1279	Sb	0.59	0.021528		0.252	159.0
IC 128	SBc	0.61	0.017729		0.744	165.0
IC 1281 NED01		0.31			0.574	26.0
IC 1281 NED02		0.38	0.045351		0.667	15.0
IC 1283		15.00			1.000	
IC 1284		15.14			0.892	
IC 1286	Sab	0.44	0.018506		0.310	86.0
IC 1287		10.00			0.500	
IC 1288	SBa	0.61	0.018943		0.560	5.0
IC 1289		0.33	0.018286		0.500	145.0
IC 129	S0-a	0.60	0.017745		0.488	63.0
IC 1291	Sd	1.15	0.006545		0.865	17.0
IC 1292				Nominal position for a "planetary nebula"; nothing here.		
IC 1294				Group of 3-4 Galactic stars. The IC identification is not certain.		
IC 1295			-0.000043			
IC 1296	SBbc	0.53	0.017065		0.535	69.0
IC 1297			0.000063			
IC 1299		1.00			0.500	
IC 13	Sbc	0.53	0.019030		0.411	162.0
IC 130	S0	0.64	0.045138		0.853	27.0
IC 1301	S0-a	0.69	0.013556		0.479	19.0
IC 1302	SABc	0.51	0.015471		0.537	50.0
IC 1303	Sc	0.73	0.014930		0.619	104.0
IC 1309	SABb	0.64	0.026778		0.736	58.0
IC 1310		3.00			0.200	
IC 1311			-0.000211			
IC 1313	Sab	1.02	0.011064		0.634	26.0
IC 1316				Nothing here; nominal position.		
IC 1317	E	0.57	0.012846		0.750	98.0
IC 1318			-0.000020			
IC 1319	Sbc	0.49	0.024570		0.620	8.0
IC 132		0.55			0.821	
IC 1320	SBb	0.61	0.016560		0.570	87.0
IC 1321	SBbc	0.71	0.022200		0.645	96.0
IC 1322	S0-a	0.56	0.011655		0.509	114.0
IC 1324	S0-a	1.12	0.020588		0.896	55.0
IC 1327	S0-a	0.90	0.032362		0.968	15.0
IC 1328	Sc	0.36	0.036545		0.404	50.0
IC 133		0.45			1.000	
IC 1330	Sc	0.41	0.028106		0.328	109.0
IC 1331	S0-a	0.49	0.019250		0.280	85.0
IC 1332	Sab	0.69	0.032570		0.595	64.0
IC 1333	S0-a	0.73	0.027035		0.533	83.0
IC 1335	E	0.64	0.042700		0.719	16.0
IC 1336	S0-a	0.49	0.027970		0.570	44.0
IC 1337	SABb	0.61	0.030740		0.726	16.0
IC 1338	SBab	0.50	0.033770		0.658	6.0
IC 1339	Sb	0.94	0.028146		0.623	49.0
IC 1340		19.95			0.794	
IC 1341	S0-a	0.53	0.030320		0.558	61.0
IC 1342	Sab	0.41	0.027349		0.380	74.0
IC 1343	S0-a	0.43	0.028450		0.422	173.0
IC 1344	Sab	0.52	0.027263		0.452	50.0
IC 1345		0.41			0.854	158.0
IC 1346	Sb	0.62	0.028530		0.504	98.0
IC 1347	S0	0.65	0.029360		0.458	2.0
IC 1348		0.26	0.029290		0.703	155.0
IC 1349	S0-a	0.43	0.029632		0.597	51.0
IC 1350	S0-a	0.56	0.027960		0.615	160.0
IC 1351		0.23	0.029632		0.311	25.0
IC 1352		0.30			0.600	30.0
IC 1353		0.35	0.029190		0.778	134.0
IC 1355		0.34	0.028330		0.850	50.0
IC 1356	E	0.58	0.028250		0.707	163.0
IC 1357	SBa	0.48	0.027410		0.375	38.0
IC 1358		0.23	0.029800		0.460	38.0
IC 1359	Sab	0.49	0.015811		0.422	171.0
IC 1360	Sb	0.40	0.028780		0.500	20.0
IC 1361	Sb	0.55	0.013279		0.705	48.0
IC 1362	E-S0	0.45	0.051316		0.726	167.0
IC 1364	E	0.78	0.013700		0.729	124.0
IC 1365 NED01	E	0.85	0.049220		0.512	57.0
IC 1365 NED02		0.81	0.047910		0.587	74.0
IC 1366	S0	0.41	0.049500		0.506	23.0
IC 1367		0.50	0.013506		0.769	152.0
IC 1368	Sa	0.52	0.013400		0.382	47.0
IC 1369			-0.000163			
IC 1370		0.49	0.050570		0.742	54.0
IC 1371	E-S0	0.83	0.030836		0.585	13.0
IC 1372	Sc	0.63	0.027300		0.759	127.0
IC 1373	E	0.61	0.035290		0.685	38.0
IC 1374	Sbc	0.44	0.035400		0.698	113.0
IC 1375	E	0.37	0.038420		0.638	125.0
IC 1376				Nothing here; nominal position.		
IC 1377	SBab	0.56	0.030001		0.767	118.0
IC 1379		0.47	0.042540		0.797	132.0
IC 138	SABc	0.74	0.015440		0.661	23.0
IC 1380		0.58	0.042369		0.853	145.0
IC 1381	Sab	0.59	0.030450		0.656	69.0
IC 1383	Sb	0.22	0.029650		0.355	126.0
IC 1384		0.63	0.018783		0.818	63.0
IC 1385	SABb	0.53	0.051540		0.898	141.0
IC 1386	E-S0	0.77	0.035508		0.794	131.0
IC 1387		0.46	0.018680		0.958	15.0
IC 1388	S0-a	0.41	0.030180		0.500	137.0
IC 1389	S0-a	0.49	0.021404		0.605	119.0
IC 1390		0.61	0.018946		0.938	102.0
IC 1391	E	0.49	0.030160		0.766	84.0
IC 1392	E-S0	1.22	0.014517		0.797	73.0
IC 1393	S0	0.48	0.032400		0.649	175.0
IC 1394	E	1.15	0.029404		0.935	37.0
IC 1395	E	0.68	0.026145		0.919	85.0
IC 1396		4.00	-0.000047		0.286	
IC 1397	S0-a	0.52	0.024962		0.612	172.0
IC 1398	Sc	0.43	0.035498		0.566	70.0
IC 1399		0.46	0.039354		0.676	162.0
IC 1401	SABb	0.56	0.015748		0.333	0.0
IC 1403		0.35	0.027600		0.714	153.0
IC 1404	E	0.81	0.018626		0.835	47.0
IC 1405	Sab	0.63	0.025825		0.724	117.0
IC 1406	E	0.47	0.027312		0.758	65.0
IC 1407	E-S0	0.56	0.028910		0.737	84.0
IC 1408	S0	0.52	0.017892		0.520	33.0
IC 1409	Sab	0.43			0.623	28.0
IC 141	Sbc	0.91	0.038733		0.740	5.0
IC 1410	E	0.54	0.026990		0.651	132.0
IC 1411	E	0.56	0.026789		0.644	36.0
IC 1412	S0-a	0.71	0.018402		0.559	102.0
IC 1413	Sc	0.26	0.016600		0.280	74.0
IC 1414	E	0.40	0.028073		0.851	5.0
IC 1415				Nothing here; nominal position.		
IC 1416				Nothing here; nominal position.		
IC 1417	Sb	0.54	0.018039		0.327	110.0
IC 1418	Sbc	0.86	0.027816		1.000	160.0
IC 1419	S0-a	0.30	0.047480		0.556	164.0
IC 1420 NED01	Scd	1.07	0.005280		0.811	0.0
IC 1420 NED02	Sd	0.60	0.004813		0.698	90.0
IC 1421	E	0.57	0.047509		0.905	5.0
IC 1422		0.30	0.031560		0.652	142.0
IC 1423	Sb	0.44	0.027205		0.478	40.0
IC 1425	E	0.62	0.032069		0.785	98.0
IC 1426				Identification as IC 1426 is very uncertain.		
IC 1427	E	0.83	0.025998		0.728	103.0
IC 1428		0.37	0.040970		0.521	61.0
IC 1430		0.47	0.055490		0.839	55.0
IC 1431	Sa	0.70	0.055470		0.933	20.0
IC 1432	S0	0.28	0.059873		0.636	30.0
IC 1433 NED01	S0-a	0.41	0.039320		0.494	99.0
IC 1433 NED02		0.15			0.833	90.0
IC 1433 NED03		0.19			0.905	111.0
IC 1434			-0.000201			
IC 1435	Sb	0.65	0.017719		0.607	9.0
IC 1436	E-S0	0.42	0.029155		0.750	57.0
IC 1437	S0-a	0.94	0.029720		0.870	52.0
IC 1438	Sa	2.16	0.008764		0.927	119.0
IC 1439	SBa	0.65	0.032186		0.520	28.0
IC 144	E	0.67	0.040550		0.905	46.0
IC 1440	Sc	0.48	0.014092		0.287	76.0
IC 1441	SBb	0.58	0.017569		0.542	38.0
IC 1442			-0.000084			
IC 1443	E	1.21	0.016431		0.781	42.0
IC 1444	E	0.37	0.028300		0.638	5.0
IC 1445	E-S0	1.15	0.008809		0.816	87.0
IC 1446	E-S0	0.49	0.039110		0.628	29.0
IC 1447	Sb	0.77	0.009946		0.520	95.0
IC 1449		0.34	0.024086		0.596	48.0
IC 145	Sb	0.50	0.042690		0.725	6.0
IC 1451	Sc	0.87	0.030240		0.956	46.0
IC 1453	SABb	0.71	0.027023		0.845	158.0
IC 1455	SBa	0.56	0.016145		0.560	40.0
IC 1456		0.21	0.025420		0.221	125.0
IC 1457				Nothing here; nominal position.		
IC 1459	E	3.23	0.006007		0.701	43.0
IC 1460	E	0.48	0.024323		0.787	158.0
IC 1461	Sc	0.55	0.030840		0.917	12.0
IC 1464A		0.15	0.024490		0.577	81.0
IC 1464B		0.45	0.024067		0.662	135.0
IC 1466	Sm	0.50	0.031463		0.833	124.0
IC 1467	Sc	0.38	0.013615		0.481	3.0
IC 1468	S0-a	0.49	0.032597		0.462	171.0
IC 1469		0.36	0.068439		0.800	105.0
IC 147	Sc	0.42	0.051257		0.553	58.0
IC 1470		1.80			1.000	90.0
IC 1471	Sa	0.65	0.032472		0.607	169.0
IC 1472	S0-a	0.60	0.025584		0.594	60.0
IC 1473	S0	0.85	0.002669		0.489	176.0
IC 1474	Sc	0.48	0.011661		0.462	149.0
IC 1475				Nominal position for IC 1475; nothing here.		
IC 1476	S0-a	0.91	0.023570		1.000	165.0
IC 1479	E-S0	0.96	0.031670		0.828	25.0
IC 148	I	0.57	0.002470		0.313	45.0
IC 1481	Sd	0.65	0.020287		0.890	45.0
IC 1482	E	0.63	0.029661		0.778	135.0
IC 1484		0.32	0.044708		0.516	49.0
IC 1488	Sa	0.24	0.041220		0.222	172.0
IC 1489		0.52	0.033010		0.963	25.0
IC 149	Sbc	0.41	0.018200		0.323	82.0
IC 1490	SABb	0.84	0.018580		0.579	83.0
IC 1491	Sbc	0.42	0.011238		0.545	150.0
IC 1492	S0-a	1.11	0.017676		0.755	32.0
IC 1493		0.29			0.558	135.0
IC 1494	S0-a	0.34	0.031800		0.466	125.0
IC 1495	Sb	0.83	0.021251		0.624	25.0
IC 1496	S0-a	1.22	0.017239		0.739	65.0
IC 1497				Nothing here; nominal position.		
IC 1498	SBa	0.57	0.017449		0.254	3.0
IC 1499				The IC identification is not certain.		
IC 15	SBb	0.38	0.046030		0.864	91.0
IC 150	Sb	0.50	0.018560		0.568	137.0
IC 1500	S0-a	0.38	0.033113		0.809	20.0
IC 1501	SABb	0.67	0.017325		0.453	133.0
IC 1502	S0-a	0.58	0.006560		0.574	51.0
IC 1503	Sd	0.43			0.478	71.0
IC 1504	Sb	0.49	0.020995		0.299	92.0
IC 1505	E	0.60	0.021973		1.000	150.0
IC 1506	S0	0.56	0.032022		0.615	135.0
IC 1507	S0-a	0.47	0.017779		0.364	130.0
IC 1508	Scd	0.37	0.014237		0.487	169.0
IC 1509	Sc	0.22	0.024791		0.171	11.0
IC 151				Nominal position; nothing here.		
IC 1510 NED01		0.35	0.070360		0.686	139.0
IC 1510 NED02		0.49	0.070330		0.721	16.0
IC 1513	Sab	0.40	0.021308		0.364	106.0
IC 1515	Sb	1.08	0.022310		0.824	4.0
IC 1516	Sbc	1.00	0.024584		0.840	3.0
IC 1517	S0	0.75	0.024140		0.743	172.0
IC 1518	S0	0.37	0.038295		0.740	88.0
IC 1519	E-S0	0.50	0.029554		0.794	140.0
IC 1520	Sc	0.55	0.030131		1.000	20.0
IC 1521	S0	0.55	0.028880		0.598	108.0
IC 1522	Sb	0.29	0.021602		0.382	13.0
IC 1523		0.26	0.066110		0.722	15.0
IC 1525	Sb	1.24	0.016891		0.693	26.0
IC 1526	Sc	0.51	0.030374		0.689	136.0
IC 1527	Sa	0.65	0.028680		0.714	132.0
IC 1528	SBb	0.85	0.012817		0.395	73.0
IC 1529	S0	0.94	0.022839		0.817	22.0
IC 153				Nominal position; nothing here.		
IC 1531	E-S0	1.31	0.025628		0.693	124.0
IC 1532	SBbc	0.54	0.006107		0.295	73.0
IC 1533				Nothing here; nominal position. Is IC 1533 = MCG -01-01-044?		
IC 1534	S0	0.44	0.017345		0.431	70.0
IC 1535	Sb	0.29	0.017379		0.293	170.0
IC 1536	E	0.53	0.017179		0.654	172.0
IC 1537		0.59			0.447	80.0
IC 1538				Nothing here; nominal position.		
IC 154	Sb	0.23	0.018526		0.193	66.0
IC 1540	SBb	0.41	0.019403		0.423	28.0
IC 1541	S0	0.28	0.019764		0.389	36.0
IC 1542		0.43	0.024740		0.811	70.0
IC 1543	Sbc	0.68	0.018863		0.850	36.0
IC 1544	SABc	0.77	0.019060		0.700	143.0
IC 1545		0.36	0.018810		0.800	14.0
IC 1547				Nothing here; nominal position.		
IC 1548	E	0.42	0.019197		0.618	78.0
IC 1549	S0-a	1.45	0.040461		1.000	150.0
IC 155				Nominal position; nothing here.		
IC 1550	S0	0.91	0.019654		1.000	150.0
IC 1551	SBc	0.68	0.043714		0.281	3.0
IC 1552	Sc	0.27	0.018680		0.287	126.0
IC 1553	Scd	0.34	0.009826		0.250	15.0
IC 1554	S0-a	0.80	0.005811		0.580	27.0
IC 1555	Scd	0.74	0.005171		0.565	129.0
IC 1556	Sb	0.34	0.022990		0.405	40.0
IC 1557	S0-a	0.24	0.020457		0.348	116.0
IC 1558	SABm	1.52	0.005190		0.543	143.0
IC 156	Sa	1.33	0.017919		0.881	105.0
IC 1560				Nothing here; nominal position. Is IC 1560 identical to NGC 0164?		
IC 1561	SBb	0.51	0.013091		0.362	103.0
IC 1562	SBc	1.41	0.012648		0.940	49.0
IC 1564	SABb	0.50	0.017562		0.495	84.0
IC 1565	E	1.76	0.038372	The identification as IC 1567 is not certain.	0.978	20.0
IC 1566	E	0.74	0.040570		0.813	125.0
IC 1568	S0	0.87	0.040855		0.757	76.0
IC 1569	S0	0.60	0.038490		0.833	12.0
IC 157				Nominal position; nothing here.		
IC 1570	S0-a	0.27			0.466	4.0
IC 1571	Sb	0.84	0.019470		0.800	14.0
IC 1572				Nothing here; nominal position.		
IC 1573	Sc	0.17	0.056140		0.132	68.0
IC 1574	IB	0.70	0.001204		0.383	176.0
IC 1575	Sa	0.77	0.019000		0.885	140.0
IC 1576	Sc	0.46	0.054595		0.605	143.0
IC 1578	Sb	0.37	0.022737		0.440	18.0
IC 1579	SBc	0.53	0.022649		0.520	6.0
IC 158		0.53	0.052300		0.757	140.0
IC 1581	Sc	0.20	0.037807		0.200	48.0
IC 1582	Sbc	0.30	0.035334		0.248	47.0
IC 1583	S0-a	0.46	0.024223		0.767	28.0
IC 1584	SABb	1.20	0.015894		0.870	95.0
IC 1585	S0	0.55	0.024450		0.733	110.0
IC 1586		0.23	0.019410		0.821	20.0
IC 1587	S0	0.44	0.056419		0.379	30.0
IC 1588	S0-a	0.35	0.054760		0.507	153.0
IC 1589				The IC identification is not certain.		
IC 159	SBb	0.75	0.013070		0.556	28.0
IC 1590			-0.000108			
IC 1592	Sbc	0.68	0.017315		0.791	167.0
IC 1594	SABb	0.39	0.027750		0.312	129.0
IC 1595	Sb	0.26	0.024180		0.179	12.0
IC 1596	Sab	0.75	0.008923		0.399	118.0
IC 1597	SBb	0.42	0.016855		0.261	152.0
IC 1598	Sa	0.51	0.015130		0.505	3.0
IC 1599	Sbc	0.28	0.032800		0.235	107.0
IC 16	S0-a	0.32	0.016074		0.552	62.0
IC 160	E-S0	0.86	0.018610		0.672	85.0
IC 1600	Sbc	0.47	0.039097		0.587	92.0
IC 1601	Sbc	0.44	0.012272		0.478	116.0
IC 1602	E	0.80	0.054730		0.741	149.0
IC 1603	Sc	0.55	0.026502		0.390	112.0
IC 1604				Nothing here; nominal position.		
IC 1605	SBbc	1.35	0.024729		0.804	143.0
IC 1606				Nothing here; nominal position.		
IC 1607	Sc	0.76	0.018140		0.809	138.0
IC 1608	S0-a	0.68	0.011800		0.332	171.0
IC 1609	S0	0.99	0.023216		0.876	44.0
IC 161	S0-a	0.54	0.017957		0.600	67.0
IC 1610	S0-a	1.41	0.018796		0.887	110.0
IC 1611		1.50		This is an open cluster in the Small Magellanic Cloud.	1.000	
IC 1612		0.80		This is an open cluster in the Small Magellanic Cloud.	0.667	20.0
IC 1613	I	17.14	-0.000777		0.936	50.0
IC 1614		0.51	0.081580		0.823	60.0
IC 1615	SBbc	0.60	0.025584		0.451	148.0
IC 1616	Sbc	1.50	0.018980		0.920	5.0
IC 1617	S0-a	0.49	0.026948		0.363	124.0
IC 1618	S0	0.46	0.015770		0.535	156.0
IC 1619	S0	0.60	0.015690		0.800	93.0
IC 162	S0	1.28	0.016970		0.970	85.0
IC 1620	Sbc	0.68	0.038150		0.708	87.0
IC 1621	Sbc	0.43			0.312	3.0
IC 1622	Sab	0.56	0.021387		0.800	160.0
IC 1623A	S?	0.87			0.829	63.0
IC 1623B	I	0.60	0.020347		0.750	12.0
IC 1624		0.90		This is an open cluster in the Small Magellanic Cloud.	1.000	
IC 1625	E-S0	1.41	0.022700		0.783	9.0
IC 1626		1.00			1.000	
IC 1627	SBbc	0.64	0.019839		0.395	139.0
IC 1628	E	1.53	0.016718		0.927	112.0
IC 1629		0.63	0.041820		0.808	56.0
IC 163	SBd	0.73	0.009250		0.451	90.0
IC 1630	Sb	0.28	0.023006		0.170	64.0
IC 1631	Sab	0.52	0.031152		0.642	85.0
IC 1632	E	0.22			0.957	5.0
IC 1633	E	2.16	0.024367		0.745	97.0
IC 1634	E	0.72			0.867	153.0
IC 1635	E	0.65	0.062797		0.565	148.0
IC 1636	S0	0.44	0.018870		0.800	103.0
IC 1637	SBc	1.30	0.020225		0.769	90.0
IC 1638	E	0.68	0.015904		0.907	105.0
IC 1639	E	0.70	0.017950		0.921	100.0
IC 164	E	1.35	0.017465		0.854	167.0
IC 1640	Sb	0.18	0.018496		1.000	20.0
IC 1641		0.65		This is an open cluster in the Small Magellanic Cloud.	0.867	40.0
IC 1643	SBa	0.67	0.018200		0.744	79.0
IC 1644		0.65	0.000554	Within boundaries of SMC.	0.812	40.0
IC 1645	E	0.77	0.037860		0.895	11.0
IC 1646	SABc	0.61	0.038570		0.938	17.0
IC 1647	Sc	0.40	0.020948		0.444	40.0
IC 1648	S0	0.40	0.018426		1.000	155.0
IC 1649	Sbc	0.31	0.017809		0.163	136.0
IC 1650	SBb	0.65	0.024530		0.492	62.0
IC 1652	S0-a	0.17	0.017279		0.129	170.0
IC 1654	Sa	0.46	0.016221		0.465	50.0
IC 1655		1.50		This is an open cluster in the Small Magellanic Cloud.	0.882	50.0
IC 1657	SBbc	0.52	0.011999		0.224	170.0
IC 1659	E	0.74	0.022852		0.892	18.0
IC 166			-0.000133			
IC 1660		1.10		This is an open cluster in the Small Magellanic Cloud.	1.000	
IC 1662		1.20		This is an open cluster in the Small Magellanic Cloud.	1.000	
IC 1666	Sc	0.86	0.016291		0.925	73.0
IC 1667	Sc	0.68	0.030945		0.708	45.0
IC 1668	Sc	0.24	0.019110		0.706	50.0
IC 1669		0.26	0.019070		0.338	5.0
IC 167	Sc	0.94	0.009820		0.587	107.0
IC 1670A	Sbc	0.56	0.020222		0.350	114.0
IC 1670B	S0	0.44	0.019561		0.221	102.0
IC 1672	Sab	1.00	0.023640		0.704	138.0
IC 1673	E	0.54	0.016995		1.000	70.0
IC 1674	Sbc	0.29	0.023680		0.558	23.0
IC 1675	Sab	0.23	0.017072		0.319	58.0
IC 1676	E	0.44	0.046082		0.746	179.0
IC 1677	Sc	0.30	0.018235		0.462	129.0
IC 1678		0.24	0.047210		0.706	145.0
IC 1679	S0-a	0.51	0.017732		0.850	46.0
IC 168	S0-a	0.39	0.017882		0.348	104.0
IC 1680	S0-a	0.53	0.014777		0.757	103.0
IC 1681	Sd	0.49	0.012660		0.490	101.0
IC 1682	Sab	0.40	0.014549		0.465	119.0
IC 1683	Sb	0.57	0.016163		0.432	173.0
IC 1684	S0	0.45	0.013270		0.662	124.0
IC 1685		0.30	0.014996		0.750	165.0
IC 1687	S0-a	0.48	0.016541		0.706	0.0
IC 1688	E	0.31	0.016898		0.816	64.0
IC 1689	S0	0.41	0.015201		0.661	171.0
IC 169	E-S0	0.51	0.028270		0.689	76.0
IC 1690	S0	0.26	0.015224		0.531	130.0
IC 1691	S0-a	0.39	0.016762		0.848	122.0
IC 1692	S0	0.36	0.018513		0.720	144.0
IC 1693	S0-a	0.27	0.019650		0.415	162.0
IC 1694	E	0.71	0.016271		0.634	4.0
IC 1695	E	1.08	0.050171		0.587	86.0
IC 1696	E	0.75	0.019380		0.904	16.0
IC 1697	S0-a	0.46	0.028670		0.568	104.0
IC 1698	S0	0.76	0.021900	The identificaiton as IC 1699 is very uncertain.	0.406	117.0
IC 17	E?	0.54	0.014505		0.806	102.0
IC 170	E	0.60	0.017320		0.769	92.0
IC 1701	E	0.60	0.028086		0.759	92.0
IC 1702	Sc	0.68	0.013860		0.602	172.0
IC 1704	Sc	0.76	0.021450		0.704	162.0
IC 1705	E	0.48	0.019330		0.762	107.0
IC 1706	SBcd	0.48	0.021610		0.960	85.0
IC 1707				Nothing here; nominal position.		
IC 1708		1.20		This is an open cluster in the Small Magellanic Cloud.	1.000	
IC 171	S0-a	1.90	0.017792		0.841	107.0
IC 1711	Sb	0.48	0.009340		0.193	42.0
IC 1714		0.50	0.018710		0.806	94.0
IC 1715	I	0.50	0.013926		0.769	95.0
IC 1717				Nothing here; nominal position.		
IC 1718		0.38	0.015160		0.559	120.0
IC 1719	S0	1.08	0.019463		0.725	173.0
IC 172	SBbc	0.37	0.027300		0.771	95.0
IC 1720	Sbc	0.91	0.018736		0.752	155.0
IC 1721	Sbc	0.46	0.014340		0.438	100.0
IC 1722	SABb	0.39	0.013649		0.257	51.0
IC 1723	Sb	0.50	0.018396		0.204	28.0
IC 1724	S0-a	0.50	0.012764		0.388	126.0
IC 1725	Sc	0.45	0.012820		0.865	60.0
IC 1726		0.30	0.018006		1.000	35.0
IC 1727	SBm	2.44	0.001171		0.374	150.0
IC 1728	Sbc	0.80	0.029067		0.620	6.0
IC 1729	E	1.25	0.005110		0.563	142.0
IC 173	SBbc	0.72	0.046405		0.783	90.0
IC 1730	S?	0.48	0.009783		0.640	64.0
IC 1731	SABc	0.80	0.011605		0.552	134.0
IC 1732	S0-a	0.38	0.016230		0.288	61.0
IC 1733	E	1.43	0.036151		0.929	70.0
IC 1734	Sc	1.52	0.016860		0.933	21.0
IC 1735	S0	0.69	0.038746		0.812	157.0
IC 1736	Sbc	0.28	0.017159		0.269	35.0
IC 1738	Sb	0.69	0.043030		0.742	76.0
IC 1739	Sb	0.55	0.028894		0.625	86.0
IC 174	S0	0.99	0.017479		0.664	97.0
IC 1740				The identification as IC 1740 is uncertain.		
IC 1741	S0-a	0.58	0.051000		0.552	168.0
IC 1742	Sc	0.46	0.032573		0.676	48.0
IC 1745	S0-a	0.31	0.039940		0.413	138.0
IC 1746	S0	0.47	0.008473		0.297	95.0
IC 1747			-0.000209			
IC 1748	Sbc	0.49	0.037739		0.710	122.0
IC 1749	S0	0.69	0.017359		0.651	150.0
IC 175		0.46			0.885	9.0
IC 1750	S0-a	0.18	0.018933		0.176	64.0
IC 1752		0.28	0.035200		0.452	123.0
IC 1753	E-S0	0.57	0.033900		0.679	140.0
IC 1754		0.92	0.017189		1.000	80.0
IC 1755	SABa	0.37	0.026390		0.253	155.0
IC 1756	Sc	0.24	0.022450		0.183	154.0
IC 1757	E	0.24	0.080290		0.600	55.0
IC 1758	S0	0.20	0.019524		0.357	50.0
IC 1759	Sbc	1.26	0.013127		0.857	11.0
IC 176	Sc	0.38	0.014929		0.213	94.0
IC 1760	Scd	0.41	0.037000		0.661	172.0
IC 1761	S0-a	0.28	0.023270		0.444	47.0
IC 1762	SBbc	0.55	0.018880		0.325	43.0
IC 1763	Sbc	0.92	0.015291		0.844	45.0
IC 1764	Sb	0.87	0.016720		0.725	10.0
IC 1767	Sa	0.56	0.017624		0.331	75.0
IC 1768	S0	1.20	0.014600		0.828	47.0
IC 1769	Sb	0.26	0.018246		0.280	76.0
IC 177	Sbc	0.47	0.045170		0.922	11.0
IC 1770	S0	1.36	0.015287		0.965	50.0
IC 1771	E-S0	0.75	0.015988		1.000	175.0
IC 1772		0.68			1.000	0.0
IC 1774	SABc	0.66	0.012075		0.468	127.0
IC 1775	SABa	0.67	0.025830		0.893	167.0
IC 1776	Scd	1.00	0.011368		0.794	172.0
IC 1777	E	0.91	0.042516		1.000	130.0
IC 1779		0.28	0.032035		0.757	105.0
IC 178	Sab	0.79	0.016138		0.840	159.0
IC 1780	S0-a	0.37	0.034647		0.578	9.0
IC 1781	Sbc	0.52	0.043480		0.765	126.0
IC 1783	Sb	0.80	0.011101		0.404	4.0
IC 1784	Sbc	0.74	0.016068		0.529	94.0
IC 1785	S0	0.44	0.015996		0.543	146.0
IC 1786		0.43	0.030130		0.652	154.0
IC 1788	SBbc	1.07	0.011801		0.423	28.0
IC 1789	Sa	0.42	0.015974		0.215	30.0
IC 179	E	0.90	0.013920		0.804	111.0
IC 1790	Sc	0.28	0.012315		0.341	63.0
IC 1791	S0	1.08	0.012490		0.991	95.0
IC 1792	Sb	0.96	0.035038		0.691	26.0
IC 1793	Sab	0.63	0.017719		0.492	36.0
IC 1794	S0-a	0.71	0.013279		0.763	90.0
IC 1795		12.00			1.000	
IC 1796	E-S0	0.70	0.016978		0.654	86.0
IC 1797	SBb	0.37	0.013825		0.381	142.0
IC 1798		0.21			0.677	100.0
IC 1799	Sc	0.37	0.016750		0.468	40.0
IC 18	Sb	0.41	0.020460		0.380	29.0
IC 180	Sb	0.34	0.016378		0.410	150.0
IC 1801	Sb	0.54	0.013511		0.458	30.0
IC 1802	E	0.79	0.032086		0.806	105.0
IC 1803	E	0.46	0.032179	The IC identification is not certain.	1.000	35.0
IC 1804	E	0.86	0.031966	The IC identification is not certain.	0.887	136.0
IC 1805		60.00	-0.000135		1.000	
IC 1806	E	0.47	0.034650		0.746	156.0
IC 1807	E	0.49	0.030633		0.875	24.0
IC 1809	SBab	0.51	0.018586		0.600	50.0
IC 181		0.49			0.860	55.0
IC 1810	Sab	0.97	0.018099		0.708	150.0
IC 1811	SBab	0.68	0.016081		0.591	7.0
IC 1812	E	1.60	0.017240		0.769	35.0
IC 1813	S0-a	0.75	0.015077		0.664	100.0
IC 1815	S0	1.20	0.015681		0.889	123.0
IC 1816	SBab	1.22	0.017052		0.968	125.0
IC 1817 NED01	Sd	0.25	0.024534		0.510	12.0
IC 1817 NED02	Sc	0.43	0.024460		0.642	161.0
IC 1818	E	0.71	0.015170		0.855	78.0
IC 1819	E	0.62	0.021320		0.308	25.0
IC 182	Sb	0.70	0.015691		0.660	36.0
IC 1820		0.28	0.031008		0.528	65.0
IC 1821 NED01		0.30	0.040281		0.429	45.0
IC 1821 NED02		0.20			0.769	0.0
IC 1823	Sc	0.83	0.017302		0.601	78.0
IC 1825	Sc	0.79	0.017095		0.687	22.0
IC 1826	S0-a	1.81	0.004697		0.879	107.0
IC 1827	Sa	0.23	0.019734		0.211	154.0
IC 1829	E	0.73	0.045044		0.777	26.0
IC 183	S0	0.37	0.013036		0.311	98.0
IC 1831				The IC identification is very uncertain.		
IC 1832	S0	0.69	0.033613		0.932	140.0
IC 1833	S0	0.74	0.016435		0.517	64.0
IC 1834	Sb	0.61	0.046640		0.884	16.0
IC 1835	E	0.58			0.806	28.0
IC 1836		0.50	0.022730		0.794	42.0
IC 1838	Sc	0.23	0.025298		0.359	175.0
IC 1839	Sbc	0.40	0.025007		0.412	96.0
IC 184	SBa	0.59	0.017969		0.527	178.0
IC 1841	SBb	0.48	0.047159		0.750	50.0
IC 1842	Sa	0.30	0.021438		0.280	20.0
IC 1843	SBab	0.63	0.022666		0.606	74.0
IC 1844	Sbc	0.37	0.022720		0.394	97.0
IC 1847		0.47	0.021335		0.839	131.0
IC 1848		10.00	-0.000102		0.250	
IC 1849	E-S0	0.46	0.026765		0.554	90.0
IC 185	Sab	0.33	0.044000		0.418	82.0
IC 1853	SBb	0.39	0.013906		0.281	94.0
IC 1854	S0	0.43	0.030941		0.827	154.0
IC 1855	S0-a	0.31	0.028760		0.689	40.0
IC 1856	Sab	0.51	0.021640		0.447	56.0
IC 1857	Sab	0.43	0.030138		0.544	149.0
IC 1858	S0-a	0.86	0.020181		0.457	174.0
IC 1859	SBbc	0.85	0.019854		0.654	15.0
IC 186 NED03		0.20			0.800	101.0
IC 1860	E	1.80	0.022900		0.682	4.0
IC 1861	S0	0.80	0.022352		0.625	150.0
IC 1862	Sbc	0.59	0.021659		0.221	4.0
IC 1863	S0	0.60	0.025520		1.000	0.0
IC 1864	E	0.76	0.014987		0.585	63.0
IC 1865	Sbc	1.01	0.026638		0.777	91.0
IC 1866	E-S0	0.81	0.030071		0.802	84.0
IC 1867		1.17	0.025801		0.770	17.0
IC 1868		0.36	0.026370		0.900	35.0
IC 1869	S0	0.27	0.024620		0.386	124.0
IC 186A	S0	0.76	0.042790		0.628	33.0
IC 186B		0.47			0.681	0.0
IC 187	Sa	0.73	0.017275		0.327	70.0
IC 1870	Sm	0.90	0.005151		0.581	133.0
IC 1871		4.00			1.000	
IC 1873	S0-a	0.46	0.030578		0.393	26.0
IC 1874	S0-a	0.66	0.016571		0.702	85.0
IC 1875	E-S0	0.87	0.020251		0.554	19.0
IC 1876	S0	1.12	0.021652		0.966	7.0
IC 1877	Sb	0.20	0.024500		0.222	153.0
IC 1878		0.39	0.048000		0.672	0.0
IC 1879	Sc	0.23	0.043697		0.190	137.0
IC 188	SABc	0.28	0.016785		0.519	46.0
IC 1880	E-S0	1.09	0.034114		0.589	34.0
IC 1882	Sb	0.39	0.024070		0.342	22.0
IC 1885	Sc	0.46	0.015871		0.317	137.0
IC 1886	S0	0.88	0.029182		0.793	1.0
IC 189	SBc	0.67	0.041185		0.859	86.0
IC 1890	S0	1.02	0.034723		1.000	150.0
IC 1891		0.34			0.773	44.0
IC 1892	SBd	0.98	0.009692		0.551	12.0
IC 1893	S0-a	0.25			0.641	54.0
IC 1894	S0	0.52	0.035566		0.667	3.0
IC 1895	S0-a	1.05	0.012835		0.750	164.0
IC 1896	Sab	0.31	0.003683		0.383	18.0
IC 1897	S0-a	0.57	0.016488		0.576	31.0
IC 1898	SBc	0.65	0.004436		0.178	73.0
IC 1899	S0-a	0.39	0.020928		0.295	161.0
IC 19	E	0.67	0.021451		0.848	30.0
IC 190	E	0.20	0.015851		0.800	95.0
IC 1900	S0	0.65	0.018770		0.783	92.0
IC 1901	S0-a	0.27	0.017721		0.297	164.0
IC 1902	S0-a	0.43	0.023816		0.623	67.0
IC 1903 NED01	S0-a	0.15			0.312	60.0
IC 1903 NED02	E-S0	0.23			0.354	0.0
IC 1904	SBab	0.61	0.015487		0.445	102.0
IC 1906	SBbc	0.51	0.016445		0.421	64.0
IC 1908	SBb	0.68	0.027740		0.553	68.0
IC 1909	SBb	0.68	0.025284		0.544	60.0
IC 1910				Nothing here; probably a defect on the original Harvard plate.		
IC 1911				The IC identification is very uncertain.		
IC 1912	Sc	0.21	0.031210		0.200	6.0
IC 1913	SBb	0.41	0.004860		0.209	149.0
IC 1914	SABc	1.45	0.003434		0.744	112.0
IC 1915	SBc	0.52	0.067500		0.852	29.0
IC 1916	SBc	0.55	0.040174		0.640	81.0
IC 1917	S0-a	0.47	0.076690		0.566	12.0
IC 1918	Sb	0.20	0.031028		0.333	150.0
IC 1919	E-S0	1.08	0.004260		0.624	84.0
IC 192	S0	0.67	0.013016		0.705	148.0
IC 1920	S0-a	0.41	0.060750	The IC identification is not certain.	0.732	148.0
IC 1921				Nominal position; nothing here.		
IC 1922	Sbc	0.28			0.683	31.0
IC 1923 NED01		0.19			0.633	91.0
IC 1924	Sbc	0.30			0.405	76.0
IC 1926	Sbc	0.21	0.014230		0.382	81.0
IC 1927				Identification as IC 1927 is uncertain.		
IC 1928	Sab	0.46	0.014100		0.260	30.0
IC 1929	SBab	0.59	0.044267		0.628	139.0
IC 193	Sc	0.97	0.015544		0.713	154.0
IC 1930	E	0.62	0.031483		0.816	14.0
IC 1931		0.76	0.031048		0.950	78.0
IC 1932	S0	0.41	0.040298		0.436	15.0
IC 1933	Sc	1.21	0.003527		0.533	54.0
IC 1934	S0	0.51	0.015487		0.515	135.0
IC 1935	Sc	0.71	0.018610		0.710	67.0
IC 1936	Sc	0.30	0.039780		0.469	146.0
IC 1937	Sc	0.54	0.022770		0.607	58.0
IC 1938	Sb	0.61	0.030300		0.744	82.0
IC 1939				Nothing here; probably a defect on the Harvard plate.		
IC 194	Sb	0.33	0.021275		0.178	14.0
IC 1940	Sab	0.87	0.045498		0.906	37.0
IC 1942 NED01	E	0.12			0.308	179.0
IC 1942 NED02	E	0.69	0.063416		0.775	10.0
IC 1944	Sc	0.36	0.039715		0.720	15.0
IC 1945	S0-a	0.26	0.061300		0.321	127.0
IC 1946	S0-a	0.45	0.038770		0.495	64.0
IC 1947	Sc	0.49	0.038510		0.845	131.0
IC 1948	Sb	0.64	0.046032		0.771	162.0
IC 1949	SBc	0.87	0.023970		0.737	16.0
IC 195	S0	0.72	0.012170		0.493	135.0
IC 1950	Sc	0.42	0.038096		0.269	153.0
IC 1951	Sbc	0.16	0.061840		0.296	56.0
IC 1952	SBbc	0.55	0.006099		0.213	140.0
IC 1953	Sc	1.19	0.006192		0.527	125.0
IC 1954	Sb	1.71	0.003565		0.572	60.0
IC 1955	Sbc	0.55	0.041648		0.809	176.0
IC 1956	Sbc	0.47	0.021351		0.356	33.0
IC 1957	Sc	0.18	0.042735		0.176	33.0
IC 1958	Sc	0.27	0.038330		0.587	79.0
IC 1959	SBm	0.72	0.002139		0.236	148.0
IC 196	Sab	0.67	0.012090		0.271	9.0
IC 1960	Sab	0.27	0.027346		0.239	111.0
IC 1961	Sc	0.42	0.062520		0.667	19.0
IC 1962	SBd	0.50	0.006023		0.222	1.0
IC 1964	Sbc	0.34	0.056880		0.618	92.0
IC 1965	SABc	0.63	0.055972		0.656	117.0
IC 1966	Scd	0.25			0.431	114.0
IC 1967	Sbc	0.44	0.031920		0.530	64.0
IC 1968	Sc	0.35	0.037800		0.761	97.0
IC 1969	Sab	0.35	0.066699		0.265	39.0
IC 197	Sbc	0.53	0.021068		0.525	54.0
IC 1970	Sb	0.76	0.004179		0.254	75.0
IC 1971	Sab	0.38			0.487	173.0
IC 1972	Sc	0.20			0.290	152.0
IC 1973		0.19	0.035570		0.380	10.0
IC 1974	Sc	0.36	0.063776		0.462	159.0
IC 1975		0.38	0.034550		0.905	65.0
IC 1976	Scd	0.59			0.737	128.0
IC 1977	Sb	0.62	0.033190		0.729	0.0
IC 1978	Sab	0.20	0.035138		0.165	8.0
IC 198	Sbc	0.56	0.030978		0.554	51.0
IC 1980	Sb	0.41	0.004899		0.323	21.0
IC 1982	Sab	0.39			0.796	61.0
IC 1984	Sc	0.25			0.333	139.0
IC 1986	Sm	0.23	0.005177		0.181	102.0
IC 1987 NED01		0.32			0.571	147.0
IC 1987 NED02	E	0.28	0.046400		0.359	11.0
IC 1987 NED03		0.79			1.000	0.0
IC 1987 NED04		0.19			0.950	28.0
IC 1988				Nothing here; nominal position. IC 1988 may be NGC 1425.		
IC 1989	E-S0	0.76	0.037219		0.555	132.0
IC 199	Sab	0.56	0.030798		0.438	24.0
IC 1991	Sc	0.28	0.038340		0.333	40.0
IC 1993	SABb	2.48	0.003663		0.883	57.0
IC 1994		0.22			0.301	4.0
IC 1995		2.00			1.000	90.0
IC 1996	Sc	0.21	0.059965		0.228	102.0
IC 1997	Sa	0.70	0.018200		0.693	76.0
IC 1998	E	0.61	0.037840		0.792	12.0
IC 1999	Sbc	0.68	0.057300		0.861	148.0
IC 2	Sb	0.32	0.022860		0.327	142.0
IC 20	S0	0.77	0.025801		0.846	18.0
IC 200	Sb	1.06	0.017592		0.768	92.0
IC 2000	SBc	0.85	0.003271		0.174	82.0
IC 2003			-0.000052			
IC 2004	S0-a	0.68	0.003366		0.747	46.0
IC 2005	E	0.23	0.019633		0.676	47.0
IC 2006	E	1.98	0.004614		0.839	35.0
IC 2007	Sbc	0.60	0.005093		0.465	48.0
IC 2009	IAB	0.99	0.005270		0.660	66.0
IC 201		0.50			0.926	60.0
IC 2010	SABa	0.48	0.017680		0.403	71.0
IC 2012 NED01	S0-a	0.42	0.069300		0.824	18.0
IC 2013				Nothing here; probably a defect on the original Harvard plate.		
IC 2014	SBc	0.47	0.024280		0.746	18.0
IC 2015	Sc	0.44	0.053530		0.746	102.0
IC 2016	S0	0.25	0.021822		0.490	2.0
IC 2017	S0	0.74	0.018572		0.667	21.0
IC 2018	SABb	0.55	0.033880		0.696	137.0
IC 2019	S0	0.47	0.018503		0.560	64.0
IC 202	Sb	0.36	0.030500		0.267	131.0
IC 2020	Sc	0.53	0.021341		0.791	58.0
IC 2021	Sbc	0.49	0.030700		0.754	123.0
IC 2022	Sc	0.24	0.022600		0.218	1.0
IC 2023	Sc	0.44	0.033217		0.746	43.0
IC 2024	SBc	0.26	0.038990		0.236	30.0
IC 2025	Sb	0.25	0.043357		0.216	124.0
IC 2027	E	0.78	0.021056		0.830	100.0
IC 2028	Sc	0.52	0.032963		0.605	54.0
IC 2029	SBc	0.40	0.033517		0.388	0.0
IC 203		0.51			0.850	10.0
IC 2030				Nothing here; probably a defect on the original Harvard plate.		
IC 2031	Sab	0.48	0.016216		0.857	103.0
IC 2032	IAB	0.41	0.003563		0.366	75.0
IC 2033	SABa	0.47	0.041482		0.395	127.0
IC 2034	Sc	0.20	0.027960		0.148	119.0
IC 2035	E-S0	1.17	0.004873		0.830	84.0
IC 2036	SBc	0.73	0.021135		0.652	84.0
IC 2037	Sb	0.30	0.027750		0.172	90.0
IC 2038	Scd	0.49	0.002378		0.265	155.0
IC 2039	E-S0	0.93	0.000834		0.853	124.0
IC 204	Sab	0.36	0.039580		0.655	155.0
IC 2040	S0-a	0.66	0.004426		0.489	68.0
IC 2041	S0	0.74	0.003706		0.692	136.0
IC 2043	Sb	0.27	0.039250		0.189	12.0
IC 2044	SABc	0.38			0.613	54.0
IC 2045	E	0.68	0.030350		0.747	126.0
IC 2046	SBbc	0.56	0.035100		0.683	104.0
IC 2049	SABc	0.80	0.004902		0.755	10.0
IC 205	Sa	0.82	0.027896		0.891	40.0
IC 2050	SBb	0.82	0.041222		0.701	36.0
IC 2051	SBbc	1.72	0.005824		0.601	68.0
IC 2052	Sc	0.39			0.368	165.0
IC 2053	S0-a	0.48			0.906	73.0
IC 2054	Sab	0.42	0.068590		0.913	115.0
IC 2055				Nothing here; probably a defect on the original Harvard plate.		
IC 2056	Sbc	1.61	0.003796		0.870	14.0
IC 2057	SABa	0.52	0.024717		0.825	65.0
IC 2058	Scd	0.48	0.004628		0.141	18.0
IC 2059	S0	0.55	0.009356		0.410	170.0
IC 206	S0	0.39	0.016439		0.320	130.0
IC 2060	E-S0	0.82	0.022302		0.656	158.0
IC 2061				Nothing here; probably a defect on the original Harvard plate.		
IC 2063	Sab	0.48	0.037320		0.552	174.0
IC 2064		0.47	0.031830		0.887	47.0
IC 2065	Sa	0.39	0.014390		0.328	36.0
IC 2066	SBbc	0.64	0.037973		0.744	133.0
IC 2067			0.000033			
IC 2068	S0-a	0.91	0.015294		0.705	171.0
IC 2069				Nothing at this position; probably a defect on the Harvard plate.		
IC 207	S0-a	0.45	0.016110		0.249	98.0
IC 2070	SABc	0.67	0.023443		0.465	88.0
IC 2072				Nothing at this position; probably a defect on the Harvard plate.		
IC 2073	SBc	0.58	0.013328		0.406	50.0
IC 2076				Nothing at this position; probably a defect on the Harvard plate.		
IC 2079	Sab	0.39	0.035865		0.279	125.0
IC 208	Sbc	1.13	0.012020		0.856	168.0
IC 2080	Sa	0.47	0.013743		0.603	15.0
IC 2081	E-S0	0.77	0.042453		0.770	75.0
IC 2082 NED01	E	0.58	0.038750		0.472	125.0
IC 2082 NED02	E-S0	0.55	0.039930		0.539	123.0
IC 2083	S0-a	0.51	0.043036		0.537	102.0
IC 2084				Nothing at this position; probably a defect on the Harvard plate.		
IC 2085	S0-a	0.54	0.003281		0.220	112.0
IC 2086	E	0.57	0.042303		0.891	141.0
IC 2087		4.00			1.000	
IC 2088				The IC identification is not certain.		
IC 2089	Sm	0.88	0.015917		0.889	36.0
IC 209	SBbc	1.03	0.013266		0.682	82.0
IC 2090				Nothing here; nominal position.		
IC 2094		0.27	0.044750		0.260	71.0
IC 2095	Sc	0.20	0.009498		0.137	55.0
IC 2097	IB	0.29	0.016610		0.250	116.0
IC 2098	Sc	0.33	0.009579		0.135	96.0
IC 21	SBb	0.45	0.060790		0.918	6.0
IC 210	SBbc	0.65	0.006581		0.277	66.0
IC 2101	SBc	0.38	0.015216		0.216	152.0
IC 2102	SBc	1.14	0.012159		0.891	65.0
IC 2103	Sc	0.34	0.014283		0.168	88.0
IC 2104	Sbc	1.14	0.018379		0.540	100.0
IC 2105		0.60		Within boundaries of LMC		
IC 2106	SBb	1.04	0.016750		0.581	156.0
IC 211	SABc	0.76	0.010891		0.458	56.0
IC 2111		0.55			0.846	130.0
IC 2112		0.21	0.035698		0.656	26.0
IC 2115				The IC identification is uncertain.		
IC 2116		0.60		HII region in the LMC; nearly stellar on the DSS.	1.000	
IC 2117		0.90		HII region in the LMC; part of the NGC 1770 association.	0.900	110.0
IC 2119	SBb	0.63	0.031620		0.525	54.0
IC 212	Sbc	0.54	0.036959		0.684	84.0
IC 2122	E-S0	1.51	0.015547		0.863	66.0
IC 2125	S0	0.75	0.030450		0.735	126.0
IC 2128		3.60		LMC stellar association, includes the star cluster ESO 056-SC 113.	0.750	40.0
IC 2129	SBd	0.88	0.006081		0.484	103.0
IC 213	SABb	1.01	0.027426		0.706	148.0
IC 2132	SABa	0.62	0.010883		0.330	175.0
IC 2134		1.40		Globular cluster in the LMC.	1.000	
IC 2135	Sc	0.66	0.004447		0.204	110.0
IC 2137	SABa	0.81	0.005751		0.628	83.0
IC 214	Sbc	0.45	0.030044		0.776	65.0
IC 2140		2.30		Globular star cluster in the LMC.	1.000	
IC 2142	Sbc	0.48	0.005850		0.558	27.0
IC 2143	SBb	0.92	0.010261		0.484	99.0
IC 2144		1.00			1.000	0.0
IC 2145				Emission nebula in the LMC.		
IC 2146		3.30	0.000755	Globular star cluster in the LMC.	1.000	
IC 2147	Scd	1.29	0.004369		0.827	86.0
IC 2148		1.30		Globular star cluster in the LMC.	1.000	
IC 2149			-0.000112			
IC 215	Sb	0.19	0.007000		0.226	78.0
IC 2150	SBc	0.80	0.010428		0.276	83.0
IC 2151	Sbc	0.64	0.010556		0.516	93.0
IC 2152	SBa	1.15	0.006262		0.697	50.0
IC 2153 NED01	S0-a	0.89	0.009627		0.774	68.0
IC 2153 NED02	I	0.84	0.009606		0.778	69.0
IC 2155		0.23	0.049170	Identity as IC 2155 is not certain.	0.622	3.0
IC 2158	SBab	1.08	0.005384		0.794	115.0
IC 216	S0-a	0.32	0.009980		0.640	25.0
IC 2160	SBc	0.89	0.015989		0.494	108.0
IC 2161		1.60		Globular cluster in the LMC.	1.000	
IC 2162		4.00			1.000	
IC 2163	Sc	0.95	0.009266		0.282	103.0
IC 2164	Sab	0.97	0.036663		0.843	122.0
IC 2165			0.000175			
IC 2166	SABc	1.08	0.008963		0.491	116.0
IC 217	Sc	0.45	0.006341		0.225	35.0
IC 2171	IB	0.34			0.209	91.0
IC 2174	SBa	0.78	0.012660		1.000	125.0
IC 2176	E	0.76	0.024634		0.817	0.0
IC 2177		20.00			1.000	
IC 2178		0.35	0.024760		0.593	140.0
IC 2179	E	0.79	0.014530		0.929	95.0
IC 218	Sbc	0.30	0.021630		0.330	75.0
IC 2180	Sab	0.79	0.017792		0.878	10.0
IC 2181	Sab	0.56	0.016628		0.549	140.0
IC 2182	S0-a	0.78	0.042620		0.517	103.0
IC 2183				Nothing at this position; probably a defect on the Harvard plate.		
IC 2184 NED01	Sbc	0.40			0.465	145.0
IC 2184 NED02	Sab	0.30	0.011938		0.411	15.0
IC 2185	Sbc	0.36	0.015564		0.600	125.0
IC 2186		0.22			0.667	30.0
IC 2187	E	0.20	0.027420		1.000	175.0
IC 2188	S0	0.72	0.027884		0.655	112.0
IC 219	E	1.19	0.016982		0.763	177.0
IC 2190	Sbc	0.61	0.035630		0.656	19.0
IC 2191	E	0.53	0.031308		0.654	20.0
IC 2192		0.41			0.788	134.0
IC 2193	Sb	0.96	0.016748		0.653	87.0
IC 2194	S0-a	0.38	0.014617		0.252	50.0
IC 2195				Nothing at this position; probably a defect on the Harvard plate.		
IC 2196	E	0.86	0.015820		0.515	153.0
IC 2197		0.33			0.660	138.0
IC 2198	E	0.62	0.018179		0.954	60.0
IC 2199	SBbc	0.58	0.015524		0.563	26.0
IC 22	S0	0.44	0.020365		0.543	45.0
IC 220	Sb	0.32	0.019762		0.478	34.0
IC 2200	SABb	0.78	0.010718		0.586	59.0
IC 2201	Sa	0.29	0.015571		0.250	66.0
IC 2202	SBbc	0.67	0.012034		0.310	164.0
IC 2203	SBc	0.70	0.015182		0.778	154.0
IC 2204	Sab	0.82	0.015561		0.921	138.0
IC 2205	E	0.35	0.015764		0.493	52.0
IC 2206			0.000474			
IC 2207	SBc	0.28	0.016020		0.164	124.0
IC 2208	S0	0.33	0.026850		0.767	12.0
IC 2209	SBb	0.75	0.004790		0.893	145.0
IC 221	Sc	1.19	0.016882		0.773	16.0
IC 2211	SBa	0.45	0.017860		0.549	139.0
IC 2212	S0-a	0.64	0.028280		0.877	103.0
IC 2213	S0-a	0.61	0.022489		0.836	71.0
IC 2214	SBab	0.81	0.019720		0.880	40.0
IC 2215				Nothing here; nominal position.		
IC 2217	Sc	0.42	0.017345		0.712	87.0
IC 2218	E	0.30	0.043150		0.353	19.0
IC 2219	Sc	0.55	0.017410		0.474	176.0
IC 222	SABa	0.65	0.043930		0.774	42.0
IC 2221	E	0.45	0.089360		0.703	23.0
IC 2222	SBbc	0.41	0.032900		0.519	121.0
IC 2223	S0	0.30	0.034210	The identification as IC 2223 is very uncertain.	0.652	71.0
IC 2225	SBa	0.75	0.033020		0.701	87.0
IC 2226	SABa	0.78	0.036230		0.743	142.0
IC 2227	SBa	0.58	0.032310		0.523	30.0
IC 223	IB	0.59	0.005290		0.513	143.0
IC 2230	S0	0.46	0.025410		0.807	159.0
IC 2231	E	1.67	0.030424		1.000	120.0
IC 2233	SBc	0.40	0.001868		0.139	172.0
IC 2234	E	0.51	0.054320		0.944	124.0
IC 2239	S0-a	0.71	0.020241		0.845	140.0
IC 224	Sab	0.59	0.013815		0.686	130.0
IC 2247	Sbc	0.27	0.014330		0.148	149.0
IC 2248	Sa	0.46	0.013800		0.582	52.0
IC 2249	Sbc	0.25	0.029680		0.806	122.0
IC 225	E	0.90	0.005120		0.891	158.0
IC 2250	Sd	0.31			0.756	122.0
IC 2253	S0	0.58	0.015774		0.611	168.0
IC 2254	S0	0.43	0.024890		0.614	119.0
IC 2256	SABc	0.40	0.007016		0.506	8.0
IC 2259				The IC identification is not certain.		
IC 226	E	0.72	0.036338		0.889	55.0
IC 2267	Sc	0.24	0.006909		0.130	152.0
IC 2268	E	0.37	0.006905		0.974	90.0
IC 2269	Sb	0.21	0.013419		0.214	30.0
IC 227	E	1.77	0.034531		0.881	80.0
IC 2271	E	0.31	0.007446		0.775	150.0
IC 2282	Sbc	0.77	0.015520		0.875	45.0
IC 2288	SABc	0.31	0.015317		0.585	68.0
IC 229				Nothing here; nominal position.		
IC 2290	S?	0.42	0.018972		0.724	149.0
IC 2293	SBab	0.67	0.013650		0.753	125.0
IC 23	E	0.77	0.020464		0.906	20.0
IC 230	S0-a	0.42	0.016530		0.656	87.0
IC 2307	S0-a	0.36	0.043320		0.424	162.0
IC 2308	Sab	0.32			0.508	93.0
IC 2308 NED01	Sbc	0.11			0.393	87.0
IC 2309	Sc	0.25	0.038410		0.329	6.0
IC 231	S0	0.33	0.022170		0.446	162.0
IC 2311	E	1.99	0.006170		0.930	47.0
IC 2312 NED01	Sbc	0.27	0.084430		0.614	175.0
IC 2312 NED02		0.17			0.680	55.0
IC 2318				The IC identification is not certain.		
IC 232	E	0.67	0.021150		0.609	154.0
IC 2327	SABa	0.39	0.008970		0.322	169.0
IC 2329	SABd	0.36	0.006962		0.180	116.0
IC 233	Sbc	0.26	0.027857		0.788	100.0
IC 2335		0.29			0.644	164.0
IC 2337	S0-a	0.26	0.038220		0.542	46.0
IC 2338	SBc	0.40	0.018030		0.727	32.0
IC 2339	Sc	0.45	0.017970		0.506	61.0
IC 234	SBc	0.35	0.020630		0.507	158.0
IC 2340	E-S0	0.73	0.026996		0.682	160.0
IC 2341	E-S0	0.57	0.017120		0.483	3.0
IC 2348	Sab	0.32	0.019930		0.485	91.0
IC 235		0.30	0.029300		0.769	35.0
IC 2350				Nothing here; nominal position.		
IC 236	S0-a	0.37	0.054360		0.500	23.0
IC 2361	SBab	0.50	0.007308		0.321	78.0
IC 2363	Sbc	0.70	0.025240		0.843	5.0
IC 2365	S0	0.85	0.020194	The identification with IC 2365 is not certain.	0.702	44.0
IC 2367	Sb	1.30	0.008147		0.531	60.0
IC 237	SBb	0.51	0.020880		0.944	11.0
IC 2373	Sc	0.48	0.025120		0.814	160.0
IC 2374	SBb	0.48	0.054500		0.906	161.0
IC 2375	SBb	0.35	0.019851		0.161	84.0
IC 2376	E	0.60	0.044600		0.674	64.0
IC 2377	Sa	0.62	0.020161		0.590	21.0
IC 2378	E-S0	0.92	0.050320		0.702	23.0
IC 2379	S0-a	0.49	0.020160		0.510	35.0
IC 238	S0	0.79	0.020040		0.572	35.0
IC 2380	S0	0.72	0.052620		0.900	162.0
IC 2382	S0	0.58	0.020350		0.652	165.0
IC 2383	E-S0	0.45	0.047660		0.738	93.0
IC 2384	S0-a	0.65	0.026929		0.739	73.0
IC 2385	Sbc	0.52	0.022830		0.658	27.0
IC 2387	Sc	0.53	0.025650		0.457	18.0
IC 2388	S0-a	0.33	0.033262		0.579	150.0
IC 2389	SBb	0.30	0.007945		0.231	125.0
IC 239	SABc	4.01	0.003017		0.944	75.0
IC 2391			0.000049			
IC 2392	Sc	0.46	0.020834		0.754	5.0
IC 2393	E	0.80	0.021000		0.678	27.0
IC 2394	Sb	0.59	0.021150		0.868	98.0
IC 2395			0.000059			
IC 2398	S0-a	0.33	0.030670		0.516	6.0
IC 2399	SBc	0.50		IC identification is not certain.	0.943	3.0
IC 2400	Sc	0.38	0.026650		0.422	112.0
IC 2401	S0	0.74	0.040740		0.661	101.0
IC 2402	S0-a	0.75	0.067310		0.915	120.0
IC 2403	S0-a	0.38	0.018256		0.543	120.0
IC 2404	S0-a	0.55	0.026610		0.724	109.0
IC 2405	Sbc	0.57	0.025380		0.750	7.0
IC 2406	S0-a	0.77	0.015610		0.470	173.0
IC 2407	Sbc	0.23	0.020630		0.184	86.0
IC 2409	Sa	0.73	0.021080		0.793	148.0
IC 241	E-S0	0.59	0.023143		0.656	152.0
IC 2414	E	0.39	0.014613		0.672	46.0
IC 2418	Sc	0.33			0.846	111.0
IC 2420	E	0.72	0.028110		0.857	141.0
IC 2421	Sc	0.95	0.014590		0.674	53.0
IC 2422	E	0.62	0.031160		0.939	130.0
IC 2423	Sb	0.64	0.030571		0.762	114.0
IC 2426	S0	0.44	0.012970		0.721	119.0
IC 2427	E	0.61	0.045510		0.824	98.0
IC 2428	Sc	0.41	0.014350		0.255	76.0
IC 2429	Sab	0.41	0.010044		0.695	146.0
IC 243	Sa	0.70	0.024370		0.574	20.0
IC 2430	S0-a	0.50	0.010000		0.521	40.0
IC 2431 NED01	Scd	0.02	0.049630		0.500	134.0
IC 2431 NED02	I	0.48	0.049871		0.800	32.0
IC 2431 NED03	Sd	0.33	0.050814		0.733	5.0
IC 2431 NED04		0.23			0.821	98.0
IC 2432	Sab	0.30	0.033370		0.366	131.0
IC 2433	Sc	0.40	0.036150		0.488	109.0
IC 2434	SBbc	0.63	0.023950		0.485	19.0
IC 2435	E	0.39	0.020610		0.443	116.0
IC 2437	E-S0	1.23	0.017590		0.687	119.0
IC 2439	Sa	0.42	0.014230		0.300	31.0
IC 244	SABc	0.47	0.022700		0.671	176.0
IC 2441 NED01	E	0.24	0.036805		0.381	155.0
IC 2441 NED02	Sb	0.47			0.712	162.0
IC 2442	Sb	0.78	0.037170		0.940	155.0
IC 2443	S0	0.57	0.033890		0.864	12.0
IC 2444	S0-a	0.71	0.021710		0.866	48.0
IC 2445	SBbc	0.41	0.006451		0.539	18.0
IC 2446	Sa	0.61	0.026520	The identification as IC 2447 is very uncertain.	0.409	147.0
IC 2448			-0.000080			
IC 245	Sbc	0.29	0.015406		0.261	25.0
IC 2450	S0-a	0.72	0.005510		0.533	156.0
IC 2451	Sb	0.71	0.027210		0.763	105.0
IC 2452	Sab	0.31	0.027330		0.456	132.0
IC 2453	Sab	0.41	0.030040		0.569	62.0
IC 2454	Sa	0.68	0.028730		0.701	100.0
IC 2456	E-S0	0.45	0.023430	The identification as IC 2456 is not certain.	0.714	54.0
IC 2457	SBab	0.40	0.028930		0.727	75.0
IC 2459	E	0.38	0.023314		0.576	118.0
IC 246	S0	0.61	0.022002		0.884	48.0
IC 2461	Sb	0.51	0.007530		0.212	143.0
IC 2462	Sbc	0.25	0.030750		0.362	62.0
IC 2463	Sab	0.44	0.031390		0.815	103.0
IC 2464	Sab	0.54	0.032550		0.675	147.0
IC 2465	S0-a	0.56	0.034520		0.577	89.0
IC 2466	E-S0	0.49	0.032962		0.590	92.0
IC 2467	E	0.92	0.027740		0.968	45.0
IC 2468	S0	0.47	0.027050		0.922	60.0
IC 2469	SBab	1.17	0.005527		0.202	37.0
IC 247	SBbc	0.64	0.028240		0.727	45.0
IC 2470	S0-a	0.94	0.031440		0.931	105.0
IC 2471	S0	0.52	0.020620		0.481	151.0
IC 2472	SBbc	0.51	0.026005		0.823	4.0
IC 2473	Sbc	0.74	0.026916		0.685	92.0
IC 2474	Sbc	0.22	0.029270		0.373	96.0
IC 2475	Sbc	0.34	0.036175		0.337	111.0
IC 2476	E-S0	1.04	0.026660		0.800	40.0
IC 2477	S0-a	0.43	0.026820	The identification as IC 2477 is not certain.	0.717	172.0
IC 2478	E	0.42	0.026670		0.737	140.0
IC 2479	SBb	0.33	0.027680		0.569	152.0
IC 248	Sa	0.74	0.029540		0.747	147.0
IC 2481	SBbc	0.47	0.017780		0.566	161.0
IC 2482	E	1.84	0.011815		0.648	145.0
IC 2483	Sb	0.45	0.042270		0.682	103.0
IC 2484				Nothing here; nominal position.		
IC 2485				Nothing at this position; probably a defect on the Harvard plate.		
IC 2486	Sbc	0.62	0.045700		0.674	135.0
IC 2487	Sb	0.46	0.014468		0.250	164.0
IC 2488			-0.000009			
IC 2489				Nothing here; nominal position.		
IC 2490	SABb	0.65	0.024450		0.670	177.0
IC 2491	S0	0.61	0.027306		0.701	74.0
IC 2492	Sab	0.31	0.008640	The IC identification is very uncertain.	0.408	48.0
IC 2493	E	0.72	0.020640		0.742	1.0
IC 2495	Sab	0.30	0.033650		0.411	11.0
IC 2496	Sbc	0.43	0.041260		0.589	33.0
IC 2497	SBa	0.38	0.049940		0.528	115.0
IC 2498	Sb	0.31	0.033050		0.373	25.0
IC 2499	Sa	0.26			0.413	125.0
IC 25	S0-a	0.44	0.019440		0.512	34.0
IC 250	SABb	0.73	0.035888		0.802	178.0
IC 2500	SBab	0.43	0.021970		0.319	164.0
IC 2501			0.000109			
IC 2502	Sa	0.52	0.050170	Nothing here; nominal position.	0.945	75.0
IC 2503	Sbc	0.28	0.050240	Nothing here; nominal position.	0.667	100.0
IC 2504				Nothing at this position; probably a defect on the Harvard plate.		
IC 2505	Sab	0.55	0.032940		0.733	18.0
IC 2506	Sab	0.41	0.033510		0.745	79.0
IC 2507	IB	0.86	0.004188		0.494	48.0
IC 2508	E	0.44	0.040490		0.638	19.0
IC 251	E	0.74	0.024690		0.881	96.0
IC 2510	Sb	0.86	0.009126		0.541	148.0
IC 2511	SABa	0.81	0.009800		0.192	43.0
IC 2513	Sab	0.68	0.009620		0.201	63.0
IC 2515	Sb	0.40	0.019410		0.354	174.0
IC 2516	E-S0	0.87	0.016908		0.897	13.0
IC 2517	S0	0.56			0.824	98.0
IC 2518	E	0.53	0.017060		0.757	110.0
IC 2519	E	0.25	0.021090		0.714	90.0
IC 252	S0-a	0.62	0.024497		0.614	26.0
IC 2520	S0-a	0.74	0.004150		0.841	57.0
IC 2521	SBbc	0.57	0.029350		0.934	15.0
IC 2522	Sc	1.74	0.010106		0.757	0.0
IC 2523	SBbc	0.86	0.008752		0.601	30.0
IC 2524	S0-a	0.44	0.004905		0.595	64.0
IC 2525	E	0.61	0.052435		0.938	55.0
IC 2526	S0	0.70	0.008910		0.338	56.0
IC 2527	SBc	0.48	0.023150		0.842	123.0
IC 253	S0	0.74	0.024750		0.779	162.0
IC 2530	E	0.94	0.021880		0.969	20.0
IC 2531	Sc	0.60	0.008229		0.092	74.0
IC 2532	Sa	1.12	0.009543		0.549	36.0
IC 2533	E-S0	1.45	0.008130		0.711	0.0
IC 2534	S0-a	1.25	0.009351		0.679	98.0
IC 2535	Sb	0.74	0.023210		0.871	75.0
IC 2536	SBc	0.40	0.009100		0.213	45.0
IC 2537	Sc	1.82	0.009326		0.697	17.0
IC 2538	SABc	0.75	0.030411		0.503	0.0
IC 2539	Sbc	0.56	0.009535		0.283	25.0
IC 254		0.25	0.025260		0.962	55.0
IC 2540	E-S0	0.59	0.021868		0.648	158.0
IC 2541	SBbc	0.64	0.016515		0.435	4.0
IC 2542	SBc	0.77	0.020490		0.740	171.0
IC 2543 NED01	Sb	0.29	0.053670		0.392	134.0
IC 2543 NED02		0.14			0.700	6.0
IC 2544	SBcd	0.40	0.029040		0.769	65.0
IC 2545				The IC identification is uncertain, but IRAS F10038-3338 is not IC 2545.		
IC 2546		0.60			0.723	95.0
IC 2547	Sb	0.36	0.034630		0.439	121.0
IC 2548	SBbc	1.42	0.014838		0.654	70.0
IC 2549	Sbc	0.32	0.041210		0.681	143.0
IC 255	SABb	0.40	0.025651		0.678	45.0
IC 2550	SABb	0.68	0.015960		0.731	109.0
IC 2551	Sa	0.56	0.021210		0.737	36.0
IC 2552	E-S0	1.68	0.010214		0.898	89.0
IC 2553			0.000153			
IC 2554	SBbc	1.29	0.004694		0.390	8.0
IC 2556	Scd	0.95	0.008347		0.519	119.0
IC 2557	S0-a	0.41	0.021640		0.683	95.0
IC 2558	Sm	0.61	0.008743		0.604	17.0
IC 2559	SBb	0.53	0.009907		0.314	17.0
IC 256	E	0.29	0.029639		0.630	30.0
IC 2560	SBb	1.67	0.009795		0.470	46.0
IC 2561	Sb	0.55	0.015050		0.618	14.0
IC 2562	Sa	0.44	0.028600		0.667	166.0
IC 2563	SBcd	0.38	0.004555		0.418	110.0
IC 2564	E	0.60	0.054577		0.845	50.0
IC 2565	S0-a	0.42	0.049721		0.627	70.0
IC 2566	S0-a	0.64	0.025920		0.653	6.0
IC 2567	S0-a	0.59	0.040220		0.747	57.0
IC 2568	SBa	0.55	0.026148		0.500	93.0
IC 2569	E	0.57	0.046300		0.851	146.0
IC 257	E	1.19	0.025920		0.617	154.0
IC 2570	SBbc	0.44	0.057590		0.537	172.0
IC 2572	Sa	0.43	0.020450		0.478	26.0
IC 2573	SBcd	0.33	0.013886		0.220	2.0
IC 2574	SABm	5.57	0.000160		0.431	48.0
IC 2575	Sbc	0.58	0.057730		0.921	55.0
IC 2576	Sb	0.63	0.031172		0.670	42.0
IC 2577	Sb	0.41	0.021260		0.586	103.0
IC 2578	Sc	0.35	0.012849		0.232	143.0
IC 258	S0-a	1.23	0.020371		0.831	170.0
IC 2580	Sc	1.75	0.010531		0.854	128.0
IC 2581			-0.000015			
IC 2582	Sbc	1.25	0.013823		0.969	150.0
IC 2583	E	0.49	0.021032		0.831	124.0
IC 2584	S0	0.59	0.008539		0.410	134.0
IC 2586	E	1.19	0.012335		0.778	85.0
IC 2587	E-S0	1.47	0.007067		0.742	36.0
IC 2588	Sa	1.31	0.011741		0.794	154.0
IC 2589	Sb	0.39	0.012212		0.476	11.0
IC 259	S0	0.53	0.018306		0.768	130.0
IC 2590	S0	0.97	0.021195		1.000	10.0
IC 2591	SBc	0.62	0.022610		0.620	134.0
IC 2593	S0-a	0.58	0.052050		0.667	88.0
IC 2594	E-S0	1.39	0.012392		0.837	112.0
IC 2595				Nothing here; nominal position.		
IC 2596	Sab	0.81	0.011312		0.614	179.0
IC 2597	E	1.73	0.010105		0.660	8.0
IC 2598	Sa	0.39	0.019630		0.591	152.0
IC 2599		20.00			1.000	
IC 260	E	0.75	0.029337		0.490	170.0
IC 2600		0.45	0.034350		0.726	115.0
IC 2601	E	0.28	0.034077		0.800	165.0
IC 2602			0.000058			
IC 2603				Nothing here; nominal position.		
IC 2604	SBm	1.03	0.005450		0.873	40.0
IC 2605		0.20			0.500	0.0
IC 2606	S0-a	0.40	0.025651		0.374	112.0
IC 2607	SBab	0.48	0.032810		0.640	63.0
IC 2608	SBc	0.31	0.005594		0.392	121.0
IC 2610				Nothing here; nominal position.		
IC 2612	E-S0	0.56	0.044520		0.683	108.0
IC 2614	SBab	0.24			1.000	16.0
IC 2615	S0-a	0.34	0.028550		0.895	80.0
IC 2616	E	0.48	0.030310		0.727	69.0
IC 2617	S0	0.45	0.030400		0.506	97.0
IC 2619	E	0.22	0.028930		0.667	67.0
IC 262	S0	1.74	0.018079		0.829	36.0
IC 2620	S0-a	0.94	0.028640		0.904	110.0
IC 2621			0.000067			
IC 2623	E-S0	0.73	0.012602		0.689	64.0
IC 2626	Sb	0.34	0.037570		0.442	50.0
IC 2627	SABc	1.70	0.007003		0.708	43.0
IC 2628	SBa	0.69	0.042190		0.920	110.0
IC 2629	Sa	0.34	0.046320		0.486	28.0
IC 263	S0-a	0.44	0.028230		0.677	168.0
IC 2632	E	0.37	0.069910		0.902	55.0
IC 2633	Sc	0.36	0.038160		0.581	17.0
IC 2634	Sb	0.82	0.029430		0.911	110.0
IC 2636	E	0.37	0.074560		0.552	73.0
IC 2637	E-S0	0.86	0.029250		0.887	62.0
IC 2638	S0-a	0.65	0.040830		0.670	100.0
IC 2639	S0	0.42	0.041220		0.737	100.0
IC 264	E	0.37	0.024670		0.740	28.0
IC 2640	Sc	0.35			0.814	105.0
IC 2644	E	0.36			0.590	76.0
IC 2645	S0-a	0.29	0.038600		0.367	92.0
IC 2646	Sc	0.34			0.756	2.0
IC 2648	Sb	0.46	0.046560		0.793	16.0
IC 2649	E	0.74	0.040810		0.871	74.0
IC 265	E	0.63	0.017919		0.887	60.0
IC 2650	Sbc	0.43			0.896	21.0
IC 2651	Sb	0.39			0.750	84.0
IC 2652	E	0.64	0.068510		0.955	45.0
IC 2654	E	0.35			0.854	93.0
IC 2655	E	0.30			0.833	68.0
IC 2656	Sbc	0.30			0.469	128.0
IC 2657	E	0.17			0.586	131.0
IC 266	S0-a	0.31	0.017422		0.419	136.0
IC 2660	Sb	0.31			0.775	158.0
IC 2661	S0-a	0.26	0.024630		0.382	110.0
IC 2665	Sm	0.21	0.038100		0.356	103.0
IC 2666	S0-a	0.72	0.024930		0.673	167.0
IC 2667	E	0.51			0.810	173.0
IC 2668	SBa	0.54	0.016198		0.348	140.0
IC 267	Sb	0.69	0.011915		0.371	170.0
IC 2670	Sab	0.29			0.630	166.0
IC 2673	Sc	0.55	0.019705		0.647	35.0
IC 2674	Sc	0.65	0.019564		0.580	23.0
IC 2676	Sc	0.11			0.786	155.0
IC 2677		0.19	0.116700		0.826	10.0
IC 2678	S0-a	0.26			0.388	121.0
IC 2679	S0-a	0.56	0.046490		0.644	23.0
IC 268	SABa	0.55	0.032410		0.567	68.0
IC 2680	S0-a	0.28	0.057300		0.354	132.0
IC 2683	E	0.28	0.038400		0.667	87.0
IC 2684	I	0.57	0.009850		0.750	171.0
IC 2689	Sm	0.24	0.020140		0.364	31.0
IC 269	S0-a	0.35	0.027920		0.294	126.0
IC 2690		0.26			0.929	47.0
IC 2692	E	0.39	0.071360		0.750	100.0
IC 2694	SBbc	0.36	0.048290		0.474	86.0
IC 2695	Sbc	0.39			0.765	58.0
IC 2698	Scd	0.48	0.020000		0.686	43.0
IC 27		0.34	0.023460		0.586	148.0
IC 270	E-S0	1.43	0.029464		0.794	51.0
IC 2700	Sc	0.31			0.816	120.0
IC 2701	Sc	0.22	0.046380		0.500	78.0
IC 2702	Sb	0.34	0.082290		0.850	117.0
IC 2703	S0	0.82	0.003231		0.882	19.0
IC 2704	Sab	0.40	0.049790		0.615	70.0
IC 2707	SBbc	0.38			0.826	148.0
IC 2708	E	0.77	0.020110		0.837	63.0
IC 2709	I	0.38	0.003270		0.704	153.0
IC 271	S0-a	0.61	0.005382		0.575	131.0
IC 2712	Sb	0.41	0.030950		0.891	44.0
IC 2713	E	0.57	0.040170		0.966	40.0
IC 2714			-0.000047			
IC 2715	I	0.37	0.002870		0.500	100.0
IC 2716	Sm	0.19	0.079000		0.500	81.0
IC 2718	Sbc	0.26	0.033710		0.441	99.0
IC 2719	E	0.21			0.955	83.0
IC 272	Sbc	0.67	0.029364		0.698	30.0
IC 2720	E	0.59	0.039760		0.747	24.0
IC 2721				Nothing here; nominal position.		
IC 2722 NED01	E	0.48	0.068740		0.696	70.0
IC 2722 NED03	Sa	0.07			0.636	80.0
IC 2723	E	0.25			0.532	104.0
IC 2724	Sb	0.44	0.074630		0.917	85.0
IC 2725	E	0.42	0.084620		0.875	116.0
IC 2727	Sbc	0.38	0.038910		0.884	70.0
IC 2728				The IC identification is uncertain.		
IC 2729	Sc	0.23		The IC identification is uncertain.	0.535	177.0
IC 273	Sa	0.46	0.010780		0.309	32.0
IC 2732	Sbc	0.34			0.850	114.0
IC 2733				The IC identification is uncertain.		
IC 2734	SBc	0.30	0.082148		0.357	12.0
IC 2735	Sab	0.25	0.035740		0.212	100.0
IC 2738	E-S0	0.75	0.036262		0.882	144.0
IC 2739	Sbc	0.31			0.838	65.0
IC 274				Nominal position; nothing obvious here.		
IC 2740	Sb	0.30			0.811	57.0
IC 2741	SBbc	0.31	0.029930		0.738	122.0
IC 2742	Sc	0.16	0.028120		0.471	38.0
IC 2744	E-S0	0.74	0.035929		0.661	38.0
IC 2745	SBb	0.21	0.034080		0.339	70.0
IC 2746	E	0.34	0.039880		0.642	166.0
IC 2748	E	0.43	0.069930		0.796	91.0
IC 2749	SABc	0.34	0.059570		0.567	84.0
IC 275 NED01		0.23			0.719	16.0
IC 275 NED02	E	1.20	0.033021		0.870	25.0
IC 275 NED03		0.30			1.000	0.0
IC 2750	Sbc	0.20			0.465	43.0
IC 2751	E	0.54	0.034180		0.857	133.0
IC 2752	E	0.19			0.302	100.0
IC 2753	E	0.31			0.969	80.0
IC 2754	Sc	0.24			0.462	82.0
IC 2756	Sbc	0.19	0.075000		0.373	101.0
IC 2757	SBa	0.52	0.021250		0.722	79.0
IC 2758	Sa	0.23	0.020490		0.354	34.0
IC 2759	E	0.65	0.026023		0.890	178.0
IC 276	S0	0.61	0.009917		0.365	62.0
IC 2760	E	0.33			0.733	108.0
IC 2761	Sab	0.34			0.850	175.0
IC 2762	Sd	0.31	0.014000		0.337	145.0
IC 2763	Sc	0.39	0.005264		0.271	98.0
IC 2764	S0-a	1.18	0.005602		0.536	179.0
IC 2765	E	0.21			0.677	90.0
IC 2766	Sc	0.35			0.660	149.0
IC 2767	S?	0.30	0.003606		0.345	90.0
IC 2768	SBb	0.30			0.750	46.0
IC 2769	Sb	0.32	0.024400		0.744	166.0
IC 277	SBbc	0.89	0.009500		0.890	44.0
IC 2770	Sb	0.38	0.071020		0.974	169.0
IC 2771	S?	0.20	0.084790		0.714	22.0
IC 2773				The IC identification is uncertain.		
IC 2775	E	0.25			0.781	60.0
IC 2776	Sc	0.44			0.506	160.0
IC 2777	Sb	0.59	0.039930		0.747	154.0
IC 2779	Sd	0.26	0.013880		0.867	179.0
IC 278	E	2.17	0.016448		1.000	125.0
IC 2780	E	0.41			0.631	5.0
IC 2781	I	0.34	0.005170		0.944	146.0
IC 2782	Sd	0.84	0.003330		0.894	19.0
IC 2783	Sa	0.27	0.030990		0.386	162.0
IC 2784	SBab	0.38	0.046970		0.585	17.0
IC 2785	E	0.72	0.038530		0.828	2.0
IC 2786	Sab	0.34	0.037730		0.358	115.0
IC 2787	Sc	0.74	0.002480		0.925	34.0
IC 2788		0.25	0.082300		0.595	156.0
IC 2789		0.03			0.600	132.0
IC 279	Sbc	0.45	0.031438		0.833	166.0
IC 2790	Sc	0.32	0.067730		0.696	15.0
IC 2791	I	0.36	0.002200		0.632	156.0
IC 2792	E?	0.29	0.069140		0.592	82.0
IC 2793 NED01	E	0.27			0.771	94.0
IC 2793 NED02		0.20			0.556	83.0
IC 2794				The IC identification is uncertain.		
IC 2795	Sc	0.33	0.052250		0.917	37.0
IC 2796 NED01	Sb	0.26			0.510	5.0
IC 2796 NED02		0.17	0.077020		0.459	17.0
IC 2797	E	0.47	0.069080		0.618	136.0
IC 2798	Sc	0.26	0.039950		0.338	173.0
IC 2799	SBbc	0.32	0.037980		0.711	137.0
IC 28	E	0.22	0.021509		0.733	85.0
IC 2800	Sc	0.19			0.302	92.0
IC 2801	Sb	0.32			0.640	84.0
IC 2802		0.23	0.054190		0.821	61.0
IC 2803	Sb	0.21			0.488	65.0
IC 2804	Sb	0.23	0.020198		0.264	18.0
IC 2807	Sbc	0.18	0.047900		0.562	30.0
IC 2810	SBab	0.41	0.034010		0.398	33.0
IC 2811	Sb	0.35			0.479	89.0
IC 2812	Sc	0.23			0.442	24.0
IC 2813	Sb	0.40	0.036920		0.833	71.0
IC 2814	E	0.29			0.725	58.0
IC 2815	Sab	0.35			0.700	116.0
IC 2816	Sbc	0.27			0.365	0.0
IC 2818	E	0.34	0.069050		0.739	94.0
IC 2819	Sc	0.28	0.041881		0.475	59.0
IC 2820	Sc	0.25	0.031220		0.463	24.0
IC 2821	E	0.18			0.720	32.0
IC 2822	SBbc	0.60	0.010750		0.444	118.0
IC 2823	Sb	0.31	0.041080		0.348	12.0
IC 2826	Sbc	0.70	0.020120		0.959	56.0
IC 2828	I	0.44	0.003450		0.436	52.0
IC 2829	Sa	0.52	0.053680		0.591	175.0
IC 283	Sc	0.54	0.027580		0.761	5.0
IC 2830	Sbc	0.44	0.040070		0.880	58.0
IC 2834	E	0.37			0.822	17.0
IC 2835	E	0.30	0.045960		0.508	149.0
IC 2837	E	0.37			0.860	39.0
IC 2838	Sbc	0.19	0.070840		0.864	173.0
IC 2839	E	0.24			0.444	0.0
IC 284	Sd	2.15	0.008943		0.501	14.0
IC 2840	Sc	0.29	0.034390		0.674	154.0
IC 2842	Sbc	0.24			0.533	63.0
IC 2843	Sc	0.68	0.020380		0.932	15.0
IC 2844	Sbc	0.35			0.500	127.0
IC 2845	S0-a	0.50	0.081890		0.704	81.0
IC 2846	SBa	0.74	0.041030		0.831	119.0
IC 2847	E	0.12			0.706	15.0
IC 2848	Sc	0.39			0.830	9.0
IC 285	Sbc	0.36	0.010864		0.248	117.0
IC 2850	Sc	0.28	0.021090		0.350	126.0
IC 2851	Sc	0.23	0.016300		0.523	46.0
IC 2852	SABc	0.31	0.031110		0.633	119.0
IC 2853	Sab	0.44	0.021031		0.484	172.0
IC 2855		0.19			0.559	121.0
IC 2856	Sab	0.43	0.021837		0.434	45.0
IC 2857	Sc	0.32	0.021070		0.179	160.0
IC 2858	E	0.17			0.810	111.0
IC 286				Nothing here; nominal position.		
IC 2860	E	0.20			0.690	157.0
IC 2861	S0-a	0.74	0.021090		0.892	113.0
IC 2862	E	0.30	0.054130		0.556	31.0
IC 2864	Sa	0.39	0.080220		0.639	157.0
IC 2867	Sc	0.36	0.021000		0.800	88.0
IC 287	Sc	0.59	0.012855		0.728	9.0
IC 2870	I	0.95	0.010774		0.905	0.0
IC 2871	SABc	0.66	0.026980		0.725	81.0
IC 2872		6.03			0.398	
IC 2873 NED01	Sbc	0.37			0.881	98.0
IC 2873 NED02	I	0.58			0.707	2.0
IC 2874	Sm	0.27			0.600	50.0
IC 2876	Sbc	0.32			0.516	176.0
IC 2877	Sbc	0.45	0.052050		0.776	110.0
IC 2878	E	0.25			0.472	119.0
IC 2879	Sb	0.33			0.750	170.0
IC 288	Sab	0.28	0.017259		0.277	41.0
IC 2881		0.21	0.090790		0.656	90.0
IC 2883	Sc	0.28	0.042800		0.848	94.0
IC 2886	E	0.25			0.781	15.0
IC 2889	SABc	0.69	0.020754		0.566	151.0
IC 289			-0.000045			
IC 2891	SBbc	0.35			0.761	118.0
IC 2892	Sc	0.23			0.338	118.0
IC 2893 NED01		0.05			0.833	73.0
IC 2893 NED02	Sd	0.28	0.020000		0.622	0.0
IC 2894	SBb	0.32	0.068300		0.516	70.0
IC 2896	Sc	0.31			0.660	159.0
IC 2898	Sbc	0.33			0.688	146.0
IC 29	E	0.49	0.059752		0.742	160.0
IC 290	Sb	0.32	0.019934		0.258	129.0
IC 2900	SBbc	0.28	0.084020		0.848	114.0
IC 2901	S0-a	0.37	0.080840		0.607	114.0
IC 2903	Sb	0.27			0.614	34.0
IC 2909		0.21	0.065020		0.875	35.0
IC 291	S0-a	0.52	0.013920		0.437	91.0
IC 2910	S0-a	0.88	0.021550		0.688	139.0
IC 2912	Sc	0.19			0.345	84.0
IC 2913	S0-a	0.79	0.005573		0.790	143.0
IC 2914	Sc	0.34	0.034250		0.523	179.0
IC 2917		0.19	0.043450		0.731	38.0
IC 2919	Sd	0.31	0.017450		0.564	45.0
IC 292	Scd	0.65	0.009990		0.546	73.0
IC 2921	Sa	0.25	0.043690		0.424	124.0
IC 2923	E	0.29			0.707	12.0
IC 2925	S0-a	0.18	0.030502		0.375	21.0
IC 2928	SABb	0.74	0.027122	HOLM 264C does not exist (it is probably a plate defect).	0.822	143.0
IC 2929	E?	0.43			0.811	118.0
IC 293	S0-a	0.76	0.015850		0.724	108.0
IC 2930	Sb	0.29	0.030610		0.420	58.0
IC 2933	SBab	0.36	0.029911		0.305	7.0
IC 2934	Sd	0.38	0.004000		0.514	153.0
IC 2936	Sbc	0.35	0.034520		0.897	109.0
IC 2938	E	0.62	0.080140		0.697	130.0
IC 294	S0-a	1.17	0.016765		0.785	106.0
IC 2940				Nothing here; nominal position.		
IC 2941	Sbc	0.59	0.020661		0.694	73.0
IC 2942	Sc	0.35	0.032010		0.530	68.0
IC 2943	Sa	0.33	0.019420		0.805	25.0
IC 2944			-0.000003			
IC 2945 NED01	E	0.70	0.034560		0.729	115.0
IC 2946	SBab	0.27	0.032710		0.587	154.0
IC 2947	SBm	0.56	0.042370		0.747	3.0
IC 2948			0.000005			
IC 2949				IC identification is uncertain.		
IC 295				Nothing here; nominal position.		
IC 2950	Sc	0.56	0.022070		0.862	81.0
IC 2951	Sa	0.43	0.020410		0.279	81.0
IC 2952	Sbc	0.28	0.032220		0.800	161.0
IC 2955	E-S0	0.37	0.021221		0.974	5.0
IC 2956	Sbc	0.80	0.030270		0.851	56.0
IC 2957	S0	0.47	0.006059		0.595	23.0
IC 2958	Sbc	0.58	0.034590		0.817	55.0
IC 296				Nothing here; nominal position.		
IC 2960	Sb	0.72	0.033197		0.867	104.0
IC 2961	S0	0.29	0.028000		0.604	21.0
IC 2962				Nothing here; nominal position.		
IC 2964				Nothing here; nominal position.		
IC 2966		2.00			0.667	130.0
IC 2967	E	0.63	0.022562		0.741	17.0
IC 2968	S0-a	0.39	0.021990		0.438	80.0
IC 2969	SBbc	0.74	0.005318		0.569	95.0
IC 297				The identity as IC 0297 is not certain.		
IC 2970				Nominal position; nothing here.		
IC 2971	E	0.48	0.028160		0.686	150.0
IC 2973	SBcd	0.82	0.010590		0.577	120.0
IC 2974	Sc	0.47	0.019026	The identification as IC 2975 is not certain.	0.215	100.0
IC 2977	I	1.17	0.009940		0.547	121.0
IC 2978	SBcd	0.42	0.010737		0.420	130.0
IC 2979	S0	0.54	0.010240		0.643	174.0
IC 2980	E	1.29	0.027979		0.632	41.0
IC 2981	SBa	0.42	0.011475		0.792	3.0
IC 2983				Nothing here; nominal position.		
IC 2984	SBd	0.49	0.002350		0.671	77.0
IC 2985	S0	0.43	0.011050		0.478	139.0
IC 2986	S0	0.91	0.010370		0.919	15.0
IC 2987	SBbc	0.42	0.022640		0.700	64.0
IC 298A		0.34	0.031410		0.630	35.0
IC 298B	Sbc	0.33	0.031410		0.767	5.0
IC 299	S0-a	0.68	0.032050		0.782	30.0
IC 2990	Sb	0.32	0.022640		0.438	15.0
IC 2991	Sc	0.24	0.033380		0.358	35.0
IC 2992	S?	0.52	0.002025		0.825	161.0
IC 2993	E	0.31	0.058094		0.886	6.0
IC 2994	Sc	0.39	0.064640		0.830	62.0
IC 2995	SBc	0.85	0.006111		0.252	114.0
IC 2996	Sb	0.44	0.007522		0.247	23.0
IC 2997				Nothing here; nominal position.		
IC 2998				Nothing here; nominal position.		
IC 2999	Sc	0.26	0.023316		0.388	51.0
IC 3	E	0.67	0.018170		0.720	53.0
IC 30	S0-a	0.39	0.079300		0.565	23.0
IC 300	E	0.60	0.017943		0.923	115.0
IC 3000				Nothing here; nominal position.		
IC 3001	SBbc	0.37	0.027330		0.507	73.0
IC 3002	Sc	0.47	0.027270		0.770	86.0
IC 3003	S0-a	0.58	0.026110		0.725	145.0
IC 3004	SBc	0.40	0.021200		0.656	24.0
IC 3005	SBc	0.66	0.005747		0.273	160.0
IC 3006				Nothing here; probably a defect on the original Harvard plate.		
IC 3007	E	0.42	0.022836		0.609	75.0
IC 3008	Sb	0.51	0.023243		0.548	22.0
IC 3009				Nothing here; nominal position.		
IC 301	E	1.11	0.016190		0.881	177.0
IC 3010	S0-a	1.91	0.006635		0.914	84.0
IC 3012	Sa	0.26	0.032420		0.441	46.0
IC 3013	Sc	0.41	0.020530		0.707	159.0
IC 3014	Sb	0.58	0.021125		0.707	20.0
IC 3015	Sbc	0.23	0.006795		0.319	164.0
IC 3016	SBbc	0.45	0.063020		0.918	16.0
IC 3017	SBbc	0.35	0.065260		0.583	50.0
IC 3018	Sab	0.25	0.006540		0.379	176.0
IC 3019	E	0.99	0.005720		0.786	130.0
IC 302	Sbc	1.20	0.019680		0.652	22.0
IC 3020	E	0.28	0.069530		0.778	77.0
IC 3021	SABm	0.81	0.008520		0.628	178.0
IC 3022	E	0.20	0.021080		1.000	179.0
IC 3023	I	0.64	0.002850		0.615	138.0
IC 3024	Sab	0.29	0.029140		0.322	168.0
IC 3025	E-S0	0.43	0.001630		0.589	102.0
IC 3026				Nothing here; nominal position.		
IC 3028	S0	0.31	0.004290		0.564	152.0
IC 3029	SBc	0.43	0.022670		0.341	30.0
IC 303		0.46	0.029940		0.780	47.0
IC 3030				Nothing here; nominal position.		
IC 3031	Sbc	0.22	0.090719		0.361	31.0
IC 3032	E-S0	0.52	0.003990		0.881	40.0
IC 3033	Sd	0.47	0.000770		0.456	3.0
IC 3034	Sbc	0.23	0.062930		0.311	150.0
IC 3036	SABm	0.47	0.000070		0.534	165.0
IC 3037	Sbc	0.44	0.032150		0.917	40.0
IC 3038	Sab	0.30	0.067530		0.732	106.0
IC 3039	SBbc	0.37	0.000200		0.407	22.0
IC 304	Sb	0.65	0.016575		0.613	29.0
IC 3040	S?	0.69	0.015120		0.896	171.0
IC 3041	Sd	0.17	0.005810		0.274	60.0
IC 3043	Sab	0.22	0.032055		0.237	170.0
IC 3044	Sc	0.50	-0.000660		0.397	70.0
IC 3045				Nothing here; nominal position.		
IC 3046	Sbc	0.29	0.026910		0.216	132.0
IC 3047	Sbc	0.35	0.027342		0.603	37.0
IC 3049	Sm	0.60	0.008146		0.667	0.0
IC 305	E	0.64	0.017075		0.810	74.0
IC 3052	I	0.33	0.003170		0.673	131.0
IC 3053	Sab	0.35	0.050160		0.625	4.0
IC 3054	E	0.54	0.004320		0.794	158.0
IC 3055 NED01	S0-a	0.26	0.063690		0.500	61.0
IC 3055 NED02		0.10			0.833	88.0
IC 3055 NED03	Sbc	0.29	0.063610		0.690	69.0
IC 3056	IAB	0.50	0.001990		0.385	62.0
IC 3057				Nothing here; probably a defect on the original Harvard plate.		
IC 3058	Scd	0.35	0.080570		0.648	127.0
IC 3059	I	1.39	0.000930		0.822	3.0
IC 306	SABc	0.58	0.030953		0.817	79.0
IC 3060	Sab	0.53	0.019450		0.736	178.0
IC 3061	SBc	0.40	0.007800		0.180	120.0
IC 3062	Sc	0.67	0.026260		0.827	175.0
IC 3063	Sa	0.49	0.008070		0.500	18.0
IC 3065	S0	0.88	0.003320		0.710	179.0
IC 3066	Sc	0.32	0.001210		0.330	138.0
IC 3068	SBcd	0.21	0.037310		0.457	44.0
IC 3069	Sc	0.21	0.019550		0.420	111.0
IC 307	Sa	0.60	0.025930		0.375	67.0
IC 3073	I	0.67			0.761	103.0
IC 3074	SBd	0.29	0.006738		0.853	157.0
IC 3075	Sa	0.55	0.021395		0.591	62.0
IC 3077	Sc	0.73	0.004720		0.682	179.0
IC 3078	Sb	0.50	0.066140		0.862	31.0
IC 3079	S0-a	0.44	0.026790		0.620	22.0
IC 308	S0	0.93	0.020950		0.802	4.0
IC 3080	SBa	0.60	0.025360		0.822	55.0
IC 3081	E-S0	0.40	0.003660		0.519	86.0
IC 3082	S0-a	0.19	0.024043		0.284	8.0
IC 3083	Sb	0.40		The IC identification is not certain.	0.851	21.0
IC 3084		0.34	0.022652		0.756	0.0
IC 3089	E	0.73	0.023259		1.000	58.0
IC 309	S0	0.95	0.013950		0.931	30.0
IC 3091	S0-a	0.50	0.025640		0.463	125.0
IC 3092	Sb	0.26			0.703	159.0
IC 3093	Sc	0.26	0.023510		0.703	177.0
IC 3094	Sab	0.46	-0.000550		0.852	108.0
IC 3095	Sc	0.36	0.024077		0.679	77.0
IC 3096	Sa	0.37	0.004460		0.333	96.0
IC 3097	E	0.53	0.004180		0.671	26.0
IC 3099	Sc	0.33	0.007250		0.178	174.0
IC 31	Sab	0.23	0.031735		0.198	90.0
IC 310	S0	1.42	0.018810		0.947	25.0
IC 3100	S0	0.44	0.001340		0.312	58.0
IC 3101	E	0.49	0.004770		0.778	37.0
IC 3104	IB	1.32			0.550	42.0
IC 3105	I	0.31	-0.000470		0.200	28.0
IC 3107	Sbc	0.55	0.024340		0.440	130.0
IC 3108	Sab	0.21			0.273	93.0
IC 3109	Sbc	0.51	0.042850		0.761	160.0
IC 311	Sb	1.00	0.014302		1.000	100.0
IC 3110	Sb	0.22	0.037600		0.815	44.0
IC 3111	Sab	0.30	0.049200		0.484	18.0
IC 3112	Sb	0.57	0.025440		0.500	174.0
IC 3116	Sc	0.41	0.022870		0.911	19.0
IC 3118	I	0.52	0.005781		0.403	171.0
IC 3119	Sbc	0.51	0.022660		0.895	146.0
IC 312	E	0.57	0.016500		0.479	125.0
IC 3120	E-S0	0.54	0.000810		0.844	134.0
IC 3121 NED01	Sab	0.27	0.069180		0.509	129.0
IC 3121 NED02	Sb	0.43			0.878	158.0
IC 3122	Sb	0.57	0.023150		0.449	150.0
IC 3123			-0.000060			
IC 3126	Sc	0.38			0.760	26.0
IC 3127	Sc	0.45	0.025770		0.865	24.0
IC 3128A	Sc	0.34	0.038890		0.523	156.0
IC 3128B	Sb	0.17	0.026420		0.515	179.0
IC 313	E	0.87	0.014700		0.690	42.0
IC 3131	E-S0	0.99	0.005494		0.990	50.0
IC 3134	S0-a	0.33	0.014690		0.412	169.0
IC 3135	Sc	0.24			0.727	117.0
IC 3136	SBc	0.46	0.018660		0.377	33.0
IC 3137	Sc	0.17	0.021360		0.254	43.0
IC 3138 NED01	E	0.32	0.093170		0.727	72.0
IC 3138 NED02		0.10			0.588	173.0
IC 3141	S0-a	0.51	0.024534		0.573	36.0
IC 3142 NED01	E	0.58	-0.000687		0.866	33.0
IC 3142 NED02	IAB	0.37	-0.001460		0.430	140.0
IC 3143	Sc	0.44	0.023260		0.698	146.0
IC 3144	Sbc	0.29	0.022710		0.763	29.0
IC 3146	Sc	0.47	0.024830		0.922	54.0
IC 3147 NED01	S?	0.39	0.025960		0.591	74.0
IC 3147 NED02	S0-a	0.33	0.025580		0.647	71.0
IC 3148	SBm	0.41	0.008310		0.661	42.0
IC 3149	S0-a	0.62	0.026330		0.969	85.0
IC 315	S0	0.33	0.030470		0.485	45.0
IC 3150	Sbc	0.23	0.024572		0.639	37.0
IC 3151	SBa	0.39	0.024770		0.433	115.0
IC 3152	E-S0	1.45	0.011081		0.873	41.0
IC 3153	SBbc	0.45	0.038870		0.833	44.0
IC 3154	E	0.44	0.023270		0.721	105.0
IC 3155	S0	0.46	0.007500		0.460	34.0
IC 3156	SBcd	0.49	0.019710		0.681	64.0
IC 3157	S0	0.54	0.059780		0.563	109.0
IC 3158				The IC identification is not certain.		
IC 3159	SBc	0.35	0.026320		0.700	29.0
IC 316 NED01		0.17	0.009870		0.378	116.0
IC 316 NED02	S?	0.79	0.009900		0.745	64.0
IC 3163				The IC identification is very uncertain.		
IC 3165	Sb	0.63	0.027876		0.630	9.0
IC 3166				Nothing here; nominal position.		
IC 3167	S0	0.78	0.006270		0.578	110.0
IC 3168	SBbc	0.43	0.049410		0.597	58.0
IC 3169	E	0.33			0.688	136.0
IC 317	SABc	0.71	0.033497		0.807	58.0
IC 3170	Sbc	0.57	0.025180		0.983	55.0
IC 3171	E	0.68	0.022880		0.739	56.0
IC 3172	Sb	0.49			0.721	6.0
IC 3173	Sa	0.54	0.043090		0.750	85.0
IC 3174	Sab	0.40	0.031750		0.635	149.0
IC 3175	Sb	0.39	0.019620		0.470	53.0
IC 3176	E	0.26	0.023550		0.388	151.0
IC 3177				Nothing here; nominal position.		
IC 3179	Sbc	0.32			1.000	123.0
IC 318	Sa	0.45	0.030611		0.417	134.0
IC 3180				Nothing here; nominal position.		
IC 3184	Sbc	0.39	0.022700		0.506	42.0
IC 3185	Sbc	0.22	0.024020		0.324	106.0
IC 3186	Sb	0.41	0.024520		0.774	155.0
IC 3187	Sbc	0.42	0.068920		0.609	101.0
IC 3188	Sc	0.55	0.019700		0.714	54.0
IC 3189	Sbc	0.30			0.500	111.0
IC 3192	E	0.45	0.004780		0.776	170.0
IC 3193	Sbc	0.38	0.025126		0.388	132.0
IC 3194	E	0.43			0.754	172.0
IC 3195	E	0.46			0.885	44.0
IC 3196	Sbc	0.41	0.064910		0.774	88.0
IC 3199	SBab	0.52	0.026470		0.520	2.0
IC 32	S0-a	0.39	0.055020		0.629	1.0
IC 320	Sab	0.91	0.023360		0.812	99.0
IC 3200	E	0.39			0.736	6.0
IC 3201	Sc	0.25	0.068468		0.625	111.0
IC 3202	E	0.55	0.079750		0.821	130.0
IC 3203	Sb	0.22	0.023040		0.168	146.0
IC 3204	Sbc	0.30	0.075570		0.577	108.0
IC 3205	E	0.52	0.049864		0.839	113.0
IC 3206	Sc	0.31	0.023853		0.585	106.0
IC 3207	Sab	0.31			0.392	91.0
IC 3208	IB	0.40	0.000470		0.408	78.0
IC 3209	Sc	0.36	0.025040		0.360	151.0
IC 321	E	0.95	0.031110		0.922	25.0
IC 3210	S0-a	0.50	0.027260		0.758	85.0
IC 3212	Sc	0.65	0.025370		0.915	110.0
IC 3213	E-S0	0.28	0.034560		0.571	175.0
IC 3215	Sd	0.35	0.003366		0.276	93.0
IC 3216	SBab	0.40			0.769	104.0
IC 3217	Scd	0.23			0.561	40.0
IC 3218	E	0.56	0.003490		0.875	74.0
IC 3219	Sc	0.25			0.298	5.0
IC 322		0.38	0.030698		0.500	6.0
IC 3220	E	0.48	0.006919		0.457	4.0
IC 3221	Sbc	0.27			0.474	128.0
IC 3222	Sc	0.36	0.065330		0.610	16.0
IC 3223				Nothing here; nominal position.		
IC 3224	I	0.31	0.000020		0.816	51.0
IC 3225	Sd	0.40	0.007990		0.440	34.0
IC 3227	S0	0.22	0.004390		0.478	169.0
IC 3228	Sc	0.25	0.022830		0.225	141.0
IC 3229	SBbc	0.41	0.005090		0.333	43.0
IC 3230	Sc	0.32	0.023960		0.727	101.0
IC 3231	Sc	0.47				
IC 3233	S?	0.34	0.025870		0.493	90.0
IC 3234	Sa	0.38			0.905	82.0
IC 3235	Sc	0.33	0.025370		0.532	146.0
IC 3236	Sc	0.23	0.053920		0.548	132.0
IC 3237	Sbc	0.32			0.681	67.0
IC 3238	S0	0.47	0.042469		0.701	11.0
IC 3239	Scd	0.30	0.002440		0.385	147.0
IC 3240	Sbc	0.31	0.071103		0.674	77.0
IC 3241	E	0.49	0.049660		0.731	17.0
IC 3242	Sb	0.38			0.603	158.0
IC 3243	Sbc	0.36	0.026170		0.480	62.0
IC 3244	Sc	0.61	0.042480		0.792	80.0
IC 3246	SBbc	0.48	0.082620		0.889	43.0
IC 3247	Sc	0.26	0.001751		0.140	174.0
IC 3249	E	0.21			0.568	13.0
IC 325	Sab	0.74	0.038920		0.892	80.0
IC 3253	Sc	1.20	0.009039		0.397	24.0
IC 3255	SBbc	0.49	0.021572		0.817	101.0
IC 3257				Nothing here; nominal position.		
IC 3258	IB	1.09	-0.001454		0.807	88.0
IC 3259	SABd	0.83	0.004750		0.506	18.0
IC 326	E-S0	0.84	0.034585		0.743	101.0
IC 3261	SBab	0.24		The IC identification is not certain.	0.511	110.0
IC 3262	SBab	0.38	0.024514		0.494	149.0
IC 3263	SBbc	0.57	0.025951		0.950	57.0
IC 3264	E	0.36			0.610	145.0
IC 3267	Sc	1.17	0.004260		0.967	30.0
IC 3268	I	0.80	0.002350		0.800	12.0
IC 3269	Sb	0.43			0.573	167.0
IC 327	Sab	0.47	0.031110		0.587	70.0
IC 3270	SBb	0.52			0.852	128.0
IC 3271	SABc	0.71	0.024150		0.899	102.0
IC 3272	Sbc	0.25			0.490	153.0
IC 3275	Sc	0.35	0.060130		0.660	89.0
IC 3276	E	0.43	0.081157		0.754	102.0
IC 3278 NED01	Sb	0.32			0.889	9.0
IC 3278 NED02	E	0.49			0.907	10.0
IC 3278 NED03	SBbc	0.30	0.094330		0.698	86.0
IC 328	Sc	0.48	0.031270		0.716	16.0
IC 3280	Sbc	0.57	0.025470		0.814	38.0
IC 3281				Nothing here; nominal position.		
IC 3283	Sb	0.32	0.039860		0.471	46.0
IC 3284	SBab	0.50	0.026170		0.909	137.0
IC 3286	E	0.40	0.067799		0.816	69.0
IC 3287	S?	0.19	0.054330		0.905	16.0
IC 3288	E	0.36			0.655	131.0
IC 3289	S0	1.08	0.011101		0.939	28.0
IC 329	E	0.48	0.023620		0.480	63.0
IC 3290	S0-a	1.49	0.011074		0.671	36.0
IC 3291	Sa	0.37	0.058720		0.649	80.0
IC 3292	S0	0.82	0.002320		0.752	134.0
IC 3293	SBbc	0.44			0.638	65.0
IC 3294	E	0.29			0.763	2.0
IC 3296	E	0.35	0.033500		0.714	101.0
IC 3298	SBcd	0.37	0.008100		0.289	156.0
IC 3299	SBbc	0.41	0.024210		0.683	36.0
IC 33		0.58	0.055650		0.744	123.0
IC 330	SBab	0.32	0.030450		0.314	73.0
IC 3300	Sc	0.30	0.022250		0.261	80.0
IC 3301	E	0.40	0.002130		0.769	31.0
IC 3302	Sc	0.35			0.946	29.0
IC 3303	E	0.55	-0.001030		0.579	70.0
IC 3304		0.17	0.073280		0.708	92.0
IC 3305	E	0.44	0.007989		0.407	41.0
IC 3306	Sbc	0.32	0.049850		0.340	142.0
IC 3308	Sd	0.28	0.001067		0.483	64.0
IC 3309	Sc	0.37	0.015100		0.370	87.0
IC 331	E	0.91	0.022976		1.000	105.0
IC 3311	Scd	0.44	-0.000340		0.238	134.0
IC 3312	E	0.30			0.600	157.0
IC 3313	E	1.27	0.003570		0.948	179.0
IC 3314	E	0.47			0.887	19.0
IC 3315	E	0.49	0.005680		0.817	85.0
IC 3316	Sc	0.40	0.031970		0.870	96.0
IC 3317	E?	0.48	0.066000		0.923	14.0
IC 3319				Nothing here; nominal position.		
IC 332	S0-a	0.50	0.031122		0.515	44.0
IC 3321	E	0.32			0.451	8.0
IC 3322	SABc	0.65	0.003930		0.279	156.0
IC 3322A	SBc	0.52	0.003301		0.145	156.0
IC 3324	E	0.27			0.900	171.0
IC 3325	Sb	0.59			0.831	26.0
IC 3326	Sb	0.22			0.500	168.0
IC 3327	SBa	0.78	0.044030		0.867	42.0
IC 3328	E-S0	0.82	0.003390		0.932	45.0
IC 333				Nothing here; nominal position.		
IC 3330	Sab	0.50	0.022750		0.439	101.0
IC 3331	E	0.54	0.004110		0.529	51.0
IC 3332		0.12			0.429	135.0
IC 3334	I	0.65	0.004030		0.867	2.0
IC 3335	E	0.25			0.735	10.0
IC 3336	Sa	0.29	0.023376		0.453	74.0
IC 3337	Sc	0.47	0.064060		0.855	44.0
IC 3338	Sbc	0.36			0.434	67.0
IC 334	S?	1.85	0.008459		0.791	58.0
IC 3340	SBb	0.36	0.044950		0.514	24.0
IC 3341	I	0.26	0.001242		0.565	72.0
IC 3344	E	0.44	0.004120		0.550	60.0
IC 3345	E	0.30			0.909	106.0
IC 3346	E	0.50	0.004350		0.769	147.0
IC 3347	Sc	0.36	0.025636		0.655	141.0
IC 3348	Sc	0.36	0.033470		0.878	66.0
IC 3349	E	0.85	0.004710		0.944	25.0
IC 335	S0	0.80	0.005480		0.305	83.0
IC 3352				Nothing here; nominal position.		
IC 3353	Sc	0.15	0.015023		0.181	98.0
IC 3355	I	0.43	0.000010		0.394	166.0
IC 3356	IB	0.80	0.003430		0.544	70.0
IC 3357	Sbc	0.25	0.046960		0.490	164.0
IC 3358	E	0.82	0.007020		0.781	118.0
IC 3359	Sbc	0.28	0.057950		0.549	70.0
IC 3361	E	0.71	0.004250	The IC identification is not certain; nothing at nominal position.	0.696	119.0
IC 3362	SBab	0.56	0.022250		0.700	118.0
IC 3363	E	0.43	0.002800		0.443	124.0
IC 3364	Sab	0.40			0.678	86.0
IC 3365	I	0.66	0.007920		0.759	67.0
IC 3366	E	0.21			0.568	154.0
IC 3367 NED01	E	0.59	0.025610		0.819	84.0
IC 3368	I	0.52	0.002590		0.732	0.0
IC 3369	E-S0	0.55	0.005760		0.679	136.0
IC 337				Nothing here; nominal position.		
IC 3370	E	2.29	0.009773		0.734	53.0
IC 3371	Sc	0.26	0.003160		0.222	54.0
IC 3372	E	0.27	0.064090		0.964	98.0
IC 3373	SBc	0.38			0.559	99.0
IC 3374	IB	0.50	0.002518		0.526	155.0
IC 3376	SBa	0.60	0.023780		0.690	81.0
IC 3377	SBab	0.30	0.022660		0.588	129.0
IC 3378	Sc	0.34	0.045280		0.630	175.0
IC 3379	Sbc	0.35	0.045280		0.479	32.0
IC 338	Sc	0.68	0.019446		0.810	176.0
IC 3380	E	0.43	0.002600		0.843	109.0
IC 3381	E	0.87	0.002210		0.731	104.0
IC 3382	Sc	0.28	0.020130		0.280	150.0
IC 3383	E-S0	0.54	0.006040		0.692	29.0
IC 3384	Sm	0.30			0.441	52.0
IC 3385	Sc	0.51	0.023330		0.654	147.0
IC 3386	E	0.35	0.005770		0.432	100.0
IC 3387	Sbc	0.27	0.050150		0.771	24.0
IC 3388	E	0.55	0.005780		0.743	74.0
IC 3389		0.20			0.606	159.0
IC 3390	SBbc	0.46			0.754	107.0
IC 3391	Sc	0.83	0.005681		0.806	71.0
IC 3392	Sab	1.10	0.005570		0.423	39.0
IC 3393	S0	0.48	0.001540		0.436	132.0
IC 3394	E	0.50	0.062940		0.847	143.0
IC 3395	Sab	0.30	0.064000		0.517	50.0
IC 3396	E	0.08			0.727	84.0
IC 3397	SBb	0.53	0.040120		0.869	10.0
IC 34	SBa	1.05	0.017689		0.374	156.0
IC 340	S0-a	0.58	0.013900		0.360	90.0
IC 3401	Sb	0.37	0.064800		0.902	5.0
IC 3402	Sbc	0.21	0.026760		0.179	7.0
IC 3403	Sc	0.42	0.048660		0.977	35.0
IC 3404				Nothing here; nominal position.		
IC 3405	Sbc	0.32	0.040758		0.451	27.0
IC 3406	Sbc	0.40	0.023340		0.615	70.0
IC 3407	SBb	0.54	0.023380		0.557	147.0
IC 3409	SBc	0.52	0.057860		0.897	156.0
IC 3410	E	0.62	0.048040		0.899	8.0
IC 3411	Sbc	0.23	0.078000		0.329	170.0
IC 3412	Sm	0.34	0.002500		0.459	9.0
IC 3413	E	0.70	0.004230		0.579	164.0
IC 3414	Sd	0.38	0.000380		0.469	32.0
IC 3416	I	0.52	-0.000310		0.547	71.0
IC 3418	IB	0.90	0.089598		0.682	68.0
IC 3419	E	0.43	0.004420		0.632	1.0
IC 342	SABc	18.79	0.000077		0.950	0.0
IC 3421	Sbc	0.53	0.022780		0.768	17.0
IC 3422	Sc	0.45	0.083657		0.776	88.0
IC 3424	E	0.20			0.488	105.0
IC 3425	S0-a	0.32	0.024350		0.525	35.0
IC 3429	Sb	0.33			0.868	18.0
IC 343	S0-a	0.66	0.006198		0.437	113.0
IC 3430	S0-a	0.38	0.007070		0.342	112.0
IC 3431	Sc	0.32	0.058740		0.681	13.0
IC 3432	Sc	0.42	0.020150		0.609	56.0
IC 3433	E-S0	0.57			0.712	87.0
IC 3434	Sb	0.40	0.048467		0.526	55.0
IC 3435	S0	0.47	-0.000140		0.348	141.0
IC 3436	S0	0.44	0.002890		0.587	144.0
IC 3437	E	0.39	0.005744		0.639	68.0
IC 3439	Sbc	0.58	0.022290		0.879	40.0
IC 344	SBbc	0.47	0.018249		0.528	42.0
IC 3440	Sc	0.49	0.025970		0.817	85.0
IC 3441	E-S0	0.43	0.065480		0.672	142.0
IC 3442	E	0.71	0.020714		0.755	20.0
IC 3443	E	0.51	0.005950		0.927	49.0
IC 3445	E	0.35	-0.001170		0.745	36.0
IC 3446	I	0.39	0.004170		0.629	1.0
IC 3447	Sc	0.32	0.092340		0.865	6.0
IC 3448	E-S0	0.57	0.004550		0.588	97.0
IC 3449	SBc	0.22	0.023190		0.710	142.0
IC 345	S0	0.73	0.004416		0.830	37.0
IC 3450	Sc	0.27	0.023080		0.574	158.0
IC 3451	S0	0.48	0.062040		0.706	92.0
IC 3453	IB	0.26			0.274	164.0
IC 3454	Sb	0.26	0.023380		0.232	26.0
IC 3455	Sbc	0.31			0.525	0.0
IC 3456				Nothing here; nominal position.		
IC 3457	E	0.67	0.004270		0.670	143.0
IC 3458	Sbc	0.58	0.063470		0.866	76.0
IC 3459	I	0.86	0.001250		0.775	163.0
IC 346	S0-a	1.47	0.006525		0.754	69.0
IC 3460	Sd	0.20	0.014960		0.323	109.0
IC 3461	E	0.55	0.003320		0.753	154.0
IC 3462	E	0.39	0.005260		0.582	43.0
IC 3465	E	0.32	0.003340		0.727	110.0
IC 3466	I	0.46	0.003040		0.708	69.0
IC 3467	SABc	0.27	0.025050		0.281	69.0
IC 3468	E	1.15	0.004340		0.898	170.0
IC 3469	Sb	0.27	0.062480		0.794	55.0
IC 347	S0	1.02	0.014730		0.745	138.0
IC 3470	E	0.95	0.005020		1.000	21.0
IC 3471	I	0.58	-0.000440		0.580	1.0
IC 3472	Sd	0.45	0.023080		0.900	136.0
IC 3473	Sc	0.70	0.002370		0.667	37.0
IC 3474	Scd	0.39	0.004990		0.173	43.0
IC 3475	E	1.29	0.008600		0.827	84.0
IC 3476	Sm	1.18	-0.000710		0.707	28.0
IC 3478	S0	0.81	0.006300		0.890	120.0
IC 3479	Sb	0.20	0.063050		0.690	6.0
IC 348		10.00	0.000053		1.000	
IC 3481	E-S0	0.84	0.024360		0.966	33.0
IC 3482	Sab	0.18			0.419	44.0
IC 3483	SABb	0.55	0.000440		0.632	177.0
IC 3484	Sc	0.63	0.026700		0.808	27.0
IC 3486	E	0.56	0.006620		0.683	39.0
IC 3487	E-S0	0.54	0.003630		0.587	76.0
IC 3488	E	0.59	0.024040		0.922	73.0
IC 3489	Sbc	0.60	0.026130		0.923	5.0
IC 349			-0.000148			
IC 3490	E	0.33	0.000830		0.559	64.0
IC 3491	Sc	0.21	0.033360		0.253	6.0
IC 3492	E	0.57	-0.001610		0.814	56.0
IC 3494	E	0.24	0.024340		0.800	127.0
IC 3498	Sc	0.24	0.021740		0.348	56.0
IC 3499	S0-a	0.56	0.003870		0.348	125.0
IC 35	Sc	0.74	0.015297		0.822	18.0
IC 350	Sab	0.79	0.031468		0.725	165.0
IC 3500	SBc	0.40	0.020488		0.702	93.0
IC 3501	E	0.84	0.005490		0.903	25.0
IC 3502	SBm	0.22	0.023840		0.289	5.0
IC 3505	SBcd	0.35	0.046090		0.412	172.0
IC 3506	E	0.65	0.004980		0.915	49.0
IC 3507	E	0.35			0.854	158.0
IC 3508	S0-a	0.95	0.026100		0.922	49.0
IC 3509	E	0.72	0.006890		0.713	69.0
IC 351			-0.000034			
IC 3510	E	0.62	0.004590		0.765	15.0
IC 3515	Sbc	0.26	0.023370		0.400	62.0
IC 3516	Sbc	0.17	0.022869		0.195	70.0
IC 3517	SABd	0.72	0.001451		0.621	16.0
IC 3518	I	0.54			0.409	37.0
IC 3519	E	0.49	0.001490		0.721	14.0
IC 352	S0-a	0.48	0.034400		0.686	119.0
IC 3520	Sd	0.60	0.002670		0.706	26.0
IC 3521	IB	1.03			0.741	21.0
IC 3522	I	0.58	0.001870		0.537	93.0
IC 3523	Sbc	0.32			0.842	139.0
IC 3525	Sc	0.29	0.027180		0.806	6.0
IC 3528	SABb	0.33	0.045820		1.000	115.0
IC 353		30.20			0.166	
IC 3530	E-S0	1.22	0.004050		0.697	133.0
IC 3531	E	0.39			0.907	80.0
IC 3533	Sab	0.30	0.029560		0.682	27.0
IC 3534	SBc	0.47			0.979	106.0
IC 3536	Sc	0.19	0.021060		0.218	155.0
IC 3540	S0	0.79	0.002500		0.898	68.0
IC 3542	SBb	0.43	0.053980		0.652	164.0
IC 3548	E	0.48	0.000270		0.649	122.0
IC 355	Sc	0.56	0.029040		0.836	161.0
IC 3556	S0	0.34	0.024620		0.607	177.0
IC 3557 NED01	E	0.90	0.082068		0.947	85.0
IC 3557 NED02		0.10	0.079720		1.000	129.0
IC 3558	Sbc	0.30	0.093720		0.909	51.0
IC 3559	Sbc	0.18	0.031350		0.360	69.0
IC 356	Sb	3.73	0.003446		0.928	90.0
IC 3560	SBab	0.64	0.024070		0.821	52.0
IC 3561	E	0.19	0.026160		0.317	71.0
IC 3562	I	0.36	0.006890		0.387	46.0
IC 3565	E	0.23			0.742	23.0
IC 3566				Nothing here; nominal position.		
IC 3567	Sbc	0.52	0.030530		0.776	15.0
IC 3568			-0.000133			
IC 357	SBb	0.61	0.020881		0.649	147.0
IC 3571	I	0.51	0.004010		0.850	121.0
IC 3573	Sc	0.32	0.065800		0.696	141.0
IC 3574	E	0.58	0.044140		0.795	121.0
IC 3575	E	0.47	0.002890		0.712	156.0
IC 3576	Sm	2.17	0.003350		0.943	0.0
IC 3578	Sc	0.35	0.002170		0.412	138.0
IC 358	S0	0.28	0.022566		0.237	63.0
IC 3580	E	0.76	0.002950		0.884	57.0
IC 3581	SBb	0.48	0.023090		0.608	49.0
IC 3582	E	0.25			0.862	54.0
IC 3583	IB	0.52	0.003743		0.495	5.0
IC 3585	S0	0.67	0.024620		0.817	108.0
IC 3586	S0	1.00	0.005830		0.862	73.0
IC 3587	SBc	0.21	0.024490		0.147	121.0
IC 359	E	1.30	0.013122		1.000	105.0
IC 3590	Sab	0.24	0.022040		0.264	127.0
IC 3591	I	0.49	0.005472		0.620	46.0
IC 3595	Sc	0.27			0.692	109.0
IC 3597	SBc	0.62	0.022970		0.756	78.0
IC 3598	Sab	0.40	0.025518		0.284	139.0
IC 3599	Sb	0.30	0.020760		0.588	129.0
IC 359A		10.00			0.667	
IC 36		0.30	0.023200		0.968	60.0
IC 360		100.00			0.556	
IC 3600	S0	0.61	0.015490		0.910	134.0
IC 3601	E?	0.52	0.071640		0.658	152.0
IC 3602	E	0.28	0.072070	The IC identification is not certain.	0.341	74.0
IC 3603	E	0.24	0.046150		0.667	157.0
IC 3604	SBa	0.36			0.692	174.0
IC 3605	Sm	0.45	0.004570		0.643	12.0
IC 3606	E	0.49	0.115190		0.803	16.0
IC 3607	E	0.25	0.000640		0.595	141.0
IC 3608	Sb	0.45	0.024270		0.134	93.0
IC 3609	Sa	0.26			0.684	18.0
IC 361			-0.000126			
IC 3610	Sb	0.18	0.088000		0.562	130.0
IC 3611	S?	0.70	0.009480		0.511	132.0
IC 3612	S0	0.63	0.004150		0.600	44.0
IC 3613	S0-a	0.28	0.046666		0.571	159.0
IC 3614	Sc	0.22	0.026441		0.733	158.0
IC 3615	Sc	0.31	0.026468		0.292	11.0
IC 3617	I	0.31	0.006950		0.419	63.0
IC 3618	S0	0.48	0.021905		0.960	74.0
IC 362	E	1.03	0.030000		0.582	5.0
IC 3620	Sc	0.22	0.021830		0.289	165.0
IC 3621	E	0.75	0.071010		0.743	14.0
IC 3622	Sbc	0.25			0.833	131.0
IC 3623	E	0.58	0.023420		0.725	56.0
IC 3624	Sb	0.40			0.816	99.0
IC 3625	S0	0.41	0.074920		0.953	80.0
IC 3626	SBc	0.32	0.046490		0.593	15.0
IC 3627	E	0.25	0.056900		0.568	76.0
IC 3629	SBab	0.47	0.046490		0.480	73.0
IC 363	E	0.31	0.011848		0.939	25.0
IC 3631	S0-a	0.72	0.009430		0.679	91.0
IC 3632	E	0.30	0.015992		0.750	92.0
IC 3633	E	0.44	0.006610		0.759	125.0
IC 3634	E	0.72			0.774	48.0
IC 3635	S?	0.65	0.005210		0.765	165.0
IC 3637	E-S0	0.74	0.006730		0.602	19.0
IC 3638	Sbc	0.58	0.021555		0.853	55.0
IC 3639	SBbc	1.16	0.011018		0.935	41.0
IC 364	S0-a	0.49	0.012949		0.628	72.0
IC 3640	E	0.25	0.025972		0.556	47.0
IC 3641		0.14	0.021100		0.212	174.0
IC 3642	E	0.34			0.919	26.0
IC 3643	Sb	0.34			0.642	109.0
IC 3644	SBb	0.23	0.021945		0.253	15.0
IC 3646	Sbc	0.30	0.021871		0.435	89.0
IC 3647	I	0.84	0.002115		0.627	140.0
IC 3649	Sbc	0.26	0.043000		0.867	97.0
IC 365	S0-a	0.56	0.024677		0.636	34.0
IC 3651	S0	1.04	0.015771		0.990	95.0
IC 3652	E	0.92	0.002100		0.929	94.0
IC 3653	E	0.48	0.001860		0.774	15.0
IC 3654	E	0.30	0.028450		0.769	49.0
IC 3655	Sab	0.23	0.022080		0.767	114.0
IC 3656	Sbc	0.21	0.028700		0.512	94.0
IC 3657	E	0.19	0.021530		0.826	20.0
IC 3658	E	0.70	0.000120		0.522	74.0
IC 3659	Sbc	0.25	0.035670		0.532	76.0
IC 366	E	0.20	0.012541		0.588	20.0
IC 3661	Sm	0.14	0.023520		0.255	109.0
IC 3662	Sb	0.47	0.028860		0.746	133.0
IC 3663	E	0.56	0.003220		0.589	3.0
IC 3665	I	0.58	0.004000		0.707	85.0
IC 3668		0.44			0.557	31.0
IC 3669		0.02			1.000	14.0
IC 367	E-S0	0.61	0.030780		0.351	140.0
IC 3670	Sbc	0.30	0.024390		0.811	55.0
IC 3671	Sbc	0.56	0.028730		0.966	35.0
IC 3677	E	0.28	0.062770		0.778	49.0
IC 3678	E	0.22			0.688	46.0
IC 368	S0	0.83	0.020790		0.838	164.0
IC 3683	SBb	0.29	0.065630		0.806	24.0
IC 3684	E-S0	0.31	0.003870		0.341	4.0
IC 3686	Sc	0.34	0.067520		0.405	172.0
IC 3687	IAB	3.08	0.001197		0.922	0.0
IC 3689	E	0.47	0.066537		0.758	84.0
IC 369	S0	0.76	0.033090		1.000	35.0
IC 3690	SBa	0.36	0.025310		0.419	4.0
IC 3691	Sc	0.28			0.737	34.0
IC 3692	Sa	0.62	0.021682		0.756	95.0
IC 3693	E	0.46	0.005320		0.697	94.0
IC 3694	Sbc	0.38	0.028240		0.717	42.0
IC 3696	E	0.22	0.021910		0.564	94.0
IC 3697	Sb	0.66	0.055050		0.857	56.0
IC 3698	Sc	0.41	0.027660		0.837	5.0
IC 37	SBbc	0.38	0.053900		0.567	158.0
IC 370	Sc	0.89	0.032981		0.899	123.0
IC 3701	E-S0	0.34	0.004730		0.756	59.0
IC 3702	SBc	0.34	0.028800		0.694	43.0
IC 3704	SBbc	0.36	0.028950		0.281	41.0
IC 3705 NED01	E	0.34			0.919	20.0
IC 3705 NED02	Sbc	0.18			0.474	163.0
IC 3709	Sbc	0.58	0.047740		0.866	4.0
IC 3710	I	0.85	0.003290		0.726	131.0
IC 3711	E	0.60	0.005610		0.741	41.0
IC 3712				Nothing here; nominal position.		
IC 3713	S0-a	0.52	0.023720		0.743	136.0
IC 3714	SBab	0.43	0.030320		0.606	143.0
IC 3715	SBc	0.53	0.022260		0.946	64.0
IC 3716				Nothing here; nominal position.		
IC 3717	E?	0.22	0.024040		0.275	155.0
IC 3718	S0	0.72	0.002980		0.321	71.0
IC 3719	I	0.33	0.006240	Often incorrectly called IC 3716; that does not exist.	0.673	87.0
IC 372	S0-a	0.45	0.014096		0.464	30.0
IC 3720	E	1.36	0.005730		0.581	125.0
IC 3721	Sm	0.37	0.022010		0.385	136.0
IC 3723	S?	0.22	0.017989		0.667	106.0
IC 3724	Sc	0.45	0.046920		0.714	40.0
IC 3726	Sc	0.29	0.016800		0.218	115.0
IC 3727	Sc	1.07	0.003630		0.870	139.0
IC 3728	Sbc	0.33	0.079940		0.892	116.0
IC 3729	SBb	0.26	0.036200		0.765	44.0
IC 373	S0-a	0.76	0.013463		0.776	109.0
IC 3730	Scd	0.53	0.023400		0.964	136.0
IC 3731	Sbc	0.45	0.039770		0.818	129.0
IC 3732	I	0.36	0.007590		0.735	47.0
IC 3734	SBc	0.22	0.022680		0.537	131.0
IC 3735	E	0.87	0.006271		0.737	151.0
IC 3736	Sc	0.38	0.022436		0.792	170.0
IC 3738		0.12			0.480	57.0
IC 3739				Nothing here; nominal position.		
IC 374	S0-a	0.19	0.013805		0.826	80.0
IC 3740	Sc	0.29	0.008650		0.453	7.0
IC 3742	SBc	0.32	0.003200		0.314	45.0
IC 3744	Sb	0.47	0.074919		0.671	161.0
IC 3745	S0-a	0.91	0.022470		0.875	39.0
IC 3746	Sbc	0.44	0.053480		0.815	37.0
IC 375	SBb	0.54	0.035743		0.659	59.0
IC 3751	Sc	0.17	0.052410		0.850	85.0
IC 3754	Sab	0.57	0.021782		0.432	126.0
IC 3756	SBc	0.30			0.789	26.0
IC 3758	E	0.54	0.024090		0.931	53.0
IC 3759	Sc	0.18	0.023410		0.290	157.0
IC 376		0.48	0.032776		0.814	50.0
IC 3760	E	0.33	0.044890		0.767	120.0
IC 3761	E	0.17	0.029200		0.531	60.0
IC 3762	I	0.21	0.005920		0.553	40.0
IC 3763	SBbc	0.35	0.084220		0.875	130.0
IC 3766	Sb	0.35	0.057030		0.854	47.0
IC 3767	E	0.34	0.004370		0.318	77.0
IC 377	E	0.83	0.031256		0.830	99.0
IC 3771	SBb	0.26	0.064740		0.788	83.0
IC 3772	Sbc	0.52	0.040530		0.627	15.0
IC 3773	E	0.73	0.003660		0.378	20.0
IC 3774	Sbc	0.42	0.041490		0.433	106.0
IC 3775	Sc	0.34	0.003640		0.420	51.0
IC 3776	Sc	0.21	0.034780		0.420	37.0
IC 3778	Sbc	0.35	0.033340		0.636	38.0
IC 3779	E	0.53	0.003850		0.589	126.0
IC 378	E-S0	0.48	0.030038		0.608	69.0
IC 3783	Sbc	0.52	0.024740		0.788	98.0
IC 3784	SBbc	0.32	0.022050		0.571	45.0
IC 3785	Sb	0.16			0.889	157.0
IC 3786	Sbc	0.26	0.055000		0.765	168.0
IC 3788	Sbc	0.66	0.080580		1.000	20.0
IC 3789	Sb	0.40	0.064240		0.833	3.0
IC 379	SABb	0.82	0.030620		0.882	35.0
IC 3793	Sbc	0.23			0.535	74.0
IC 3795	E	0.24	0.014750		0.267	18.0
IC 3797				Nothing here; nominal position.		
IC 3799	SBcd	0.38	0.012213		0.137	32.0
IC 38	Sc	0.57	0.056117		0.740	65.0
IC 380	SABb	0.46	0.017152		0.605	75.0
IC 3800 NED01		0.21			0.656	47.0
IC 3800 NED02	E	0.36			0.667	100.0
IC 3801				Nothing here; nominal position.		
IC 3806	Sa	0.44	0.004710		0.341	179.0
IC 3807				Nothing here; nominal position.		
IC 3808	Sbc	0.42	0.016350		0.442	156.0
IC 3809	Sb	0.38	0.034240		0.594	159.0
IC 3812	Sab	0.41	0.011378		0.363	6.0
IC 3813	S0	0.96	0.010767		0.727	179.0
IC 3814	Sbc	0.38			0.644	132.0
IC 3815	Sbc	0.36	0.065000		0.655	150.0
IC 3816	E	0.76	0.040610		0.938	7.0
IC 3817	Sbc	0.18	0.071140		0.692	34.0
IC 3818	Sb	0.19			0.463	169.0
IC 3819		0.45	0.041947		0.804	70.0
IC 382	SABc	1.18	0.016791		0.593	173.0
IC 3820	Sc	0.43	0.040790		0.935	54.0
IC 3822	Sc	0.31	0.014194		0.217	35.0
IC 3824	S0-a	0.71	0.043596		0.628	0.0
IC 3825		0.38	0.011920		0.633	178.0
IC 3826	S0	0.65	0.013459		0.353	178.0
IC 3827	Sc	0.83	0.014307		0.735	162.0
IC 3828	Sab	0.34	0.035120		0.500	53.0
IC 3829	S0	1.04	0.009488	The IC identification is not certain.	0.305	10.0
IC 383	E-S0	0.56	0.027373		0.889	36.0
IC 3831	S0	1.11	0.012889		0.740	138.0
IC 3832	SBc	0.39	0.034410		0.848	72.0
IC 3834	Sb	0.55	0.014557		0.579	70.0
IC 3835	Sc	0.25	0.025790		0.500	98.0
IC 3836	SBc	0.22			0.449	86.0
IC 3837	I	0.32	0.003810		0.571	73.0
IC 384	E	0.48	0.015594		0.980	94.0
IC 3840	Sm	0.78	0.001940		1.000	76.0
IC 3842	E	0.30	0.068457		0.882	164.0
IC 3843	Sc	0.25	0.035000		0.510	179.0
IC 3844	Sc	0.30	0.066000		0.769	31.0
IC 3846				Nothing here; nominal position.		
IC 3847	Sc	0.25	0.022360		0.833	126.0
IC 3848 NED01	E	0.28			0.509	113.0
IC 3848 NED02	E	0.38	0.077540		0.567	158.0
IC 385	S0	0.58	0.014080		0.504	107.0
IC 3850	E	0.48	0.026260		0.667	49.0
IC 3852	Scd	0.43	0.014580		0.391	60.0
IC 3853	Sbc	0.28			0.778	6.0
IC 3854	SBa	0.24			0.649	24.0
IC 3855	E	0.35	0.034310		0.412	107.0
IC 3856	Sc	0.20			0.299	122.0
IC 3857	Sbc	0.34			0.810	109.0
IC 3859	Sc	0.32	0.014265		0.286	159.0
IC 3860		0.32	0.064950		0.889	119.0
IC 3861	SBb	0.34			0.773	133.0
IC 3862	Sd	0.42	0.014560		0.483	134.0
IC 3863	Sab	0.28	0.035080		0.394	86.0
IC 3864		0.16			0.696	146.0
IC 3865	E	0.35			0.729	145.0
IC 3866 NED01	SBbc	0.22			0.667	123.0
IC 3866 NED02	SBbc	0.26			0.765	15.0
IC 3867	SBb	0.42	0.061470		0.627	115.0
IC 3868	SBb	0.25			0.610	63.0
IC 3869	Sc	0.25			0.424	64.0
IC 387	SABc	1.11	0.015226		0.694	84.0
IC 3870	Sb	0.27	0.096830		0.900	34.0
IC 3871	E	0.43	0.064800		0.827	17.0
IC 3872	E	0.18			0.783	38.0
IC 3873	SBb	0.42			0.977	120.0
IC 3874	E	0.38			0.844	102.0
IC 3875	Sbc	0.27	0.086270		0.771	11.0
IC 3876	Sbc	0.23			0.575	43.0
IC 3877	SBc	0.73	0.003049		0.238	25.0
IC 3879	Sbc	0.42	0.035080		0.656	179.0
IC 388 NED01		0.44	0.018260		0.815	54.0
IC 388 NED02	E	0.40	0.015140		0.449	10.0
IC 3880	SBbc	0.25	0.040640		0.595	175.0
IC 3881	SBb	0.31	0.064030		0.775	94.0
IC 3882	Sb	0.28	0.040470		0.528	157.0
IC 3883	Sb	0.54	0.012562		0.495	11.0
IC 3884	Sbc	0.62	0.064670		0.729	147.0
IC 3885	Sbc	0.39	0.065180		0.813	35.0
IC 3886		0.34	0.063030		0.850	22.0
IC 3888	Sa	0.35	0.032240		0.389	57.0
IC 389	E-S0	0.82	0.016111		0.752	20.0
IC 3890	Sc	0.34	0.053630		0.773	19.0
IC 3891	Sbc	0.34	0.034020		0.739	105.0
IC 3892	S0-a	0.55	0.015420		0.451	176.0
IC 3893	SBm	0.18	0.051990		0.310	72.0
IC 3895	Sb	0.69	0.024370		0.972	18.0
IC 3896	E	2.12	0.007055		0.695	6.0
IC 3897	Sc	0.08	0.024800		0.533	19.0
IC 3898	Sc	0.25	0.092700		0.806	166.0
IC 3899	Sbc	0.23	0.072230		0.535	40.0
IC 390	S0-a	0.40	0.015650		0.351	35.0
IC 3900	S0	0.59	0.023650		0.615	178.0
IC 3904	SABb	0.37	0.053708		0.597	72.0
IC 3905 NED01		0.11			0.500	30.0
IC 3905 NED02	Sb	0.32	0.080710		0.667	123.0
IC 3905 NED03		0.07			0.467	131.0
IC 3907	S?	0.20	0.064520		0.435	2.0
IC 3908	SBcd	0.79	0.004306		0.325	172.0
IC 3909	Sb	0.28	0.058930		0.757	55.0
IC 391	Sc	1.33	0.005227		0.957	25.0
IC 3911 NED01	E	0.38	0.073250		0.679	26.0
IC 3911 NED02	E	0.24	0.073434		0.480	36.0
IC 3913	SABc	0.45	0.025070		0.682	57.0
IC 3914	Sc	0.25			0.694	112.0
IC 3916	Sab	0.60	0.034370		0.674	124.0
IC 3918	Sc	0.40	0.022190		0.727	164.0
IC 3919	E	0.43	0.035030		0.729	108.0
IC 392	S0	1.00	0.013843		0.690	168.0
IC 3920	E-S0	0.21	0.026170		0.309	16.0
IC 3921	Sc	0.25	0.024000		0.481	73.0
IC 3922	Sb	0.23	0.051930		0.319	90.0
IC 3924	E	0.29			0.690	121.0
IC 3927	E-S0	1.05	0.016233		0.814	166.0
IC 3928	Sbc	0.26			0.788	145.0
IC 3929	Sb	0.28	0.080620		0.737	40.0
IC 393	E	0.77	0.039969		0.951	7.0
IC 3930	Sbc	0.29			0.509	7.0
IC 3931	Sb	0.39	0.064220		0.534	154.0
IC 3934	SBbc	0.48			0.941	58.0
IC 3937	E	0.40			0.741	111.0
IC 394				Nothing here; nominal position.		
IC 3940	Sb	0.33	0.037350		0.516	136.0
IC 3941	E	0.49			0.754	14.0
IC 3943	S0	0.33	0.022700		0.359	59.0
IC 3944	Sab	0.34	0.074420		0.607	63.0
IC 3945	Sc	0.19	0.036030		0.388	13.0
IC 3946	S0	0.44	0.019740		0.512	71.0
IC 3947	S0	0.49	0.018860		0.742	100.0
IC 3948	E	0.29			0.879	5.0
IC 3949	S0	0.16	0.025100		0.158	72.0
IC 3950	SBb	0.49	0.065969		0.845	145.0
IC 3951	E	0.37	0.066862		0.617	157.0
IC 3952	Sbc	0.38			0.731	153.0
IC 3953	Sab	0.32			0.865	45.0
IC 3954	Sb	0.15			0.682	83.0
IC 3955	S0	0.51	0.025570		0.662	41.0
IC 3956	E	0.41	0.034700		0.804	165.0
IC 3957	E	0.54	0.021220		0.964	40.0
IC 3958	E	0.40	0.073320		0.755	112.0
IC 3959	E	0.70	0.023450		1.000	10.0
IC 396	Sbc	1.45	0.002969		0.609	86.0
IC 3960	S0	0.53	0.021930		0.964	14.0
IC 3963	S0	0.41	0.022770		0.586	82.0
IC 3965	Sb	0.25			0.758	158.0
IC 3966	Sc	0.50	0.027820		0.676	15.0
IC 3967	E?	0.49	0.027650		0.645	42.0
IC 3968	E-S0	0.36	0.020330		0.818	48.0
IC 3969 NED01	SBb	0.39			0.565	99.0
IC 3969 NED02		0.20			0.667	89.0
IC 3969 NED03		0.12			0.522	149.0
IC 3971	Sbc	0.33			0.868	119.0
IC 3973	S0	0.44	0.015710		0.579	141.0
IC 3975	S0-a	0.51	0.034480		0.586	31.0
IC 3976	E	0.31	0.022640		0.470	153.0
IC 3978		0.19			0.905	131.0
IC 398	SBbc	0.34	0.010900		0.288	2.0
IC 3980	SBb	0.31			0.861	45.0
IC 3984	E	0.33			0.943	70.0
IC 3985	Sc	0.33	0.039000		0.892	75.0
IC 3986	E	1.38	0.015504		0.746	124.0
IC 3987	E	0.41	0.034790		0.837	40.0
IC 399	IAB	0.45	0.013343		0.833	81.0
IC 3990	Sa	0.29	0.020390		0.333	30.0
IC 3991	E-S0	0.41	0.020090		0.451	66.0
IC 3993	E	0.41	0.067956		0.854	1.0
IC 3994	SBc	0.23	0.072200		0.767	164.0
IC 3997	E	0.31			0.816	45.0
IC 3998	S0	0.41	0.031420		0.732	8.0
IC 4	Sc	0.84	0.016672		0.718	12.0
IC 40	Sb	0.43	0.018093		0.410	14.0
IC 400		0.17	0.011620	Identity as IC 0400 is very uncertain.	0.110	117.0
IC 4000	Sbc	0.26			0.722	53.0
IC 4001	E	0.34	0.033680		0.586	32.0
IC 4002	Sm	0.23			0.535	68.0
IC 4003	E	1.07	0.033590		1.000	91.0
IC 4004	E	0.81	0.035980		0.931	143.0
IC 4007	E	0.22	0.085280		0.647	146.0
IC 401	SBb	0.58	0.011235		0.331	55.0
IC 4010	Sab	0.28	0.034650		0.538	65.0
IC 4011	E	0.38	0.024250		0.950	1.0
IC 4012	E	0.42	0.024140		0.824	131.0
IC 4014	Sb	0.36	0.075640		0.900	4.0
IC 4017	SBc	0.20	0.177380		0.513	91.0
IC 4018	E	0.15			0.833	168.0
IC 402	SABc	0.56	0.011226		0.444	146.0
IC 4020	Sc	0.19	0.034520		0.204	80.0
IC 4021	E	0.38	0.019120		0.950	26.0
IC 4023	E	0.35			0.565	176.0
IC 4025	E	0.35	0.081710		0.565	176.0
IC 4026	S0	0.41	0.027270		0.707	73.0
IC 4027	S0-a	0.33	0.035590		0.733	167.0
IC 4028	Sc	0.61	0.027910		0.782	151.0
IC 4029	E	0.20			0.476	109.0
IC 4030	S0	0.36	0.023360		0.679	16.0
IC 4031	Sb	0.17			0.810	124.0
IC 4032	E-S0	0.44	0.022580		0.733	176.0
IC 4033	S0	0.28	0.025740		0.560	100.0
IC 4034	Sc	0.24	0.028090		0.585	63.0
IC 4035 NED01	Sbc	0.23			0.479	34.0
IC 4035 NED02		0.09			0.164	179.0
IC 4037	Sb	0.28	0.065690		0.800	109.0
IC 4038	E	0.31	0.028701		0.525	168.0
IC 4039	SBa	0.42	0.022310		0.840	10.0
IC 404	S0-a	0.53	0.030240		0.726	130.0
IC 4040	SABc	0.34	0.025530		0.436	152.0
IC 4041	E	0.44	0.023640		0.721	44.0
IC 4042	S0	0.60	0.021260		0.833	2.0
IC 4043	SBd	0.30			0.306	160.0
IC 4044	S0-a	0.30	0.028570		0.625	43.0
IC 4045	E	0.44	0.023240		0.557	109.0
IC 4047	Sbc	0.81	0.029930		0.920	90.0
IC 4048	SBbc	0.21	0.033470		0.457	178.0
IC 4049	S0	1.07	0.028000		1.000	69.0
IC 405		30.00			0.600	
IC 4051	E	0.58	0.029160		0.604	51.0
IC 4055				Nothing here; nominal position.		
IC 4056	SBbc	0.37	0.037000		0.544	96.0
IC 4058	SBbc	0.34	0.065591		0.548	116.0
IC 4059	E	0.33			0.805	58.0
IC 4060	Sb	0.59	0.035060		0.747	147.0
IC 4061 NED01	E	0.30	0.071650		0.769	122.0
IC 4061 NED02	E	0.37			0.771	123.0
IC 4062	SABb	0.38	0.036190		1.000	93.0
IC 4063	Sb	0.24			0.800	158.0
IC 4064	S0	1.08	0.035550		0.771	35.0
IC 4065	SBb	0.38	0.036980		0.521	155.0
IC 4067	E	0.25			0.658	12.0
IC 4068	E?	0.35	0.034920		0.614	70.0
IC 4069	Scd	0.23	0.025400		0.561	13.0
IC 407	Sc	0.36	0.009473		0.187	164.0
IC 4070	SBb	0.39			0.672	44.0
IC 4071	S0	0.55	0.011258		0.567	8.0
IC 4073	Sab	0.27	0.037481		0.333	143.0
IC 4074	Sbc	0.38			0.644	43.0
IC 4075	E	0.31			0.705	104.0
IC 4076	Sb	0.37	0.047540		0.902	143.0
IC 4077	SBbc	0.28	0.023460		0.667	61.0
IC 4079	Sab	0.37	0.082624		0.881	10.0
IC 408	S0	0.97	0.034504		0.497	162.0
IC 4080 NED01	Sc	0.16	0.079690		0.203	38.0
IC 4080 NED02		0.12	0.082519		0.522	64.0
IC 4081	E	0.28	0.033660		0.667	157.0
IC 4082	Sc	0.27	0.045052		0.614	92.0
IC 4083	SBbc	0.26			0.634	20.0
IC 4085	E	0.25	0.035470		0.833	132.0
IC 4086	SABc	0.66			0.805	178.0
IC 4087	SBb	0.13			0.565	9.0
IC 4089	SBb	0.32			0.889	149.0
IC 409	E	0.72			0.758	19.0
IC 4091	Sbc	0.26			0.500	131.0
IC 4093				Nothing here; nominal position.		
IC 4094	Sc	0.30	0.028341		0.682	132.0
IC 4095	SBb	0.33	0.064490		0.429	27.0
IC 4096	E	0.52	0.074300		0.776	132.0
IC 4098	SBbc	0.28			0.549	112.0
IC 4099	E	0.49	0.074340		0.754	104.0
IC 41		0.45	0.013389		0.634	162.0
IC 410		30.00			0.750	
IC 4100	Sc	0.75	0.027370		0.647	104.0
IC 4102	Sc	0.22			0.647	78.0
IC 4103	Sbc	0.52	0.036910		0.684	64.0
IC 4104	E	0.37	0.041090		0.725	167.0
IC 4105	E	0.39			0.813	89.0
IC 4106	S0-a	0.55	0.024880		0.743	135.0
IC 4107	E	0.81	0.000890		0.910	0.0
IC 4108	E	0.37	0.037150		0.521	132.0
IC 411	S0	1.00	0.031852		0.735	129.0
IC 4110	Sab	0.14			0.700	151.0
IC 4111	S0	0.34	0.025880		0.466	133.0
IC 4113	Sb	0.23	0.065400		0.622	111.0
IC 4114	E	0.21			0.457	41.0
IC 4115	Sbc	0.44	0.035670		0.786	15.0
IC 4118	SBb	0.39	0.037300		0.619	102.0
IC 4119		0.15			0.349	24.0
IC 412	Sab	0.65	0.014380		0.556	0.0
IC 4122	S0-a	0.69	0.063790		0.821	26.0
IC 4123	SBb	0.47	0.044210		0.855	138.0
IC 4124	E	0.26	0.067290		0.684	37.0
IC 4125	E	0.65	0.067402		0.644	74.0
IC 4127	Sab	0.37	0.036520		0.638	40.0
IC 4128	Sb	0.28	0.062540		0.700	65.0
IC 4129	Sbc	0.29			0.617	28.0
IC 413	S0	0.80	0.014450		0.741	140.0
IC 4130	E	1.05	0.063510		0.875	70.0
IC 4131	Sc	0.28			0.737	158.0
IC 4133	E	0.52	0.021180		0.912	66.0
IC 4135	Sb	0.38	0.036880		0.567	36.0
IC 4137	Sab	0.31	0.061140		0.795	166.0
IC 4138	SBab	0.24			0.632	162.0
IC 4139	E	0.52	0.063030		0.812	60.0
IC 414	E	0.44	0.014844		0.733	140.0
IC 4140	E	0.26			0.812	71.0
IC 4141	Sb	0.55	0.066340		0.833	108.0
IC 4144	Sb	0.18	0.035450		0.188	6.0
IC 4145	Sc	0.17	0.050120		0.239	135.0
IC 4146	SBab	0.38	0.058760		0.731	9.0
IC 4147		0.17			0.531	156.0
IC 4148	Sbc	0.21	0.062290		0.512	68.0
IC 4149	Sb	0.39	0.023703		0.600	82.0
IC 415		0.58	0.011370		0.763	148.0
IC 4151 NED01	Sbc	0.23	0.072960		0.489	8.0
IC 4151 NED02	S?	0.19	0.072480		0.633	131.0
IC 4152	E	0.63	0.053040		0.840	11.0
IC 4154	Sbc	0.53	0.031350		0.855	111.0
IC 4158	Sab	0.25	0.023230		0.329	125.0
IC 4159	Sbc	0.24			0.727	127.0
IC 416	SBc	0.70	0.010646		0.496	71.0
IC 4160	SBb	0.20	0.061460		0.465	22.0
IC 4161	Sc	0.18	0.033045		0.254	107.0
IC 4162	Sb	0.24	0.064630		0.727	165.0
IC 4163	Sbc	0.33	0.064040		0.825	31.0
IC 4164	Sb	0.20	0.065000		0.444	127.0
IC 4165	Sc	0.60	0.027440		0.938	16.0
IC 4166	Sab	0.49	0.036270		0.485	177.0
IC 4167	E	0.25			0.625	160.0
IC 4168	E	0.50	0.027200		0.769	74.0
IC 4169 NED01		0.12			0.800	120.0
IC 4169 NED02	E	0.47			0.922	130.0
IC 417		10.00			0.769	
IC 4170 NED01	E	0.50	0.062000		0.980	79.0
IC 4170 NED02		0.17			0.654	95.0
IC 4171	Scd	0.39	0.004031		0.549	82.0
IC 4172	Sb	0.39	0.034660		0.796	85.0
IC 4175	SBbc	0.27	0.063620		0.675	138.0
IC 4177	Sa	0.45	0.008125		0.517	90.0
IC 4178	I	0.24	0.003967		0.381	120.0
IC 418			0.000207			
IC 4180	S0-a	1.02	0.009823		0.739	163.0
IC 4181	SBb	0.47	0.066400		0.887	125.0
IC 4182	Sm	5.52	0.001081		0.918	0.0
IC 4183	E	0.40	0.068440		0.870	113.0
IC 4184	E	0.22	0.049140		0.667	111.0
IC 4185 NED01	E	0.23	0.067100		0.418	147.0
IC 4185 NED02	Sm	0.19			0.594	21.0
IC 4187	E-S0	0.43	0.038020		0.782	157.0
IC 4188	Sbc	0.37	0.037590		0.804	53.0
IC 4189	Sc	0.84	0.016034		0.672	0.0
IC 4191			-0.000023			
IC 4193	Sbc	0.32	0.027580		0.653	61.0
IC 4197	E-S0	1.12	0.010100		0.609	162.0
IC 42	SABc	0.53	0.055138		0.697	56.0
IC 4200	S0	1.06	0.013102		0.627	154.0
IC 4201	E	0.63	0.038240		0.955	85.0
IC 4202	Sbc	0.36	0.023760		0.207	142.0
IC 4204	Sc	0.21	0.010950		0.221	42.0
IC 4207	SBb	0.30	0.070170		0.612	2.0
IC 4209	SBbc	0.53	0.022385		0.414	99.0
IC 421	Sbc	2.22	0.011935		0.750	108.0
IC 4212	SBc	0.21	0.004961	The IC identification is not certain.	0.636	140.0
IC 4213	Sc	0.48	0.002742		0.194	176.0
IC 4214	SBa	1.84	0.007682		0.622	165.0
IC 4215	Sab	0.36	0.013000		0.232	46.0
IC 4216	SABc	0.77	0.009542		0.376	53.0
IC 4217	Sbc	0.62	0.023285		0.912	30.0
IC 4218	Sbc	0.37	0.019340		0.308	159.0
IC 4219	SBb	0.97	0.012235		0.866	114.0
IC 422	E	0.93	0.009933		0.894	130.0
IC 4220	Sa	0.61	0.021300		0.718	105.0
IC 4221	SBc	0.71	0.009710		0.461	167.0
IC 4223	Sb	0.53	0.049581		0.736	140.0
IC 4224	SBd	0.37	0.018450		0.420	99.0
IC 4225	S0-a	0.33	0.018126		0.201	131.0
IC 4226	S0-a	0.35	0.018280		0.714	140.0
IC 4227	SBb	0.44	0.023030		0.815	77.0
IC 4228	SBa	0.55	0.033500		0.688	67.0
IC 4229	Sb	0.67	0.023190		0.838	15.0
IC 423		3.50			0.583	90.0
IC 4230	Sa	0.36	0.024037		0.303	1.0
IC 4231	Sbc	0.57	0.007539		0.277	34.0
IC 4232	Sbc	0.37	0.031600		0.311	4.0
IC 4234	SABa	0.68	0.034430		0.872	12.0
IC 4235		0.25	0.018050		0.275	78.0
IC 4237	SBb	1.39	0.008941		0.650	135.0
IC 4238	Sab	0.24	0.022360		0.276	29.0
IC 4239	S0-a	0.63	0.048410		0.716	132.0
IC 424		1.70			0.680	
IC 4240	E	0.25			0.463	34.0
IC 4241	E	0.47	0.023400		0.758	64.0
IC 4242	SBb	0.41	0.023860		0.707	137.0
IC 4243	E-S0	0.38	0.039954		0.760	35.0
IC 4244	SBab	0.34	0.024110		0.420	82.0
IC 4245	Sa	0.52			0.712	112.0
IC 4246	Sa	0.26			0.419	147.0
IC 4247	S?	0.52	0.001231		0.377	154.0
IC 4248	Sc	0.65	0.013781		0.625	89.0
IC 4249	Sab	0.41	0.006318		0.287	111.0
IC 425				Nothing here; nominal position.		
IC 4250	Sc	0.32	0.037150		0.582	53.0
IC 4251	SBa	0.65	0.014827		0.663	145.0
IC 4252	E-S0	1.08	0.045230		0.540	135.0
IC 4253	Sbc	0.71	0.033987		0.504	135.0
IC 4254	Sb	0.54	0.007722		0.720	81.0
IC 4255	E-S0	0.99	0.034060		0.739	45.0
IC 4256	Sb	0.32	0.022660		0.485	44.0
IC 4257				Nothing here; nominal position.		
IC 4258	E	0.68	0.036990		0.800	29.0
IC 4259	SBab	0.56	0.047466		0.566	149.0
IC 426		3.00			0.300	
IC 4260	Sab	0.29	0.033984		0.248	96.0
IC 4261	S0	0.86	0.033732		0.735	131.0
IC 4262	Sb	0.37	0.035255		0.314	65.0
IC 4263	SBcd	0.42	0.008950		0.246	102.0
IC 4264	Sc	0.47	0.011677		0.250	105.0
IC 4265	Sab	0.53	0.044726		0.631	5.0
IC 4266	SBab	0.50	0.052790		0.909	10.0
IC 4267	Sbc	0.45	0.014924		0.346	135.0
IC 4268	E	0.46	0.054020		0.730	90.0
IC 4269	E	0.46	0.057988		1.000	85.0
IC 4270	Sbc	0.83	0.026926		0.874	7.0
IC 4271 NED01	SBbc	0.66	0.057080		0.759	167.0
IC 4271 NED02		0.23			0.767	141.0
IC 4272	Sbc	0.18	0.013923		0.184	111.0
IC 4273	S0	0.64	0.042856		0.674	24.0
IC 4275	SBbc	0.54	0.014580		0.568	25.0
IC 4276	Sc	0.18	0.030544		0.136	61.0
IC 4277		0.08			0.119	91.0
IC 4278	SBc	0.40			0.930	65.0
IC 4279	Sb	0.38	0.041363		0.559	52.0
IC 4280	Sbc	0.76	0.016511		0.673	64.0
IC 4281	Sc	0.79	0.040806		0.608	98.0
IC 4282		0.38			0.950	156.0
IC 4283	SBb	0.34	0.030270		0.523	69.0
IC 4284	Sc	0.30	0.061100		0.938	21.0
IC 4285		0.17	0.074190		0.531	92.0
IC 4286	Sbc	0.34	0.033732		0.829	20.0
IC 4287 NED01	Sa	0.46	0.025048		0.479	152.0
IC 4287 NED02		0.15	0.094829		0.682	15.0
IC 4288	Sbc	0.60	0.034964		0.441	114.0
IC 4289	E-S0	0.62	0.034811		0.443	8.0
IC 4290	Sb	1.11	0.016252		0.822	99.0
IC 4291			-0.000093			
IC 4292	Sbc	0.48	0.029536		0.857	14.0
IC 4293	E-S0	1.39	0.015284		0.635	177.0
IC 4294	SBb	0.45	0.048294		0.484	32.0
IC 4295	Sbc	0.40	0.014960		0.385	114.0
IC 4296	E	2.43	0.012601		0.526	42.0
IC 4297	SBa	0.40	0.025370		0.455	70.0
IC 4298	Sc	0.82	0.022395		0.512	177.0
IC 4299	Sa	0.81	0.013443		0.433	58.0
IC 43	SABc	1.15	0.016185		0.913	87.0
IC 4300	E	0.23	0.040370		1.000	12.0
IC 4301	SBb	0.39	0.023752		0.302	130.0
IC 4302	Sc	0.27	0.025030		0.199	126.0
IC 4303	SABb	0.54	0.007907		0.551	71.0
IC 4304	Sab	0.55	0.025000		0.420	41.0
IC 4305	S0	0.86	0.024497		0.878	173.0
IC 4306	Sa	0.39	0.024930		0.355	81.0
IC 4307	S0	0.59	0.035770		0.894	84.0
IC 4308				Nothing here; nominal position.		
IC 4309	Sbc	0.50	0.040140		0.649	132.0
IC 431		5.00			0.625	
IC 4310	S0	0.96	0.008102		0.403	73.0
IC 4311	Sbc	0.78	0.013543		0.703	161.0
IC 4312	S0	0.89	0.012885		0.736	75.0
IC 4313	E	0.38	0.030400		0.644	38.0
IC 4314	E	0.65	0.028490		0.714	10.0
IC 4315	SBc	0.32	0.017152		0.200	132.0
IC 4316	IB	1.00	0.002065		0.725	56.0
IC 4317	Sa	0.34	0.028780		0.667	23.0
IC 4318	Sc	0.95	0.029674		0.880	10.0
IC 4319	Sbc	0.54	0.015748		0.335	73.0
IC 432		10.00			1.000	
IC 4320	S0-a	1.18	0.022569		0.901	30.0
IC 4321	Sbc	0.62	0.016420		0.608	33.0
IC 4322	E-S0	0.55	0.027141		0.797	71.0
IC 4323	Sbc	0.20	0.008240		0.182	58.0
IC 4324	Sb	0.57	0.016952		0.633	126.0
IC 4325	SABb	0.48	0.012752		0.400	101.0
IC 4326	Sc	0.81	0.015226		0.810	166.0
IC 4327	Sc	0.58	0.018080		0.504	56.0
IC 4328	SBab	0.70	0.014008		0.654	174.0
IC 4329	E-S0	2.65	0.015140		0.559	67.0
IC 433	E	1.12	0.024000		0.789	138.0
IC 4330	SBc	0.65	0.038206		0.504	93.0
IC 4331	SBb	0.51	0.051160		0.810	64.0
IC 4332	S0	0.78	0.029120		0.918	3.0
IC 4333	S0-a	0.46	0.009101		0.256	60.0
IC 4334	E-S0	0.50	0.038740		0.847	147.0
IC 4336	Sb	0.41	0.008500		0.299	155.0
IC 4337	S0-a	0.38	0.024170		0.494	106.0
IC 434		30.00	0.000036		0.333	
IC 4340	E-S0	0.90	0.024937		0.709	31.0
IC 4341	Sc	0.84	0.007850		0.913	50.0
IC 4342	Sab	0.43	0.029120		0.394	53.0
IC 4343	E	0.61	0.029150		0.581	102.0
IC 4344	Sab	0.70	0.031030		0.636	67.0
IC 4345	E	1.18	0.031120		0.959	134.0
IC 4346	S0-a	0.66	0.029890		0.904	4.0
IC 4348	E	1.13	0.036780		1.000	117.0
IC 4349	Sab	0.50	0.030960		0.481	119.0
IC 435		3.02			0.759	
IC 4350	S0-a	0.74	0.020488		0.394	133.0
IC 4351	Sb	1.04	0.008939		0.159	18.0
IC 4352	Sab	0.73	0.016815		0.401	88.0
IC 4353				Nothing here; nominal position.		
IC 4354	Sc	0.33	0.039347		0.243	106.0
IC 4355	Sa	0.40	0.026800		0.930	54.0
IC 4356	S0	0.46	0.050190		0.852	15.0
IC 4357	Sbc	0.51	0.014640		0.548	67.0
IC 4358	Sbc	0.29	0.011125		0.209	111.0
IC 4359	Sc	0.89	0.013884		0.754	13.0
IC 4360	SBab	0.47	0.038042		0.603	33.0
IC 4361	Sb	0.34			0.515	170.0
IC 4362	SBc	0.69	0.006230		0.381	147.0
IC 4363	Sc	0.21	0.002833		0.467	25.0
IC 4364	Sbc	0.66	0.032797		0.725	106.0
IC 4366	Sc	1.21	0.015499		0.742	149.0
IC 4367	SABc	1.43	0.013781		0.872	71.0
IC 4368	S0	0.38	0.037352		0.691	40.0
IC 4369	Sbc	0.38	0.065937		0.864	29.0
IC 437	Sa	0.46	0.023083		0.474	7.0
IC 4370	Sc	0.33			0.750	96.0
IC 4371	SBa	0.54	0.027050		0.667	50.0
IC 4372	S0-a	0.15	0.036700		0.312	75.0
IC 4373	E	0.78	0.029740		0.951	23.0
IC 4374	E-S0	1.39	0.021790		0.772	106.0
IC 4377	S0-a	0.69	0.008744		0.348	95.0
IC 4378	S0	0.61	0.014210		0.396	158.0
IC 4379	Sbc	0.42			0.457	93.0
IC 438	SABc	1.82	0.010474		0.650	63.0
IC 4380	SBcd	0.68	0.026300		0.932	10.0
IC 4382	SBb	0.16	0.031490		0.250	9.0
IC 4384	S0-a	0.80	0.034900		0.708	165.0
IC 4386	Sd	0.38			0.148	146.0
IC 4387	SABm	0.72			0.571	67.0
IC 4388	Sbc	0.97	0.013608		0.851	4.0
IC 4389	Sc	0.60			0.723	100.0
IC 439				Nothing here; nominal position.		
IC 4390	SABb	0.63	0.007030		0.323	10.0
IC 4391	Sab	0.78	0.009653		0.796	55.0
IC 4393	Sc	0.38	0.009654		0.165	75.0
IC 4394				Nothing here; nominal position.		
IC 4395	Sab	0.80	0.036550		0.690	25.0
IC 4396	Sc	0.41	0.034891		0.651	21.0
IC 4397	Sbc	0.74	0.014737		0.685	160.0
IC 4398	SBb	0.56	0.042330		0.903	10.0
IC 4399	SBb	0.35	0.036260		0.493	139.0
IC 440	Sb	1.00	0.014397		0.565	36.0
IC 4401	SABa	0.60	0.023400	The IC identification is not certain.	0.400	10.0
IC 4402	Sb	0.96	0.005535		0.166	126.0
IC 4403	SBa	0.48	0.014250		0.390	137.0
IC 4405	S0-a	0.87	0.036760		0.644	105.0
IC 4406			-0.000073			
IC 4407	SBm	0.71	0.009090		0.480	173.0
IC 4408	Sab	0.39	0.030210		0.470	128.0
IC 4409	Sbc	0.54	0.034357		0.684	38.0
IC 441	Sc	1.13	0.007420		0.926	40.0
IC 4410	SBbc	0.41	0.053100		0.519	57.0
IC 4411				Nothing here; nominal position.		
IC 4413	E-S0	0.40	0.032180		0.784	129.0
IC 4415	Sa	0.30	0.056873		0.484	139.0
IC 4416	E	0.67	0.053877		0.728	130.0
IC 4417	E	0.78	0.053480		0.703	144.0
IC 4418	E	0.80	0.036720		0.851	96.0
IC 4419	Sab	0.52	0.053820		0.658	148.0
IC 442	S0-a	1.25	0.014223		1.000	5.0
IC 4420	SBc	0.37	0.016632		0.552	18.0
IC 4421	E	1.08	0.012085		0.755	164.0
IC 4422	E	0.65	0.029934		0.878	142.0
IC 4423	Sbc	0.57	0.030404		0.559	71.0
IC 4425	SBb	0.58	0.030100		0.906	3.0
IC 4426	E	0.65	0.051530		0.942	5.0
IC 4427	Sab	0.35	0.030021		0.407	116.0
IC 4428	Sa	0.35	0.054778		0.461	49.0
IC 4429	E	0.61	0.050400		0.598	96.0
IC 443		40.00			0.800	
IC 4430	S0	1.26	0.009798		0.510	24.0
IC 4432	Sbc	0.22	0.032770		0.259	47.0
IC 4433	Sbc	0.34	0.053560		0.708	44.0
IC 4434	E	0.46	0.052890		0.719	6.0
IC 4435	E	0.94	0.032350		1.000	50.0
IC 4436	E	1.03	0.032469		0.858	87.0
IC 4437				The IC identification is not certain.		
IC 4438	Sbc	0.40	0.053350		0.833	77.0
IC 4439	Scd	0.36	0.049880		0.537	76.0
IC 444		4.00			0.500	
IC 4440	S0-a	0.46	0.053030		0.597	72.0
IC 4441	SABb	1.53	0.006567		0.785	83.0
IC 4442	SBa	0.50	0.013990		0.588	15.0
IC 4443	Sbc	0.28	0.039380		0.452	12.0
IC 4445	Scd	0.45	0.014053		0.378	154.0
IC 4446	Sc	0.40	0.031460		0.519	109.0
IC 4447	S0-a	0.67	0.014277		0.817	174.0
IC 4448	SBc	0.86	0.015351		0.782	176.0
IC 4449	IB	0.41			0.569	115.0
IC 445	S0	0.70	0.017400		0.805	20.0
IC 4450	Sbc	0.45	0.030210		0.459	48.0
IC 4451	E	1.29	0.013546		0.721	95.0
IC 4452	Sa	0.47	0.014223		0.940	78.0
IC 4453	S0	0.97	0.011878		0.464	160.0
IC 4454	Sab	0.32	0.049340		0.711	0.0
IC 4456	Sbc	0.21			0.362	129.0
IC 4457	Sbc	0.39			0.848	85.0
IC 4458	Sbc	0.26			0.441	70.0
IC 4459	Sb	0.30	0.029530		0.337	13.0
IC 446		4.00			0.800	
IC 4460	Sa	0.41	0.029780		0.745	161.0
IC 4461	Sc	0.28	0.064370		0.683	117.0
IC 4462	Sb	0.54	0.030891		0.730	11.0
IC 4463	Sbc	0.61	0.037010		0.753	30.0
IC 4464	S0	0.67	0.014637		0.399	62.0
IC 4465	S0-a	0.23	0.054310		0.411	80.0
IC 4466	S0-a	1.00	0.048460		1.000	14.0
IC 4467	Sa	0.48	0.049522		0.889	32.0
IC 4468	SBc	0.54	0.008166		0.235	158.0
IC 4469	Sc	0.22	0.019453		0.132	109.0
IC 447		20.00			0.800	
IC 4470	Sb	0.25	0.022910		0.281	94.0
IC 4472	Sc	0.60	0.009572		0.223	0.0
IC 4473 NED01	SBb	0.59	0.036950		0.797	1.0
IC 4473 NED02	SBb	0.59	0.037020		0.634	178.0
IC 4473 NED03		0.12			1.000	0.0
IC 4474	SBab	0.52	0.031280		0.800	134.0
IC 4475	E	0.88	0.030610		0.838	26.0
IC 4476	S0	0.55	0.009290		0.724	164.0
IC 4477	SBb	0.34	0.046832		0.567	16.0
IC 4478	E	0.49	0.018320		0.845	61.0
IC 4479	Sc	1.07	0.045330		0.922	17.0
IC 448		10.00			0.667	
IC 4480	SBbc	0.58	0.030840		0.906	65.0
IC 4481	SBbc	0.35			0.700	68.0
IC 4482	Sbc	0.56	0.021440		0.903	25.0
IC 4483	Sb	0.46	0.029920		0.343	25.0
IC 4484	Sc	0.30	0.015022		0.101	132.0
IC 4485	SBb	0.37	0.045810		0.578	43.0
IC 4486	E	0.32	0.030690		0.615	142.0
IC 4487	Sbc	0.52			0.765	22.0
IC 4488	Sbc	0.39			0.639	9.0
IC 4489	Sc	0.36			0.857	122.0
IC 449	E	1.34	0.012692		0.757	83.0
IC 4492	E	0.50	0.013760		0.794	61.0
IC 4494	S0-a	0.39	0.049370	The IC identification is not certain.	0.419	136.0
IC 4495	SBb	0.44	0.039100		0.564	10.0
IC 4496	S0	0.69	0.029514		0.812	45.0
IC 4497	E	0.81	0.012250		0.964	134.0
IC 4498	E-S0	0.70	0.031021		0.933	17.0
IC 4499			0.000128			
IC 450	S0-a	0.80	0.018676		0.580	130.0
IC 4500	Sbc	0.44	0.014080		0.786	74.0
IC 4501	Sab	0.75	0.011025		0.728	59.0
IC 4502	Sb	0.33	0.032050		0.516	110.0
IC 4503	E	1.05	0.034910		0.875	6.0
IC 4504	S0	0.29	0.033040		0.569	98.0
IC 4505	E-S0	0.78	0.030681		0.690	176.0
IC 4506	S0	0.44	0.029460		0.898	2.0
IC 4507	Sb	0.41	0.044740		0.603	149.0
IC 4508	S0-a	0.60	0.045074		0.789	31.0
IC 4509	Sb	0.20	0.009627		0.241	46.0
IC 451	SABb	1.07	0.016832		0.799	144.0
IC 4510				Nothing here; nominal position.		
IC 4511				Nothing here; nominal position.		
IC 4512	Sc	0.50	0.029730		0.909	162.0
IC 4513				Nothing here; nominal position.		
IC 4514	Sab	0.68	0.030250		0.819	124.0
IC 4515	Sa	0.70	0.031600		0.714	61.0
IC 4516	E	1.09	0.045280		0.801	158.0
IC 4517	SBb	0.30	0.017766		0.268	156.0
IC 4518A	Sc	0.32	0.016570		0.348	135.0
IC 4518B	Sc	0.24	0.015510		0.190	106.0
IC 4519	S0-a	0.48	0.030978		0.539	124.0
IC 4520	Sb	0.41	0.030790		0.804	120.0
IC 4521	Sc	0.44	0.032640		0.667	114.0
IC 4522	Sb	0.86	0.009567		0.285	112.0
IC 4523	SABc	1.49	0.016120		0.903	119.0
IC 4524	SBbc	0.48	0.032810		0.750	19.0
IC 4525	SBd	0.52	0.032850		0.897	31.0
IC 4526	Sm	0.37	0.045510		0.740	19.0
IC 4527	Sbc	0.51	0.017444		0.357	49.0
IC 4528	Sb	0.60	0.025980		0.741	155.0
IC 4529	Sbc	0.46			0.597	6.0
IC 4530	SBb	0.16	0.031168		0.176	19.0
IC 4531	E	0.53	0.052580		0.576	178.0
IC 4532	E	0.58	0.046946		0.674	92.0
IC 4533	SABa	0.66	0.033490		0.673	154.0
IC 4534	S0	0.79	0.016220		0.545	164.0
IC 4535	SBb	0.23	0.030578		0.426	162.0
IC 4536	SBcd	0.89	0.007634		0.674	4.0
IC 4537	S0-a	0.43	0.054240		0.573	45.0
IC 4538	SABc	1.95	0.009620		0.786	55.0
IC 4539	SABb	0.45	0.061260		0.818	153.0
IC 454	SBab	0.88	0.012990		0.521	138.0
IC 4540				Nothing here; nominal position.		
IC 4541	Sb	0.53	0.015647		0.305	151.0
IC 4542	S0-a	0.65	0.031706		0.619	102.0
IC 4545	SABc	0.85	0.008983		0.421	166.0
IC 4546	Sc	0.60	0.034530		0.857	104.0
IC 4547	E-S0	0.57	0.034360		0.712	138.0
IC 4548	E	0.33	0.065142		0.688	11.0
IC 4549	Sb	0.23	0.030910		0.329	96.0
IC 455	S0	0.65	0.006290		0.613	78.0
IC 4552	Sc	0.94	0.022830	The IC identification is not certain.	0.940	70.0
IC 4553	Sm	0.72	0.018400		0.649	96.0
IC 4554	Sab	0.33	0.036080		0.702	151.0
IC 4555	SBc	0.46	0.009042		0.215	62.0
IC 4556	E	1.06	0.034630		0.906	141.0
IC 4557	Sbc	0.36			0.692	137.0
IC 4558	Sb	0.28	0.033780		0.622	158.0
IC 4559	E	0.44	0.034510		0.688	70.0
IC 456	S0	1.60	0.005790		0.687	4.0
IC 4560	S0	0.35	0.065150		0.574	104.0
IC 4561	Sb	0.45	0.034130		0.542	129.0
IC 4562	E	1.09	0.018880		0.916	55.0
IC 4563	S0-a	0.54	0.014240		0.509	163.0
IC 4564	Sc	0.44	0.020150		0.367	71.0
IC 4565	Sc	0.46	0.019432		0.575	11.0
IC 4566	Sb	0.89	0.018570		0.659	163.0
IC 4567	Sc	0.96	0.019130		0.716	131.0
IC 4568	Sb	0.25	0.031269		0.463	39.0
IC 4569	E	0.82	0.032759		0.901	115.0
IC 4570	SABc	0.67	0.032090		0.882	178.0
IC 4571	SBb	0.57	0.016410		0.361	139.0
IC 4572	SBa	0.78	0.033220		0.672	76.0
IC 4573	Sc	0.27	0.023850		0.435	138.0
IC 4574	SBa	0.36	0.032590		0.571	23.0
IC 4575	Sa	0.35	0.022913		0.700	84.0
IC 4576	E	0.90	0.022459		0.647	79.0
IC 4577	E	0.49	0.023530		0.845	145.0
IC 4578	SBb	0.62	0.015725		0.380	139.0
IC 4579	E	0.43	0.023403		0.782	72.0
IC 458	E-S0	0.39	0.021400		0.433	173.0
IC 4580	S0-a	0.48	0.031912		0.490	164.0
IC 4581	Sc	0.60	0.033290		0.759	24.0
IC 4582	SBbc	0.31	0.007184		0.258	172.0
IC 4583	Sab	0.28	0.020900		0.231	39.0
IC 4584	Sc	1.64	0.012308		0.837	90.0
IC 4585	SBb	0.76	0.012365		0.481	56.0
IC 4587	E	0.56	0.044660		0.675	98.0
IC 4588	E	0.39	0.053100		0.780	141.0
IC 459		0.49	0.018840		0.831	1.0
IC 4590	E	0.43	0.050180		0.662	158.0
IC 4591		10.00			0.833	
IC 4592		40.00			0.667	
IC 4593			0.000073			
IC 4595	Sc	0.55	0.011420		0.169	60.0
IC 4596	SBab	0.38	0.025400		0.229	56.0
IC 4597	Sc	1.02	0.014597		0.803	145.0
IC 4598	Sbc	0.40	0.012315		0.274	175.0
IC 4599			-0.000203			
IC 46	E-S0	0.61	0.017696		0.762	82.0
IC 460		0.49	0.020698		0.576	178.0
IC 4600				Group of Galactic stars; the IC identification is not certain.		
IC 4601		10.00			0.500	
IC 4603		5.00			0.250	
IC 4604		25.00			0.417	
IC 4605		15.00			0.500	
IC 4606				Nothing here; nominal position. IC 4606 may be the globular NGC 6144.		
IC 4607	E	0.38	0.066083		0.528	149.0
IC 4608	SBm	0.64	0.009815		0.744	74.0
IC 4609	E-S0	0.83	0.036360		0.954	19.0
IC 461		0.48	0.019056		0.762	36.0
IC 4610	Sab	0.31	0.031470		0.301	50.0
IC 4611	Sa	0.46	0.029840		0.902	20.0
IC 4612	S0-a	1.00	0.031760		1.000	103.0
IC 4613				Nothing here; nominal position.		
IC 4614	Sa	0.69	0.032880		0.896	85.0
IC 4617	Sbc	0.40	0.036490		0.580	32.0
IC 4618	SBbc	0.81	0.009986		0.479	119.0
IC 4619	Sbc	0.58	0.034430		0.841	85.0
IC 4620	Sb	0.51	0.034620		0.718	93.0
IC 4621	Sab	0.62	0.031635		0.765	151.0
IC 4622				Nothing here; nominal position.		
IC 4623	Sb	0.36	0.031600		0.514	107.0
IC 4624		0.32			0.681	115.0
IC 4627	Sc	0.27	0.034660		0.415	74.0
IC 4628		58.88			0.661	
IC 4629				Nothing here; nominal position.		
IC 463		0.20			0.714	95.0
IC 4630	S0-a	0.49	0.034700		0.583	20.0
IC 4631				Nothing here; nominal position.		
IC 4632				Nothing here; nominal position.		
IC 4633	Sc	1.32	0.009900		0.489	148.0
IC 4634			-0.000115			
IC 4635	SABb	0.45	0.009843		0.278	160.0
IC 4637			0.000050			
IC 4638	SABb	0.51	0.037450		0.750	53.0
IC 4639	E	0.51	0.057430		0.879	152.0
IC 464	E	0.37	0.016378		0.462	60.0
IC 4640	SABc	1.20	0.016294		0.896	130.0
IC 4641	Sc	1.12	0.018064		0.918	45.0
IC 4642			0.000147			
IC 4644	Sb	0.47	0.016482		0.269	134.0
IC 4645	Scd	0.50			0.877	121.0
IC 4646	Sc	1.85	0.010634		0.668	179.0
IC 4647	S0	0.84	0.016723		0.512	176.0
IC 4650	S0	0.25	0.026630		0.410	67.0
IC 4651			-0.000103			
IC 4652	Sb	0.53	0.013313		0.482	16.0
IC 4653	S0-a	0.98	0.005991		0.609	51.0
IC 4654	SABb	1.11	0.017393		0.563	102.0
IC 4656	Sc	0.57	0.015832		0.215	90.0
IC 4657				Nothing here; nominal position.		
IC 4658				Nothing here; nominal position.		
IC 4659				Nothing here; nominal position.		
IC 4660	Sb	0.33	0.004200		0.258	170.0
IC 4661	Sc	1.30	0.016303		0.802	63.0
IC 4662	IB	0.83	0.001008		0.397	106.0
IC 4663			-0.000247			
IC 4664	Sb	0.89	0.016978		0.533	106.0
IC 4665			-0.000048			
IC 4669	SBb	0.29	0.029150		0.475	103.0
IC 467	SABc	0.94	0.006850		0.472	73.0
IC 4670			0.000040			
IC 4671				Nothing here; nominal position.		
IC 4672	Sc	0.52	0.017081		0.584	40.0
IC 4673			-0.000051			
IC 4674	SABc	0.71	0.014653		0.452	87.0
IC 4675				Nothing here; nominal position.		
IC 4676		0.33	0.020770		0.569	76.0
IC 4679	SBc	0.39	0.012165		0.333	125.0
IC 4680	Sab	0.52	0.014677		0.323	72.0
IC 4681				The IC identification is not certain.		
IC 4682	SBbc	1.51	0.012016		0.683	140.0
IC 4684		2.00			0.667	
IC 4685		10.00			0.667	
IC 4686		0.59	0.016582		0.756	45.0
IC 4687	SABb	0.73	0.017461		0.635	51.0
IC 4688	Sc	0.95	0.020084		0.731	174.0
IC 4689	SABa	0.38	0.017179		0.418	141.0
IC 469	SABa	0.91	0.007010		0.387	88.0
IC 4691	E	0.64	0.020734		0.640	150.0
IC 4692	SBc	0.86	0.016278		0.494	4.0
IC 4694	SBc	0.73	0.009297		0.262	19.0
IC 4696	Sbc	0.75	0.015738		0.318	74.0
IC 4697	Sab	0.23	0.016425		0.264	0.0
IC 4698	Sb	0.26	0.015327		0.149	39.0
IC 4699			-0.000454			
IC 47		0.24			0.585	100.0
IC 4701		40.00			0.667	
IC 4702	S0-a	1.19	0.015297		0.717	155.0
IC 4703		5.05	0.000033		1.000	90.0
IC 4704	E-S0	1.99	0.012202		0.737	165.0
IC 4705	SBa	1.02	0.012044		0.590	53.0
IC 4708		0.45	0.027450		0.900	113.0
IC 4709	Sab	0.59	0.016905		0.504	5.0
IC 471	E	0.66	0.018320		1.000	23.0
IC 4710	Sm	2.99	0.002467		0.857	5.0
IC 4712	Sbc	1.17	0.012522		0.588	61.0
IC 4713	SBm	0.79	0.018681		0.868	95.0
IC 4714	Sc	0.29	0.015150		0.195	177.0
IC 4716	SBbc	0.32			0.464	98.0
IC 4717	Sb	0.43	0.010567		0.242	93.0
IC 4718	Sab	0.80	0.012639		0.479	116.0
IC 4719	Sd	0.61	0.010413		0.415	112.0
IC 472	Sb	1.15	0.018860		0.714	166.0
IC 4720	SBc	0.88	0.007050		0.320	159.0
IC 4721	SBc	1.64	0.007408		0.309	149.0
IC 4722	Sc	1.14	0.016202		0.695	45.0
IC 4723	E	0.67	0.011128		0.957	6.0
IC 4724		0.40	0.013160		0.482	158.0
IC 4726	S0	0.82	0.015060		0.726	19.0
IC 4727	E-S0	1.09	0.015017		0.879	114.0
IC 4728	SBab	0.76	0.015100		0.342	172.0
IC 4729	Sc	0.69	0.014909		0.527	61.0
IC 4730	S0-a	0.68	0.014934		0.472	154.0
IC 4731	S0-a	0.76	0.014780		0.490	80.0
IC 4732			-0.000470			
IC 4734	SBb	0.76	0.015678		0.580	103.0
IC 4735		0.54	0.015267		0.684	38.0
IC 4736	SBd	0.98	0.011402		0.760	99.0
IC 4737	SBa	0.77	0.016348		0.828	23.0
IC 4738	Sc	0.62	0.015924		0.496	146.0
IC 4739	Sbc	0.57	0.014864		0.600	95.0
IC 474	S0-a	0.40	0.027220		0.315	113.0
IC 4740	SABc	0.92	0.018940		0.911	13.0
IC 4741	Sab	0.90	0.015984		0.629	30.0
IC 4742	E	1.67	0.015150		0.791	14.0
IC 4743	S0	0.52	0.015841		0.559	99.0
IC 4744	I	0.39	0.039270		0.591	76.0
IC 4745	Sab	0.91	0.015885		0.438	1.0
IC 4746		0.48			0.842	0.0
IC 4747	Sc	0.37	0.018154		0.336	72.0
IC 4748	S0	0.88	0.014980		0.871	95.0
IC 4749	S0	1.01	0.014430		0.842	57.0
IC 475	Sa	0.45	0.014930		0.600	133.0
IC 4750	S0-a	0.52	0.015991		0.448	110.0
IC 4751	S0	0.57	0.015114		0.528	6.0
IC 4752	Sab	0.65	0.017058		0.890	129.0
IC 4753	E	0.74	0.012715		0.851	7.0
IC 4754	SBb	1.10	0.014806		0.866	31.0
IC 4755	Sa	0.32	0.015497		0.225	96.0
IC 4756			-0.000086			
IC 4757	S0-a	0.65	0.011866		0.436	57.0
IC 4758	Sc	0.53	0.015150		0.510	142.0
IC 4759 NED01		0.14			0.237	71.0
IC 4759 NED02	I	0.54	0.016500		0.587	175.0
IC 476	Sc	0.48	0.015920		0.774	99.0
IC 4760	S0	0.76	0.017122		0.916	7.0
IC 4761	SBbc	1.07	0.016615		0.695	25.0
IC 4764	Sa	0.41	0.012339		0.289	126.0
IC 4765	E	2.84	0.014960		0.749	121.0
IC 4766	S0-a	0.44	0.016431		0.358	110.0
IC 4767	S0-a	0.44	0.011798		0.220	29.0
IC 4769	SBbc	1.10	0.015266		0.608	165.0
IC 477	E	1.15	0.045210		1.000	30.0
IC 4770	SABa	0.60	0.013940		0.769	73.0
IC 4771	Sc	0.46	0.018725		0.418	179.0
IC 4772	E	0.45	0.023710		0.750	10.0
IC 4773	SABd	0.72	0.013600		0.518	137.0
IC 4774	SBbc	0.87	0.037510		0.821	75.0
IC 4775	Sb	0.34	0.011818		0.225	17.0
IC 4776			0.000063			
IC 4777	S0-a	0.77	0.018443		0.819	122.0
IC 4778	S0-a	1.03	0.016581		0.858	46.0
IC 4779	Sab	0.79	0.016752		0.919	90.0
IC 478	Sb	0.48	0.037470		0.727	12.0
IC 4780	Sbc	0.58	0.020900		0.753	102.0
IC 4781	S0-a	0.65	0.015464		0.677	1.0
IC 4782	Sc	0.29	0.009573		0.725	101.0
IC 4783	Sbc	0.92	0.015614		0.800	59.0
IC 4784	S0	1.21	0.016221		0.801	98.0
IC 4785	SBb	1.60	0.012228		0.513	135.0
IC 4786	Sbc	0.23	0.016760		0.291	176.0
IC 4787	SBm	0.96	0.014080		0.897	170.0
IC 4788	Sc	0.21	0.013449		0.165	15.0
IC 4789	Sc	0.65	0.014117		0.399	174.0
IC 479	SABc	0.51	0.026620		0.836	171.0
IC 4790	SBc	0.70	0.014717		0.579	56.0
IC 4791		1.19	0.016023		0.844	164.0
IC 4792	Sab	0.31			0.228	155.0
IC 4793	Sb	0.53	0.015020		0.438	120.0
IC 4794	E-S0	0.79	0.017702		0.534	19.0
IC 4795	Sc	0.27	0.015377		0.239	69.0
IC 4796	S0	1.08	0.010144		0.554	133.0
IC 4797	E	1.85	0.008889		0.706	148.0
IC 4798	S0	1.32	0.014830		0.653	111.0
IC 4799	SBab	1.02	0.015024		0.658	44.0
IC 48	S0	0.92	0.020351		0.821	172.0
IC 480	Sbc	0.33	0.015800		0.189	167.0
IC 4800	SBa	1.10	0.015304		0.564	161.0
IC 4801	S0-a	1.09	0.014764		0.559	89.0
IC 4803		0.32	0.017540		0.421	35.0
IC 4804	Sc	1.04	0.016210		0.812	173.0
IC 4805	Sa	0.28	0.014955		0.368	26.0
IC 4806	Sb	0.54	0.014932		0.225	9.0
IC 4807	SBc	0.68	0.011838		0.673	14.0
IC 4808	Sc	0.87	0.017106		0.385	43.0
IC 4809		0.60	0.018530		0.594	11.0
IC 481	Sb	0.26	0.015970		0.280	4.0
IC 4810	SABc	0.41	0.010680		0.101	135.0
IC 4811	Sbc	0.49	0.015623		0.790	106.0
IC 4812		6.92			0.692	
IC 4813		0.64	0.014680		0.489	34.0
IC 4814	Sb	0.60	0.014883		0.400	95.0
IC 4815	S0	0.77	0.028125		0.688	167.0
IC 4817	Sbc	0.48	0.010231		0.329	14.0
IC 4818	S0-a	0.24	0.015770		0.253	77.0
IC 4819	Sc	0.37	0.006159		0.123	123.0
IC 482	SABb	0.52	0.026690		0.825	151.0
IC 4820	Scd	0.88	0.013146		0.647	97.0
IC 4821	Sc	0.85	0.009102		0.467	6.0
IC 4822	Sbc	0.42	0.041140		0.592	72.0
IC 4823	S0-a	0.87	0.036840		0.707	18.0
IC 4824	I	0.20			0.274	59.0
IC 4825	Sbc	0.42			0.824	58.0
IC 4826	Sab	0.75	0.011538		0.581	45.0
IC 4827	Sab	0.69	0.014503		0.226	166.0
IC 4828	Sbc	0.51	0.012649		0.451	68.0
IC 4829	Sb	0.46	0.012135		0.438	25.0
IC 4830	SBbc	1.45	0.014814		0.747	27.0
IC 4831	SBab	0.84	0.014618		0.229	111.0
IC 4832	Sa	0.80	0.011538		0.315	145.0
IC 4833	S?	0.44	0.012021		0.564	94.0
IC 4834	Sa	0.50	0.037150		0.450	126.0
IC 4835	Sc	0.57	0.016064		0.648	165.0
IC 4836	SBc	1.36	0.014290		0.855	71.0
IC 4837	SBc	1.23	0.009074		0.547	24.0
IC 4837A	Sb	0.85	0.009598		0.190	166.0
IC 4838	Sbc	0.62	0.013984		0.456	63.0
IC 4839	Sbc	1.56	0.009113		0.722	132.0
IC 484	Sb	0.40	0.027070		0.449	43.0
IC 4840	S0-a	0.66	0.013589		0.584	130.0
IC 4841	SABc	0.79	0.041340		0.849	153.0
IC 4842	E	1.14	0.013856		0.514	21.0
IC 4843	SBbc	0.26	0.013256		0.226	91.0
IC 4844	SBb	0.92	0.011655		0.571	168.0
IC 4845	SBb	1.46	0.013243		0.749	83.0
IC 4846			0.000504			
IC 4847	S0	0.69	0.014421		0.711	142.0
IC 4848	Sbc	0.50	0.016020		0.725	28.0
IC 4849	SBc	0.28	0.030955		0.283	117.0
IC 485	SABa	0.24	0.027780		0.205	154.0
IC 4851	SBab	0.58	0.014932		0.343	14.0
IC 4852	SBc	0.86	0.014840		0.503	171.0
IC 4853	Sbc	0.31	0.014230		0.250	167.0
IC 4854	SABc	1.25	0.013774		0.954	28.0
IC 4856	IB	0.57	0.011092		0.487	29.0
IC 4857	Sc	1.08	0.015600		0.593	32.0
IC 4859	SABb	0.62	0.017271		0.530	35.0
IC 486	SBa	0.66	0.026740		0.759	138.0
IC 4860	SBc	0.73	0.016314		0.760	150.0
IC 4861	Sc	0.47	0.017112		0.388	28.0
IC 4862	Sbc	0.51	0.016495		0.329	0.0
IC 4864	SABa	0.43	0.019884		0.244	177.0
IC 4866	SABb	1.02	0.017159		0.622	164.0
IC 4869	Sm	1.17	0.006008		0.654	167.0
IC 4870	IB	0.87	0.002931		0.521	132.0
IC 4871	SABc	0.77	0.006451		0.204	8.0
IC 4873	Sbc	0.74	0.019214		0.796	34.0
IC 4874	SABb	0.79	0.018750		0.568	54.0
IC 4875	I	0.68	0.010607		0.680	68.0
IC 4876	SABc	0.99	0.018636		0.744	123.0
IC 4877	S0	0.31	0.010780		0.189	83.0
IC 4878		0.31	0.017370		0.207	43.0
IC 4879	Sa	0.41	0.017722		0.456	81.0
IC 488				Faint galaxy + Galactic star. Identity as IC 0488 is not certain.		
IC 4880	S0-a	0.49	0.017472		0.246	115.0
IC 4881	SBbc	0.87	0.016000		0.791	152.0
IC 4882	SBb	0.84	0.015700		0.857	2.0
IC 4883	SBb	0.50	0.014922		0.331	157.0
IC 4884	S0	0.42	0.015100		0.264	166.0
IC 4885	Sc	0.47	0.014480		0.235	114.0
IC 4886	Sb	0.75	0.042520		0.507	110.0
IC 4887	SABa	0.76	0.014710		0.768	91.0
IC 4888	E-S0	0.87	0.008306		0.763	100.0
IC 4889	E	2.49	0.008622		0.833	2.0
IC 4890	SBb	0.82	0.017634		0.812	55.0
IC 4892	Sbc	0.40	0.013629		0.220	4.0
IC 4893		0.48	0.012880		0.842	65.0
IC 4894		0.51	0.028120		0.586	131.0
IC 4896	Sb	0.48	0.035010		0.533	18.0
IC 4897	SBb	0.46	0.060490		0.575	111.0
IC 4898				Nothing here; nominal position.		
IC 4899	Sbc	0.62	0.014186		0.608	5.0
IC 49	SABc	1.04	0.015231		0.812	77.0
IC 490	Sbc	0.47	0.059490		0.797	95.0
IC 4900	Sbc	0.23			0.253	174.0
IC 4901	SABc	2.54	0.007184		0.690	130.0
IC 4902	Sbc	0.34	0.055570		0.500	18.0
IC 4903	Sb	0.37	0.040060		0.316	0.0
IC 4904	Sab	0.76			0.710	52.0
IC 4905	Sab	0.34	0.053380		0.327	118.0
IC 4906	E-S0	0.91	0.012562		0.565	68.0
IC 4907	Sbc	0.43	0.050220		0.796	1.0
IC 4908	Sa	0.59	0.018008		0.894	168.0
IC 4909	Sbc	0.79	0.025147		0.681	77.0
IC 491	Sc	0.28	0.021750		0.431	115.0
IC 4910	SBbc	0.42			0.808	117.0
IC 4911	S0	0.45	0.033543		0.738	139.0
IC 4912	SBc	0.39	0.020610		0.390	41.0
IC 4913	E-S0	1.07	0.012190		0.682	127.0
IC 4914	Sbc	0.37	0.024940		0.804	91.0
IC 4915	E-S0	0.88	0.051369		0.642	97.0
IC 4916	Sb	0.94	0.016478		0.895	175.0
IC 4917	S0	0.73	0.049534		0.924	35.0
IC 4918		0.32	0.084910		0.780	123.0
IC 4919	Sd	0.92	0.014335		0.676	36.0
IC 492	SBbc	0.77	0.017050		0.755	31.0
IC 4920	Sbc	0.34			0.531	34.0
IC 4921	S0	0.42	0.037350		0.525	136.0
IC 4922				Nothing here; nominal position.		
IC 4923	S0	0.90	0.022349		0.874	97.0
IC 4924				Nothing here; nominal position.		
IC 4925	Sbc	0.18	0.042080		0.200	164.0
IC 4926	E	1.00	0.018339		0.775	54.0
IC 4927	Sb	0.37	0.019443		0.314	167.0
IC 4928		0.27	0.043653		0.300	33.0
IC 4929	Sb	0.43	0.014089		0.321	21.0
IC 493	Sb	0.61	0.020690		0.753	18.0
IC 4930				Nothing here; nominal position.		
IC 4931	E	1.43	0.020123		0.627	135.0
IC 4932	Sa	0.59	0.047032		0.711	6.0
IC 4933	SBbc	1.28	0.016558		0.615	9.0
IC 4934	Sc	0.26	0.011327		0.168	27.0
IC 4935	SBa	0.50	0.015254		0.278	176.0
IC 4936	SBd	0.70	0.013108		0.519	12.0
IC 4937	Sb	0.41	0.015871		0.238	1.0
IC 4938	SBab	0.30	0.012037		0.652	170.0
IC 4939	Sc	0.44	0.012467		0.595	148.0
IC 494	S0	0.64	0.015280		0.485	48.0
IC 4940				Nothing here; nominal position.		
IC 4941	SBd	0.64			0.727	2.0
IC 4942	SBab	0.35			0.538	147.0
IC 4943	E	1.25	0.009183		0.940	8.0
IC 4944	S0-a	0.65	0.019844		0.489	7.0
IC 4946	S0-a	0.90	0.009713	The IC ID is not certain; ESO 284- ? 015 is for its nominal position.	0.360	68.0
IC 4947	E	0.61	0.046862		0.803	72.0
IC 495	E	0.40	0.052430		0.851	88.0
IC 4950	SBbc	0.38	0.014497		0.275	39.0
IC 4951	SBd	0.71	0.002720		0.231	175.0
IC 4952	S0-a	0.21	0.014310		0.226	8.0
IC 4953	Sbc	0.38	0.030900		0.667	70.0
IC 4954		1.00			0.333	
IC 4955		1.55			0.742	80.0
IC 4956	E	1.67	0.017112		0.965	115.0
IC 4957	SBab	0.52	0.032803		0.559	14.0
IC 4958	Sc	0.30	0.013304		0.652	25.0
IC 4959				Nothing here; nominal position.		
IC 496	E-S0	0.39	0.025651		0.619	30.0
IC 4960	S0	0.39	0.011571		0.310	166.0
IC 4961	SABd	0.46	0.018953		0.280	91.0
IC 4962	Sbc	0.20	0.011491		0.204	156.0
IC 4963	SABa	0.61	0.015344		0.427	159.0
IC 4964	Scd	0.58	0.010584		0.365	155.0
IC 4965	S0	0.85	0.055670		0.691	143.0
IC 4967	E	0.57	0.013333		0.781	92.0
IC 4968	SBc	0.61	0.011580		0.803	37.0
IC 4969	Sa	0.64			0.901	22.0
IC 497	Sa	0.39	0.014030		0.500	177.0
IC 4970	E-S0	0.44	0.015853		0.265	12.0
IC 4971	Sbc	0.28	0.014860		0.308	5.0
IC 4972	Sb	0.26	0.012125		0.257	16.0
IC 4973	Sbc	0.35	0.038270		0.530	1.0
IC 4974 NED01	E	0.61	0.038004		0.726	68.0
IC 4974 NED02		0.48			0.727	110.0
IC 4975	S0	1.01	0.031862		0.910	39.0
IC 4976	Sa	0.34	0.037391		0.773	61.0
IC 4977				Nothing here; nominal position.		
IC 4978		0.30	0.014620		0.405	91.0
IC 4979	SABc	0.90			0.833	13.0
IC 498	Sb	1.08	0.033833		0.893	66.0
IC 4980	S0-a	0.63	0.015417		0.391	123.0
IC 4981	I	0.35	0.012801		0.327	136.0
IC 4982		0.44			0.846	51.0
IC 4983	SBc	0.94	0.021734		0.922	50.0
IC 4984	Sb	0.39	0.051590		0.443	115.0
IC 4985	S?	0.56	0.014817		0.659	66.0
IC 4986	SABd	0.86	0.007270		0.386	15.0
IC 4987	SABc	0.65	0.041695		0.644	66.0
IC 4988				Nothing here; nominal position.		
IC 4989	Sb	0.29	0.020380		0.250	155.0
IC 499	Sa	0.90	0.006280		0.479	77.0
IC 4990	SBc	0.36	0.043380		0.468	19.0
IC 4991	S0	2.13	0.019020		0.732	129.0
IC 4992	SBc	0.26	0.014054		0.152	55.0
IC 4993	Sm	0.40	0.037490		0.769	28.0
IC 4994	S0	1.06	0.019010		0.779	96.0
IC 4995	S0	0.81	0.016081		0.681	158.0
IC 4996			0.000262			
IC 4997			-0.000215			
IC 4998	SBc	1.08	0.022275		0.688	103.0
IC 4999	Sc	1.00	0.010418		0.493	92.0
IC 5	E	0.66	0.022320		0.667	9.0
IC 50	E	0.87	0.020113		0.853	169.0
IC 500	S0-a	0.71	0.015321		0.401	54.0
IC 5001	S0-a	0.39	0.015379		0.402	28.0
IC 5002	S0	0.72	0.015384		0.533	93.0
IC 5003	Sbc	0.66	0.009034		0.280	162.0
IC 5005	SBc	0.99	0.010355		0.728	62.0
IC 5007	Scd	1.45	0.009077		0.628	30.0
IC 5008	SBd	0.33	0.012317		0.277	77.0
IC 5009	S0-a	0.66	0.013130		0.629	96.0
IC 501	SBa	0.55	0.024880		0.753	125.0
IC 5010	Sc	0.34	0.035460		0.436	178.0
IC 5011	S0	1.32	0.007585		0.439	18.0
IC 5012	SBc	0.52	0.021315		0.491	78.0
IC 5014		0.66	0.013000		0.857	102.0
IC 5016	SBab	0.48	0.051120		0.762	94.0
IC 5017	S0	0.47	0.025174		0.485	175.0
IC 5019	SABb	0.32	0.040094		0.208	85.0
IC 502	E	0.54	0.013820		0.964	62.0
IC 5020	Sb	1.75	0.010346		0.751	148.0
IC 5021	S?	0.67			0.882	21.0
IC 5022	SABc	0.53	0.039240		0.679	142.0
IC 5023	Sa	0.49	0.010710		0.343	118.0
IC 5024		0.71	0.012620		0.724	17.0
IC 5025	Sbc	0.25	0.021932		0.152	110.0
IC 5026	Scd	0.28	0.009175		0.117	75.0
IC 5027	Sbc	0.46	0.037030		0.902	55.0
IC 5028	I	0.77	0.005440		0.583	170.0
IC 503	Sa	1.03	0.013760		0.774	110.0
IC 5031		0.35	0.032499		0.593	40.0
IC 5032	S0-a	0.37	0.034070		0.285	144.0
IC 5033	Sc	0.54	0.023270		0.568	45.0
IC 5034	Sbc	0.59	0.036302		0.413	25.0
IC 5035	Sc	0.41	0.036473		0.651	122.0
IC 5036	Sc	0.30	0.011500		0.303	119.0
IC 5037	Sc	0.21	0.023700		0.159	158.0
IC 5038	SBc	0.69	0.013870		0.457	73.0
IC 504	S0	1.09	0.013880		0.722	139.0
IC 5040	Sd	0.60	0.022040		0.750	9.0
IC 5042	Sc	0.75	0.014056		0.682	43.0
IC 5043	Sc	0.24	0.046240		0.308	20.0
IC 5044		0.44			0.688	99.0
IC 5045	Sb	0.36			0.444	71.0
IC 5048	SBbc	0.52	0.044970		0.897	70.0
IC 5049A	E	0.84			0.764	149.0
IC 5049B	E	1.18	0.041020		0.663	138.0
IC 505	Sab	0.99	0.031060		0.717	144.0
IC 5050	Sb	0.80	0.027330		0.602	83.0
IC 5051	Sc	0.44	0.044500		0.647	59.0
IC 5052	SBcd	1.33	0.001964		0.186	140.0
IC 5053	Sa	0.68	0.014070		0.325	57.0
IC 5054	SBa	0.43	0.014337		0.193	6.0
IC 5055		0.44	0.032690		0.530	28.0
IC 5056				Nothing here; nominal position.		
IC 5059	Sab	0.62	0.010843		0.689	13.0
IC 506	E	0.86	0.027460		0.723	171.0
IC 5060	Sc	0.18	0.014267		0.207	79.0
IC 5063	S0-a	1.91	0.011274		0.710	120.0
IC 5064	SBa	0.73	0.011271		0.575	54.0
IC 5065	S0	0.92	0.032689		0.613	149.0
IC 5066	Sab	0.32	0.041120		0.471	30.0
IC 5067				Nothing here; nominal position.		
IC 5068		30.00			0.750	
IC 5069	SBb	0.95	0.009461		0.826	36.0
IC 5070		50.00			0.833	
IC 5071	Sc	0.56	0.010437		0.177	17.0
IC 5072		0.37	0.009360		0.457	107.0
IC 5073	SBc	0.91	0.040167		0.771	50.0
IC 5074	Sc	0.46	0.015824		0.708	168.0
IC 5075	Sab	0.45	0.044140		0.413	148.0
IC 5076		7.00			1.000	
IC 5077	Sbc	0.52	0.051560		0.776	94.0
IC 5078	Sc	0.56	0.004930		0.173	86.0
IC 5079				The IC identification is not certain.		
IC 508	SBc	0.70	0.007512		0.886	97.0
IC 5080	E	0.39	0.039951		0.796	45.0
IC 5083	S0	0.60	0.042720		0.750	30.0
IC 5084	SBb	1.07	0.010537		0.641	137.0
IC 5085	Sab	0.52	0.038300		0.722	31.0
IC 5086	E-S0	1.57	0.019880	Identification as IC 5086 = ESO 464- ? 024 is not certain.	0.897	41.0
IC 5087	SBb	0.38	0.053840		0.260	95.0
IC 5088	S0-a	1.06	0.038010		0.774	96.0
IC 5089	Sab	0.27	0.031430		0.450	28.0
IC 509	SABc	0.92	0.018322		0.902	57.0
IC 5090	Sa	0.27	0.030985		0.325	17.0
IC 5091	Sc	0.49	0.057240		0.875	158.0
IC 5092	SBc	2.43	0.010901		0.884	33.0
IC 5093	Sc	0.34	0.046582		0.430	125.0
IC 5094	SBc	0.50	0.033767		0.427	154.0
IC 5095	Sc	0.39	0.041370		0.424	72.0
IC 5096	Sbc	0.66	0.010450		0.188	149.0
IC 5097				Four Galactic stars.  The IC identification is not certain.		
IC 5098				Two Galactic stars.  The IC identification is not certain.		
IC 5099	Sc	0.28	0.043000		0.389	6.0
IC 51	S0	1.11	0.005755		0.653	55.0
IC 510 NED01		0.18			0.545	132.0
IC 510 NED02	SBbc	0.52	0.036196		0.571	137.0
IC 5100	SBc	0.20	0.017284		0.174	114.0
IC 5101	SBc	0.89	0.017200		0.809	2.0
IC 5102	S0	0.54	0.031050		0.505	113.0
IC 5103	SBc	0.80	0.058750		0.748	57.0
IC 5104	Sab	0.43	0.016538		0.291	172.0
IC 5105	E	1.64	0.017972		0.550	44.0
IC 5106	E-S0	1.17	0.012839		0.775	145.0
IC 5107	Sc	0.38	0.017285		0.373	4.0
IC 5108	SBc	0.39	0.037393		0.361	104.0
IC 5109	E	0.69	0.029700		0.750	168.0
IC 511	S0-a	0.46	0.011900		0.377	142.0
IC 5110	Sc	1.00	0.029316		0.730	52.0
IC 5111	Sbc	0.66	0.025217		0.846	2.0
IC 5113				The IC identification is uncertain.		
IC 5115	Sbc	0.42	0.036290		0.592	109.0
IC 5116	SBbc	1.26	0.012189		0.851	34.0
IC 5117			-0.000086			
IC 5118	Sc	0.31	0.026720		0.254	45.0
IC 5119	Sa	0.23	0.017689		0.280	153.0
IC 512	SABc	1.34	0.005380		0.779	174.0
IC 5122	S0-a	0.38	0.034090		0.585	55.0
IC 5123	SABb	0.57	0.031780		0.385	17.0
IC 5124	S0-a	0.23	0.035038		0.451	134.0
IC 5125	Sbc	0.71	0.016331		0.910	105.0
IC 5126		0.32	0.023470		0.865	10.0
IC 5128	S0-a	0.64	0.015814		0.667	128.0
IC 5129	Sc	0.45	0.058040		0.818	16.0
IC 513	S0	1.00	0.020100		0.671	39.0
IC 5130	Sbc	0.55	0.026225		0.337	108.0
IC 5131	E-S0	1.53	0.008749		0.944	36.0
IC 5137				Nothing here; nominal position.		
IC 5138	SBb	0.75	0.027400		0.610	125.0
IC 5139	E-S0	1.04	0.017886		0.475	32.0
IC 514	S0-a	0.34	0.037000		0.596	160.0
IC 5140	SBcd	0.33	0.013401		0.151	137.0
IC 5141	Sbc	1.18	0.015160		0.787	25.0
IC 5142	Sc	0.97	0.018172		0.581	73.0
IC 5144	E	0.62	0.030140		0.785	92.0
IC 5145	Sab	0.80	0.024544		0.494	171.0
IC 5146		10.00	-0.000018		1.000	
IC 5147	Sc	0.72	0.018740		0.453	29.0
IC 5148			-0.000087			
IC 5149	Sa	0.52	0.018236		0.377	31.0
IC 515	S0-a	0.58	0.029949		0.558	34.0
IC 5151		0.20	0.028139		0.571	0.0
IC 5152	IAB	3.60	0.000407		0.702	103.0
IC 5153		0.10			0.556	65.0
IC 5154	Sm	0.55	0.010400		0.640	4.0
IC 5156	SBab	0.82	0.009114		0.360	175.0
IC 5157	E	1.80	0.014857		0.896	56.0
IC 5158	SBm	0.55	0.012160		0.545	64.0
IC 516	S0-a	0.30	0.037490		0.508	65.0
IC 5160	S0	0.54	0.029935		0.574	21.0
IC 5161	Sa	0.30	0.026725		0.423	16.0
IC 5162	Sc	0.63	0.005803		0.583	134.0
IC 5165	Sab	0.51			0.336	43.0
IC 5168	SBc	0.36	0.016111		0.277	141.0
IC 5169	S0-a	0.91	0.010174		0.444	24.0
IC 517	Sab	0.34	0.032603		0.557	29.0
IC 5170	SBa	0.83	0.005194		0.435	26.0
IC 5171	SABb	0.49	0.009506		0.662	153.0
IC 5172	Sbc	0.24	0.035810		0.338	87.0
IC 5173A	SBc	0.32	0.010581		0.176	75.0
IC 5173B		0.25	0.010620		0.362	74.0
IC 5174	SBbc	0.65	0.036832		0.867	149.0
IC 5175	Sab	0.54	0.035825		0.340	87.0
IC 5176	Sbc	0.63	0.005827		0.140	28.0
IC 5177	SBb	0.38	0.026949		0.447	9.0
IC 5178	SBc	0.63	0.017732		0.606	91.0
IC 5179	Sbc	0.52	0.011401		0.515	61.0
IC 518				Nothing here; nominal position.		
IC 5180	E	1.20	0.019950		0.870	146.0
IC 5181	S0	0.86	0.006728		0.325	73.0
IC 5182	Sd	0.55	0.009810		0.705	136.0
IC 5185	Sc	0.46	0.019620		0.793	70.0
IC 5186	Sb	1.44	0.016609		0.682	92.0
IC 5187	Sc	0.56	0.016010		0.933	16.0
IC 5188	SABc	1.05	0.015522		0.814	9.0
IC 519	E	0.48	0.049620		0.960	28.0
IC 5190	SBbc	0.67	0.027460		0.744	127.0
IC 5191	S0-a	0.17	0.021848		0.157	65.0
IC 5192		0.28			0.528	162.0
IC 5193	E	0.68	0.018810		0.907	178.0
IC 5194				Nothing here; nominal position.		
IC 5196	Sc	0.35			0.235	100.0
IC 5197	SBb	0.56	0.026840		0.533	34.0
IC 5199	Sb	0.32	0.016882		0.168	153.0
IC 52	Sb	0.41	0.006535		0.432	96.0
IC 520	SABa	1.63	0.011770		0.776	175.0
IC 5200	Sc	0.36			0.486	124.0
IC 5201	Sc	2.86	0.003056		0.427	22.0
IC 5202	SBc	0.58	0.036625		0.358	128.0
IC 5203	Sc	0.68	0.015844		0.613	12.0
IC 5205	Sc	0.39			0.619	20.0
IC 5206	SBbc	0.56	0.075936		0.566	29.0
IC 5207	SABc	0.66	0.022802		0.537	178.0
IC 5208	S0-a	0.33	0.020089		0.177	62.0
IC 5209	Sc	0.46	0.028519		0.639	127.0
IC 521	S?	0.67	0.028080		0.720	80.0
IC 5210	E-S0	0.95	0.024610		0.841	80.0
IC 5211	Sa	0.58	0.024677		0.725	158.0
IC 5212	Sb	0.56	0.027723		0.566	40.0
IC 5213	Sc	0.41	0.041570		0.621	131.0
IC 5214				Nothing here; nominal position.		
IC 5215	Sc	0.53			0.815	0.0
IC 5216				Nothing here; nominal position.		
IC 5217			-0.000329			
IC 5218	SBbc	0.48	0.040030		0.358	22.0
IC 5219	Scd	0.55			0.618	16.0
IC 522	S0	1.02	0.016870		0.823	165.0
IC 5220	Sc	0.37	0.016294		0.311	112.0
IC 5221	Sc	0.43	0.035720		0.915	59.0
IC 5222	SBbc	0.89	0.010609		0.454	92.0
IC 5223	Sa	0.29	0.025900		0.439	4.0
IC 5224	Sab	0.39	0.005955		0.236	165.0
IC 5226	Sb	1.49	0.019213		0.753	35.0
IC 5227	SBab	0.86	0.011251		0.723	176.0
IC 5229	Sbc	0.53	0.041250		0.841	70.0
IC 523	Sab	0.56	0.029240		0.651	95.0
IC 5230	Sc	0.41	0.042501		0.390	43.0
IC 5231	S0-a	0.63	0.025360		0.875	65.0
IC 5232	Sc	0.47	0.028950		0.662	3.0
IC 5233	Sbc	0.84	0.024600		0.923	16.0
IC 5234	S0-a	0.54			0.450	147.0
IC 5235	S0-a	0.34			0.540	84.0
IC 5236	S0	0.56	0.042190		0.667	64.0
IC 5238	Sc	0.44	0.026297		0.620	63.0
IC 5239	E	0.62	0.073224		0.470	53.0
IC 524	S0	0.63	0.014880		0.670	21.0
IC 5240	SBa	2.22	0.005886		0.694	96.0
IC 5241	SBc	0.74	0.027149		0.813	174.0
IC 5242	Sab	0.70	0.023900		0.854	174.0
IC 5243	Sbc	0.63	0.024247		0.851	16.0
IC 5244	Sb	0.47	0.011747		0.164	174.0
IC 5245	S0-a	0.71	0.010964		0.835	114.0
IC 5246	Sc	0.67	0.010610		0.657	154.0
IC 5247	Sb	0.40	0.011390		0.292	124.0
IC 5248				Nothing here; nominal position.		
IC 5249	SBcd	0.36	0.007962		0.082	12.0
IC 525	Sbc	0.33	0.019210		0.347	10.0
IC 5250A	E-S0	1.31	0.010417		0.868	73.0
IC 5250B	S0	0.95	0.010721		0.546	120.0
IC 5252	SBbc	0.77	0.012722		0.575	173.0
IC 5253	S0-a	0.36	0.023616		0.404	164.0
IC 5254	Sc	0.32	0.023640		0.471	80.0
IC 5255				Nothing here; nominal position.		
IC 5256	SBd	0.51	0.003174		0.425	17.0
IC 5257	Sbc	0.47	0.039511		0.671	18.0
IC 5258	E-S0	0.64	0.025951		0.640	102.0
IC 5259	Sc	0.77	0.018846		0.713	79.0
IC 526	Sb	0.45	0.019430		0.584	41.0
IC 5261	SBc	1.28	0.010742		0.889	21.0
IC 5262	S0-a	0.68	0.028767		0.504	179.0
IC 5263	S0-a	0.73	0.013156		0.459	147.0
IC 5264	Sab	0.53	0.006748		0.218	80.0
IC 5266	Sb	0.52	0.010600		0.275	33.0
IC 5267	S0-a	4.06	0.005701		0.728	138.0
IC 5268				Nothing here; nominal position.		
IC 5269	S0	0.75	0.006955		0.408	51.0
IC 527	SBc	1.13	0.023236		0.825	71.0
IC 5270	SBc	1.81	0.006554		0.550	105.0
IC 5271	Sb	1.16	0.005727		0.387	140.0
IC 5272	Sm	0.82	0.010766		0.766	33.0
IC 5273	SBc	1.98	0.004352		0.645	46.0
IC 5274	S0	0.77	0.033303		0.856	109.0
IC 5276	S0-a	0.35	0.032853		0.422	45.0
IC 5277	Sc	0.54	0.032760		0.915	41.0
IC 5278	Sd	0.40	0.011560		0.342	88.0
IC 5279	Sa	0.67	0.013098		0.870	32.0
IC 528	Sab	0.62	0.012784		0.446	162.0
IC 5280	Sab	0.50	0.027870		0.379	4.0
IC 5282	Sc	0.51	0.019754		0.477	174.0
IC 5283	Sc	0.60	0.016024		0.522	105.0
IC 5284	Sa	0.38	0.012986		0.355	140.0
IC 5285	S0-a	0.74	0.020634		0.561	88.0
IC 5286	Sc	0.21	0.029070		0.216	114.0
IC 5287	SBb	0.40	0.032404		0.440	40.0
IC 5288	S0	0.79	0.029147		0.859	84.0
IC 5289 NED01	Sb	0.17			0.386	0.0
IC 5289 NED02	S0	0.74	0.037403		0.643	36.0
IC 529	Sc	1.53	0.007539		0.477	142.0
IC 5290	Sa	0.72	0.020808		0.626	67.0
IC 5291		0.34	0.040830		1.000	165.0
IC 5292	Sc	0.64	0.015350		0.941	90.0
IC 5293		0.49	0.026427		0.690	167.0
IC 5295	Sc	0.55	0.027085		0.859	46.0
IC 5296	Sb	0.49	0.026970		0.620	37.0
IC 5297		0.55	0.027100		0.948	151.0
IC 5298	SBc	0.70	0.027352		0.886	161.0
IC 5299		0.25	0.039083		0.581	20.0
IC 53	E-S0	0.62	0.039321		0.713	94.0
IC 530	Sab	0.31	0.016540		0.161	87.0
IC 5300	S0	0.50	0.038764		0.617	130.0
IC 5301	Sc	0.58			0.527	87.0
IC 5302	S0	0.42	0.031610		0.353	24.0
IC 5304	E-S0	0.94	0.032340		0.618	18.0
IC 5305	Sa	0.25	0.034938		0.625	120.0
IC 5306	Sab	0.29	0.025340		0.439	83.0
IC 5307		0.26	0.041300		0.867	40.0
IC 5309	Sb	0.61	0.013843		0.473	25.0
IC 531	Sab	0.42	0.017480		0.532	60.0
IC 5310	S0	0.41	0.026000		0.820	7.0
IC 5311				The IC identification is uncertain.		
IC 5312	Sb	0.35	0.036889		1.000	105.0
IC 5314	E	0.68	0.037491		1.000	5.0
IC 5315	E	0.77	0.014787		0.837	136.0
IC 5316		0.44	0.038860		0.759	118.0
IC 5317	S0	0.62	0.038710		0.765	5.0
IC 5319	E-S0	0.64	0.040550		0.877	1.0
IC 532				Nothing here; nominal position.		
IC 5320	S0	0.55	0.012950		0.917	113.0
IC 5321	SBab	0.75	0.009631		0.573	46.0
IC 5322	S0	0.48	0.014309		0.623	77.0
IC 5323	S0-a	1.04	0.013226		0.634	32.0
IC 5324	E	1.12	0.013046		0.889	34.0
IC 5325	Sbc	2.62	0.005049		0.910	8.0
IC 5326	Sb	0.49	0.024514		0.480	116.0
IC 5328	E	1.75	0.010270		0.585	41.0
IC 5329	Sc	0.34	0.019210		0.248	109.0
IC 533		0.27	0.019100		0.284	155.0
IC 5331	Sab	0.43	0.019143		0.347	17.0
IC 5332	SABc	5.77	0.002341		0.951	0.0
IC 5334	Sbc	0.57	0.007461		0.298	125.0
IC 5335	S0	0.48	0.012900		0.432	137.0
IC 5336 NED01		0.29	0.056240		0.592	38.0
IC 5336 NED02		0.44	0.053800		0.746	112.0
IC 5337	Sbc	0.31	0.055240		0.323	2.0
IC 5338	E	0.91	0.056848		0.722	26.0
IC 5339	E-S0	0.95	0.044698		0.888	106.0
IC 534	Sb	0.31	0.011740		0.261	148.0
IC 5340				Nothing here; nominal position.		
IC 5341	E	0.24	0.035970		1.000	25.0
IC 5342	E	0.63	0.030910		0.797	26.0
IC 5343	Sm	0.68	0.027092		0.791	15.0
IC 5344				Nothing here; nominal position.		
IC 5345	Sa	0.51	0.026800		0.689	155.0
IC 5346		0.34	0.038150		0.567	98.0
IC 5347		0.56	0.039320		0.778	112.0
IC 5349 NED01	S0	0.30	0.026320		0.300	21.0
IC 5349 NED02	E	1.03	0.029275		1.000	0.0
IC 535	E	0.53	0.055050		0.815	5.0
IC 5350	E-S0	0.84	0.028610		0.816	55.0
IC 5351	E	0.81	0.021032		0.476	40.0
IC 5352	S0	0.31	0.022191		0.689	66.0
IC 5353	E-S0	1.00	0.027510		0.559	128.0
IC 5354	E	0.58	0.028010		0.630	65.0
IC 5355	SBc	0.76	0.016205		0.752	11.0
IC 5356	Sa	0.52	0.020201		0.536	42.0
IC 5357	E-S0	0.86	0.023321		0.544	154.0
IC 5358	E	1.03	0.029127		0.696	114.0
IC 5359	Sc	0.27	0.023424		0.220	139.0
IC 536	Sa	0.22	0.027306		0.202	24.0
IC 5360				Nothing here; nominal position.		
IC 5362	S0	1.43	0.027829	The IC 5363 identification is uncertain.	0.917	40.0
IC 5364 NED01	S0-a	1.07	0.030248		1.000	95.0
IC 5364 NED02	E	0.92	0.030248		0.920	90.0
IC 5365				Nothing here; nominal position.		
IC 5366				Nothing here; nominal pos. Maybe the faint neby at ~ 2355.2+5031 (1950)?		
IC 5367	Sab	0.42	0.035190		0.750	52.0
IC 5369	S0-a	0.45	0.033697		0.495	86.0
IC 537	S0-a	1.22	0.012856		0.924	160.0
IC 5370	S0-a	0.71	0.034661		0.910	115.0
IC 5371		0.45	0.031300		0.865	147.0
IC 5372		0.35	0.035079		0.875	10.0
IC 5373	Sb	0.51	0.033252		0.761	154.0
IC 5374	Sc	0.57	0.029854		0.851	16.0
IC 5375	Sab	0.51	0.030394		0.567	1.0
IC 5376	Sab	0.44	0.016767		0.268	4.0
IC 5377	IAB	0.54	0.003502		0.593	0.0
IC 5378 NED01	Sbc	0.55	0.021180		1.000	50.0
IC 5378 NED02	Sc	0.53	0.019460		0.883	5.0
IC 5379	Sc	0.26	0.020501		0.473	65.0
IC 5380	Sab	0.37			0.440	132.0
IC 5381	SABa	0.37	0.037420		0.301	52.0
IC 5382	Sbc	0.79	0.029270		0.929	29.0
IC 5383				Nothing here; nominal position.		
IC 5385				Nothing here; nominal position.		
IC 539	Sc	0.73	0.023343		0.753	130.0
IC 540	Sab	0.27	0.006830		0.252	171.0
IC 541				Nothing here; nominal position.		
IC 542	S0-a	0.39	0.029920		0.322	95.0
IC 543				Nothing here; nominal position.		
IC 544	Sbc	0.25	0.025170		0.312	24.0
IC 545	Sab	0.42	0.020361		0.750	44.0
IC 546	S0-a	0.70	0.014250		0.551	103.0
IC 548	S0-a	0.19	0.018690		0.250	166.0
IC 549	I	0.37	0.004440		0.617	0.0
IC 55	Sa	0.28	0.017455		0.509	175.0
IC 550	S0	0.70	0.016451		0.654	34.0
IC 551	Sbc	0.53	0.028590		0.654	155.0
IC 552	S0	0.63	0.019310		0.562	2.0
IC 553	SBa	0.85	0.021770		0.794	118.0
IC 554	S0	0.57	0.022462		0.442	18.0
IC 557	SBab	0.64	0.020280		0.577	38.0
IC 558	E	0.72	0.031050		0.774	165.0
IC 559	I	0.92	0.001710		0.844	87.0
IC 56	SABc	0.74	0.020304		0.902	116.0
IC 560	S0-a	0.54	0.006134		0.383	20.0
IC 561	Sc	0.42	0.019720		0.824	6.0
IC 562	Sbc	0.28	0.016192		0.230	162.0
IC 563	Sab	0.40	0.020080		0.412	111.0
IC 564	SABc	0.45	0.019980		0.274	68.0
IC 565 NED01		0.16	0.020510		0.235	178.0
IC 565 NED02	Sc	0.27	0.019493		0.218	51.0
IC 566	S0-a	0.53	0.036530		0.883	84.0
IC 568	Sb	0.64	0.029087		0.598	106.0
IC 569	E	0.54	0.034730		0.692	164.0
IC 57	S0	0.96	0.039390		0.932	10.0
IC 570	Sc	0.34	0.028160		0.739	61.0
IC 571	SBab	0.54	0.028390		0.761	133.0
IC 572	Sc	0.53	0.028320		0.981	130.0
IC 574	E-S0	0.87	0.020589		0.829	4.0
IC 575	Sa	1.17	0.019450		0.770	50.0
IC 576	S0-a	0.51	0.040230		0.864	168.0
IC 577	Sc	0.57	0.030030		0.919	117.0
IC 578	Sa	0.54	0.029800		0.432	66.0
IC 579	SBab	0.41	0.033562	Identity as IC 0579 is not certain.	0.366	132.0
IC 58	E-S0	0.50	0.021213		0.595	105.0
IC 581	Sab	0.71	0.026722		0.710	129.0
IC 582	Sb	0.91	0.025440		0.938	85.0
IC 583	Sab	0.19	0.026390		0.213	113.0
IC 584	Sa	0.43	0.017860		0.860	149.0
IC 585	E-S0	0.86	0.023790		0.711	123.0
IC 586	E	0.70	0.020014		0.921	55.0
IC 587	SABb	0.56	0.020894		0.448	106.0
IC 588	Sa	0.53	0.023350		0.589	164.0
IC 589	E	0.51	0.035203		0.739	20.0
IC 59		5.00			0.500	
IC 590 NED01	E-S0	0.78	0.020920		0.736	105.0
IC 590 NED02	E-S0	0.76	0.021260		0.962	33.0
IC 591	SBc	0.60	0.009400		0.645	164.0
IC 592	Sbc	0.75	0.020157		0.815	26.0
IC 593	Sbc	0.58	0.020207		0.716	97.0
IC 594	Sbc	0.56	0.021270		0.505	131.0
IC 595	E	0.58	0.028100		0.716	172.0
IC 596	Sbc	0.31	0.031670		0.323	18.0
IC 597	S0-a	0.23	0.016400		0.460	170.0
IC 598	S0-a	0.41	0.007490		0.248	7.0
IC 599	Sc	0.29	0.017308		0.248	36.0
IC 6	E	1.08	0.020852		0.878	146.0
IC 60	Sc	0.76	0.057382		0.731	48.0
IC 600	SBd	1.03	0.004208		0.536	13.0
IC 601	Scd	0.22	0.012150		0.468	37.0
IC 602	Sc	0.50	0.012610		0.515	173.0
IC 603	SBa	0.79	0.018266		0.603	174.0
IC 605	Sc	0.54	0.021630		0.701	9.0
IC 607	Sbc	0.96	0.018580		0.756	87.0
IC 608	S0-a	0.54	0.037513		0.568	108.0
IC 609	Sbc	0.39	0.018536		0.289	19.0
IC 61	S0	1.29	0.037459		0.963	175.0
IC 610	Sbc	0.33	0.003963		0.175	28.0
IC 612	S0	0.25	0.032280		0.595	174.0
IC 613	E	0.70	0.032340		0.909	12.0
IC 614	Sab	0.53	0.034527		0.679	18.0
IC 615	Sb	0.36	0.032340		0.295	143.0
IC 616	Sc	0.75	0.019260		0.806	160.0
IC 619	Sbc	0.65	0.025210		0.774	177.0
IC 62	Sbc	0.46	0.038617		0.605	25.0
IC 620	Sbc	0.60	0.034060		0.822	88.0
IC 621	Sc	0.62	0.029250		0.689	82.0
IC 623	Sbc	0.32	0.021860		0.340	151.0
IC 624	Sa	0.55	0.016199		0.227	39.0
IC 625	Sc	0.53			0.236	105.0
IC 626	E-S0	0.95	0.028186		0.785	137.0
IC 627	Sa	0.57	0.031252		0.792	175.0
IC 628	Sab	0.67	0.028600		0.753	120.0
IC 63		3.00			0.300	
IC 630	S0	1.67	0.007283		0.788	150.0
IC 631	E	0.59	0.028760		0.881	147.0
IC 632	SBa	0.57	0.018886		0.582	30.0
IC 633	Sab	0.27	0.018560		0.415	103.0
IC 634	Sc	0.38	0.028004		0.380	116.0
IC 635	Sbc	0.33	0.022030		0.303	7.0
IC 636	SBbc	0.41	0.026800		0.432	49.0
IC 637	S0-a	0.50	0.049030		0.667	17.0
IC 638	Sab	0.38	0.039610		0.494	2.0
IC 639	Sbc	0.42	0.021740		0.298	0.0
IC 64	S0	0.65	0.045578		0.631	148.0
IC 640				Nothing here; nominal position.		
IC 641				Nothing here; nominal position.		
IC 642	E-S0	1.36	0.020020		0.938	19.0
IC 643	S0-a	0.46	0.023360		0.343	73.0
IC 645		0.42	0.021956		0.875	59.0
IC 646	Sa	0.43	0.046580		0.512	147.0
IC 647	S0-a	0.39	0.015200		0.574	62.0
IC 648	SBc	0.74	0.035610		0.787	158.0
IC 649 NED01	Sbc	0.56	0.038653		0.800	15.0
IC 649 NED02	Sbc	0.21	0.039520		0.656	0.0
IC 65	Sbc	0.73	0.008723		0.285	154.0
IC 650	Sc	0.67	0.027000		0.720	10.0
IC 651	SBd	0.71	0.015095		0.986	20.0
IC 653	Sa	0.71	0.018470		0.343	57.0
IC 654	S0-a	0.44	0.027939		0.367	133.0
IC 655	Sbc	0.27	0.040960		0.270	48.0
IC 657	SBa	0.43	0.032539		0.377	169.0
IC 658	E	0.85	0.034691		0.787	43.0
IC 659	E	0.86	0.048000		0.694	60.0
IC 66	Sa	0.42	0.016044		0.341	124.0
IC 660	E	0.52	0.040840		0.658	31.0
IC 661	E-S0	0.55	0.039860		0.714	31.0
IC 662	E	0.58	0.039090		0.744	71.0
IC 663	E-S0	0.57	0.036120		0.671	172.0
IC 664	E-S0	1.30	0.033860		0.695	53.0
IC 665	Sab	0.35	0.015297		0.340	148.0
IC 666	S0-a	0.33	0.042160		0.569	147.0
IC 667	E	0.58	0.033210		0.853	32.0
IC 668	Sa	0.39	0.033090		0.591	95.0
IC 669	S0	0.67	0.029140		0.620	169.0
IC 670	E-S0	0.98	0.029090		0.883	65.0
IC 671	Sb	0.95	0.039470		0.785	21.0
IC 672	S0-a	0.33	0.026585		0.440	155.0
IC 673	SABb	0.59	0.012820		0.457	168.0
IC 674	Sab	0.41	0.025030		0.299	121.0
IC 675				The identification as IC 0675 is not certain.		
IC 676	S0-a	1.31	0.004710		0.708	0.0
IC 677	Sbc	0.60			0.420	45.0
IC 678	E	0.50	0.047990		0.641	141.0
IC 679	E	0.37	0.017967		0.698	125.0
IC 680	SBa	0.56	0.041762		0.691	154.0
IC 681	Sc	0.45	0.018109		0.517	35.0
IC 683	E	0.49	0.051530		0.710	175.0
IC 685	E	0.43	0.086500		0.632	176.0
IC 686	Sc	0.26	0.049250		0.510	42.0
IC 687	E	1.03	0.033660		0.954	121.0
IC 688	Sab	0.49	0.005610		0.500	98.0
IC 69	SABb	0.41	0.016785		0.539	71.0
IC 690	Sc	0.46	0.023321		0.393	170.0
IC 691	S0	0.72	0.004024		0.632	148.0
IC 692	E	0.56	0.003863		0.659	118.0
IC 693	Sab	0.48	0.035248		0.490	90.0
IC 694	E	0.18	0.013200		0.857	51.0
IC 695	Sc	0.21	0.021803		0.323	85.0
IC 696	Scd	0.85	0.020950		0.924	16.0
IC 697	S0	0.47	0.042520		0.701	131.0
IC 698	S0-a	0.50	0.020810		0.481	147.0
IC 699	SABb	0.34	0.020650		0.281	12.0
IC 7	S0	0.63	0.017926		0.700	174.0
IC 70	S0-a	0.24	0.063420		0.571	147.0
IC 700 NED01	I	0.13	0.004721		0.650	0.0
IC 700 NED02	S?	0.46	0.004671		0.489	71.0
IC 700 NED03	I	0.28	0.004748		0.933	25.0
IC 700 NED04	I	0.11	0.005586		0.440	54.0
IC 701	Sd	0.55	0.020480		0.743	77.0
IC 702	S0-a	0.42	0.030358		0.560	130.0
IC 705	S0	0.50	0.009780		0.649	34.0
IC 706	S0-a	0.27	0.016772		0.178	111.0
IC 707	Sc	0.52	0.022080		0.800	5.0
IC 708	E	0.98	0.031630		0.653	140.0
IC 709	E	0.93	0.031670		0.886	25.0
IC 71				ID as IC 0071 is not certain, but there is no other reasonable candidate.		
IC 710	S0	0.49	0.031460		0.612	0.0
IC 711	E	0.81	0.031570		0.931	27.0
IC 712	E	0.89	0.033340		0.295	91.0
IC 713				The identification with IC 0713 is not certain.		
IC 715NW		0.40	0.039187		0.460	157.0
IC 715SE		0.23			0.697	23.0
IC 716	Sbc	0.30	0.018049		0.189	123.0
IC 718	IB	0.57	0.006610		0.496	0.0
IC 719	S0	0.39	0.006110		0.320	52.0
IC 720 NED01	SBab	0.93	0.021940		0.886	8.0
IC 720 NED02	S0-a	0.52	0.021610		0.693	172.0
IC 721	SBc	0.29	0.022469		0.178	99.0
IC 722	Sbc	0.57	0.021802		0.620	76.0
IC 723	I	0.62	0.010368		0.775	149.0
IC 724	Sa	0.73	0.019920		0.305	59.0
IC 725	E	0.66	0.044600		0.892	125.0
IC 726	E	0.77	0.031990		0.885	103.0
IC 727	Sb	0.28	0.020340		0.170	161.0
IC 728	Sb	0.58	0.028390		0.483	63.0
IC 729	S0	0.25	0.031240		0.439	4.0
IC 73		0.48	0.020968		0.774	149.0
IC 731	SBc	0.36	0.023500		0.514	83.0
IC 732N	I	0.27	0.024110		0.415	155.0
IC 732S	S0-a	0.39	0.024390		0.527	128.0
IC 733		0.19	0.022290		0.264	90.0
IC 734 NED01	E	0.47	0.077507		0.495	15.0
IC 734 NED02		0.71			0.855	12.0
IC 735	SBd	0.69	0.010610		0.595	154.0
IC 736	E	0.63	0.013122		0.955	82.0
IC 737	S0-a	0.70	0.013801		0.854	108.0
IC 738	I	0.47	0.008680		0.587	99.0
IC 739	Sab	0.76	0.023480		0.697	151.0
IC 74	E-S0	0.46	0.016718		0.807	5.0
IC 741	S0-a	0.52	0.011254		0.505	136.0
IC 742	Sab	0.86	0.021435		0.804	121.0
IC 743	SBc	0.31	0.012715		0.261	144.0
IC 744	SBb	0.38	0.026020		0.603	52.0
IC 745	S0	0.76	0.003790		0.974	10.0
IC 746	SBbc	0.46	0.016770		0.455	169.0
IC 747	E	0.30	0.018966		0.462	40.0
IC 748	E	0.67	0.032090		0.788	78.0
IC 749	Sc	1.71	0.002562		0.803	159.0
IC 75	Sb	0.51	0.040955		0.773	31.0
IC 750	Sab	1.02	0.002335		0.483	40.0
IC 751	Sb	0.41	0.031510		0.373	30.0
IC 752	SBc	0.43	0.030370		0.741	91.0
IC 753	S0	0.69	0.021340		0.645	24.0
IC 754	E	0.74	0.019900		0.771	29.0
IC 756	SBc	0.70	0.020780		0.412	99.0
IC 758	Sc	0.80	0.004260		0.457	28.0
IC 759				Nothing here; nominal position.		
IC 76	S0-a	0.36	0.026100		0.444	116.0
IC 760	S0	0.53	0.007428		0.291	149.0
IC 761	Sb	0.38	0.018429		0.380	108.0
IC 762	Sab	0.50	0.023950		0.633	144.0
IC 763	SBa	0.45	0.022979		0.495	86.0
IC 764	SABc	1.14	0.007103		0.236	177.0
IC 765				Nothing here; nominal position.		
IC 766	S0-a	0.31	0.014377		0.175	168.0
IC 767	E	0.68	0.006310		0.731	75.0
IC 768	Sc	0.57	0.013380		0.442	112.0
IC 769	Sbc	1.51	0.007370		0.686	37.0
IC 77	S0	0.44	0.060590		0.846	90.0
IC 770		0.43	0.004100		0.935	40.0
IC 771	SBc	0.58	0.019570		0.806	92.0
IC 772	S0-a	0.36	0.022290		0.462	96.0
IC 773	S0-a	0.65	0.018460		0.833	9.0
IC 774	S0	0.47	0.030510		0.587	142.0
IC 775	E-S0	0.77	0.025790		0.733	11.0
IC 776	SBd	0.62	0.008160		0.554	93.0
IC 777	SBb	0.40	0.008569		0.476	144.0
IC 779	S?	0.93	0.000931		0.959	50.0
IC 78	Sa	0.75	0.040048		0.429	126.0
IC 780	E-S0	0.83	0.022520		0.703	8.0
IC 781	E-S0	1.24	0.004530		0.954	30.0
IC 782	S0-a	0.64	0.008120		0.561	61.0
IC 783	S0-a	1.13	0.004250		0.919	100.0
IC 784	SABb	0.60	0.016344		0.284	96.0
IC 785	SBc	0.49	0.014900		0.434	70.0
IC 786	S0	0.89	0.014673		0.864	176.0
IC 787	Sa	0.44	0.030800		0.415	0.0
IC 789	S0	0.58	0.024860		0.574	140.0
IC 79	E-S0	0.91	0.042079		0.734	158.0
IC 791	Sa	0.97	0.022760		0.924	78.0
IC 792	Sb	0.45	0.020770		0.441	56.0
IC 794	E	0.94	0.006410		0.712	103.0
IC 795	S0	0.33	0.021888		0.500	155.0
IC 796	S0-a	0.46	0.005160		0.315	145.0
IC 797	Sc	0.75	0.006950		0.682	105.0
IC 798	E	0.87	0.001430		0.967	36.0
IC 8	E?	0.34	0.020525		0.415	129.0
IC 80 NED01	E	1.03			0.687	83.0
IC 80 NED02	E	1.06	0.054648		0.707	50.0
IC 800	Sc	1.10	0.007770		0.728	151.0
IC 801	Sa	0.92	0.022040		0.836	55.0
IC 803 NED01	Sab	0.32			0.320	75.0
IC 803 NED02	Sbc	0.14	0.026220		0.157	125.0
IC 804	S0	0.49	0.009768		0.476	64.0
IC 806	SBab	0.61	0.035006		0.649	107.0
IC 807	E-S0	0.70	0.037290		0.619	67.0
IC 809	E	0.91	0.000690		0.938	4.0
IC 81	E?	0.91	0.013299		0.778	145.0
IC 810	S0-a	0.58	-0.000250		0.358	167.0
IC 812	S0-a	0.56	0.014460		0.622	118.0
IC 813	Sb	0.74	0.023350		0.787	21.0
IC 814	E-S0	0.35	0.049860		0.412	170.0
IC 815	E	0.74	0.044340		0.871	138.0
IC 816	Sa	0.70	0.023800		0.636	34.0
IC 817	E	0.66	0.024520		0.904	91.0
IC 818	Sb	0.25	0.015570		0.281	47.0
IC 82	S0	0.83	0.040858		0.912	93.0
IC 821	SABb	0.92	0.022510		0.920	121.0
IC 822	E	0.55	0.061960		0.743	98.0
IC 823				The IC identification is not sure, but IC 0823 is certainly not NGC 4692.		
IC 825	E-S0	0.45	0.005110		0.726	79.0
IC 826	SBab	0.48	0.022770		0.696	62.0
IC 827	Sd	0.42	0.021728		0.472	103.0
IC 828	S0	0.27	0.013620		0.391	145.0
IC 829	S0	0.38	0.016515		1.000	105.0
IC 83		0.45	0.044541		0.662	114.0
IC 830	S0-a	0.60	0.016231		0.517	164.0
IC 831	E-S0	0.41	0.021290		0.477	96.0
IC 832	E	0.74	0.023600		0.949	2.0
IC 833		0.34	0.059170		0.791	138.0
IC 834	E	0.54	0.021450		0.593	96.0
IC 835	SBab	0.70	0.025360		0.921	144.0
IC 836	Sab	0.24	0.009213		0.195	74.0
IC 837	Sab	0.33	0.024130		0.359	12.0
IC 838	Sb	0.60	0.069040		0.896	4.0
IC 839	S0	0.28	0.025010		0.583	84.0
IC 84	S0-a	0.43	0.016672		0.642	12.0
IC 840	Sa	0.65	0.036060		0.793	161.0
IC 841	SBb	0.55	0.023850		0.573	130.0
IC 842	SBbc	0.57	0.024250		0.500	56.0
IC 844	S0	0.54	0.009710		0.305	100.0
IC 845	E-S0	0.64	0.035810		0.762	129.0
IC 846	E	0.62	0.034460		0.849	154.0
IC 848	Sbc	0.54	0.053080		0.740	165.0
IC 849	SABc	0.90	0.018080		0.882	91.0
IC 850	SBcd	0.26	0.018256		0.274	68.0
IC 851	Sc	0.41	0.008890		0.363	152.0
IC 852	E-S0	0.98	0.027730		0.838	24.0
IC 853	Sab	0.96	0.023870		0.932	14.0
IC 854	SABb	0.69	0.023650		0.750	122.0
IC 855		0.63	0.025900		0.875	15.0
IC 856	SBab	0.21	0.013506		0.288	64.0
IC 857	Sb	0.74	0.022560		0.747	100.0
IC 858	S0	1.09	0.023316		0.699	100.0
IC 859	E	0.61	0.023390		0.897	142.0
IC 86	S0-a	0.34	0.044978		0.472	142.0
IC 860	SBab	0.60	0.012910		0.625	19.0
IC 861	S0-a	0.58	0.037970		0.690	76.0
IC 862	E	0.54	0.030410		1.000	80.0
IC 863	S0-a	0.79	0.008441		0.693	45.0
IC 864	SBc	0.27	0.039743		0.466	23.0
IC 865	Sc	0.61	0.018368		0.836	40.0
IC 866	SBb	0.37	0.022790		0.552	34.0
IC 867	Sc	0.90	0.022870		0.709	18.0
IC 868	E	0.74	0.022309		0.937	9.0
IC 869 NED01	Sab	0.44	0.023608		0.800	80.0
IC 869 NED02	E	0.29			0.879	80.0
IC 87	Sbc	0.63	0.042500		0.913	66.0
IC 870	Sc	0.48	0.022220		0.608	45.0
IC 871	Sb	0.79	0.020740		0.503	70.0
IC 872	Sb	0.93	0.023610	Identity as IC 0872 is not certain.	0.802	117.0
IC 873	S0	0.86	0.020770		0.915	120.0
IC 874	S0	1.05	0.007682		0.814	56.0
IC 875	S0	1.14	0.009313		0.735	149.0
IC 876	SABb	0.76	0.020440		0.844	174.0
IC 877				Nothing here; nominal position.		
IC 878				Nothing here; nominal position.		
IC 879	SBab	0.34	0.006805		0.405	136.0
IC 88	Sbc	0.44	0.065430		0.830	129.0
IC 880				Nothing here; nominal position.		
IC 881	SBa	0.35	0.023240		0.229	12.0
IC 882	E	0.70	0.023060		0.864	66.0
IC 883	Sm	0.47	0.023060		0.595	152.0
IC 884				Nothing here; nominal position.		
IC 885	E	0.89	0.022720		0.881	170.0
IC 886		0.54	0.078903		0.818	58.0
IC 887				Nothing here; nominal position.		
IC 889	E	0.76	0.046210		0.854	13.0
IC 890	Sa	0.47	0.019558		0.405	146.0
IC 891	E	0.73	0.021560		0.936	30.0
IC 892	S0	0.84	0.020960		0.525	19.0
IC 893	SABa	0.20	0.020250		0.198	52.0
IC 894	S0-a	0.50	0.021540		0.439	79.0
IC 896	E	0.71	0.021960		0.683	29.0
IC 897	S0-a	0.32	0.028306		0.427	56.0
IC 898	S0	0.43	0.044100		0.705	163.0
IC 899	E	0.71	0.021843		0.835	91.0
IC 9	Sa	0.46	0.043027		0.780	122.0
IC 90	E	1.12	0.018613		0.896	146.0
IC 900	SABc	0.85	0.023530		0.664	29.0
IC 901	S?	0.53	0.042780		0.716	91.0
IC 902	Sb	0.55	0.005390		0.252	162.0
IC 903	Sab	0.62	0.012390		0.378	178.0
IC 904	S0-a	0.54	0.022370		0.514	129.0
IC 905	E	0.70	0.031680		0.814	130.0
IC 906	Sc	0.29	0.031930		0.345	145.0
IC 907	Sb	0.21	0.015300		0.189	20.0
IC 908	SABc	0.55	0.022601		0.611	82.0
IC 909	Sa	0.67	0.027040		0.918	2.0
IC 91		0.26	0.023530		0.366	64.0
IC 910	Sab	0.56	0.027000		0.824	120.0
IC 911	SBab	0.40	0.031970		0.714	99.0
IC 912	Sa	0.35			0.486	100.0
IC 913	Sb	0.49	0.030690		0.681	63.0
IC 914	Sc	0.65	0.032364		0.823	165.0
IC 915	E-S0	0.41	0.031494		0.911	110.0
IC 916	E	0.83	0.028130		0.965	85.0
IC 917				Identification as IC 0917 is not certain.		
IC 918	Sb	0.23			0.365	102.0
IC 919	S0-a	0.32	0.035170	Identification as IC 0919 is not certain.	0.593	25.0
IC 920	E	0.77	0.027150		0.885	10.0
IC 921	E	0.20		Identification as IC 0921 is not certain.	0.690	104.0
IC 922	E	0.47	0.066580	Identification as IC 0922 is not certain.	0.603	120.0
IC 923	E	0.50	0.067860	Identification as IC 0923 is not certain.	0.893	101.0
IC 924	Sab	0.47	0.028732		0.603	77.0
IC 925	Sbc	0.17		Identification as IC 0925 is not certain.	0.315	106.0
IC 926	E	0.18		Identification as IC 0926 is not certain.	0.514	94.0
IC 927	Sbc	0.74	0.027754		0.851	75.0
IC 928	E	0.25		Identification as IC 0928 is not certain.	0.735	11.0
IC 929	E	0.37	0.068220	Identification as IC 0929 is not certain.	0.804	81.0
IC 93	Sb	0.56	0.020027		0.463	171.0
IC 930	E	0.33		Identification as IC 0930 is not certain.	0.825	99.0
IC 931	Sb	0.19		Identification as IC 0931 is not certain.	0.760	61.0
IC 932		0.23		Identification as IC 0932 is not certain.	0.489	64.0
IC 933	S0	0.85	0.030610		0.714	150.0
IC 934	Sbc	0.28		Identification as IC 0934 is not certain.	0.778	174.0
IC 936	Sb	0.21	0.069930	Identification as IC 0936 is not certain.	0.512	93.0
IC 937	Sab	0.47		Identification as IC 0937 is not certain.	0.904	114.0
IC 938	Sab	0.29		Identification as IC 0938 is not certain.	0.382	156.0
IC 939	E	0.93	0.023500		0.912	121.0
IC 940	S0-a	0.38	0.023360		0.567	124.0
IC 941	Sa	0.49	0.023270		0.544	112.0
IC 942	E	0.66	0.034590		0.660	96.0
IC 943	SBa	0.82	0.032430		0.953	1.0
IC 944	Sa	0.74	0.023360		0.484	107.0
IC 945	Sb	0.59	0.030040		0.590	118.0
IC 946	Sa	0.70	0.022816		0.778	104.0
IC 947	E-S0	1.09	0.014727		0.653	65.0
IC 948	E	0.66	0.022990		0.559	151.0
IC 949	Sd	0.44	0.027833		0.346	137.0
IC 95		0.50	0.044400		0.820	54.0
IC 950 NED01	Sa	0.38			0.309	124.0
IC 950 NED02	Sab	0.89	0.040630		0.899	152.0
IC 951	Scd	1.00	0.013520		0.952	5.0
IC 952	SBbc	0.47	0.015610		0.376	94.0
IC 953				Nominal position; nothing obvious here.		
IC 954	Sab	0.53	0.030021		0.552	80.0
IC 955				Nothing here; nominal position.		
IC 956 NED01	Sab	0.41	0.055540		0.872	129.0
IC 956 NED02	E	0.49	0.054810		0.831	29.0
IC 957				Nominal position; nothing obvious here.		
IC 959	Sa	0.88	0.022890		0.587	2.0
IC 96	Sbc	0.30	0.014690		0.385	44.0
IC 960A	Sb	0.34	0.021970		0.531	110.0
IC 960B	S0	0.34	0.021720		0.382	24.0
IC 961	SBab	0.74	0.060450		0.914	10.0
IC 962	S0	0.84	0.020740		0.988	85.0
IC 963	SBc	0.53	0.021760		0.828	5.0
IC 964	Sbc	0.56	0.022232		0.875	134.0
IC 965	E-S0	0.61	0.021956		0.762	64.0
IC 966	S0	0.77	0.014240		0.837	155.0
IC 967	Sa	0.42	0.012649		0.433	26.0
IC 968 NED01	E-S0	0.43	0.024030		0.623	123.0
IC 968 NED02	E-S0	0.34	0.025290		0.500	7.0
IC 969	S0-a	0.39	0.025990		0.650	176.0
IC 970	S0-a	0.35			0.278	54.0
IC 971	Sc	1.29	0.011109		0.571	129.0
IC 972			-0.000089			
IC 974				Identification as IC 0974 is not certain.		
IC 975	E	0.57	0.061733		0.760	174.0
IC 976	S0-a	0.62	0.005110		0.408	174.0
IC 977	Sbc	0.53	0.029190		0.768	132.0
IC 978	Scd	0.51	0.005452		0.526	25.0
IC 979	SBab	0.66	0.025780		0.606	172.0
IC 98		0.61	0.054683		0.897	55.0
IC 980	E	0.73	0.022590		0.880	64.0
IC 981		0.43	0.028615		0.500	73.0
IC 982	S0	0.90	0.018220		0.947	35.0
IC 983	SBbc	2.01	0.018156		0.866	125.0
IC 984	Sb	0.47	0.017018		0.247	36.0
IC 985	Sa	0.42	0.029650		0.560	58.0
IC 986	E-S0	0.76	0.024940		0.938	52.0
IC 987	SBb	0.38	0.014190		0.623	79.0
IC 988	S0-a	0.40	0.026860		0.656	41.0
IC 989	E	0.84	0.025280		0.857	72.0
IC 99	Sc	0.52	0.049270		0.897	54.0
IC 990	E	0.43	0.025600		0.796	54.0
IC 991	SBc	0.97	0.015583		0.622	104.0
IC 992	SABb	0.67	0.025940		0.761	114.0
IC 993	Sb	0.48	0.025230		0.623	169.0
IC 994	SABa	0.60	0.024460		0.411	13.0
IC 995	Sd	0.43	0.010440		0.257	147.0
IC 996	Sbc	0.21	0.010240		0.156	153.0
IC 997				Identification as IC 0997 is not certain.		
IC 997 NED01	Sc	0.83	0.023159		0.589	10.0
IC 997 NED02		0.50			0.500	163.0
IC 998		0.26	0.023000		0.280	55.0
IC 999	S0	0.69	0.019070		0.812	144.0
M1		4.00			0.500	
M10			0.000247			
M100	SABb	5.62	0.005251		0.921	108.0
M101	SABc	23.07	0.000811		0.962	28.0
M103			-0.000152			
M104	Sa	4.91	0.003642		0.581	90.0
M105	E	4.25	0.002922		0.869	71.0
M106	Sbc	7.24	0.001541		0.426	150.0
M107			-0.000116			
M108	Sc	1.66	0.002328		0.417	79.0
M109	Sbc	5.64	0.003496		0.699	78.0
M11			0.000119			
M110	E	9.59	-0.000820		0.591	170.0
M12			-0.000138			
M13			-0.000815			
M14			-0.000202			
M15			-0.000356			
M16		25.00	0.000033		0.208	
M17			-0.000149			
M18			-0.000047			
M19			0.000486			
M2			-0.000012			
M20		28.00	-0.000017		1.000	
M21			-0.000061			
M22			-0.000493			
M23			-0.000106			
M24		60.00			0.500	90.0
M25			0.000010			
M26			0.000013			
M27			-0.000140			
M28			0.000037			
M29			-0.000056			
M3			-0.000491			
M30			-0.000618			
M31	Sb	69.66	-0.001000		0.392	35.0
M32	E	4.86	-0.000664		0.628	170.0
M33	Sc	36.73	-0.000598		0.592	23.0
M34			-0.000033			
M35			-0.000021			
M36			-0.000004			
M37			0.000026			
M38			-0.000002			
M39			-0.000018			
M4			0.000237			
M41			0.000078			
M42		60.00	0.000093		0.667	
M43		15.00			0.750	
M44			0.000116			
M45		150.00	0.000022		1.000	90.0
M46			0.000164			
M47			0.000114			
M48			0.000138			
M49	E	8.38	0.003170		0.821	156.0
M5			0.000179			
M50			0.000039			
M51	SABb	11.67	0.001550		0.851	163.0
M52			-0.000133			
M53			-0.000210			
M54			0.000477			
M55			0.000582			
M56			-0.000457			
M57			-0.000064			
M58	Sb	3.84	0.005620		0.766	90.0
M59	E	3.21	0.001438		0.705	165.0
M6			-0.000032			
M60	E	5.45	0.003390		0.804	105.0
M61	Sbc	6.56	0.005230		0.952	20.0
M62			-0.000245			
M63	Sbc	7.16	0.001678		0.605	103.0
M64	SABa	5.33	0.001341		0.507	114.0
M65	Sa	1.97	0.002540		0.258	173.0
M66	Sb	4.61	0.002340		0.448	168.0
M67			0.000113			
M68			-0.000310			
M69			0.000156			
M7			-0.000049			
M70			0.000723			
M71			-0.000074	Identification as NGC 6839 is very uncertain.		
M72			-0.001105			
M74	Sc	9.33	0.002188		0.943	87.0
M75			-0.000631			
M76			-0.000079			
M77	Sb	5.61	0.003810		0.918	12.0
M78			0.000211			
M79			0.000687			
M8		30.00	0.000013		0.667	
M80			0.000036			
M81	Sab	11.25	-0.000140		0.520	157.0
M82	S?	5.11	0.000730		0.465	66.0
M83	Sc	13.21	0.001733		0.971	45.0
M84	E	6.44	0.003270		0.869	133.0
M85	S0-a	5.35	0.002570		0.770	12.0
M86	E	8.43	-0.000610		0.731	128.0
M87	E	6.67	0.004200		0.938	153.0
M88	Sb	4.38	0.007602		0.506	138.0
M89	E	8.00	0.000914		0.984	150.0
M9			0.001037			
M90	Sab	3.82	-0.000784		0.419	22.0
M91	Sb	4.52	0.001644		0.814	150.0
M92			-0.000402			
M93			0.000072			
M94	SABa	6.68	0.000960		0.863	105.0
M95	Sb	4.45	0.002560		0.615	11.0
M96	Sab	5.51	0.003012		0.667	5.0
M97			0.000000			
M98	SABb	2.66	-0.000400		0.241	152.0
M99	Sc	4.74	0.008036		0.940	23.0
MWSC3156			0.000494			
MWSC3171			-0.000226			
MWSC3561			0.000094			
Mel071			0.000167			
Mel072			0.000239			
Mel101			0.000068			
Mel105			0.000003			
Mel111			-0.000002			
NGC 1	Sb	1.07	0.015245		0.682	112.0
NGC 10	Sbc	1.27	0.022739		0.540	30.0
NGC 100	Sc	0.49	0.002812		0.138	56.0
NGC 1000	E	0.39	0.014773		0.609	90.0
NGC 1001	Sab	0.27	0.015591		0.375	114.0
NGC 1003	Sc	0.83	0.002090		0.239	96.0
NGC 1004	E	1.05	0.021602		0.897	96.0
NGC 1005	E	0.65	0.014443		0.985	45.0
NGC 1006	Sc	0.24	0.015660		0.279	1.0
NGC 1007		0.21	0.023590		0.344	50.0
NGC 1008	E	0.54	0.022015		0.628	83.0
NGC 1009	Sb	0.23	0.019604		0.165	124.0
NGC 101	SABc	1.82	0.011334		0.943	80.0
NGC 1011	Sa	0.62	0.016033		0.912	160.0
NGC 1012	S0-a	1.05	0.003256		0.500	24.0
NGC 1013	S0-a	0.68	0.027956		0.630	66.0
NGC 1015	Sa	1.68	0.008797		0.848	100.0
NGC 1016	E	1.36	0.021942		0.602	42.0
NGC 1017	I	0.55	0.027400		0.809	64.0
NGC 1018	S0-a	0.59	0.044635		0.551	178.0
NGC 1019	Sbc	0.75	0.024397		0.694	35.0
NGC 102	S0-a	0.57	0.024757		0.606	126.0
NGC 1020	S0	0.28	0.023700		0.304	20.0
NGC 1021	SABb	0.55	0.019393		0.696	161.0
NGC 1022	SBa	1.50	0.004915		0.577	74.0
NGC 1023	E-S0	3.06	0.002127		0.414	87.0
NGC 1023A	IB	0.65	0.002481		0.500	50.0
NGC 1024	Sab	1.06	0.011650		0.371	151.0
NGC 1025	Sb	0.55	0.021155		0.585	15.0
NGC 1026	S0	1.68	0.013950		0.913	85.0
NGC 1027			0.000050	The IC identification is not certain.		
NGC 1028	SABb	0.46	0.028653		0.529	15.0
NGC 1029	S0-a	0.46	0.011922		0.295	70.0
NGC 103			-0.000261			
NGC 1030	Sc	0.64	0.028583		0.427	8.0
NGC 1031	SBa	1.08	0.018783		0.476	24.0
NGC 1032	S0-a	0.86	0.008966		0.240	67.0
NGC 1033	Sc	0.91	0.024270		0.798	178.0
NGC 1034	I	0.73	0.004903		0.912	140.0
NGC 1035	Sc	0.68	0.004100		0.327	153.0
NGC 1036	Sab	1.03	0.002521		0.736	3.0
NGC 1038	S0-a	0.50	0.020257		0.360	61.0
NGC 104			-0.000057			
NGC 1040	S0	0.72	0.015934		0.431	40.0
NGC 1041	E-S0	1.08	0.023540		0.794	47.0
NGC 1042	SABc	2.13	0.004600		0.550	1.0
NGC 1043	Sb	0.18	0.023020		0.212	111.0
NGC 1044 NED01	E-S0	0.76	0.020800		1.000	110.0
NGC 1044 NED02		0.51	0.022137		0.879	
NGC 1045	E-S0	1.27	0.015407		0.751	59.0
NGC 1046	E-S0	0.70	0.019897		0.933	130.0
NGC 1047	S0-a	0.75	0.004513		0.551	91.0
NGC 1048	S0-a	0.47	0.038710		0.398	105.0
NGC 1048A	SBbc	0.42	0.037550		0.519	178.0
NGC 1049		1.20	0.000133		1.000	
NGC 105	Sab	0.65	0.017285		0.802	170.0
NGC 1050	SBa	0.81	0.012922		0.736	98.0
NGC 1052	E	2.07	0.004930		0.704	109.0
NGC 1054	Sb	0.44	0.032626		0.550	30.0
NGC 1055	SBb	3.53	0.003319		0.510	104.0
NGC 1056	Sa	1.36	0.005221		0.723	162.0
NGC 1057	S0	0.72	0.019490		0.621	118.0
NGC 1058	Sc	1.36	0.001729		0.551	90.0
NGC 1059				NGC identification is not certain.		
NGC 106	Sc	0.71	0.020419		0.763	84.0
NGC 1060	E-S0	1.75	0.017255		0.742	77.0
NGC 1061	Sb	0.59	0.013379		0.678	27.0
NGC 1063	SABb	0.51	0.030800		0.352	97.0
NGC 1064	SBc	0.75	0.030871		0.743	37.0
NGC 1065	E-S0	0.75	0.024677		0.915	0.0
NGC 1066	E	1.28	0.014670		0.703	60.0
NGC 1067	SABc	0.92	0.015120		0.948	145.0
NGC 1069	SABc	0.84	0.031560		0.622	146.0
NGC 107	Sbc	0.49	0.021203		0.628	179.0
NGC 1070	Sb	2.00	0.013673		0.855	178.0
NGC 1071	SBa	0.41	0.039007		0.336	172.0
NGC 1072	Sab	0.49	0.026670		0.405	13.0
NGC 1073	SBc	2.23	0.004037		0.630	32.0
NGC 1074	SABa	0.50	0.025927		0.549	165.0
NGC 1075	S0-a	0.53	0.026100		0.654	146.0
NGC 1076	S0-a	1.25	0.007036		0.691	99.0
NGC 1077A	SBb	0.33	0.028450		0.623	27.0
NGC 1077B	Sb	0.77	0.030110		0.726	165.0
NGC 1078	E-S0	0.62	0.029880		0.729	45.0
NGC 1079	SABa	1.49	0.004869		0.562	99.0
NGC 108	S0-a	1.14	0.015858		0.675	63.0
NGC 1080	SABc	0.82	0.026178		0.752	166.0
NGC 1081	SBb	0.59	0.013456		0.331	23.0
NGC 1082	S0	0.71	0.029580		0.740	102.0
NGC 1083	Sb	0.33	0.013679		0.213	17.0
NGC 1084	Sc	2.25	0.004682		0.662	36.0
NGC 1085	Sbc	1.50	0.022632		0.735	13.0
NGC 1086	Sc	0.79	0.013459		0.598	43.0
NGC 1087	Sc	1.80	0.005070		0.606	10.0
NGC 1088 NED01	S0-a	0.52	0.024037		0.591	95.0
NGC 1088 NED02		0.22			0.458	116.0
NGC 1089	E	0.99	0.027042		0.717	16.0
NGC 109	Sa	0.82	0.018393		0.781	83.0
NGC 1090	Sbc	1.46	0.009280		0.441	101.0
NGC 1091	Sa	0.67	0.029945		0.827	86.0
NGC 1092	E	0.89	0.029918		0.890	130.0
NGC 1093	SABa	0.75	0.017699		0.647	99.0
NGC 1094	SABa	0.84	0.021430		0.636	89.0
NGC 1095	SBc	0.81	0.021295		0.643	46.0
NGC 1096	SBbc	1.61	0.021874		0.915	45.0
NGC 1097	SBb	6.44	0.004218		0.609	138.0
NGC 1097A	E	0.57	0.004473		0.570	100.0
NGC 1098	E-S0	1.27	0.024846		0.804	103.0
NGC 1099	SBb	0.63	0.025728		0.300	16.0
NGC 11	Sa	0.22	0.014670		0.153	111.0
NGC 1100	Sa	0.76	0.025571		0.463	60.0
NGC 1101	S0	1.05	0.020700		0.789	100.0
NGC 1102	SABa	0.58	0.037623		0.652	90.0
NGC 1103	SBb	0.63	0.014000		0.284	47.0
NGC 1104	Sa	0.62	0.021700		0.596	150.0
NGC 1105	Sb	0.83	0.026153		0.856	66.0
NGC 1106	S0	1.82	0.014463		1.000	35.0
NGC 1107	S0	1.56	0.011488		0.830	140.0
NGC 1108	E-S0	0.77	0.031000		0.740	85.0
NGC 1109	E	0.67	0.029761	Identification as NGC 1109 is uncertain.	0.827	116.0
NGC 111				Nothing at this position.		
NGC 1110	SBm	0.46	0.004458		0.194	11.0
NGC 1111	S0-a	0.32	0.030060	Identification as NGC 1111 is uncertain.	0.485	10.0
NGC 1112	Sc	0.71	0.027989	Identification as NGC 1112 is uncertain.	0.717	11.0
NGC 1113				Identification as NGC 1113 is uncertain.		
NGC 1114	Sc	0.81	0.011643		0.377	7.0
NGC 1115	S0	0.26	0.029038		0.286	7.0
NGC 1116	Sab	0.40	0.025534		0.333	26.0
NGC 1117	E	0.52	0.025190	NGC identification is not certain.	0.743	4.0
NGC 1118	S0	0.63	0.014001		0.320	92.0
NGC 1119	S0	0.37	0.014500		0.771	172.0
NGC 112	Sb	0.49	0.021028		0.480	107.0
NGC 1120	E-S0	0.97	0.028190		0.542	43.0
NGC 1121	S0	0.34	0.008659		0.358	10.0
NGC 1122	SABb	0.64	0.012192		0.474	32.0
NGC 1124	S0-a	0.74	0.022109		0.673	2.0
NGC 1125	S0-a	0.66	0.011024		0.437	54.0
NGC 1126	Sb	0.23	0.024564		0.242	139.0
NGC 1127	SBab	0.49	0.032659		0.710	36.0
NGC 1128 NED01	E-S0	0.55	0.024483		1.000	
NGC 1128 NED02	E	0.76	0.023048		1.000	
NGC 1129	E	1.07	0.017639		0.379	77.0
NGC 113	E-S0	1.00	0.014497		0.813	172.0
NGC 1130	E	0.41	0.020444	NGC identification is not certain.	0.594	36.0
NGC 1131	E	0.46	0.017849		0.852	105.0
NGC 1132	E	0.71	0.023189		0.372	142.0
NGC 1133	SBa	0.71	0.017710		0.732	71.0
NGC 1134	Sb	0.76	0.012118		0.344	147.0
NGC 1135	Scd	0.42	0.045530		0.592	59.0
NGC 1136	Sa	1.19	0.018650		0.826	77.0
NGC 1137	Sb	0.61	0.010074		0.555	16.0
NGC 1138	S0	1.49	0.007912		0.861	95.0
NGC 1139	S0-a	0.35	0.035170		0.343	43.0
NGC 114	S0	0.75	0.012310		0.765	171.0
NGC 1140	SBm	1.00	0.005003		0.490	8.0
NGC 1143	E	0.68	0.028170		0.557	111.0
NGC 1144	E	0.74	0.028847		0.685	118.0
NGC 1145	Sc	0.76	0.006941		0.226	61.0
NGC 1147				Nothing at this position.		
NGC 1148	SBcd	0.68	0.017300		0.519	75.0
NGC 1149	E-S0	0.51	0.029120		0.718	122.0
NGC 115	SBbc	0.73	0.006118		0.349	122.0
NGC 1150	S0	0.70	0.030231		0.660	64.0
NGC 1151	E	0.45	0.030380		0.818	54.0
NGC 1152	S0	0.76	0.017678		0.585	5.0
NGC 1153	S0-a	0.85	0.010454		0.691	53.0
NGC 1154	Sc	0.59	0.015626		0.578	90.0
NGC 1155	S0	0.87	0.015317		0.791	75.0
NGC 1156	IB	2.34	0.001265		0.791	28.0
NGC 1157	Sb	0.32	0.029993		0.444	171.0
NGC 1158	S0	0.61	0.028240		0.642	147.0
NGC 1159	Sc	0.40	0.008763		0.833	115.0
NGC 116	S0-a	0.53	0.025588	NGC identification is very uncertain.	0.491	98.0
NGC 1160	SBc	1.10	0.008590		0.462	51.0
NGC 1161	S0	1.84	0.006600		0.684	23.0
NGC 1162	E	1.47	0.013076		0.925	50.0
NGC 1163	SBbc	0.36	0.007524		0.159	144.0
NGC 1164	Sab	0.93	0.014163		0.788	132.0
NGC 1165	SBa	0.50	0.016181		0.216	114.0
NGC 1166	Sab	0.80	0.025661		0.816	75.0
NGC 1167	S0	1.38	0.016514		0.758	70.0
NGC 1168	SABb	0.38	0.025440		0.388	24.0
NGC 1169	Sb	1.95	0.007932		0.589	39.0
NGC 117	S0-a	0.46	0.017972		0.460	101.0
NGC 1170				Nothing at this position.		
NGC 1171	Sc	0.81	0.009183		0.458	147.0
NGC 1172	E	1.64	0.005480		0.719	30.0
NGC 1173				Nothing at this position.		
NGC 1174	SBc	1.43	0.009073		0.399	121.0
NGC 1175	S0-a	0.55	0.018423		0.312	154.0
NGC 1177	E	0.60	0.018626		1.000	105.0
NGC 1179	Sc	2.51	0.005944		0.684	38.0
NGC 118	E	0.58	0.037329		0.725	58.0
NGC 1180	E-S0	0.40	0.031510		0.606	8.0
NGC 1181	Sb	0.20	0.031430		0.233	101.0
NGC 1182	Sa	0.39	0.010792		0.476	116.0
NGC 1184	S0-a	0.87	0.007599		0.246	169.0
NGC 1185	SBb	0.40	0.016090		0.294	30.0
NGC 1187	Sc	3.02	0.004668		0.729	129.0
NGC 1188	S0	0.56	0.009162		0.463	171.0
NGC 1189	Sd	0.47	0.008545		0.331	179.0
NGC 119	E-S0	1.12	0.024634		0.933	30.0
NGC 1190	S0-a	0.29	0.008795		0.382	98.0
NGC 1191	E-S0	0.56	0.031663		0.737	61.0
NGC 1192	E	0.40	0.032228		0.500	105.0
NGC 1193			-0.000284			
NGC 1194	S0-a	0.77	0.013550		0.497	139.0
NGC 1195	E-S0	0.53	0.013132		0.828	84.0
NGC 1196	S0	1.41	0.011356		0.916	100.0
NGC 1197				Nothing at this position.		
NGC 1198	E	1.00	0.005317		0.488	117.0
NGC 1199	E	2.32	0.009064		0.820	48.0
NGC 12	Sc	1.21	0.013049		0.796	127.0
NGC 120	S0	0.50	0.013600		0.331	73.0
NGC 1200	E-S0	1.88	0.013513		0.646	84.0
NGC 1201	E-S0	1.96	0.005671		0.575	8.0
NGC 1202	Sb	0.53	0.030500		0.815	113.0
NGC 1203A	E	0.42	0.031663		0.506	15.0
NGC 1203B	E	0.58			1.000	6.0
NGC 1204	S0-a	0.54	0.014513		0.355	62.0
NGC 1206	E	0.65	0.034799		0.867	42.0
NGC 1207	Sb	1.18	0.015981		0.702	131.0
NGC 1208	S0-a	1.24	0.014987		0.566	73.0
NGC 1209	E	0.94	0.008749		0.418	83.0
NGC 121		3.10			0.816	80.0
NGC 1210	S0	0.68	0.013242		0.586	118.0
NGC 1211	S0-a	0.95	0.010798		0.638	163.0
NGC 1212	S0-a	0.47	0.019959		0.528	21.0
NGC 1213	Sd	0.76	0.011501		0.809	14.0
NGC 1214	S0-a	0.42	0.016135		0.266	42.0
NGC 1215	Sab	1.21	0.016338		0.725	50.0
NGC 1216	S0-a	0.22	0.016874		0.244	67.0
NGC 1217	Sa	1.30	0.020880		0.691	32.0
NGC 1218	S0-a	1.06	0.030000		0.785	155.0
NGC 1219	Sc	1.04	0.020387		0.881	42.0
NGC 122				NGC identification is very uncertain.		
NGC 1220			-0.000052			
NGC 1221	S0-a	0.53	0.029096		0.363	168.0
NGC 1222	E-S0	0.95	0.008213		0.605	153.0
NGC 1223	E	1.29	0.029512		0.963	175.0
NGC 1224	E-S0	1.03	0.017155		0.757	0.0
NGC 1225	Sbc	0.60	0.030430		0.484	153.0
NGC 1226	E	0.94	0.020511		0.764	103.0
NGC 1227	S0-a	0.44	0.018711		0.667	77.0
NGC 1228	S0	0.71	0.034750		0.467	77.0
NGC 1229	SBbc	0.60	0.036975		0.588	75.0
NGC 123				NGC identification is very uncertain.		
NGC 1230	S0	0.22	0.035970		0.319	110.0
NGC 1231	Sc	0.84	0.007940		0.857	90.0
NGC 1232	SABc	5.77	0.005611		0.850	101.0
NGC 1232A	SBm	0.79	0.022161		0.929	2.0
NGC 1233	Sb	0.46	0.015307	Ident as NGC 1235 is uncertain.	0.305	29.0
NGC 1234	Sc	0.82	0.012514		0.519	119.0
NGC 1236	E	0.48	0.025691		0.727	30.0
NGC 1238	E	1.20	0.016645		0.784	109.0
NGC 1239	S0	0.81	0.028770		0.659	59.0
NGC 124	Sc	0.72	0.013659		0.571	168.0
NGC 1241	SBb	1.50	0.013574		0.556	149.0
NGC 1242	SBc	0.54	0.012500		0.509	134.0
NGC 1244	Sab	0.36	0.018236		0.250	2.0
NGC 1245			-0.000098			
NGC 1246	E	0.76	0.017872		0.535	36.0
NGC 1247	Sbc	0.52	0.013254		0.146	70.0
NGC 1248	S0	1.06	0.007398		0.876	96.0
NGC 1249	SBc	1.44	0.003602		0.396	83.0
NGC 125	S0-a	1.22	0.017722		0.871	60.0
NGC 1250	S0	0.80	0.020360		0.343	158.0
NGC 1252				Scattered group of about 20 stars; NGC identification is not certain.		
NGC 1253	SABc	1.86	0.005724		0.407	85.0
NGC 1253A	SBm	0.66	0.006093		0.653	90.0
NGC 1254	E-S0	0.77	0.038193		0.786	12.0
NGC 1255	SABb	2.24	0.005640		0.553	118.0
NGC 1256	E-S0	0.41	0.014488		0.363	107.0
NGC 1258	SABc	1.04	0.004960		0.738	20.0
NGC 1259	E-S0	0.68	0.019280		0.716	81.0
NGC 126	S0	0.58	0.013970		0.817	111.0
NGC 1260	S0-a	0.50	0.019100		0.388	86.0
NGC 1261			0.000238			
NGC 1262	SABc	0.80	0.123198		0.842	153.0
NGC 1263	S0-a	0.76	0.031560		0.884	70.0
NGC 1264	SBab	0.89	0.011050		0.890	59.0
NGC 1265	E	1.63	0.025140		0.858	165.0
NGC 1266	S0	0.99	0.007214		0.669	103.0
NGC 1267	E	0.86	0.017600		0.768	57.0
NGC 1268	SABb	0.49	0.010750		0.510	118.0
NGC 1269	S0-a	9.93	0.002796		0.889	156.0
NGC 127	S0	0.42	0.013550		0.452	75.0
NGC 1270	E	0.97	0.016400		0.924	0.0
NGC 1271	S0	0.51	0.019870		0.630	123.0
NGC 1272	E	1.25	0.012560		0.490	76.0
NGC 1273	S0	0.70	0.017840		0.787	135.0
NGC 1274	E	0.49	0.021380		0.628	44.0
NGC 1275	S0	1.45	0.017560		0.671	110.0
NGC 1277	S0-a	0.67	0.016810		0.691	96.0
NGC 1278	E	1.30	0.020140		0.909	90.0
NGC 1279	S0	0.39	0.024010		0.672	15.0
NGC 128	S0	0.87	0.014660		0.275	1.0
NGC 1280	Sc	0.69	0.022790		0.750	62.0
NGC 1281	E	0.42	0.014050		0.538	68.0
NGC 1282	E	1.07	0.007270		0.770	27.0
NGC 1283	E	0.79	0.022400		0.849	68.0
NGC 1284	S0	1.22	0.029971		0.652	15.0
NGC 1285	Sb	0.88	0.017490		0.553	8.0
NGC 1286	S0	0.79	0.014410		0.806	154.0
NGC 1287	Sa	0.68	0.028653		0.895	40.0
NGC 1288	SABc	1.71	0.015206		0.737	178.0
NGC 1289	S0	1.00	0.009467		0.571	97.0
NGC 129			-0.000119			
NGC 1290		0.52	0.008560		0.732	83.0
NGC 1292	Sc	1.20	0.004561		0.410	9.0
NGC 1293	E	0.86	0.013740		1.000	0.0
NGC 1294	E-S0	1.09	0.021890		0.790	167.0
NGC 1295	S0-a	0.53	0.016521		0.535	175.0
NGC 1296	SBab	0.45	0.031614		0.500	2.0
NGC 1297	E-S0	2.01	0.005150		0.837	6.0
NGC 1298	E	0.92	0.021855		0.885	68.0
NGC 1299	SBb	0.67	0.007763		0.554	49.0
NGC 13	Sb	0.60	0.015974		0.263	54.0
NGC 130	E-S0	0.42	0.014690		0.583	44.0
NGC 1300	Sbc	3.06	0.005252		0.513	101.0
NGC 1301	SBbc	0.51	0.013262		0.214	141.0
NGC 1302	S0-a	3.90	0.005699		0.913	170.0
NGC 1303	S0	0.80	0.018220		0.714	20.0
NGC 1304	E-S0	0.70	0.013267		0.526	59.0
NGC 1305	E-S0	0.94	0.020794		0.707	117.0
NGC 1306	Sb	0.64	0.004861		0.582	159.0
NGC 1308	S0-a	0.86	0.021410		0.748	88.0
NGC 1309	Sbc	2.24	0.007138		0.937	175.0
NGC 131	SBb	0.67	0.004800		0.370	62.0
NGC 1310	Sc	1.58	0.005874		0.749	98.0
NGC 1311	SBm	0.78	0.001906		0.244	37.0
NGC 1313	SBcd	9.14	0.001568		0.826	27.0
NGC 1313A	SBb	0.33	0.018749		0.264	30.0
NGC 1314	Scd	1.30	0.013226		0.884	51.0
NGC 1315	S0-a	1.35	0.005637		0.833	161.0
NGC 1316	S0	7.71	0.005911		0.573	50.0
NGC 1316A	Sb	0.58	0.041815		0.558	63.0
NGC 1316B	Sb	0.33	0.040810		0.500	8.0
NGC 1316C	S0-a	0.64	0.005800		0.435	84.0
NGC 1317	SABa	2.58	0.006438		0.832	69.0
NGC 1319	S0	0.71	0.013356		0.486	29.0
NGC 132	SABb	1.09	0.017720		0.681	38.0
NGC 1320	Sa	0.68	0.009000		0.366	137.0
NGC 1321	Sa	0.71	0.009293		0.732	88.0
NGC 1322	E-S0	0.80	0.020657		0.714	98.0
NGC 1323	S0	0.29	0.020167		0.408	91.0
NGC 1324	Sb	0.69	0.018910		0.291	141.0
NGC 1325	SBbc	1.50	0.005359		0.347	53.0
NGC 1325A	Scd	1.78			0.937	90.0
NGC 1326	S0-a	2.93	0.004584		0.685	67.0
NGC 1326A	Sm	1.34	0.006120		0.638	62.0
NGC 1326B	SBm	1.88	0.003344		0.486	130.0
NGC 1327	SBb	0.40	0.042439	NGC ident is not certain; NGC 1327 may be three Galactic stars.	0.351	175.0
NGC 1328	S0	0.69	0.020630		0.704	108.0
NGC 1329	Sa	1.27	0.014503		0.804	33.0
NGC 1331	E	0.79	0.004386		0.859	11.0
NGC 1332	E-S0	3.84	0.005180		0.723	121.0
NGC 1333			0.000053			
NGC 1334	Sbc	0.51	0.014050		0.411	118.0
NGC 1335	E-S0	0.50	0.018136		0.556	168.0
NGC 1336	E-S0	1.41	0.004800		0.716	15.0
NGC 1337	SBc	1.31	0.004135		0.265	153.0
NGC 1338	SABb	1.24	0.008279		0.947	165.0
NGC 1339	E	1.47	0.004556		0.731	172.0
NGC 134	SABb	1.79	0.005314		0.214	50.0
NGC 1340	E	3.12	0.003949		0.609	167.0
NGC 1341	Sa	1.07	0.006221		0.754	121.0
NGC 1342			-0.000036			
NGC 1343	SABb	1.06	0.007348		0.445	79.0
NGC 1345	Sc	1.10	0.005120		0.821	30.0
NGC 1346	Sb	0.54	0.013360		0.375	84.0
NGC 1347 NED01	Sc	0.93	0.005912		0.949	81.0
NGC 1347 NED02		0.38			0.679	42.0
NGC 1349	S0	0.91	0.022114		1.000	40.0
NGC 135	E-S0	0.35	0.024808		0.530	14.0
NGC 1350	Sab	2.60	0.006368		0.502	11.0
NGC 1351	E-S0	2.20	0.005070		0.647	139.0
NGC 1351A	SBbc	0.65	0.004526		0.261	129.0
NGC 1352	S0	0.75	0.014573		0.652	128.0
NGC 1353	Sb	1.47	0.005110		0.404	138.0
NGC 1354	S0-a	0.97	0.006014		0.370	148.0
NGC 1355	S0	0.31	0.013162		0.179	77.0
NGC 1356	Sbc	1.02	0.039350		0.872	167.0
NGC 1357	Sab	2.55	0.006651		0.757	76.0
NGC 1358	S0-a	1.17	0.013446		0.549	125.0
NGC 1359	Sm	1.21	0.006601		0.829	109.0
NGC 136			-0.000174			
NGC 1360			0.000360			
NGC 1361	E-S0	0.84	0.017530		0.677	44.0
NGC 1362	S0	1.17	0.003884		0.900	20.0
NGC 1363	Sbc	0.76	0.032440		0.844	90.0
NGC 1364	Scd	0.51	0.031793		0.895	127.0
NGC 1365	Sb	6.14	0.005476		0.511	20.0
NGC 1366	S0	0.94	0.003949		0.459	4.0
NGC 1367	Sa	3.26			0.668	134.0
NGC 1368	S0-a	0.49	0.032090		0.426	119.0
NGC 1369	S0-a	1.73	0.004747		0.779	9.0
NGC 137	S0	1.38	0.017600		1.000	30.0
NGC 1370	E	0.85	0.003552		0.570	50.0
NGC 1372	E	0.65	0.031273		0.929	50.0
NGC 1373	E	1.14	0.004573		0.950	110.0
NGC 1374	E	2.65	0.004443		0.927	120.0
NGC 1375	S0	1.00	0.002442		0.439	90.0
NGC 1376	Sc	1.79	0.013937		0.962	30.0
NGC 1377	S0	0.95	0.005921		0.459	92.0
NGC 1379	E	2.55	0.004563		0.959	65.0
NGC 138	Sa	0.64	0.039721		0.512	175.0
NGC 1380	S0	2.22			0.485	6.0
NGC 1380A	S0	0.78	0.005240		0.283	176.0
NGC 1381	S0	0.96	0.005917		0.378	139.0
NGC 1382	E-S0	1.36	0.006091		0.683	23.0
NGC 1383	S0	0.82	0.006538		0.410	85.0
NGC 1384	SBc	0.46	0.032763		0.605	151.0
NGC 1385	Sc	2.13	0.005010		0.626	3.0
NGC 1386	S0-a	1.35	0.002905		0.376	25.0
NGC 1387	E-S0	2.89	0.004229		0.960	110.0
NGC 1388	E	0.80	0.014424		0.941	150.0
NGC 1389	E-S0	1.43	0.003336		0.554	28.0
NGC 139	SBab	0.44	0.041533		0.571	0.0
NGC 1390	S0-a	0.51	0.004112		0.352	21.0
NGC 1391	S0	0.61	0.014457		0.504	65.0
NGC 1392	Sc	0.21		Identification as NGC 1392 is very uncertain.	0.700	35.0
NGC 1393	S0	1.22	0.007308		0.649	161.0
NGC 1394	S0	0.59	0.014126		0.391	5.0
NGC 1395	E	3.97	0.005634		0.843	105.0
NGC 1396	E-S0	0.54	0.002945		0.587	90.0
NGC 1397	S0-a	0.68	0.018443		0.708	172.0
NGC 1398	SBab	4.91	0.004639		0.706	100.0
NGC 1399	E	7.69	0.004755		0.904	150.0
NGC 14	IB	1.01	0.002885		0.660	23.0
NGC 140	SBc	0.75	0.021502		0.862	43.0
NGC 1400	E	2.52	0.001769		0.897	43.0
NGC 1401	S0	0.90	0.005114		0.367	132.0
NGC 1402	S0	0.83	0.014016		0.954	90.0
NGC 1403	E-S0	1.34	0.014250		0.882	165.0
NGC 1404	E	4.38	0.006498		0.874	163.0
NGC 1405	S0	0.45	0.005388		0.281	152.0
NGC 1406	SBbc	0.90	0.003606		0.200	17.0
NGC 1407	E	5.27	0.005952		0.920	60.0
NGC 1408				Identification as NGC 1408 is very uncertain.		
NGC 1409	S0	0.64	0.024690		0.780	130.0
NGC 141	S0-a	0.55	0.039360		0.640	165.0
NGC 1410	E	0.62			0.530	99.0
NGC 1411	E-S0	1.76	0.003316		0.718	12.0
NGC 1412	S0	0.45	0.005700		0.425	133.0
NGC 1413	E	0.77	0.031310		0.856	52.0
NGC 1414	SBbc	0.36	0.005290		0.211	170.0
NGC 1415	S0-a	1.51	0.005200		0.404	141.0
NGC 1416	E	1.01	0.007228		0.673	172.0
NGC 1417	SABb	1.35	0.013801		0.536	2.0
NGC 1418	SBb	0.65	0.014170		0.570	7.0
NGC 1419	E	1.32	0.005551		0.892	45.0
NGC 142	SBb	0.39	0.026809		0.402	104.0
NGC 1421	Sbc	0.75	0.006968		0.211	0.0
NGC 1422	SBab	0.61	0.005424		0.243	63.0
NGC 1423	SABa	0.66	0.021170		0.660	16.0
NGC 1424	SABb	0.49	0.018800		0.353	7.0
NGC 1425	Sb	2.15			0.438	130.0
NGC 1426	E	1.92	0.004733		0.671	112.0
NGC 1427	E	2.87	0.004673		0.663	78.0
NGC 1427A	IB	1.42	0.006768		0.628	84.0
NGC 1428	E-S0	0.73	0.005817		0.493	123.0
NGC 1429				Nothing at this position.		
NGC 143	SBb	0.32	0.026835		0.302	21.0
NGC 1431	S0-a	0.67	0.030438		0.736	160.0
NGC 1432		40.00			0.667	
NGC 1433	SBa	2.96	0.003590		0.478	95.0
NGC 1434	S0-a	0.48	0.033650	Identification as NGC 1434 is very uncertain.	0.608	163.0
NGC 1435		30.00			1.000	
NGC 1436	Sab	2.08	0.004350		0.700	152.0
NGC 1437B	Sd	0.86	0.005000		0.300	2.0
NGC 1438	Sa	0.93	0.005124		0.456	67.0
NGC 1439	E	2.83	0.005586		0.956	10.0
NGC 144	Sc	0.78	0.027132		0.951	10.0
NGC 1440	S0	1.99	0.005084		0.760	23.0
NGC 1441	SBb	0.65	0.013936		0.351	89.0
NGC 1444			-0.000123			
NGC 1445	S0	0.62	0.032619		0.805	106.0
NGC 1446				Identification as NGC 1446 is very uncertain.		
NGC 1447	S0	0.58	0.033270		0.674	115.0
NGC 1448	Sc	1.53	0.003895		0.191	41.0
NGC 1449	S0	0.52	0.013613		0.578	5.0
NGC 145	Sd	1.43	0.013875		0.812	116.0
NGC 1450	E-S0	0.73	0.037696		0.802	28.0
NGC 1451	E-S0	0.65	0.013156		0.802	45.0
NGC 1452	S0-a	1.76	0.006131		0.736	30.0
NGC 1453	E	1.87	0.013102		0.760	19.0
NGC 1458				Nothing at this position.		
NGC 1459	SBbc	1.19	0.014019		0.654	161.0
NGC 146			0.000060			
NGC 1460	S0	1.62	0.004620		0.844	85.0
NGC 1461	S0	0.85	0.004800		0.293	157.0
NGC 1462	Sc	0.49	0.033230		0.570	40.0
NGC 1463	Sa	1.09	0.021139		0.865	25.0
NGC 1464	Scd	0.59	0.005801		0.728	44.0
NGC 1465	S0-a	0.44	0.013963		0.219	165.0
NGC 1466		3.50			1.000	
NGC 1467	S0-a	0.67	0.022516		0.545	63.0
NGC 1468	E-S0	0.85	0.032940		0.697	140.0
NGC 1469	E-S0	1.22	0.003649		0.562	150.0
NGC 147	E	5.41	-0.000644		0.576	26.0
NGC 1470	Sab	0.39	0.022100		0.242	166.0
NGC 1472	S0	0.62	0.033010		0.912	110.0
NGC 1473	IB	0.82	0.004659		0.536	45.0
NGC 1474	Sa	0.70	0.017435		0.673	5.0
NGC 1475		0.59	0.033480		0.908	105.0
NGC 1476	Sa	0.54	0.005663		0.360	85.0
NGC 1477	E	0.68	0.033545		0.883	52.0
NGC 1478	S0	0.44	0.033310		0.688	43.0
NGC 1479				Nothing at this position.		
NGC 148	S0	0.71	0.005634		0.359	90.0
NGC 1480				Nothing at this position.		
NGC 1481	E-S0	0.78	0.005774		0.750	132.0
NGC 1482	S0-a	1.43	0.006331		0.581	107.0
NGC 1483	SBbc	1.51	0.003850		0.807	153.0
NGC 1484	SBb	0.68	0.003700		0.249	79.0
NGC 1485	Sb	0.69	0.003623		0.309	21.0
NGC 1486	SABb	0.62	0.024700		0.681	6.0
NGC 1487 NED01	I	2.04	0.002819		0.872	96.0
NGC 1487 NED02	S?	1.70	0.002842		0.457	91.0
NGC 1489	SBb	0.60	0.039323		0.355	19.0
NGC 149	S0	0.49	0.015938		0.538	153.0
NGC 1490	E	1.19	0.018044		0.856	131.0
NGC 1491		6.00			0.667	
NGC 1492	Sa	0.61	0.015191		0.792	14.0
NGC 1493	SBc	3.18	0.003521		0.924	80.0
NGC 1494	Scd	1.86	0.003762		0.530	0.0
NGC 1495	Sc	0.48	0.004269		0.216	104.0
NGC 1496			-0.000048			
NGC 1497	S0	0.65	0.020477		0.528	63.0
NGC 1499		40.00			0.250	
NGC 15	Sa	0.56	0.021051		0.523	30.0
NGC 150	SBb	1.60	0.005258		0.452	117.0
NGC 1500	E	1.13	0.034287		0.758	88.0
NGC 1501			0.000123			
NGC 1502			-0.000054			
NGC 1503	S0-a	0.74	0.019367		0.771	141.0
NGC 1504	E-S0	0.70	0.033231		0.886	40.0
NGC 1505	S0	0.86	0.032931		0.717	69.0
NGC 1506	E-S0	0.98	0.037916		0.616	82.0
NGC 1507	SBd	0.79	0.002878		0.209	12.0
NGC 1508	E?	0.44	0.023980		0.733	25.0
NGC 1509	Sa	0.63	0.030083		0.797	55.0
NGC 151	Sbc	2.31	0.012562		0.618	76.0
NGC 1510	S0	1.13	0.003355		0.856	103.0
NGC 1511	Sab	1.47	0.004465		0.402	123.0
NGC 1511A	SBab	0.41	0.004330		0.222	108.0
NGC 1511B	SBcd	0.25	0.004812		0.180	97.0
NGC 1512	Sa	4.02	0.002782		0.477	63.0
NGC 1513			-0.000049			
NGC 1514			0.000199			
NGC 1515	SABb	1.26	0.003922		0.229	20.0
NGC 1515A	SBb	0.49	0.044485		0.527	55.0
NGC 1516A	SABb	0.55	0.033683		0.611	130.0
NGC 1516B	Sc	1.26			1.000	90.0
NGC 1517	Sc	0.81	0.011628		0.835	160.0
NGC 1518	SBd	1.30	0.003081		0.375	30.0
NGC 1519	SBb	0.90	0.006091		0.364	107.0
NGC 152		3.00			1.000	
NGC 1521	E	2.02	0.013980		0.622	9.0
NGC 1522	S0	0.87	0.003031		0.713	39.0
NGC 1526	SABb	0.56	0.017960		0.651	36.0
NGC 1527	E-S0	1.79	0.003633		0.391	78.0
NGC 1528			-0.000034			
NGC 1529	S0	0.33	0.017250		0.465	164.0
NGC 1530	SBb	1.04	0.008206		0.571	130.0
NGC 1530A	SABb	1.35	0.008272		0.912	100.0
NGC 1531	E-S0	0.90	0.003525		0.600	123.0
NGC 1532	SBb	3.09	0.003908		0.274	33.0
NGC 1533	E-S0	2.04	0.002647		0.624	149.0
NGC 1534	S0-a	1.04	0.017802		0.627	76.0
NGC 1535			-0.000005			
NGC 1536	SBc	1.21	0.004379		0.725	157.0
NGC 1537	E	2.76	0.004540		0.634	102.0
NGC 1538	S0-a	0.45	0.026870	Identification as NGC 1538 is uncertain.	0.682	108.0
NGC 1539	E	0.74	0.018704	Identification as NGC 1539 is uncertain.	0.763	45.0
NGC 154	E	0.90	0.026702		0.891	79.0
NGC 1540	Sa	0.49	0.018541		0.636	150.0
NGC 1540A	Sa	0.38	0.018766		0.679	50.0
NGC 1541	S0-a	0.49	0.016798		0.355	77.0
NGC 1542	Sab	0.40	0.012414		0.328	128.0
NGC 1543	S0	0.86	0.003915		0.235	94.0
NGC 1544	S0-a	0.87	0.015067		0.770	121.0
NGC 1545			-0.000044			
NGC 1546	S0-a	2.50	0.004272		0.672	143.0
NGC 1547	Sbc	0.58	0.031925		0.414	131.0
NGC 1549	E	4.35	0.004093		0.855	138.0
NGC 155	S0	1.29	0.020650		0.866	170.0
NGC 1550	E	1.54	0.012349		0.890	28.0
NGC 1552	S0-a	1.29	0.016672		0.721	104.0
NGC 1553	S0	4.29	0.004026		0.686	150.0
NGC 1555		1.35			0.742	74.0
NGC 1556	Sb	0.58	0.003303		0.379	167.0
NGC 1557			0.000017			
NGC 1558	Sbc	0.95	0.015103		0.311	72.0
NGC 1559	SBc	2.18	0.004336		0.520	63.0
NGC 1560	Scd	1.68	-0.000123		0.202	21.0
NGC 1561	E-S0	0.78	0.030070	HOLM 075B does not exist (it is probably a plate defect).	0.569	167.0
NGC 1562	S0	0.69	0.030740		0.750	80.0
NGC 1563		0.44	0.031190		0.898	74.0
NGC 1564	S0	0.56	0.030700		0.767	33.0
NGC 1565	Sc	0.89	0.030670		0.873	86.0
NGC 1566	SABb	5.00	0.005036		0.692	45.0
NGC 1567	E	1.31	0.015160		0.856	159.0
NGC 1568	S0-a	0.99	0.015791		0.678	139.0
NGC 1569	IB	2.16	-0.000297		0.552	119.0
NGC 157	SABb	1.90	0.005546		0.514	28.0
NGC 1570	E	1.36	0.014760		0.633	0.0
NGC 1572	SBa	0.93	0.020291		0.679	160.0
NGC 1573	E	1.32	0.014056		0.677	35.0
NGC 1574	E-S0	2.32			0.562	2.0
NGC 1575	SABb	1.16	0.031110		0.763	115.0
NGC 1576	E-S0	0.88	0.015870		0.591	102.0
NGC 1578	Sa	0.89	0.020608		0.736	165.0
NGC 1579			0.000037			
NGC 1580	Sbc	0.66	0.014282		0.641	121.0
NGC 1581	E-S0	0.81	0.005344		0.389	82.0
NGC 1582			0.000018			
NGC 1583	E	0.90	0.029622		0.865	95.0
NGC 1584	E-S0	0.76	0.030444		0.800	122.0
NGC 1585	Sc	0.63	0.015603		0.741	168.0
NGC 1586	SBbc	0.85	0.011929		0.506	154.0
NGC 1587	E	1.48	0.012350		0.712	73.0
NGC 1588	E	0.70	0.011650		0.556	167.0
NGC 1589	Sab	0.98	0.012672		0.320	160.0
NGC 159	S0-a	0.57	0.028379		0.407	96.0
NGC 1590	Sc	0.80	0.012999		0.889	110.0
NGC 1591	SBab	0.83	0.013770		0.597	29.0
NGC 1592	I	0.61	0.003158		0.598	97.0
NGC 1593	S0	0.57	0.012640		0.419	129.0
NGC 1594	Sbc	1.18	0.014512		0.707	89.0
NGC 1595	E	1.09	0.015614		0.727	12.0
NGC 1596	S0	1.02	0.004983		0.264	19.0
NGC 1597	E-S0	0.79	0.033390		0.775	93.0
NGC 1598	SBc	0.73	0.017268		0.521	133.0
NGC 1599	SBc	0.77	0.013619		0.939	40.0
NGC 16	E-S0	0.85	0.010214		0.489	17.0
NGC 160	S0-a	0.89	0.017522		0.449	46.0
NGC 1600	E	2.02	0.015824		0.607	5.0
NGC 1601	S0	0.73	0.016668		0.777	89.0
NGC 1602	SBm	0.99	0.005243		0.529	88.0
NGC 1603	S0	0.57	0.017240		0.648	57.0
NGC 1604	S0	0.78	0.014871		0.578	69.0
NGC 1605			-0.000004			
NGC 1606	S0-a	0.49	0.017240		0.860	94.0
NGC 1607	S0-a	0.51	0.014100		0.383	66.0
NGC 1609	S0-a	0.78	0.014360		0.629	103.0
NGC 161	S0	0.72	0.020521		0.529	22.0
NGC 1610	Sab	0.70	0.015430		0.636	156.0
NGC 1611	S0-a	0.48	0.014270		0.267	99.0
NGC 1612	S0-a	0.94	0.016890		0.691	138.0
NGC 1613	S0-a	0.69	0.015100		0.605	28.0
NGC 1614	SBc	0.95	0.015851		0.754	20.0
NGC 1615	E-S0	0.71	0.011308		0.522	107.0
NGC 1616	SABb	1.03	0.015030		0.539	33.0
NGC 1617	SBa	2.50	0.003552		0.477	112.0
NGC 1618	Sb	0.71	0.016675		0.332	22.0
NGC 1620	SABc	0.91	0.011776		0.261	23.0
NGC 1621	E	0.91	0.014955		0.679	98.0
NGC 1622	SABa	0.52	0.016218		0.182	29.0
NGC 1623	S0-a	0.42	0.033483		0.538	16.0
NGC 1625	SBb	0.57	0.016026		0.223	130.0
NGC 1627	Sc	1.37	0.012938		0.830	150.0
NGC 1628	Sb	0.43	0.012349		0.225	6.0
NGC 1629		1.70		In the Large Magellanic Cloud.	1.000	
NGC 163	E	1.32	0.019740		0.923	75.0
NGC 1630	S0-a	0.59	0.030720		0.756	138.0
NGC 1631	S0-a	0.89	0.031185		0.669	54.0
NGC 1632	S0-a	0.36	0.016690		0.493	43.0
NGC 1633	SABa	0.90	0.016545		0.826	5.0
NGC 1634	E	0.46	0.014710		0.687	167.0
NGC 1635	S0-a	1.37	0.010991		0.895	175.0
NGC 1636	Sab	0.97	0.013919		0.782	175.0
NGC 1637	Sc	2.74	0.002380		0.862	16.0
NGC 1638	S0	1.26	0.011211		0.606	67.0
NGC 164		0.49			0.925	70.0
NGC 1640	Sb	2.60	0.005360		0.956	50.0
NGC 1642	Sc	1.43	0.015570		0.861	151.0
NGC 1643	SBbc	0.81	0.016389		0.653	7.0
NGC 1644		1.50			0.833	150.0
NGC 1645	S0-a	0.83	0.016072		0.381	89.0
NGC 1646	E-S0	0.81	0.016068		0.544	155.0
NGC 1647			-0.000008			
NGC 1648	S0	0.53	0.015810		0.631	179.0
NGC 1649		1.50		In the Large Magellanic Cloud.	1.000	0.0
NGC 165	Sbc	1.06	0.019650		0.650	72.0
NGC 1650	E	1.13	0.035995		0.471	168.0
NGC 1651		2.70	0.000761		1.000	
NGC 1653	E	1.68	0.014480		0.939	175.0
NGC 1654	SBa	0.79	0.015127		0.929	5.0
NGC 1655				Nothing at this position.		
NGC 1656	S0-a	0.96	0.012836		0.552	109.0
NGC 1657	SABb	0.85	0.014533		0.739	154.0
NGC 1658	Sbc	0.60	0.017355		0.588	125.0
NGC 1659	Sbc	0.94	0.015234		0.627	51.0
NGC 166	Sa	0.33	0.020100		0.371	149.0
NGC 1660	Sa	0.62	0.020890		0.544	31.0
NGC 1661	Sbc	0.82	0.029727		0.713	36.0
NGC 1662			-0.000046			
NGC 1664			0.000022			
NGC 1665	S0	1.07	0.009156		0.598	56.0
NGC 1666	S0-a	1.26	0.009223		0.933	160.0
NGC 1667	SABc	1.47	0.015204		0.778	3.0
NGC 1668	E-S0	1.04	0.033560		0.658	97.0
NGC 1669	Sa	0.40	0.018789		0.548	101.0
NGC 167	SBc	0.54	0.012806		0.557	171.0
NGC 1670	S0	0.78	0.015341		0.484	68.0
NGC 1671	S0	0.98	0.021270		0.731	127.0
NGC 1672	Sb	5.46	0.004464		0.889	95.0
NGC 1673		0.95		In the Large Magellanic Cloud.	0.950	40.0
NGC 1674				Nothing at this position.		
NGC 1675				Nothing at this position.		
NGC 1676		1.00		In the Large Magellanic Cloud.	0.909	40.0
NGC 1677	S0	0.37	0.009190		0.306	140.0
NGC 1678	S0	0.78	0.015900		0.609	76.0
NGC 1679	SBm	2.23	0.003513		0.726	151.0
NGC 168	S0-a	0.29	0.012889		0.221	27.0
NGC 1680	SBbc	0.54	0.014397		0.406	102.0
NGC 1681	Sb	0.95	0.009150		0.798	80.0
NGC 1682	E-S0	0.80	0.014563		0.816	120.0
NGC 1683	Sa	0.34	0.013310		0.395	163.0
NGC 1684	E	1.66	0.014813		0.651	95.0
NGC 1685	S0-a	0.63	0.015200		0.512	131.0
NGC 1686	Sbc	0.35	0.019047		0.189	27.0
NGC 1687	Sab	0.53	0.018276		0.393	43.0
NGC 1688	SBc	1.67	0.004093		0.676	166.0
NGC 169	Sab	0.66	0.015219		0.431	93.0
NGC 1690	E	0.90	0.029230		0.841	85.0
NGC 1691	S0-a	1.47	0.015384		0.955	30.0
NGC 1692	S0	1.21	0.035071		0.877	173.0
NGC 1693		1.00		In the Large Magellanic Cloud.	0.909	10.0
NGC 1694	S0-a	0.73	0.013060		0.619	31.0
NGC 1695		1.30		In the Large Magellanic Cloud.	0.929	100.0
NGC 1696		1.10		In the Large Magellanic Cloud.	1.000	
NGC 1697		2.30		In the Large Magellanic Cloud.	1.000	
NGC 1698		1.40		In the Large Magellanic Cloud.	0.933	70.0
NGC 1699	Sb	0.74	0.013098		0.718	166.0
NGC 169A	S0-a	0.44	0.015714		0.530	159.0
NGC 17	S0-a	0.39	0.020000		0.339	32.0
NGC 170	E-S0	0.51	0.014277		0.729	82.0
NGC 1700	E	1.98	0.013069		0.637	87.0
NGC 1701	Sb	0.94	0.019565		0.758	136.0
NGC 1702		1.20		In the Large Magellanic Cloud.	1.000	
NGC 1703	SBb	2.51	0.005104		0.937	25.0
NGC 1704		1.60		In the Large Magellanic Cloud.	0.941	70.0
NGC 1705	E-S0	1.44	0.002112		0.770	53.0
NGC 1706	Sab	0.97	0.016708		0.678	129.0
NGC 1708			0.000024			
NGC 1709	S0	0.69	0.015751		0.742	46.0
NGC 171	Sab	1.29	0.013039		0.626	102.0
NGC 1710	E-S0	1.26	0.017329		0.783	19.0
NGC 1711		3.30		In the Large Magellanic Cloud.	0.943	40.0
NGC 1712		3.00		In the Large Magellanic Cloud.	0.750	20.0
NGC 1713	E	1.10	0.014970		0.827	40.0
NGC 1714		1.10		Open cluster involved.  In LMC.	1.000	
NGC 1715		1.00		In the Large Magellanic Cloud.	0.909	130.0
NGC 1716	Sbc	1.12	0.022742		0.848	20.0
NGC 1717	SBa	0.54	0.013991		0.568	162.0
NGC 1718		1.80	0.000929	In the Large Magellanic Cloud.	1.000	
NGC 1719	Sa	0.38	0.013923		0.349	101.0
NGC 172	SBbc	0.40	0.010234		0.196	14.0
NGC 1720	SBab	1.22	0.014003		0.622	85.0
NGC 1721	S0	0.83	0.014918		0.525	130.0
NGC 1722		2.10	0.000834	Within boundaries of LMC	0.840	170.0
NGC 1723	Sa	1.88	0.012468		0.620	68.0
NGC 1725	E-S0	1.30	0.013041		0.935	15.0
NGC 1726	S0	1.82	0.013543		0.628	1.0
NGC 1727		2.00			0.714	90.0
NGC 1728	Sa	0.80	0.012632		0.645	179.0
NGC 1729	Sc	1.46	0.012241		0.807	9.0
NGC 173	Sc	1.54	0.014665		0.737	94.0
NGC 1730	Sa	0.96	0.013176		0.421	100.0
NGC 1731		4.50		In the Large Magellanic Cloud.	0.938	90.0
NGC 1732		1.00		In the Large Magellanic Cloud.	0.909	50.0
NGC 1733		1.40		In the Large Magellanic Cloud.	0.933	20.0
NGC 1734		1.10		In the Large Magellanic Cloud.	0.917	50.0
NGC 1735		1.50		In the Large Magellanic Cloud.	0.833	140.0
NGC 1736		1.40		In the Large Magellanic Cloud.	0.737	170.0
NGC 1737		0.95		In large complex in the Large Magellanic Cloud.	0.864	110.0
NGC 1738	SBbc	0.81	0.013269		0.600	36.0
NGC 1739	SBbc	0.72	0.013190		0.480	104.0
NGC 174	S0-a	0.69	0.011800		0.439	150.0
NGC 1740	E-S0	1.10	0.013630		0.615	68.0
NGC 1741	Sm	0.62	0.013592		0.512	65.0
NGC 1741B	Scd	0.46	0.014011		0.495	42.0
NGC 1743		0.85		In the Large Magellanic Cloud.	0.895	130.0
NGC 1744	SBcd	1.99	0.002477		0.377	169.0
NGC 1745		1.10		In the Large Magellanic Cloud.	0.917	90.0
NGC 1746			0.000007			
NGC 1747		4.40		In the Large Magellanic Cloud.	1.000	
NGC 1748		0.80		In large complex in the Large Magellanic Cloud.	0.889	100.0
NGC 1749		1.30		In the Large Magellanic Cloud.	0.867	50.0
NGC 1750			-0.000035			
NGC 1751		1.50	0.000819	In the Large Magellanic Cloud.	0.938	60.0
NGC 1752	Sc	0.83	0.012016		0.281	79.0
NGC 1753	SBa	0.42	0.013068		0.318	0.0
NGC 1754		1.60			1.000	
NGC 1755		1.90		In the Large Magellanic Cloud.	0.864	130.0
NGC 1756		1.30		In the Large Magellanic Cloud.	0.929	130.0
NGC 1757				Nothing at this position.		
NGC 1759	E	1.48	0.055922		0.759	148.0
NGC 176		1.20		In the Small Magellanic Cloud.	1.000	
NGC 1760		2.10		In the Large Magellanic Cloud.	0.412	80.0
NGC 1761		3.00		In the Large Magellanic Cloud.	0.714	110.0
NGC 1762	Sc	1.12	0.015721		0.640	177.0
NGC 1763		3.60		Stars involved; in the Large Magellanic Cloud.	0.692	70.0
NGC 1764		1.10		In the Large Magellanic Cloud.	1.000	
NGC 1765	E	0.96	0.029210		0.814	129.0
NGC 1766		0.90		In the Large Magellanic Cloud.	0.900	30.0
NGC 1767		1.20			0.923	30.0
NGC 1768		0.55		In the Large Magellanic Cloud.	0.846	50.0
NGC 1769		2.60		In the Large Magellanic Cloud.	0.634	60.0
NGC 177	Sab	0.50	0.012822		0.237	10.0
NGC 1770		4.10			1.000	
NGC 1771	SABc	0.59	0.016732		0.303	134.0
NGC 1772		1.40		In the Large Magellanic Cloud.	0.933	30.0
NGC 1773		2.10			0.778	30.0
NGC 1774		1.50		In the Large Magellanic Cloud.	0.882	60.0
NGC 1775		0.90		In the Large Magellanic Cloud.	0.900	80.0
NGC 1776		1.20		In the Large Magellanic Cloud.	0.923	40.0
NGC 1777		2.40		In the Large Magellanic Cloud.	1.000	
NGC 1778			0.000025			
NGC 1779	S0-a	1.19	0.010900		0.446	112.0
NGC 178	SBm	0.58	0.004863		0.275	4.0
NGC 1780	S0	0.53	0.015999		0.576	86.0
NGC 1781	S0	1.10	0.016658		0.866	76.0
NGC 1782		1.10		In the Large Magellanic Cloud.	0.917	110.0
NGC 1783		4.70		In the Large Magellanic Cloud.	0.887	60.0
NGC 1784	Sc	1.79	0.007787		0.448	96.0
NGC 1785		1.20	0.000032	Chain of 5 to 10 stars superposed on the Large Magellanic Cloud.	0.600	130.0
NGC 1786		2.00		In the Large Magellanic Cloud.	1.000	
NGC 1787		14.00		In the Large Magellanic Cloud.	0.583	140.0
NGC 1788		2.00			1.000	
NGC 1789		1.80		In the Large Magellanic Cloud.	1.000	
NGC 179	E	0.96	0.020041		0.857	111.0
NGC 1791		1.00		In the Large Magellanic Cloud.	0.833	30.0
NGC 1792	Sbc	2.76	0.004059		0.500	136.0
NGC 1793		1.10		In the Large Magellanic Cloud.	0.846	130.0
NGC 1795		1.30		In the Large Magellanic Cloud.	0.929	170.0
NGC 1796	SBc	0.96	0.003389		0.497	101.0
NGC 1796A	Sab	0.50	0.029010		0.391	151.0
NGC 1796B	Sbc	0.25	0.019210		0.223	25.0
NGC 1797	SBa	0.77	0.014904		0.647	60.0
NGC 1798			0.000009			
NGC 1799	S0	0.57	0.014820		0.456	105.0
NGC 180	Sc	1.48	0.017652		0.673	163.0
NGC 1800	S?	1.16	0.002720		0.748	112.0
NGC 1801		1.90		In the Large Magellanic Cloud.	0.864	160.0
NGC 1803	SBbc	0.58	0.013686		0.624	61.0
NGC 1804		0.85		In the Large Magellanic Cloud.	0.895	170.0
NGC 1805		1.60	0.001302	In the Large Magellanic Cloud.	0.889	80.0
NGC 1806		2.50		In the Large Magellanic Cloud.	1.000	
NGC 1808	Sa	1.83	0.003343		0.338	135.0
NGC 1809	Sc	1.44	0.004353		0.385	143.0
NGC 181	S0-a	0.25	0.018466		0.291	152.0
NGC 1810		1.10		In the Large Magellanic Cloud.	0.917	30.0
NGC 1811	Sa	0.42	0.012735		0.243	60.0
NGC 1812	Sa	0.86	0.013059		0.677	7.0
NGC 1813		0.90		In the Large Magellanic Cloud.	0.947	140.0
NGC 1814		1.10			0.917	10.0
NGC 1815		1.00		In the Large Magellanic Cloud.	0.833	60.0
NGC 1816		0.75		In the Large Magellanic Cloud.	0.833	0.0
NGC 1817			0.000221			
NGC 1818		2.70		In the Large Magellanic Cloud.	0.871	130.0
NGC 1819	S0	1.05	0.014880		0.686	117.0
NGC 182	SABa	1.30	0.017455		0.699	78.0
NGC 1820		5.40		In the Large Magellanic Cloud.	0.771	20.0
NGC 1821	I	0.86	0.012159		0.683	95.0
NGC 1822		1.00		In the Large Magellanic Cloud.	0.833	100.0
NGC 1823		0.90		In the Large Magellanic Cloud.	0.900	10.0
NGC 1824	SBm	0.83	0.004210		0.388	164.0
NGC 1825		0.90		In the Large Magellanic Cloud.	0.900	40.0
NGC 1826		1.10		In the Large Magellanic Cloud.	0.917	60.0
NGC 1827	Sc	0.65	0.003469		0.201	120.0
NGC 1828		1.10		In the Large Magellanic Cloud.	0.917	170.0
NGC 1829		1.60			0.889	20.0
NGC 183	E	0.75	0.017712		0.735	129.0
NGC 1830		1.20		In the Large Magellanic Cloud.	0.923	60.0
NGC 1831		3.20		In the Large Magellanic Cloud.	0.842	170.0
NGC 1832	Sbc	0.94	0.006462		0.382	13.0
NGC 1833		1.10			0.688	60.0
NGC 1834		0.85		In the Large Magellanic Cloud.	0.895	100.0
NGC 1835		2.00		In the Large Magellanic Cloud.	0.870	80.0
NGC 1836		1.40		In the Large Magellanic Cloud.	0.933	50.0
NGC 1837		1.50		In the Large Magellanic Cloud.	0.789	10.0
NGC 1838		1.20		In the Large Magellanic Cloud.	0.923	20.0
NGC 1839		1.60		In the Large Magellanic Cloud.	1.000	
NGC 184	Sab	0.27	0.017532		0.370	8.0
NGC 1840		0.70		In the Large Magellanic Cloud.	0.875	80.0
NGC 1841		4.00	0.000702		1.000	
NGC 1842		1.50		In the Large Magellanic Cloud.	1.000	
NGC 1843	SABc	1.42	0.008728		0.789	123.0
NGC 1844		1.60		In the Large Magellanic Cloud.	1.000	
NGC 1845		5.60		Superposed on the LMC.	0.629	30.0
NGC 1846		3.80	0.000785	In the Large Magellanic Cloud.	1.000	
NGC 1847		1.60		In the Large Magellanic Cloud.	0.889	0.0
NGC 1848		2.00		In the Large Magellanic Cloud.	0.909	140.0
NGC 1849		1.50		In the Large Magellanic Cloud.	1.000	
NGC 185	E	10.76	-0.000680		0.832	38.0
NGC 1850		3.00		Globular cluster in the Large Magellanic Cloud.	1.000	
NGC 1851			0.001069			
NGC 1852		1.90		In the Large Magellanic Cloud.	1.000	
NGC 1853	SBcd	0.52	0.004759		0.340	39.0
NGC 1854		2.30		In the Large Magellanic Cloud.	1.000	
NGC 1855				Stellar association in the LMC surrounds the star cluster NGC 1854.		
NGC 1856		2.40		In the Large Magellanic Cloud.	0.889	90.0
NGC 1857			0.000002			
NGC 1858		2.60		Open cluster involved.  In the Large Magellanic Cloud.	0.591	170.0
NGC 1859		1.50		In the Large Magellanic Cloud.	1.000	
NGC 186	S0-a	0.83	0.015414		0.597	25.0
NGC 1860		1.10		In the Large Magellanic Cloud.	1.000	
NGC 1861		1.50		In the Large Magellanic Cloud.	1.000	
NGC 1862		0.75		In the Large Magellanic Cloud.	0.833	10.0
NGC 1863		1.20			0.857	50.0
NGC 1864		0.95		In the Large Magellanic Cloud.	0.864	110.0
NGC 1865		1.40			1.000	
NGC 1866		5.50		In the Large Magellanic Cloud.	1.000	
NGC 1867		1.40		In the Large Magellanic Cloud.	0.933	120.0
NGC 1868		2.70		In the Large Magellanic Cloud.	1.000	90.0
NGC 1869		1.40			0.700	100.0
NGC 187	SBc	0.49	0.013100		0.320	149.0
NGC 1870		1.00		In the Large Magellanic Cloud.	0.909	10.0
NGC 1871		1.60			0.696	60.0
NGC 1872		1.70		In the Large Magellanic Cloud.	1.000	
NGC 1873		2.20			0.786	120.0
NGC 1874		1.10		In the Large Magellanic Cloud.	0.786	100.0
NGC 1875	E	0.69	0.030475		0.873	47.0
NGC 1876		1.50		Star cluster involved; in the Large Magellanic Cloud.	1.000	
NGC 1877		0.60		In the Large Magellanic Cloud.	0.545	130.0
NGC 1878		1.00		In the Large Magellanic Cloud.	0.909	50.0
NGC 1879	SBm	1.67	0.004151		0.690	60.0
NGC 188			-0.000139			
NGC 1880		1.00		In the Large Magellanic Cloud.	0.833	140.0
NGC 1881		0.85		In the Large Magellanic Cloud.	0.708	160.0
NGC 1882		1.40		In the Large Magellanic Cloud.	0.875	20.0
NGC 1883			-0.000103			
NGC 1884				Nothing at this position.		
NGC 1885		1.20		In the Large Magellanic Cloud.	0.857	130.0
NGC 1886	Sbc	0.35	0.005871		0.109	61.0
NGC 1887		1.50		In the Large Magellanic Cloud.	1.000	
NGC 1888	SBc	1.31	0.009192		0.395	148.0
NGC 1889	E	0.37	0.008317		0.587	165.0
NGC 189			-0.000096			
NGC 1890		1.00		In the Large Magellanic Cloud.	0.909	70.0
NGC 1892	Sc	1.02	0.004537		0.303	75.0
NGC 1893			-0.000012			
NGC 1894		1.20		In the Large Magellanic Cloud.	0.857	60.0
NGC 1895		1.30		In the Large Magellanic Cloud.	0.929	40.0
NGC 1897		1.00		In the Large Magellanic Cloud.	0.909	170.0
NGC 1898		1.60		In the Large Magellanic Cloud.	1.000	
NGC 1899		1.00		In the Large Magellanic Cloud.	0.909	20.0
NGC 19	SBbc	0.60	0.016018		0.496	41.0
NGC 190 NED01	Sab	0.76	0.041373		0.817	175.0
NGC 190 NED02	E	0.71	0.042564		0.986	
NGC 1900		1.60		In the Large Magellanic Cloud.	0.889	100.0
NGC 1901			-0.000005	Superposed on the Large Magellanic Cloud.		
NGC 1902		1.70		In the Large Magellanic Cloud.	1.000	
NGC 1903		1.90		In the Large Magellanic Cloud.	1.000	
NGC 1905		0.95		In the Large Magellanic Cloud.	1.000	
NGC 1906	Sc	0.74	0.009955		0.718	154.0
NGC 1907			0.000009			
NGC 1908				Nothing at this position.		
NGC 1909		60.00		Identification as NGC 1909 is uncertain.	0.333	
NGC 191	Sc	0.71	0.020264		0.710	100.0
NGC 1910		2.80		In the Large Magellanic Cloud.	0.778	120.0
NGC 1911		0.60			1.000	
NGC 1913		1.10		In the Large Magellanic Cloud.	0.846	150.0
NGC 1914		1.20		Nebulosity involved.  In the Large Magellanic Cloud.	0.800	150.0
NGC 1915		0.55		Identification as NGC 1915 is uncertain; NGC 1915 may be NGC 1919.	0.917	140.0
NGC 1916		2.10		In the Large Magellanic Cloud.	1.000	
NGC 1917		1.70		In the Large Magellanic Cloud.	1.000	
NGC 1918		1.70		In the Large Magellanic Cloud.	0.436	120.0
NGC 1919		1.20		In the Large Magellanic Cloud.  This may also be NGC 1915.	0.857	50.0
NGC 191A	S0	0.30	0.020380		0.345	147.0
NGC 192	Sa	0.82	0.014470		0.398	165.0
NGC 1920		1.10		In the Large Magellanic Cloud.  This may also be NGC 1911.	0.917	100.0
NGC 1921		0.90			0.900	20.0
NGC 1922		0.90		In the Large Magellanic Cloud.	0.900	30.0
NGC 1923		0.85			0.895	80.0
NGC 1924	SBbc	1.15	0.008469		0.719	133.0
NGC 1925		6.00		In the Large Magellanic Cloud.	1.000	
NGC 1926		1.20		In the Large Magellanic Cloud.	0.857	120.0
NGC 1928		1.30		In the Large Magellanic Cloud.	1.000	
NGC 1929		1.10		In large complex in the Large Magellanic Cloud.	0.917	90.0
NGC 193	E-S0	1.45	0.014250		0.700	55.0
NGC 1930	E-S0	1.18	0.014176		0.599	36.0
NGC 1932				Superposed on the Large Magellanic Cloud.		
NGC 1933		1.30		In the Large Magellanic Cloud.	1.000	
NGC 1934		1.30		In the Large Magellanic Cloud.	0.684	150.0
NGC 1935		1.20		Part of a large star-formation complex in the LMC.	1.000	
NGC 1936		1.00		Part of a large star-formation complex in the LMC.	1.000	
NGC 1937		2.00		In large complex in the Large Magellanic Cloud.	0.625	70.0
NGC 1938		0.80		In the Large Magellanic Cloud.	0.889	90.0
NGC 1939		1.30		In the Large Magellanic Cloud.	0.929	80.0
NGC 194	E	1.50	0.017259		0.867	42.0
NGC 1940		1.20		In the Large Magellanic Cloud.	1.000	
NGC 1941		0.80		Stars involved.  In the Large Magellanic Cloud.	0.889	100.0
NGC 1942		1.90	0.000980	In the Large Magellanic Cloud.	1.000	
NGC 1943		1.00		In the Large Magellanic Cloud.	0.909	140.0
NGC 1944		2.70		In the Large Magellanic Cloud.	1.000	
NGC 1945		6.00		In the Large Magellanic Cloud.	0.600	60.0
NGC 1946		0.90		In the Large Magellanic Cloud.	0.900	130.0
NGC 1947	E-S0	3.18	0.003803		0.914	89.0
NGC 1948		5.70			0.814	30.0
NGC 1949		0.90		Within boundaries of LMC	0.947	100.0
NGC 195	Sa	0.74	0.016330		0.607	68.0
NGC 1950		1.70		In the Large Magellanic Cloud.	1.000	
NGC 1951		1.50		In the Large Magellanic Cloud.	0.882	20.0
NGC 1953		1.20		In the Large Magellanic Cloud.	1.000	
NGC 1954	Sbc	1.86	0.010526		0.514	149.0
NGC 1955		3.60		In the Large Magellanic Cloud.	0.900	20.0
NGC 1956	Sa	0.95	0.016158		0.543	64.0
NGC 1957	E-S0	0.82	0.010941		0.943	65.0
NGC 1958		1.50		In the Large Magellanic Cloud.	1.000	
NGC 1959		1.60		In the Large Magellanic Cloud.	1.000	
NGC 196	S0	0.92	0.014140		0.724	10.0
NGC 1961	SABb	3.10	0.013056		0.701	85.0
NGC 1962		1.40		Within boundaries of LMC	1.000	
NGC 1964	SABb	2.33	0.005538		0.452	31.0
NGC 1965		1.10		In the Large Magellanic Cloud.	0.917	
NGC 1966		1.00		In the Large Magellanic Cloud.	0.909	30.0
NGC 1967		0.90		In the Large Magellanic Cloud.	0.947	100.0
NGC 1968		2.70		In the Large Magellanic Cloud.	0.540	70.0
NGC 1969		1.20		In the Large Magellanic Cloud.	1.000	
NGC 197	S0-a	0.72	0.014213		0.766	35.0
NGC 1970		1.50		In the Large Magellanic Cloud.	1.000	
NGC 1971		0.95		In the Large Magellanic Cloud.	0.864	0.0
NGC 1972		0.80		In the Large Magellanic Cloud.	0.889	100.0
NGC 1973		5.00			1.000	
NGC 1974		1.60		Within boundaries of LMC	1.000	
NGC 1975		5.00			0.500	
NGC 1978		2.70		Within boundaries of LMC	0.675	160.0
NGC 1979	E-S0	1.81	0.005831		0.963	145.0
NGC 198	Sc	1.17	0.017572		0.914	35.0
NGC 1980			0.000077			
NGC 1981			0.000093			
NGC 1983		3.00		In the Large Magellanic Cloud.	0.750	150.0
NGC 1984		1.20		Within boundaries of LMC	0.800	60.0
NGC 1985		0.68			1.000	
NGC 1986		2.40		In the Large Magellanic Cloud.	0.857	140.0
NGC 1987		1.70		In the Large Magellanic Cloud.	1.000	90.0
NGC 1989	E-S0	1.18	0.035858		0.686	93.0
NGC 199	S0	0.69	0.015350		0.605	160.0
NGC 1990			0.000003			
NGC 1992	S0-a	0.69	0.035278		0.566	51.0
NGC 1993	E-S0	0.87	0.010512		0.551	77.0
NGC 1994		1.50		Within boundaries of LMC	0.938	170.0
NGC 1997		1.80		In the Large Magellanic Cloud.	1.000	
NGC 1998	S0-a	0.47	0.015110		0.495	16.0
NGC 1999		2.00			1.000	
NGC 2	Sab	0.47	0.025004		0.495	110.0
NGC 200	Sbc	1.02	0.017195		0.567	163.0
NGC 2000		1.50		In the Large Magellanic Cloud.	0.938	150.0
NGC 2001		3.60		In the Large Magellanic Cloud.	0.493	40.0
NGC 2002		1.70	0.001031	This is a globular cluster in the Large Magellanic Cloud.	0.895	20.0
NGC 2003		1.40		In the Large Magellanic Cloud.	0.824	70.0
NGC 2004		2.80		In the Large Magellanic Cloud.	0.933	90.0
NGC 2005		1.60		In the Large Magellanic Cloud.	1.000	
NGC 2006		1.40		This is a stellar association in the LMC.	0.875	140.0
NGC 2007	SBc	0.51	0.015306		0.333	81.0
NGC 2008	Sc	0.62	0.034387		0.504	95.0
NGC 2009		1.20		Within boundaries of LMC	0.857	10.0
NGC 201	Sc	1.32	0.014610		0.772	146.0
NGC 2010		1.70		In the Large Magellanic Cloud.	0.895	170.0
NGC 2011		1.00		In the Large Magellanic Cloud.	1.000	
NGC 2012	E-S0	0.76	0.016088		0.589	113.0
NGC 2014		3.50		In the Large Magellanic Cloud.	0.686	60.0
NGC 2015		4.00		In the Large Magellanic Cloud.	0.851	110.0
NGC 2016		1.80		In the Large Magellanic Cloud.	1.000	
NGC 2017			0.000073			
NGC 2018		1.70		In the Large Magellanic Cloud.  ESO identification of NGC 2018 is wrong.	0.607	170.0
NGC 2019		1.50	0.000936	In the Large Magellanic Cloud.	1.000	
NGC 202	S0-a	0.33	0.013399		0.344	153.0
NGC 2020		2.90		In the Large Magellanic Cloud.	0.906	50.0
NGC 2021		0.90		In the Large Magellanic Cloud.	1.000	
NGC 2022			0.000047			
NGC 2023		8.00			0.800	
NGC 2024		30.00	0.000029		1.000	
NGC 2025		1.90		In the Large Magellanic Cloud.	1.000	
NGC 2027		2.80		In the Large Magellanic Cloud.	0.609	100.0
NGC 2028		1.00		In the Large Magellanic Cloud.	0.909	60.0
NGC 2029		0.85			0.773	60.0
NGC 203	S0	0.27	0.017515		0.276	85.0
NGC 2030		1.70		In the Large Magellanic Cloud.  NGC coordinates switched with NGC 2029.	1.000	
NGC 2031		2.80		In the Large Magellanic Cloud.	0.848	150.0
NGC 2032		1.40		In the Large Magellanic Cloud.	0.500	30.0
NGC 2033		4.60		In the Large Magellanic Cloud.  ESO identification of NGC 2033 is wrong.	0.780	10.0
NGC 2034		3.20		In the Large Magellanic Cloud.	0.711	
NGC 2035		1.30			0.722	20.0
NGC 2036		1.60		In the Large Magellanic Cloud.	1.000	
NGC 2037		1.30		In the Large Magellanic Cloud.	0.448	170.0
NGC 2038		1.50		In the Large Magellanic Cloud.	0.938	120.0
NGC 204	S0	1.09	0.018150		0.779	22.0
NGC 2040		1.70		In the Large Magellanic Cloud.	0.810	160.0
NGC 2041		2.60		In the Large Magellanic Cloud.	1.000	
NGC 2042		4.50		ESO-B RA is -18 seconds in error.  In the Large Magellanic Cloud.	1.000	
NGC 2043		0.55		In the Large Magellanic Cloud.	0.846	120.0
NGC 2044		4.50		In the Large Magellanic Cloud.	0.818	100.0
NGC 2045			0.000009			
NGC 2046		1.00		In the Large Magellanic Cloud.	0.909	110.0
NGC 2047		0.90		In the Large Magellanic Cloud.	0.947	90.0
NGC 2048		1.00		Within boundaries of LMC	0.714	100.0
NGC 2049	Sa	0.97	0.009887		0.453	167.0
NGC 2050		2.40		In the Large Magellanic Cloud.	0.800	70.0
NGC 2051		1.50		In the Large Magellanic Cloud.	1.000	
NGC 2052		12.00		In the Large Magellanic Cloud.	0.667	
NGC 2053		1.30		In the Large Magellanic Cloud.	0.867	10.0
NGC 2055		1.30		Within boundaries of LMC	0.684	120.0
NGC 2056		1.50		In the Large Magellanic Cloud.	1.000	
NGC 2057		1.20		In the Large Magellanic Cloud.	0.923	20.0
NGC 2058		2.10		In the Large Magellanic Cloud.	1.000	
NGC 2059		1.00		In the Large Magellanic Cloud.	0.909	170.0
NGC 2060		2.00		Open cluster involved; in the Large Magellanic Cloud.	0.909	160.0
NGC 2062		1.10		In the Large Magellanic Cloud.	0.917	20.0
NGC 2064		10.00			1.000	
NGC 2065		2.30		In the Large Magellanic Cloud.	1.000	
NGC 2066		0.90		In the Large Magellanic Cloud.	0.900	140.0
NGC 2067		3.00		The NGC identification is not certain.	0.375	
NGC 2069		2.20		Part of the 30 Doradus complex in the Large Magellanic Cloud.	0.440	30.0
NGC 207	Sa	0.49	0.013350		0.538	84.0
NGC 2070		16.00	0.000838	In the Large Magellanic Cloud.	1.000	
NGC 2071		5.00	0.000213		0.714	
NGC 2072		0.90		In the Large Magellanic Cloud.	0.900	110.0
NGC 2073	E-S0	1.38	0.010100		0.958	110.0
NGC 2074		3.40		Open cluster involved; in the Large Magellanic Cloud.	0.850	50.0
NGC 2075		1.80		Open cluster involved; in the Large Magellanic Cloud.	0.818	30.0
NGC 2076	S0-a	1.50	0.007145		0.595	44.0
NGC 2077		1.30		In the Large Magellanic Cloud.	1.000	
NGC 2078		1.10		Part of the NGC 2079 complex in the Large Magellanic Cloud.	0.917	0.0
NGC 2079		0.95		Brightest in complex of seven nebulae in the Large Magellanic Cloud.	0.864	160.0
NGC 208	Sa	0.65	0.017058		0.844	137.0
NGC 2080		1.50		In LMC. Identified as an HII region in PKSCAT90 (version 1.01).	0.882	130.0
NGC 2081		6.00			0.706	70.0
NGC 2082	SBb	1.86	0.003963		0.903	50.0
NGC 2083		1.80		Part of the NGC 2079 complex in the Large Magellanic Cloud.	0.900	70.0
NGC 2084		1.20		Part of the NGC 2079 complex in the Large Magellanic Cloud.	0.706	40.0
NGC 2085		0.95		In the Large Magellanic Cloud.	1.000	
NGC 2086		0.80		In the Large Magellanic Cloud.	0.941	70.0
NGC 2087	SBa	0.59	0.014910		0.728	133.0
NGC 2088		1.40		In the Large Magellanic Cloud.	0.933	10.0
NGC 2089	E-S0	1.08	0.009490		0.491	42.0
NGC 209	E-S0	0.99	0.013200		0.868	6.0
NGC 2090	Sc	1.67	0.003079		0.374	17.0
NGC 2091		1.20		In the Large Magellanic Cloud.	0.923	80.0
NGC 2092		0.90		In the Large Magellanic Cloud.	0.900	90.0
NGC 2093		1.30		In the Large Magellanic Cloud.	0.867	170.0
NGC 2094		0.75		In the Large Magellanic Cloud.	0.882	10.0
NGC 2095		1.40		In the Large Magellanic Cloud.	0.933	140.0
NGC 2096		0.90		In the Large Magellanic Cloud.	0.818	160.0
NGC 2097		1.90		In the Large Magellanic Cloud.	1.000	
NGC 2098		2.00		In the Large Magellanic Cloud.	0.909	140.0
NGC 21	Sbc	0.63	0.015801		0.457	150.0
NGC 210	SABb	3.02	0.005446		0.606	163.0
NGC 2100		2.50		In the Large Magellanic Cloud.	1.000	
NGC 2101	IB	0.65	0.003960		0.524	94.0
NGC 2102		0.85		In the Large Magellanic Cloud.	1.000	
NGC 2103		3.50		In the Large Magellanic Cloud.	0.875	40.0
NGC 2104	SBm	0.91	0.003863		0.429	162.0
NGC 2105		1.50		In the Large Magellanic Cloud.	0.882	160.0
NGC 2106	S0	1.22	0.006394		0.502	106.0
NGC 2107		1.70		In the Large Magellanic Cloud.	1.000	
NGC 2108		1.80		In the Large Magellanic Cloud.	1.000	
NGC 2109		1.60		In the Large Magellanic Cloud.	1.000	
NGC 2110	E-S0	1.45	0.007579		0.792	175.0
NGC 2111		1.40		In the Large Magellanic Cloud.	0.933	60.0
NGC 2112			0.000103			
NGC 2113		1.10		Open cluster involved; in the Large Magellanic Cloud.	1.000	
NGC 2114		1.20		In the Large Magellanic Cloud.	0.857	30.0
NGC 2115A	E	1.06	0.023220		0.876	59.0
NGC 2115B	S0-a	0.47	0.023320		0.825	43.0
NGC 2116		1.10		In the Large Magellanic Cloud.	0.917	160.0
NGC 2117		1.80		In the Large Magellanic Cloud.	0.900	90.0
NGC 2118		1.60		In the Large Magellanic Cloud.	1.000	
NGC 2119	E	0.99	0.011888		0.786	145.0
NGC 212	E-S0	1.42	0.027829		0.743	122.0
NGC 2120		2.20		In the Large Magellanic Cloud.	1.000	
NGC 2121		2.20	0.000776	In the Large Magellanic Cloud.	0.815	30.0
NGC 2122		5.00		Open cluster involved; in the Large Magellanic Cloud.	0.833	50.0
NGC 2123		1.50		In the Large Magellanic Cloud.	1.000	
NGC 2124	Sb	0.81	0.009909		0.285	4.0
NGC 2125		1.10		In the Large Magellanic Cloud.	1.000	
NGC 2127		1.50		In the Large Magellanic Cloud.	1.000	
NGC 2128	E-S0	1.01	0.010500		0.701	63.0
NGC 2129			0.000039			
NGC 213	Sa	1.11	0.018259		0.771	100.0
NGC 2130		1.30		In the Large Magellanic Cloud.	0.929	160.0
NGC 2131	IB	0.49	0.005581		0.422	119.0
NGC 2133		1.60		In the Large Magellanic Cloud.	1.000	
NGC 2134		2.80		In the Large Magellanic Cloud.	1.000	
NGC 2135		1.50		In the Large Magellanic Cloud.	1.000	
NGC 2136		2.50		In the Large Magellanic Cloud.	0.893	140.0
NGC 2137		1.00		In the Large Magellanic Cloud.	0.909	30.0
NGC 2138		1.20		In the Large Magellanic Cloud.	1.000	
NGC 2139	Sc	2.16	0.006135		0.735	124.0
NGC 214	SABc	1.30	0.015252		0.695	42.0
NGC 2140		1.50		In the Large Magellanic Cloud.	1.000	
NGC 2141			0.000090			
NGC 2142			0.000014			
NGC 2144	Sa	1.15	0.016053		0.788	86.0
NGC 2145		1.50		In the Large Magellanic Cloud.	1.000	
NGC 2146	SBab	4.32	0.002975		0.814	123.0
NGC 2146A	SABc	1.10	0.004983		0.404	32.0
NGC 2147		0.95		In the Large Magellanic Cloud.	1.000	
NGC 2148	Sb	0.82	0.034460		0.701	157.0
NGC 2149		2.00			0.667	
NGC 215	E-S0	0.92	0.027696		0.800	118.0
NGC 2150	Sab	0.61	0.015018		0.530	130.0
NGC 2151		1.30		In the Large Magellanic Cloud.	1.000	
NGC 2152	SBa	0.77	0.028430		0.688	71.0
NGC 2153		1.50		In the Large Magellanic Cloud.	1.000	
NGC 2154		2.40		In the Large Magellanic Cloud.	1.000	
NGC 2155		2.40	0.001032	In the Large Magellanic Cloud.	1.000	
NGC 2156		2.10		In the Large Magellanic Cloud.	1.000	
NGC 2157		2.80		In the Large Magellanic Cloud.	1.000	
NGC 2158			0.000091			
NGC 2159		1.90		In the Large Magellanic Cloud.	1.000	
NGC 216	S0	0.63	0.005283		0.467	27.0
NGC 2160		1.40		In the Large Magellanic Cloud.	1.000	
NGC 2161		2.30		In the Large Magellanic Cloud.	1.000	
NGC 2162		3.00	0.001077	In the Large Magellanic Cloud.	1.000	
NGC 2163		2.00			0.667	
NGC 2164		2.80		In the Large Magellanic Cloud.	1.000	
NGC 2166		1.40		In the Large Magellanic Cloud.	1.000	
NGC 2167			-0.000040			
NGC 2169			0.000077			
NGC 217	SBa	0.69	0.013243		0.216	113.0
NGC 2170		2.00			1.000	
NGC 2171				Nonexistent object.  Perhaps an LMC star cloud with RA error?		
NGC 2172		1.70		In the Large Magellanic Cloud.	1.000	
NGC 2173		2.60	0.000792	In the Large Magellanic Cloud.	1.000	
NGC 2174		30.00			0.750	
NGC 2175			0.000077			
NGC 2176		1.00		In the Large Magellanic Cloud.	0.909	20.0
NGC 2177		1.40		In the Large Magellanic Cloud.	0.933	160.0
NGC 2178	E	1.00	0.027517		0.787	73.0
NGC 2179	S0-a	1.44	0.009283		0.724	165.0
NGC 218	Sc	0.71	0.037310		0.538	46.0
NGC 2181		1.50		In the Large Magellanic Cloud.	1.000	
NGC 2182		2.00			0.667	
NGC 2183			0.000080			
NGC 2184			0.000140			
NGC 2185		2.00			1.000	
NGC 2186			0.000067			
NGC 2187A	S0-a	1.66	0.013220		0.472	75.0
NGC 2187B	E	2.18	0.015189		0.816	87.0
NGC 2188	SBm	1.33			0.245	177.0
NGC 2189				Two groups of Galactic stars, not clusters.  ID as NGC 2189 is uncertain.		
NGC 219	E	0.46	0.018190		0.780	177.0
NGC 2190		2.20		In the Large Magellanic Cloud.	1.000	
NGC 2191	S0	0.86	0.015365		0.486	122.0
NGC 2193		1.70	0.000972	In the Large Magellanic Cloud.	1.000	
NGC 2194			0.000025			
NGC 2196	Sa	2.16	0.007750		0.780	45.0
NGC 2197		1.60		In the Large Magellanic Cloud.	0.889	80.0
NGC 2198				Nothing at this position.		
NGC 2199	Sa	0.88	0.015124		0.398	38.0
NGC 22	Sb	0.74	0.027676		0.612	155.0
NGC 220		1.20		In the Small Magellanic Cloud.	1.000	
NGC 2200	SBc	0.94	0.015742		0.777	168.0
NGC 2201	SABb	0.72	0.015550		0.699	111.0
NGC 2203		3.20	0.000819	In the Large Magellanic Cloud.	1.000	
NGC 2204			0.000308			
NGC 2205	E-S0	0.99	0.027969		0.762	77.0
NGC 2206	Sbc	1.07	0.021021		0.437	136.0
NGC 2207	SABc	2.71	0.009292		0.558	116.0
NGC 2208	S0	1.00	0.018763		0.578	107.0
NGC 2209		2.90		In the Large Magellanic Cloud.	1.000	
NGC 2210		3.30		In the Large Magellanic Cloud.	1.000	
NGC 2211	S0	0.73	0.006704		0.525	24.0
NGC 2212	S0-a	0.69	0.007025		0.539	147.0
NGC 2213		2.10	0.000810	In the Large Magellanic Cloud.	1.000	
NGC 2214		3.10		In the Large Magellanic Cloud.	1.000	
NGC 2215			-0.000008			
NGC 2216	SABa	1.11	0.009141		0.776	20.0
NGC 2217	S0-a	4.12	0.005425		0.890	113.0
NGC 222		1.20		In the Small Magellanic Cloud.	1.000	
NGC 2221	Sa	0.51	0.008482		0.212	179.0
NGC 2222	SBa	0.38	0.008717		0.281	148.0
NGC 2223	Sbc	2.25	0.009118		0.798	9.0
NGC 2225			0.000139			
NGC 2227	Sc	1.21	0.007636		0.533	21.0
NGC 2228	S0	0.84	0.024517		0.848	42.0
NGC 2229	S0-a	0.52	0.028050		0.419	132.0
NGC 223	S0-a	0.78	0.017880		0.661	63.0
NGC 2230	E	0.65	0.026850		0.492	93.0
NGC 2231		2.10	0.000926	In the Large Magellanic Cloud.	1.000	
NGC 2232			0.000086			
NGC 2233	E	0.37	0.024120		0.378	43.0
NGC 2235	E	1.15	0.027660		0.816	57.0
NGC 2236			0.000200			
NGC 2237		50.00	0.000125		0.625	
NGC 2238		60.00			0.750	
NGC 2239			0.000112			
NGC 2240			0.000053			
NGC 2241		1.60		In the Large Magellanic Cloud.	1.000	
NGC 2242			0.000127			
NGC 2243			0.000199			
NGC 2245		2.00			1.000	
NGC 2246		10.00			1.000	90.0
NGC 2247		2.00			1.000	
NGC 2249		2.30		In the Large Magellanic Cloud.	1.000	
NGC 225			-0.000093			
NGC 2251			0.000082			
NGC 2252			0.000030			
NGC 2253	Sc	1.05	0.011885	Identification as NGC 2253 is very uncertain.	0.734	130.0
NGC 2254			0.000176			
NGC 2255	Sc	0.78	0.022886		0.531	159.0
NGC 2256	E-S0	1.97	0.017479		0.908	65.0
NGC 2257		4.00	0.001007	In the Large Magellanic Cloud.	1.000	
NGC 2258	S0	1.91	0.013289		0.632	150.0
NGC 2259			0.000220			
NGC 226	E-S0	0.78	0.016130		0.987	130.0
NGC 2261		1.00			0.500	
NGC 2263	SBab	1.77	0.009205		0.619	144.0
NGC 2264			0.000072			
NGC 2266			0.000126			
NGC 2267	S0	1.44	0.005167		0.842	110.0
NGC 2268	Sbc	0.93	0.007425		0.435	73.0
NGC 227	E	1.44	0.017832		0.754	156.0
NGC 2270			0.000133			
NGC 2271	E-S0	1.29	0.008633		0.729	78.0
NGC 2272	E-S0	1.54	0.007100		0.703	118.0
NGC 2273	Sa	1.39	0.006151		0.607	63.0
NGC 2273A	SABc	1.19	0.007015		0.595	119.0
NGC 2273B	Sc	0.61	0.007012		0.412	47.0
NGC 2274	E	1.77	0.017110		0.994	170.0
NGC 2275	Sa	0.78	0.016263		0.311	3.0
NGC 2276	SABc	1.73			0.776	19.0
NGC 228	Sab	0.81	0.024494		0.910	145.0
NGC 2280	Sc	2.84	0.006373		0.435	164.0
NGC 2281			0.000065			
NGC 2282		3.00			1.000	
NGC 2283	Sc	2.01	0.002808		0.728	178.0
NGC 2284				Four Galactic stars.  NGC identification is not certain.		
NGC 2286			0.000119			
NGC 2288		0.17	0.018140		1.000	105.0
NGC 2289	S0	0.81	0.016650		0.669	110.0
NGC 229	S0	0.48	0.024474		0.444	98.0
NGC 2290	Sa	0.52	0.016845		0.642	57.0
NGC 2291	S0	0.89	0.017252		0.957	165.0
NGC 2292	S0	3.78	0.007033		0.871	154.0
NGC 2293	S0-a	3.44	0.006874		0.780	130.0
NGC 2294	E	0.33	0.017008		0.363	5.0
NGC 2295	Sab	0.64	0.005459		0.277	49.0
NGC 2296	E	0.96	0.009231		0.800	20.0
NGC 2297	Sbc	0.90	0.010873		0.608	4.0
NGC 2298			0.000491			
NGC 23	Sa	1.22	0.015235		0.787	175.0
NGC 230	Sa	0.28	0.022806		0.215	44.0
NGC 2300	E-S0	2.34	0.006410		0.767	74.0
NGC 2301			0.000088			
NGC 2303	E	1.36	0.020900		0.889	71.0
NGC 2304			0.000132			
NGC 2305	E	1.04	0.011335		0.536	137.0
NGC 2307	SBb	1.72	0.015204		0.930	145.0
NGC 2308	Sab	0.98	0.019503		0.667	171.0
NGC 2309			0.000186			
NGC 231		1.80		In the Small Magellanic Cloud.	1.000	
NGC 2310	S0	0.95	0.003382		0.210	46.0
NGC 2314	E	1.03	0.012849		0.780	17.0
NGC 2315	S0-a	0.30	0.020500		0.191	116.0
NGC 2316		3.00			0.750	
NGC 2318			0.000028			
NGC 232	SBa	0.70	0.022345		0.714	17.0
NGC 2320	E	0.83	0.019100		0.561	138.0
NGC 2321	Sa	1.04	0.020878		0.812	128.0
NGC 2322	SBa	0.41	0.021011		0.369	134.0
NGC 2324			0.000139			
NGC 2325	E	2.31	0.007165		0.582	4.0
NGC 2326	Sb	1.69	0.019960		0.824	105.0
NGC 2326A	Sm	0.64	0.020490		0.790	6.0
NGC 2327		1.00			1.000	
NGC 2328	E-S0	1.44	0.003930		0.906	120.0
NGC 2329	E-S0	1.17	0.019670		0.830	175.0
NGC 233	E	1.11	0.018166		0.888	120.0
NGC 2330	E	0.52	0.016100	Identification as NGC 2330 is uncertain; N2330 may be a star.	0.800	55.0
NGC 2332	S0	1.17	0.019530		0.680	65.0
NGC 2333	Sa	0.70	0.015781		0.700	38.0
NGC 2334	S0	0.87	0.020500	Identification as NGC 2334 is uncertain; N2334 may be a star.	0.725	70.0
NGC 2335			0.000029			
NGC 2336	Sbc	2.81	0.007325		0.561	175.0
NGC 2337	IB	1.61	0.001460		0.739	114.0
NGC 2339	Sbc	1.53	0.007485		0.632	0.0
NGC 234	SABc	1.22	0.014840		0.777	75.0
NGC 2340	E	1.64	0.019850		0.519	71.0
NGC 2341	Sc	0.79	0.017432		0.963	60.0
NGC 2342	Sc	0.84	0.017405		0.718	66.0
NGC 2343			0.000050			
NGC 2344	SABb	1.87	0.003246		0.903	145.0
NGC 2345			0.000203			
NGC 2346			0.000157			
NGC 2347	Sb	1.19			0.726	5.0
NGC 2350	S0-a	0.70	0.006311		0.507	110.0
NGC 2353			0.000109			
NGC 2354			0.000111			
NGC 2355			0.000118			
NGC 2357	Sc	0.48	0.007572		0.149	120.0
NGC 2358			0.000092			
NGC 2359		5.00			0.500	
NGC 235A	S0	0.62	0.022229		0.449	120.0
NGC 235B	E	1.29	0.022850		1.000	
NGC 236	SABc	1.03	0.018826		0.896	55.0
NGC 2360			0.000091			
NGC 2362			0.000096			
NGC 2363	I	0.64			0.566	17.0
NGC 2365	Sa	1.47	0.007599		0.535	170.0
NGC 2366	IB	1.44	0.000330		0.330	31.0
NGC 2367			0.000143			
NGC 2369	Sa	0.68	0.010835		0.224	175.0
NGC 2369A	SABb	1.21	0.010607		0.602	37.0
NGC 2369B	SBbc	1.24	0.010159		0.838	3.0
NGC 237	SABc	0.80	0.014041		0.615	174.0
NGC 2370	SABb	0.70	0.018517		0.583	44.0
NGC 2371		0.96	0.000070		0.436	125.0
NGC 2373	Sb	0.42	0.025795		0.712	176.0
NGC 2374			0.000091			
NGC 2375	Sb	0.80	0.026215		0.800	65.0
NGC 2376	Scd	0.57	0.018030		0.877	31.0
NGC 2377	Sc	1.11	0.008217		0.694	3.0
NGC 2379	S0	0.70	0.013470		0.714	121.0
NGC 238	SBb	1.60	0.029136		0.792	100.0
NGC 2380	S0	2.40	0.005962		0.952	150.0
NGC 2381	SBa	1.24			0.810	107.0
NGC 2383			0.000240			
NGC 2384			0.000153			
NGC 2385	Sab	0.68	0.013870		0.723	53.0
NGC 2387	Sbc	0.44	0.066793		0.917	145.0
NGC 2388	Sb	0.56	0.013000		0.644	66.0
NGC 2389	SABc	0.89	0.013169		0.571	79.0
NGC 239	Sab	0.37	0.012522		0.394	10.0
NGC 2392			0.000281			
NGC 2393	Sc	0.67	0.016298		0.626	103.0
NGC 2396			0.000059			
NGC 2397	SBb	0.76	0.004588		0.303	116.0
NGC 2397A	SBc	0.84	0.014810		0.764	169.0
NGC 2397B	IB	0.57	0.004654		0.475	99.0
NGC 2398	E	0.74	0.029517		0.617	126.0
NGC 24	Sc	2.40	0.001837		0.388	44.0
NGC 240	S0-a	1.28	0.040775		0.948	105.0
NGC 2402 NED01	Sa	0.72	0.017680		0.585	55.0
NGC 2402 NED02		0.68	0.017440		0.747	16.0
NGC 2403	SABc	10.07	0.000430		0.505	126.0
NGC 2405		0.55	0.018876		0.585	100.0
NGC 2406	E	0.61	0.027666		0.884	53.0
NGC 2407	E-S0	0.95	0.028030		0.693	66.0
NGC 2409			0.000053			
NGC 241		0.95		In the Small Magellanic Cloud.	1.000	
NGC 2410	Sb	0.65	0.015470		0.300	33.0
NGC 2411	S0-a	0.65	0.016885		0.650	48.0
NGC 2414			0.000247			
NGC 2415	Sm	0.83	0.012659		1.000	5.0
NGC 2416	Sc	0.18	0.017015		0.207	95.0
NGC 2417	SBbc	1.78	0.010762		0.718	83.0
NGC 2418	E	1.53	0.016965		0.962	65.0
NGC 2419			-0.000069			
NGC 242		0.75		In the Small Magellanic Cloud.	1.000	
NGC 2420			0.000248			
NGC 2423			0.000062			
NGC 2424	Sb	0.52	0.011160		0.154	82.0
NGC 2425			0.000344			
NGC 2426	E	1.10	0.019540		1.000	30.0
NGC 2427	SABd	2.46	0.003265		0.429	122.0
NGC 2428			0.000176			
NGC 2429A	S0-a	0.31	0.018183		0.185	147.0
NGC 2429B	Sbc	0.22			0.537	55.0
NGC 243	S0	0.51	0.016138		0.554	151.0
NGC 2430			0.000105	NGC identification is not certain.		
NGC 2431	SBa	0.78	0.018943		0.907	115.0
NGC 2432			0.000172			
NGC 2434	E	2.20	0.004683		0.818	140.0
NGC 2435	SABa	0.42	0.013996		0.194	36.0
NGC 2438			0.000257			
NGC 2439			0.000227			
NGC 244	S0	1.04	0.003146		1.000	25.0
NGC 2440			0.000209			
NGC 2441	SABb	1.81	0.011570		0.914	155.0
NGC 2442	Sbc	3.09	0.004846		0.660	23.0
NGC 2444	S0	0.66	0.013280		0.617	35.0
NGC 2445	Sm	1.12	0.013260		0.602	167.0
NGC 2446	Sb	0.91	0.018836		0.520	128.0
NGC 2448			0.000081			
NGC 2449	SBab	0.57	0.016416		0.396	135.0
NGC 245	Sb	1.12	0.013722		0.933	135.0
NGC 2450	Sb	0.30	0.016120		0.309	156.0
NGC 2451			0.000076			
NGC 2452			0.000227			
NGC 2453			0.000113			
NGC 2454	S0-a	0.51	0.016150		0.432	101.0
NGC 2455			0.000230			
NGC 2456	E	0.79	0.025267		0.687	30.0
NGC 2457		0.26	0.024486		0.520	131.0
NGC 2458	E-S0	0.33	0.047282		0.717	145.0
NGC 2459			0.000354			
NGC 246			-0.000052			
NGC 2460	Sab	1.37	0.004837		0.749	43.0
NGC 2462	S0-a	0.35	0.029155		0.583	155.0
NGC 2463	E	0.60	0.027619		1.000	145.0
NGC 2466	Sc	1.46	0.017933		0.967	45.0
NGC 2467			0.000186			
NGC 2468	S0	0.52	0.029477		0.344	50.0
NGC 2469	Sbc	0.64	0.011371		0.711	163.0
NGC 247	SABc	5.55	0.000531		0.282	167.0
NGC 2470	Sab	0.60	0.013666		0.308	127.0
NGC 2472	Sab	0.56	0.019230		0.862	14.0
NGC 2473		0.38			0.731	80.0
NGC 2474	E	1.02	0.017816		0.895	130.0
NGC 2475	E	0.96	0.018623		0.897	68.0
NGC 2476	E	0.68	0.012442		0.540	143.0
NGC 2477			0.000024			
NGC 247A		0.25			0.481	75.0
NGC 247B	SBb	0.42	0.020177		0.400	24.0
NGC 247C	Sb	0.20			0.364	39.0
NGC 247D	SBbc	0.25	0.020644		0.410	64.0
NGC 248		1.10		In the Small Magellanic Cloud.	0.786	110.0
NGC 2480	SBm	0.51	0.007826		0.386	163.0
NGC 2481	S0-a	0.58	0.007298		0.414	19.0
NGC 2482			0.000131			
NGC 2483			0.000405			
NGC 2484	S0	1.04	0.040820		0.615	141.0
NGC 2485	Sa	1.46	0.015391		0.930	5.0
NGC 2486	SBa	0.85	0.015460		0.570	89.0
NGC 2487	Sb	1.39	0.016100		0.803	55.0
NGC 2488	E-S0	0.83	0.028700		0.572	100.0
NGC 2489			0.000126			
NGC 249		0.70		Within boundaries of SMC.	0.636	0.0
NGC 2490	E-S0	0.47	0.022652		0.746	23.0
NGC 2491		0.53	0.063650	NGC identification is not certain.	0.768	78.0
NGC 2492	E-S0	0.88	0.022180		0.793	100.0
NGC 2493	S0	1.85	0.013102		0.989	30.0
NGC 2494	S0-a	0.80	0.011955		0.825	89.0
NGC 2495	Sd	0.32	0.028089		0.582	23.0
NGC 2496	E	1.48	0.032066		0.796	173.0
NGC 2497	E	1.36	0.027644		0.861	25.0
NGC 2498	Sa	0.67	0.015870		0.644	127.0
NGC 2499	SABc	0.60	0.032620		0.698	175.0
NGC 25	E-S0	1.10	0.031980		0.769	84.0
NGC 250	S0-a	0.68	0.017499		0.531	156.0
NGC 2500	Scd	2.34	0.001721		0.947	15.0
NGC 2501	S0	1.16	0.007294		0.671	120.0
NGC 2502	S0	1.12	0.003539		0.507	118.0
NGC 2503	Sbc	0.79	0.018380		0.832	4.0
NGC 2504	SABc	0.37	0.008669		0.597	126.0
NGC 2505	SBa	0.57	0.032520		0.479	1.0
NGC 2506			0.000283			
NGC 2507	S0-a	1.43	0.015257		0.941	60.0
NGC 2508	E	1.55	0.014420		0.795	126.0
NGC 2509			0.000203			
NGC 251	Sc	1.02	0.015241		0.590	99.0
NGC 2510	S0	0.67	0.013349		0.691	114.0
NGC 2511	Sab	0.57	0.015604		0.548	118.0
NGC 2512	SBb	0.78	0.015601		0.578	116.0
NGC 2513	E	1.43	0.015661		0.749	153.0
NGC 2514	Sc	1.13	0.016180		0.942	30.0
NGC 2516			0.000081			
NGC 2517	S0	1.49	0.004936		0.856	44.0
NGC 2518	E-S0	1.04	0.017530		0.812	35.0
NGC 252	S0-a	1.16	0.016680		0.716	82.0
NGC 2521	E-S0	0.54	0.018019		0.563	35.0
NGC 2522	S0-a	0.33	0.015674		0.287	33.0
NGC 2523	Sbc	1.78	0.011495		0.638	66.0
NGC 2523A	Sc	0.95			0.856	80.0
NGC 2523B	Sb	0.25	0.012780		0.134	91.0
NGC 2523C	E	0.87	0.012389		0.584	92.0
NGC 2524	S0-a	1.03	0.013220		0.701	124.0
NGC 2525	Sc	2.17	0.005276		0.705	71.0
NGC 2526	Sab	0.46	0.014870		0.505	137.0
NGC 2528	SABb	1.24	0.013060		0.892	86.0
NGC 253	SABc	4.58	0.000864		0.171	53.0
NGC 2530	Scd	0.95	0.016772		0.679	171.0
NGC 2532	SABc	1.36	0.017500		0.819	26.0
NGC 2533			0.000117			
NGC 2534	E	1.30	0.011800		0.929	50.0
NGC 2535	SBc	0.94	0.013610		0.487	62.0
NGC 2536	Sc	0.45	0.013710		0.616	53.0
NGC 2537	SBm	1.96	0.001491		0.947	165.0
NGC 2537A	Sc	0.50	0.040010		0.909	115.0
NGC 2538	SBa	1.12	0.013212		0.709	30.0
NGC 2539			0.000098			
NGC 254	S0-a	1.80	0.005240		0.650	133.0
NGC 2540	Sc	0.65	0.020750		0.524	123.0
NGC 2541	SABc	1.60	0.001861		0.530	170.0
NGC 2543	Sb	1.13	0.008240		0.465	52.0
NGC 2544	Sa	1.06	0.009400		0.693	67.0
NGC 2545	Sab	1.06	0.011291		0.544	169.0
NGC 2546			0.000054			
NGC 2547			0.000047			
NGC 2549	S0	0.92	0.003549		0.253	179.0
NGC 255	Sbc	1.85	0.005305		0.907	7.0
NGC 2550	Sb	0.36	0.007540		0.379	105.0
NGC 2550A	Sc	1.33	0.012140		0.831	174.0
NGC 2551	S0-a	1.09	0.007739		0.694	53.0
NGC 2552	SABm	1.61			0.538	60.0
NGC 2553	Sa	0.67	0.015724		0.604	57.0
NGC 2554	S0-a	1.31	0.013780		0.642	154.0
NGC 2555	Sab	1.39	0.014640		0.751	111.0
NGC 2556	E	0.40	0.015350		0.645	126.0
NGC 2557	S0	0.87	0.016130		0.806	50.0
NGC 2558	Sab	0.92	0.016610		0.643	159.0
NGC 2559	SBc	1.34	0.005172		0.477	7.0
NGC 256		0.90		In the Small Magellanic Cloud.	1.000	
NGC 2560	S0-a	0.38	0.016290		0.237	92.0
NGC 2561	SBbc	0.58	0.013736		0.547	142.0
NGC 2562	S0-a	0.79	0.016890		0.767	1.0
NGC 2563	S0	1.68	0.015040		0.832	79.0
NGC 2564	E-S0	0.86	0.017037		0.632	60.0
NGC 2565	Sbc	0.73	0.011595		0.437	166.0
NGC 2566	Sb	2.75	0.005448		0.691	56.0
NGC 2567			0.000123			
NGC 2569	E	0.55	0.017070		0.764	118.0
NGC 257	Sc	1.32	0.017568		0.721	99.0
NGC 2570	Sab	0.37	0.021940		0.529	71.0
NGC 2571			0.000147			
NGC 2572	SBa	0.52	0.026570		0.426	135.0
NGC 2573	Sc	0.74	0.008215		0.385	78.0
NGC 2573B	IB	0.35	0.008460		0.310	122.0
NGC 2574	SBab	1.08	0.009580		0.498	172.0
NGC 2575	Sc	1.08	0.012920		0.788	129.0
NGC 2576	SABb	0.30	0.027940		0.186	40.0
NGC 2577	E-S0	0.88	0.007055		0.568	105.0
NGC 2578	S0-a	1.10	0.015197		0.502	83.0
NGC 2579			0.000005			
NGC 258	Sbc	0.42			0.824	115.0
NGC 2580			0.000225			
NGC 2581	SABb	0.70	0.019800		0.729	4.0
NGC 2582	Sb	1.13	0.014847		0.950	135.0
NGC 2583	E	0.75	0.019714		0.872	18.0
NGC 2584	SBbc	0.54	0.023088		0.545	179.0
NGC 2585	Sb	0.57	0.023208		0.368	119.0
NGC 2587			0.000163			
NGC 2589				Nothing at this position.		
NGC 259	Sbc	1.09	0.013649		0.381	140.0
NGC 2590	SABb	0.51	0.016665		0.245	77.0
NGC 2591	Sc	0.64	0.004420		0.217	33.0
NGC 2592	E	1.19	0.006628		0.810	47.0
NGC 2593	S0-a	0.53	0.021200		0.546	171.0
NGC 2594	S0	0.56	0.007870		0.615	20.0
NGC 2595	Sc	1.12	0.014420		0.675	175.0
NGC 2596	Sb	0.51	0.019800		0.370	64.0
NGC 2598	SBa	0.38	0.015337		0.319	3.0
NGC 2599	Sa	1.32	0.016127		0.846	108.0
NGC 26	Sab	0.76	0.015317		0.679	102.0
NGC 260	Sc	0.68	0.017342		0.895	34.0
NGC 2600	Sb	0.41	0.044880		0.339	72.0
NGC 2601	S0-a	1.15	0.011173		0.680	114.0
NGC 2602	S0-a	0.41	0.044530		0.631	26.0
NGC 2603	Sbc	0.34			0.850	164.0
NGC 2604	SBc	1.37	0.006950		0.926	50.0
NGC 2604B	Sd	0.23	0.007018		0.411	58.0
NGC 2605	SBb	0.35			0.778	27.0
NGC 2606	Sb	0.45	0.044340		0.517	56.0
NGC 2607	Sc	0.80	0.011750		0.952	160.0
NGC 2608	Sb	0.95	0.007118		0.487	64.0
NGC 261		1.10		In the Small Magellanic Cloud.	0.846	110.0
NGC 2610			0.000294			
NGC 2611	S0-a	0.26	0.017490		0.325	51.0
NGC 2612	E-S0	0.80	0.005450		0.308	117.0
NGC 2613	Sb	1.79	0.005606		0.235	113.0
NGC 2614	Sc	1.67	0.011535		0.819	132.0
NGC 2615	Sb	0.82	0.013933		0.683	44.0
NGC 2616	S0	0.98	0.030574		0.685	147.0
NGC 2617	SBc	1.10	0.014326		0.786	127.0
NGC 2618	Sab	0.88	0.013423		0.425	141.0
NGC 2619	Sbc	1.17	0.011570		0.606	38.0
NGC 262	S0-a	0.62	0.015000		0.530	40.0
NGC 2620	Sab	0.50	0.026090		0.250	93.0
NGC 2621	Sab	0.47	0.028900		0.644	176.0
NGC 2622	SBb	0.60	0.028660		0.638	10.0
NGC 2623	Sb	0.70	0.018180		0.293	36.0
NGC 2624	E	0.47	0.013790		0.610	35.0
NGC 2625	SBcd	0.44	0.015160		0.830	32.0
NGC 2626		5.00			1.000	
NGC 2627			0.000096			
NGC 2628	SABc	0.93	0.012060		0.894	30.0
NGC 2629	E-S0	1.42	0.012319		0.721	100.0
NGC 263	Sbc	0.40	0.022809		0.500	48.0
NGC 2630				Nothing at this position.		
NGC 2631				Nothing at this position.		
NGC 2633	Sb	1.45	0.007212		0.628	175.0
NGC 2634	E	1.66	0.007605		0.965	30.0
NGC 2634A	SBbc	0.37	0.006945		0.311	67.0
NGC 2635			0.000244			
NGC 2636	E	0.34	0.006324		1.000	30.0
NGC 2637	SBc	0.43	0.032350		0.843	48.0
NGC 2638	S0-a	0.59	0.012850		0.355	70.0
NGC 2639	Sa	1.21	0.010739		0.752	140.0
NGC 264	S0	0.47	0.016498		0.373	111.0
NGC 2640	E-S0	4.00	0.003506		0.857	104.0
NGC 2641	S0	1.04	0.010420		0.825	178.0
NGC 2642	Sbc	1.43	0.014607		0.745	145.0
NGC 2643	S0-a	0.37	0.015237		0.544	19.0
NGC 2644	Sc	0.65	0.006525		0.396	12.0
NGC 2645			0.000056			
NGC 2646	S0	1.05	0.012242		0.714	47.0
NGC 2647	S0-a	0.57	0.055230		0.792	50.0
NGC 2648	Sa	1.08	0.006685		0.343	151.0
NGC 2649	SABb	1.38	0.014110		0.939	60.0
NGC 265		1.20		In the Small Magellanic Cloud.	1.000	
NGC 2650	Sb	0.99	0.012806		0.717	82.0
NGC 2651	Sbc	0.44	0.029130		0.830	124.0
NGC 2654	SBab	0.89	0.004503		0.200	64.0
NGC 2655	S0-a	2.06	0.004713		0.524	16.0
NGC 2656	E-S0	1.18	0.045285		0.901	65.0
NGC 2657	SBcd	1.09	0.013813		0.852	116.0
NGC 2658			0.000177			
NGC 2659			0.000055			
NGC 266	Sab	2.83	0.015680		0.969	95.0
NGC 2660			0.000079			
NGC 2661	Sc	1.35	0.013750		0.912	5.0
NGC 2662	E	1.15	0.013287		0.935	10.0
NGC 2663	E	2.75	0.007078		0.705	111.0
NGC 2664			0.000293			
NGC 2665	Sa	1.72	0.005807		0.860	55.0
NGC 2666				Identification as NGC 2666 is very uncertain.		
NGC 2667	Sa	0.37	0.013362		0.359	78.0
NGC 2667B	Sbc	0.28	0.014505		0.329	43.0
NGC 2668	Sab	0.66	0.025060		0.537	151.0
NGC 2669			0.000070			
NGC 267		1.70			0.850	170.0
NGC 2670			0.000022			
NGC 2671			0.000021			
NGC 2672	E	2.87	0.014487		0.897	100.0
NGC 2673	E	0.81	0.012730		0.659	167.0
NGC 2674	Sa	0.49	0.017865		0.471	65.0
NGC 2675	E	1.05	0.031030		0.695	83.0
NGC 2676	S0	1.12	0.029060		0.933	175.0
NGC 2677	E?	0.41	0.014201		0.586	169.0
NGC 2678		10.00	0.000112		1.000	0.0
NGC 2679	S0	1.85	0.006790		1.000	165.0
NGC 268	Sbc	0.93	0.018414		0.655	93.0
NGC 2680		0.11			0.688	
NGC 2681	S0-a	3.97	0.002250		1.000	70.0
NGC 2683	Sb	2.70	0.001364		0.285	44.0
NGC 2684	SABb	0.84	0.009643		0.764	49.0
NGC 2685	S0-a	2.31	0.002915		0.533	38.0
NGC 2686A	E	0.51	0.052100		0.580	71.0
NGC 2686B	E	0.35	0.023009		0.729	63.0
NGC 2687A		0.11			0.478	
NGC 2687B	E-S0	0.39	0.049390		0.565	28.0
NGC 2688	Sb	0.36	0.052020		0.766	87.0
NGC 2689	E	0.30			0.732	99.0
NGC 269		1.20			1.000	
NGC 2690	Sab	0.39	0.005350		0.229	20.0
NGC 2691	Sa	0.90	0.013390		0.714	166.0
NGC 2692	Sab	0.55	0.012590		0.440	163.0
NGC 2693	E	1.37	0.016368		0.685	158.0
NGC 2694	E	0.50	0.016978		0.617	177.0
NGC 2695	S0	1.45	0.006114		0.890	161.0
NGC 2696	E	0.95	0.043580	Identification as NGC 2696 is uncertain.	0.922	25.0
NGC 2697	S0-a	0.96	0.006161		0.589	123.0
NGC 2698	S0-a	0.53	0.006230		0.361	96.0
NGC 2699	E	0.76	0.006100		0.539	40.0
NGC 27	Sbc	0.46	0.023430		0.377	118.0
NGC 270	S0-a	1.24	0.012589		0.701	29.0
NGC 2701	Sc	1.30	0.007759		0.670	25.0
NGC 2704	Sab	1.01	0.023750		0.971	120.0
NGC 2705				NGC identification is not certain.		
NGC 2706	Sbc	0.57	0.005487		0.341	168.0
NGC 2707				NGC identification is not certain.		
NGC 2708	SABb	1.06	0.006675		0.362	18.0
NGC 2709	S0	0.65	0.006380		0.823	95.0
NGC 271	Sab	1.28	0.013670		0.538	131.0
NGC 2710	SBb	0.97	0.008610		0.480	119.0
NGC 2711	SBa	0.38	0.020540		0.679	158.0
NGC 2712	SBb	1.59	0.006000		0.543	1.0
NGC 2713	SBb	1.15	0.012990		0.341	106.0
NGC 2714	E	1.18	0.009384		0.861	50.0
NGC 2715	SABc	1.41	0.004413		0.336	20.0
NGC 2716	S0-a	1.14	0.012060		0.699	45.0
NGC 2717	E-S0	1.69	0.008600		0.833	12.0
NGC 2718	Sab	1.09	0.012780		0.634	152.0
NGC 2719	IB	0.30	0.010544		0.256	132.0
NGC 2719A	I	0.40	0.010290		0.816	150.0
NGC 2720	E-S0	1.11	0.030081		0.881	40.0
NGC 2721	SBbc	1.33	0.012379		0.719	164.0
NGC 2722	Sbc	0.95	0.009304		0.519	80.0
NGC 2723	S0	1.04	0.012430		0.912	65.0
NGC 2724	Sc	0.68	0.010737		0.567	175.0
NGC 2725	SABb	0.58	0.006891		0.866	14.0
NGC 2726	Sa	0.46			0.301	87.0
NGC 2728	SABb	0.63	0.019110		0.643	55.0
NGC 2729	S0	0.64	0.012740		0.604	1.0
NGC 273	S0	0.54	0.015854		0.276	105.0
NGC 2730	Sd	0.95	0.012760		0.655	72.0
NGC 2731	SABb	0.49	0.008543		0.681	72.0
NGC 2732	S0	0.71	0.006504		0.392	66.0
NGC 2734	S0-a	0.78	0.054665		0.848	88.0
NGC 2735	SABb	0.53	0.007770		0.373	96.0
NGC 2735A	I	0.27	0.008269		0.900	52.0
NGC 2736		7.00			0.233	
NGC 2737	Sab	0.38	0.010217		0.400	61.0
NGC 2738	Sbc	0.62	0.009954		0.456	53.0
NGC 2739	Sa	0.35	0.029480		0.407	93.0
NGC 274	E-S0	1.08	0.005573		0.850	158.0
NGC 2740	SBab	0.61	0.029510		0.836	52.0
NGC 2741	Sab	0.44	0.011550		0.657	77.0
NGC 2742	Sc	1.49	0.004270		0.521	87.0
NGC 2742A	Sb	0.67	0.026240		0.427	89.0
NGC 2743	Sd	0.75	0.010070		0.682	99.0
NGC 2744 NED01	S?	0.17			0.630	44.0
NGC 2744 NED02	SBab	0.81	0.011421		0.488	114.0
NGC 2745	E	0.50	0.012130		0.833	170.0
NGC 2746	Sa	1.31	0.023527		0.834	51.0
NGC 2747	S0-a	0.35	0.013970		0.625	172.0
NGC 2748	Sbc	1.11	0.004930		0.427	39.0
NGC 2749	E	1.77	0.014013		0.922	65.0
NGC 275	SBc	1.39	0.005801		0.794	79.0
NGC 2750	SABc	1.46	0.008920		0.719	82.0
NGC 2751	SBb	0.48	0.014495		0.552	134.0
NGC 2752	SBb	0.33	0.029550		0.190	61.0
NGC 2753	SBab	0.34	0.009220		0.618	17.0
NGC 2754	S0	0.68	0.018670		0.872	140.0
NGC 2755	Sbc	0.76	0.025110		0.661	127.0
NGC 2756	Sb	1.00	0.013290		0.667	0.0
NGC 2757				Galactic triple star.  Identification as NGC 2757 is uncertain.		
NGC 2758	SBbc	0.41	0.006521		0.219	18.0
NGC 2759	E-S0	0.90	0.023150		0.709	49.0
NGC 276	SABb	0.36	0.046152		0.327	88.0
NGC 2760	E-S0	0.27	0.005150	Identification as NGC 2760 is very uncertain.	0.223	100.0
NGC 2761	Sm	0.43	0.029099		0.566	164.0
NGC 2762	S0	0.36	0.015640		0.706	0.0
NGC 2763	SBc	1.88	0.006322		0.774	136.0
NGC 2764	S0	0.67	0.009066		0.583	18.0
NGC 2765	S0	0.93	0.012584		0.339	105.0
NGC 2766	SBab	0.53	0.013940		0.442	129.0
NGC 2767	E-S0	0.63	0.016430		0.875	167.0
NGC 2768	E	2.24	0.004590		0.397	93.0
NGC 2769	Sa	0.37	0.016070		0.230	145.0
NGC 277	E-S0	1.11	0.014433		0.828	91.0
NGC 2770	Sc	0.81	0.006440		0.235	146.0
NGC 2771	Sab	1.49	0.017010		0.861	42.0
NGC 2772	SBb	1.07	0.011431		0.626	170.0
NGC 2773	Sab	0.29	0.017830		0.446	84.0
NGC 2774	E	1.17	0.028380		0.983	60.0
NGC 2775	Sab	3.36	0.004513		0.791	159.0
NGC 2776	SABc	0.91	0.008740		0.425	111.0
NGC 2777	Sb	0.59	0.004920		0.776	169.0
NGC 2778	E	0.98	0.006818		0.754	46.0
NGC 2779	S0-a	0.61	0.007278		0.847	25.0
NGC 278	SABb	2.30	0.002141		0.975	30.0
NGC 2780	Sb	0.77	0.006600		0.726	147.0
NGC 2781	S0-a	1.26	0.006818		0.500	78.0
NGC 2782	SABa	2.41	0.008503		0.742	20.0
NGC 2783	E	1.10	0.022510		0.556	165.0
NGC 2783B	SBb	0.28	0.022744		0.193	76.0
NGC 2784	S0	1.85	0.002348		0.384	73.0
NGC 2785	SBm	0.58	0.008733		0.403	120.0
NGC 2786	Sa	0.59	0.016290		0.711	77.0
NGC 2787	S0-a	1.81	0.002320		0.559	114.0
NGC 2788	Sab	0.39	0.005459		0.234	116.0
NGC 2788A	Sb	0.49	0.013274		0.195	55.0
NGC 2788B	Sb	0.56	0.004920		0.361	164.0
NGC 2789	S0-a	0.96	0.021160		0.835	36.0
NGC 279	S0-a	1.06	0.012930		0.752	167.0
NGC 2790	S0-a	0.55	0.026160		0.917	65.0
NGC 2791	S0-a	0.32	0.028110		0.360	160.0
NGC 2792			0.000047			
NGC 2793	Sm	0.93			0.830	
NGC 2794	SABb	0.93	0.029420		0.762	57.0
NGC 2795	E	1.02	0.028620		0.857	166.0
NGC 2796	Sa	0.85	0.023190		0.702	77.0
NGC 2797	Sab	0.58	0.025960		0.879	28.0
NGC 2798	Sa	0.83	0.005881		0.342	154.0
NGC 2799	SBd	0.47	0.006210		0.267	122.0
NGC 28	E	0.81	0.032160		0.880	45.0
NGC 280	SABb	0.66	0.033877		0.660	89.0
NGC 2800	E	0.87	0.025338		0.613	17.0
NGC 2801	Sc	0.78	0.025760		0.813	51.0
NGC 2802	S0-a	0.56	0.029170		0.509	132.0
NGC 2803	E-S0	0.72	0.030158		0.735	138.0
NGC 2804	S0	1.24	0.027670		0.892	56.0
NGC 2805	SABc	2.76	0.005920		0.814	154.0
NGC 2807A	Sbc	0.36	0.027590		0.643	81.0
NGC 2807B	S0	0.60	0.027089		0.732	165.0
NGC 2808			0.000347			
NGC 2809	S0	1.08	0.027860		0.871	162.0
NGC 281		30.00	-0.000112		0.857	
NGC 2810	E	1.69	0.011771		1.000	130.0
NGC 2811	SBa	1.03	0.008142		0.338	20.0
NGC 2812	Sbc	0.23	0.030050		0.307	154.0
NGC 2813	S0	0.82	0.029030		0.804	146.0
NGC 2814	SBb	0.23	0.005540		0.219	179.0
NGC 2815	SBb	1.41	0.008409		0.402	13.0
NGC 2817	Sc	1.27	0.011783		0.927	0.0
NGC 2818			-0.000003			
NGC 2818A			0.000069			
NGC 2819	E	1.08	0.030010		0.750	57.0
NGC 282	E	0.97	0.022125		0.776	50.0
NGC 2820	SBc	0.35	0.004660		0.093	61.0
NGC 2820A	Sa	0.16	0.004770		0.340	9.0
NGC 2821	Sbc	0.44	0.008159		0.210	103.0
NGC 2822	E	2.72	0.005397		0.687	94.0
NGC 2823	Sa	0.62	0.023760		0.602	32.0
NGC 2824	S0	0.57	0.009190		0.588	159.0
NGC 2825	Sa	0.55	0.026550		0.500	86.0
NGC 2826	S0-a	0.22	0.021150		0.150	141.0
NGC 2827	Sab	0.38	0.023310		0.373	5.0
NGC 2828	S0	0.44	0.021440		0.611	44.0
NGC 2829 NED01	E	0.38		NGC identification is not certain.	0.792	30.0
NGC 2829 NED02	E	0.30	0.023720	NGC identification is not certain.	0.750	176.0
NGC 283	Sc	0.62	0.037459		0.544	0.0
NGC 2830	S0-a	0.24	0.020330		0.194	112.0
NGC 2831	E	0.66	0.017120		0.742	2.0
NGC 2832	E	2.07	0.022880		0.647	172.0
NGC 2833	Sa	0.54	0.024310		0.474	165.0
NGC 2834	E	0.66	0.023260		0.795	57.0
NGC 2835	Sc	3.72	0.002957		0.579	179.0
NGC 2836	Sbc	0.59	0.005662		0.355	111.0
NGC 2838	E	1.08	0.027740		0.844	123.0
NGC 2839	E	1.17	0.027430		0.951	165.0
NGC 284	E	0.55	0.039229		0.887	142.0
NGC 2840	Sbc	0.89	0.024950		0.848	107.0
NGC 2841	SBb	3.31	0.001900		0.480	147.0
NGC 2842	S0-a	1.63	0.009510		0.724	107.0
NGC 2843	S0-a	0.26			0.553	65.0
NGC 2844	Sa	0.82	0.004966		0.463	11.0
NGC 2845	S0-a	1.30	0.008429		0.695	69.0
NGC 2848	SABc	2.02	0.006810		0.751	29.0
NGC 285	E-S0	0.65	0.038726		0.855	36.0
NGC 2850	S0	0.64	0.024460		0.711	17.0
NGC 2851	S0	0.53	0.016820		0.371	8.0
NGC 2852	SABa	0.89	0.006064		0.947	140.0
NGC 2853	S0-a	0.96	0.005928		0.575	25.0
NGC 2854	SBb	0.56	0.009155		0.438	52.0
NGC 2855	S0-a	1.85	0.006371		0.536	120.0
NGC 2856	SBbc	0.58	0.008820		0.475	132.0
NGC 2857	Sc	1.51	0.016260		0.799	90.0
NGC 2858	S0-a	0.84	0.012140		0.477	116.0
NGC 2859	S0-a	2.78	0.005614		0.871	85.0
NGC 286	S0	0.42	0.036961		0.477	179.0
NGC 2860	SBa	0.57	0.014120		0.435	95.0
NGC 2861	SBbc	1.17	0.016910		0.914	50.0
NGC 2862	SBbc	0.50	0.013606		0.189	115.0
NGC 2863	Sm	1.18	0.005968		0.861	170.0
NGC 2864	SBb	0.47	0.033970		0.662	4.0
NGC 2865	E	2.03	0.008819		0.832	155.0
NGC 2867			0.000060			
NGC 2868	E-S0	0.57	0.037800		0.500	70.0
NGC 287	S0-a	0.64	0.018429		0.771	16.0
NGC 2870	SBbc	0.66	0.010695		0.270	121.0
NGC 2872	E	1.55	0.010750		0.886	161.0
NGC 2873	Sab	0.41	0.010790		0.562	118.0
NGC 2874	Sbc	0.68	0.012520		0.333	38.0
NGC 2876	S0	0.98	0.020390		0.566	91.0
NGC 2877	S0-a	0.64	0.024350		0.955	165.0
NGC 2878	SABa	0.37	0.024320		0.356	173.0
NGC 288			-0.000150			
NGC 2880	E-S0	1.40	0.005130		0.601	142.0
NGC 2881 NED01		0.32			0.478	51.0
NGC 2881 NED02		0.63	0.017012		0.538	167.0
NGC 2882	SABc	0.75	0.007120		0.503	84.0
NGC 2883	IB	0.80	0.003896		0.396	178.0
NGC 2884	S0-a	0.76	0.017460		0.352	173.0
NGC 2885	S0-a	0.82	0.026420		0.651	79.0
NGC 2887	E-S0	1.63	0.009653		0.639	80.0
NGC 2888	E	1.49	0.007398		0.760	155.0
NGC 2889	SABc	1.75	0.011201		0.897	26.0
NGC 289	SBbc	2.51	0.005448		0.747	129.0
NGC 2890	E-S0	0.25	0.016960		0.287	69.0
NGC 2891	E-S0	1.52	0.007700		0.950	0.0
NGC 2892	E	1.40	0.022656		1.000	0.0
NGC 2893	S0-a	0.82	0.005597		0.804	83.0
NGC 2894	Sa	0.96	0.007125		0.505	29.0
NGC 2895	Sbc	0.80	0.029380		0.879	65.0
NGC 2896	S0-a	1.20	0.013950		1.000	90.0
NGC 2897	S0	0.62	0.023724		0.738	177.0
NGC 2898	S0-a	0.67	0.024880		0.644	124.0
NGC 2899			0.000011			
NGC 290		1.10			1.000	
NGC 2900	SBc	0.78	0.017780		0.788	86.0
NGC 2902	S0	1.41	0.006672		0.820	22.0
NGC 2903	Sbc	5.28	0.001855		0.442	22.0
NGC 2904	E-S0	1.09	0.007989		0.741	89.0
NGC 2906	Sc	0.81	0.007740		0.596	71.0
NGC 2907	Sa	2.06	0.006898		0.730	112.0
NGC 2908	Sbc	0.52	0.020140		0.703	145.0
NGC 291	SBa	0.53	0.018980		0.541	55.0
NGC 2911	S0	2.13	0.010780		0.616	135.0
NGC 2913	Sc	0.69	0.010170		0.616	132.0
NGC 2914	SBab	0.58	0.010490		0.611	12.0
NGC 2915	SBab	0.98	0.001560		0.538	132.0
NGC 2916	Sb	1.59	0.012390		0.663	16.0
NGC 2917	S0-a	0.37	0.012258		0.276	170.0
NGC 2918	E	1.06	0.022540		0.679	66.0
NGC 2919	SABb	0.53	0.008159		0.349	159.0
NGC 292	SBm	179.89	0.000486		0.600	45.0
NGC 2920	Sa	0.61	0.010514		0.709	121.0
NGC 2921	SABa	0.92	0.009902		0.322	85.0
NGC 2922	Sm	0.45	0.014546		0.421	99.0
NGC 2923	Sb	0.31	0.027350		0.585	28.0
NGC 2924	E	1.62	0.015047		0.794	142.0
NGC 2925			0.000005			
NGC 2926	SBbc	0.74	0.014540		0.892	120.0
NGC 2927	Sb	0.78	0.025150		0.595	155.0
NGC 2928	SBa	0.70	0.027800		0.579	41.0
NGC 2929	Sbc	0.38	0.025101		0.345	144.0
NGC 293	Sb	0.63	0.018790		0.562	15.0
NGC 2930	Sbc	0.22	0.022012		0.440	142.0
NGC 2931	Sb	0.54	0.025000		0.720	68.0
NGC 2933	Sbc	0.31	0.014460		0.320	31.0
NGC 2934	SBa	0.31	0.027030		0.705	7.0
NGC 2935	Sb	3.16	0.007602		0.751	164.0
NGC 2936	E	0.52	0.024070		0.553	78.0
NGC 2937	E	0.54	0.022650		0.720	22.0
NGC 2938	Sc	0.85	0.007609		0.685	97.0
NGC 2939	Sbc	0.74	0.011090		0.349	154.0
NGC 294		1.70		In the Small Magellanic Cloud.	1.000	
NGC 2940	E-S0	0.77	0.028560		0.794	91.0
NGC 2941	S0-a	0.57	0.024863		0.814	167.0
NGC 2942	Sc	1.32	0.014720		0.790	152.0
NGC 2943	E	1.08	0.028070		0.500	128.0
NGC 2944 NED01	SBc	0.29	0.022750		0.319	100.0
NGC 2944 NED02	Sc	0.19			0.594	161.0
NGC 2945	E-S0	1.31	0.015444		0.789	160.0
NGC 2946	SBb	0.34	0.030024		0.309	15.0
NGC 2947	SABb	1.20	0.009354		0.736	28.0
NGC 2948	Sbc	0.78	0.016610		0.545	1.0
NGC 2949		0.31			0.738	15.0
NGC 295		0.54	0.015477		0.915	65.0
NGC 2950	S0	1.65	0.004576		0.630	142.0
NGC 2951	E	0.51			0.381	85.0
NGC 2952	Sd	0.55	0.031170		0.688	90.0
NGC 2953				Nothing at this position.		
NGC 2954	E	0.99	0.012730		0.692	155.0
NGC 2955	SABb	0.87	0.023329		0.547	160.0
NGC 2956	SBb	0.38	0.032149		0.442	58.0
NGC 2957 NED01	E	0.33	0.022604		0.363	
NGC 2957A	Sa	0.34	0.022352		0.442	49.0
NGC 2958	Sbc	0.72	0.022155		0.735	10.0
NGC 2959	Sab	1.17	0.014820		0.848	113.0
NGC 296	Sb	0.88	0.018230		0.395	164.0
NGC 2960	Sa	0.86	0.016451		0.775	40.0
NGC 2961	SABb	0.32	0.015014		0.372	145.0
NGC 2962	S0-a	1.16	0.006688		0.502	2.0
NGC 2963	SBab	0.64	0.022349		0.542	158.0
NGC 2964	Sbc	2.18	0.004393		0.747	97.0
NGC 2965	S0	0.92	0.022340		0.708	77.0
NGC 2966	Sc	0.68	0.006700		0.321	76.0
NGC 2967	Sc	2.01	0.006337		0.939	135.0
NGC 2968	Sa	1.63	0.005130		0.657	54.0
NGC 2969	Sc	0.60	0.016681		0.455	25.0
NGC 297	E	0.29	0.050780		0.829	101.0
NGC 2970	E	0.75	0.005465		0.882	67.0
NGC 2971	Sb	0.78	0.022600		0.690	131.0
NGC 2972			0.000070			
NGC 2974	E	2.13	0.006578		0.612	44.0
NGC 2975	E-S0	0.63	0.054040		0.750	80.0
NGC 2976	Sc	3.01	0.000040		0.522	143.0
NGC 2977	Sb	1.05			0.505	145.0
NGC 2978	SABb	0.87	0.006011		0.813	112.0
NGC 2979	SABa	1.25	0.009006		0.607	21.0
NGC 298	Sc	0.49	0.005865		0.333	92.0
NGC 2980	Sc	0.86	0.019229		0.480	164.0
NGC 2981	SABb	0.70	0.034640		0.660	86.0
NGC 2982			0.000152			
NGC 2983	S0-a	1.16	0.006801		0.489	86.0
NGC 2984	E-S0	0.83	0.020614		0.976	155.0
NGC 2985	Sab	2.92	0.004306		0.809	177.0
NGC 2986	E	3.85	0.007725		0.800	42.0
NGC 2987	Sab	0.60	0.012442		0.458	163.0
NGC 2988	Sbc	0.33	0.025530		0.363	37.0
NGC 2989	SABb	1.16	0.013919		0.686	38.0
NGC 299		0.90			1.000	
NGC 2990	SABc	0.44	0.010310		0.473	86.0
NGC 2991	S0	0.80	0.024810		0.808	124.0
NGC 2992	Sa	0.69	0.007296		0.236	17.0
NGC 2993	Sa	1.13	0.008137		0.831	94.0
NGC 2994	S0	0.52	0.024740		0.547	127.0
NGC 2996	S0-a	1.36	0.029330		1.000	150.0
NGC 2997	SABc	6.21	0.003611		0.605	97.0
NGC 2998	SABc	1.23	0.015910		0.504	54.0
NGC 3	S0	0.59	0.013009		0.578	112.0
NGC 300	Scd	13.06	0.000487		0.673	114.0
NGC 3001	Sbc	2.26	0.008224		0.748	5.0
NGC 3003	Sbc	1.06	0.004930		0.224	79.0
NGC 3005	SABc	0.30	0.015210		0.263	150.0
NGC 3006	Sbc	0.29	0.016010		0.354	83.0
NGC 3007	S0-a	0.78	0.021748		0.484	81.0
NGC 3008	S0-a	0.47	0.015790		0.627	136.0
NGC 3009	SBbc	0.74	0.015190		0.961	60.0
NGC 301	Sa	0.59	0.022600		0.922	80.0
NGC 3010	E	0.58	0.015770		0.592	47.0
NGC 3010A	S0	0.20	0.014760		0.513	125.0
NGC 3010C	SABc	0.51	0.015430		0.750	36.0
NGC 3011	S0	0.69	0.005130		0.841	61.0
NGC 3012	E	1.18	0.038750		0.952	145.0
NGC 3013	Sab	0.56	0.027010		0.691	64.0
NGC 3014	Sbc	0.49	0.020588		0.527	154.0
NGC 3015	S0-a	0.40	0.025210		0.755	92.0
NGC 3016	Sb	0.95	0.029850		0.848	71.0
NGC 3017	E	0.88	0.020798		0.863	87.0
NGC 3018	SBbc	0.54	0.006214		0.462	28.0
NGC 3019	Sc	0.49	0.029620		0.645	33.0
NGC 302				NGC identification is uncertain.		
NGC 3020	Sc	1.28	0.005210		0.547	100.0
NGC 3021	Sbc	0.81	0.005350		0.596	110.0
NGC 3022	S0	1.56	0.020808		0.918	0.0
NGC 3023	SABc	0.94	0.006276		0.516	80.0
NGC 3024	Sc	0.50	0.004728		0.292	124.0
NGC 3025	S0	1.05	0.028220		0.660	118.0
NGC 3026	SBm	0.60	0.004923		0.270	82.0
NGC 3027	Sc	1.27	0.003536		0.379	128.0
NGC 3028	Sb	0.84	0.013469		0.778	70.0
NGC 3029	SABc	0.87	0.022225		0.644	140.0
NGC 303	S0-a	0.26			0.356	160.0
NGC 3030	E-S0	0.92	0.008890		0.742	137.0
NGC 3032	S0	1.31	0.005207		0.916	90.0
NGC 3033			0.000089			
NGC 3035	Sbc	1.19	0.014550		0.810	0.0
NGC 3036			0.000039			
NGC 3037	Sm	1.13	0.002968		0.876	57.0
NGC 3038	Sb	1.69	0.009328		0.604	126.0
NGC 3039	Sab	0.69	0.016650		0.523	16.0
NGC 304	S0	0.76	0.016565		0.650	175.0
NGC 3040 NED01	Sab	0.39	0.023290		0.448	148.0
NGC 3040 NED02	S0-a	0.91	0.025732		0.603	165.0
NGC 3041	SABc	2.07	0.004730		0.643	93.0
NGC 3042	S0-a	0.74	0.012550		0.725	110.0
NGC 3043	SBb	0.61	0.010030		0.367	82.0
NGC 3044	SBc	0.70	0.004307		0.167	114.0
NGC 3045	SBb	0.64	0.007565		0.448	20.0
NGC 3047A	E	0.60	0.020500		1.000	30.0
NGC 3047B	E	0.45	0.020746		0.763	44.0
NGC 3048 NED01	I	0.40	0.033330		0.563	110.0
NGC 3048 NED02	Sb	0.28	0.029340		0.683	16.0
NGC 3049	SBb	1.22	0.004853		0.578	28.0
NGC 3051	E-S0	1.39	0.008513		0.632	169.0
NGC 3052	SABc	1.42	0.012602		0.660	109.0
NGC 3053	Sa	0.70	0.012410		0.440	139.0
NGC 3054	Sb	2.18	0.008154		0.612	112.0
NGC 3055	Sc	1.11	0.006010		0.566	63.0
NGC 3056	S0-a	1.39	0.003262		0.615	20.0
NGC 3057	Sd	0.92	0.005135		0.634	8.0
NGC 3058 NED01		0.35			0.565	145.0
NGC 3058 NED02	Sd	0.48	0.025236		0.381	55.0
NGC 3059	SBbc	3.56	0.004244		0.937	50.0
NGC 306		1.10		In the Small Magellanic Cloud.	1.000	
NGC 3060	Sb	0.42	0.012570		0.208	77.0
NGC 3061	Sc	1.23	0.008152		0.778	140.0
NGC 3062	Sb	0.40	0.027470		0.482	63.0
NGC 3064	Sbc	0.33	0.016992		0.287	25.0
NGC 3065	S0	1.78	0.006748		0.952	160.0
NGC 3066	SABb	1.06	0.006751		0.946	75.0
NGC 3067	SABa	0.66	0.004922		0.320	104.0
NGC 3068	E-S0	0.70	0.021330		0.805	92.0
NGC 3069	SABa	0.37	0.017630		0.430	166.0
NGC 307	S0	0.67	0.013336		0.416	79.0
NGC 3070	E	1.28	0.017976		0.826	51.0
NGC 3071	S0	0.46	0.021380		0.697	176.0
NGC 3072	S0-a	0.62	0.011932		0.341	70.0
NGC 3073	E-S0	1.07	0.003933		0.892	130.0
NGC 3074	SABc	1.69	0.017130		0.862	150.0
NGC 3075	Sc	0.64	0.011922		0.427	132.0
NGC 3076	Sab	0.84	0.012035		0.966	25.0
NGC 3077	S?	4.32	0.000040		0.829	49.0
NGC 3078	E	2.48	0.008309		0.816	177.0
NGC 3079	SBc	1.29	0.003766		0.158	166.0
NGC 3080	SABa	0.77	0.035240		0.963	50.0
NGC 3081	S0-a	1.59	0.008040	The IC identification is not certain.	0.596	71.0
NGC 3082	E-S0	0.77	0.009300		0.360	29.0
NGC 3083	SBa	0.34	0.021438		0.343	50.0
NGC 3084	Sab	1.23	0.008306		0.741	100.0
NGC 3085	S0	0.41	0.013130		0.331	118.0
NGC 3086	Sb	0.40	0.022482		0.345	147.0
NGC 3087	E	2.02	0.008656		0.886	46.0
NGC 3088A	SBab	0.83			0.615	114.0
NGC 3088B	Sbc	0.26	0.025263		0.280	139.0
NGC 3089	SABb	1.13	0.008833		0.579	144.0
NGC 309	SABc	1.95	0.018840		0.874	100.0
NGC 3090	E	1.30	0.020311		0.798	15.0
NGC 3091	E	2.18	0.012166		0.591	144.0
NGC 3092	S0-a	0.50	0.019867		0.385	27.0
NGC 3093	E	0.36	0.020441		0.468	51.0
NGC 3094	SBa	0.98	0.007895		0.731	63.0
NGC 3095	Sc	1.81	0.009205		0.501	129.0
NGC 3096	S0	1.03	0.014102		0.880	70.0
NGC 3097				Nothing at this position on the POSS.		
NGC 3098	S0	0.50	0.004560		0.215	90.0
NGC 3099	E	0.62	0.050530		0.539	147.0
NGC 31	Sc	0.53	0.032030		0.453	2.0
NGC 3100	S0	2.48	0.008346		0.697	148.0
NGC 3101	Sa	0.21	0.019060		0.172	150.0
NGC 3102	E-S0	0.98	0.010134		1.000	110.0
NGC 3104	IAB	2.03	0.002010		0.679	36.0
NGC 3105			0.000151			
NGC 3106	S0	0.25	0.020660		0.281	124.0
NGC 3107	SABb	0.63	0.009330		0.818	140.0
NGC 3108	S0-a	2.22	0.008673		0.874	59.0
NGC 3109	SBm	2.74	0.001345		0.171	93.0
NGC 311	S0	0.69	0.016878		0.507	118.0
NGC 3110	SBb	0.90	0.017070		0.481	171.0
NGC 3111	E-S0	1.34	0.024810		0.944	150.0
NGC 3112	Sbc	0.30	0.013260		0.273	47.0
NGC 3113	SABc	1.05	0.003613		0.306	86.0
NGC 3114			-0.000012			
NGC 3115	E-S0	3.01	0.002222		0.424	43.0
NGC 3116	E	0.64	0.021261		0.914	45.0
NGC 3117	E	0.91	0.022600		0.948	110.0
NGC 3118	Sbc	0.44	0.004470		0.212	39.0
NGC 3119	E	0.81	0.000570		0.771	20.0
NGC 312	E	1.38	0.026702		0.750	65.0
NGC 3120	SABb	1.17	0.009363		0.696	7.0
NGC 3123				Nothing at this position on the POSS.		
NGC 3124	Sbc	2.10	0.011948		0.778	174.0
NGC 3125	E	0.97	0.003703		0.802	110.0
NGC 3126	SABb	0.66	0.017124		0.213	123.0
NGC 3127	Sb	0.28	0.015130		0.173	55.0
NGC 3128	SBb	0.63	0.015792		0.409	173.0
NGC 3130	S0-a	0.61	0.027346		0.570	28.0
NGC 3131	Sb	0.67	0.017020		0.310	58.0
NGC 3132			0.000163			
NGC 3133	Sb	0.29	0.030420		0.426	27.0
NGC 3134	SBab	0.40	0.018230		0.268	55.0
NGC 3135	Sbc	0.60	0.024050		0.600	88.0
NGC 3136	E	2.94	0.005350		0.700	27.0
NGC 3136A	IB	0.33	0.006700		0.206	88.0
NGC 3136B	E	1.35	0.005931		0.771	23.0
NGC 3137	SABc	3.85	0.003724		0.691	4.0
NGC 3138	Sbc	0.21	0.026431		0.191	80.0
NGC 3139	S0	0.97	0.030800		0.802	68.0
NGC 314	S0-a	0.77	0.018990		0.770	170.0
NGC 3140	Sc	0.68	0.028213		0.708	130.0
NGC 3141	Sc	0.47	0.028420		0.618	25.0
NGC 3142	S0	0.30	0.017710		0.349	171.0
NGC 3143	SBb	0.67	0.011988		0.817	103.0
NGC 3144	SBab	0.74	0.021738		0.661	4.0
NGC 3145	SBbc	1.37	0.012146		0.477	20.0
NGC 3146	SBb	0.79	0.013200		0.782	131.0
NGC 3147	Sbc	3.55	0.009353		0.864	152.0
NGC 3148			-0.000037			
NGC 3149	Sb	0.94	0.006738		0.817	23.0
NGC 315	E	2.14	0.020000		0.748	45.0
NGC 3150	Sb	0.77	0.024425		0.740	154.0
NGC 3151	S0	0.42	0.022830		0.452	164.0
NGC 3152	S0	0.65	0.021220		0.878	54.0
NGC 3153	Sc	0.89	0.009373		0.514	165.0
NGC 3154	SBa	0.39	0.021969		0.470	121.0
NGC 3155	Sbc	0.64	0.009807		0.529	37.0
NGC 3156	S0	1.02	0.004450		0.534	50.0
NGC 3157	SBc	0.44	0.009521		0.259	39.0
NGC 3158	E	1.94	0.023090		0.836	152.0
NGC 3159	E	0.76	0.022620		0.792	156.0
NGC 3160	Sab	0.25	0.022890		0.200	140.0
NGC 3161	E	0.28	0.021010		0.609	6.0
NGC 3162	SABc	1.69	0.004343		0.809	26.0
NGC 3163	E-S0	0.97	0.020721		0.851	40.0
NGC 3164	Sb	0.57	0.025978		0.712	178.0
NGC 3165	Sm	0.54	0.004453		0.462	175.0
NGC 3166	S0-a	2.84	0.004440		0.631	87.0
NGC 3167				Nothing at this position.		
NGC 3168	E	0.79	0.031350		0.868	35.0
NGC 3169	Sa	2.65	0.004180		0.611	49.0
NGC 3171	E-S0	1.25	0.011575		0.668	173.0
NGC 3172	S0	1.00	0.020330		0.877	85.0
NGC 3173	Sc	1.71	0.008461		0.900	19.0
NGC 3175	Sab	1.95	0.003613		0.371	55.0
NGC 3176				Nothing at this position.		
NGC 3177	Sb	1.10	0.004300		0.764	140.0
NGC 3178	Sc	0.93	0.011578		0.633	71.0
NGC 3179	S0	0.41	0.023850		0.220	48.0
NGC 317A	Sa	0.96	0.017733		0.793	7.0
NGC 317B	SBbc	0.45	0.018109		0.464	94.0
NGC 318	S0	0.29	0.017559		0.483	5.0
NGC 3181		0.83			0.292	123.0
NGC 3182	S0-a	1.59	0.007060		0.828	145.0
NGC 3183	SBbc	1.38	0.010300		0.622	160.0
NGC 3184	SABc	7.18	0.001970		0.970	117.0
NGC 3185	Sa	1.23	0.004071		0.572	131.0
NGC 3186	E	1.08	0.028260	NGC identification is not certain.	1.000	110.0
NGC 3187	SBc	0.74	0.005281		0.330	108.0
NGC 3188	Sab	0.63	0.026110		0.750	0.0
NGC 3188A	SBc	0.21	0.026692		0.477	77.0
NGC 3189	Sa	1.22	0.004322		0.335	124.0
NGC 319	Sa	0.74	0.023160		0.740	33.0
NGC 3191	SBbc	0.52	0.030630		0.732	4.0
NGC 3193	E	2.16	0.004607		0.915	20.0
NGC 3195			-0.000024			
NGC 3196	E	0.26	0.050635		0.565	121.0
NGC 3197	Sbc	0.80	0.026975		0.721	161.0
NGC 3198	Sc	1.84	0.002270		0.285	30.0
NGC 3199		15.00			0.750	
NGC 320	S0-a	0.49	0.018379		0.551	156.0
NGC 3200	Sc	1.14	0.011776		0.280	168.0
NGC 3201			0.001650			
NGC 3202	Sa	0.81	0.022170		0.638	25.0
NGC 3203	S0-a	0.64	0.008036		0.203	60.0
NGC 3204	Sb	0.88	0.016540		0.704	106.0
NGC 3205	Sa	1.11	0.023290		0.847	158.0
NGC 3206	SBc	1.17	0.003863		0.509	7.0
NGC 3207	S0	0.83	0.023210		0.669	87.0
NGC 3208	Sc	1.55	0.010094		0.871	55.0
NGC 3209	E	1.21	0.020611		0.771	80.0
NGC 321	E	0.35	0.016160		0.778	103.0
NGC 3211			-0.000053			
NGC 3212	SBb	0.75	0.032680		0.904	88.0
NGC 3213	Sbc	0.83	0.004554		0.790	128.0
NGC 3214	S0-a	0.45	0.025810		0.417	35.0
NGC 3215	SBbc	0.52	0.031582		0.547	40.0
NGC 3216	E	1.07	0.039220		0.626	176.0
NGC 3217	Sc	0.40	0.031910		0.755	22.0
NGC 3219	E-S0	0.63	0.051750		0.583	70.0
NGC 322	S0	0.57	0.023660		0.496	154.0
NGC 3220	Sb	0.48	0.003969		0.407	96.0
NGC 3221	Sc	0.76	0.013760		0.447	166.0
NGC 3222	S0	1.01	0.018613		0.902	25.0
NGC 3223	Sb	2.79	0.009704		0.652	132.0
NGC 3224	E	1.41	0.010120		0.820	120.0
NGC 3225	Sc	0.75	0.007112		0.455	154.0
NGC 3226	E	2.26	0.004230		0.722	13.0
NGC 3227	SABa	1.86	0.003650		0.467	156.0
NGC 3228			0.000046			
NGC 323	E	1.52	0.025945		0.835	166.0
NGC 3230	S0	0.64	0.009400		0.317	114.0
NGC 3232	SABa	0.69	0.020914		0.812	57.0
NGC 3233	S0-a	0.64	0.012148		0.421	141.0
NGC 3234	E-S0	0.96	0.021378		0.716	85.0
NGC 3236	E	0.67	0.031030		0.705	52.0
NGC 3237	S0	1.04	0.023430		0.972	37.0
NGC 3238	S0	0.91	0.024410		0.820	151.0
NGC 3239	IB	2.71	0.002350		0.751	80.0
NGC 324	S0	0.62	0.011515		0.419	95.0
NGC 3240	Sc	1.03	0.011877		0.866	78.0
NGC 3241	SABa	1.55	0.009470		0.677	122.0
NGC 3242			0.000016			
NGC 3243	S0	1.19	0.018663		0.688	120.0
NGC 3244	Sc	1.46	0.009242		0.670	170.0
NGC 3245	S0	2.30	0.004453		0.637	176.0
NGC 3245A	SBb	0.30	0.004540		0.129	148.0
NGC 3246	Sd	0.95	0.007140		0.490	98.0
NGC 3247		5.00			1.000	
NGC 3248	S0	0.94	0.004863		0.553	135.0
NGC 3249	Sc	1.40	0.011413		0.892	126.0
NGC 325	Sc	0.23	0.018330		0.193	90.0
NGC 3250	E	2.20	0.009397		0.743	140.0
NGC 3250A	Sb	0.32	0.024700		0.198	88.0
NGC 3250B	SBa	0.80	0.008556		0.289	6.0
NGC 3250C	SABa	0.70	0.008600		0.366	58.0
NGC 3250D	S0	0.33	0.009800		0.175	26.0
NGC 3250E	Sc	1.45	0.009388		0.797	133.0
NGC 3251	SBbc	0.50	0.016960		0.243	55.0
NGC 3252	SBcd	0.66	0.003800		0.353	36.0
NGC 3253	Sbc	1.07	0.032382		0.930	150.0
NGC 3254	Sbc	1.12	0.004556		0.479	50.0
NGC 3255			0.000073			
NGC 3256	Sbc	2.26	0.009364		0.687	83.0
NGC 3256A	SBm	0.65	0.009420		0.489	85.0
NGC 3256B	SBbc	0.61	0.009083		0.290	135.0
NGC 3256C	SBcd	1.30	0.008542		0.681	90.0
NGC 3257	E-S0	0.87	0.010732		0.806	170.0
NGC 3258	E	2.34	0.009357		0.796	67.0
NGC 3258A	S0-a	0.44	0.009822		0.361	170.0
NGC 3258B	S0-a	0.35	0.007164		0.330	47.0
NGC 3258C	Sa	0.74	0.008701		0.667	47.0
NGC 3258D	Sb	0.84	0.008293		0.424	9.0
NGC 3258E	Sb	0.37	0.010253		0.236	29.0
NGC 3259	SABb	0.90	0.005600		0.523	16.0
NGC 326 NED01	E	0.89	0.047926		0.890	17.0
NGC 326 NED02		0.17	0.050761		1.000	0.0
NGC 3260	E	1.22	0.008169		0.865	9.0
NGC 3261	Sbc	2.84	0.008575		0.778	76.0
NGC 3262	S0	0.91	0.009599		0.778	109.0
NGC 3263	SBc	1.84	0.010155		0.235	99.0
NGC 3264	Sd	0.62	0.003125		0.297	2.0
NGC 3265	E	0.71	0.004750		0.732	73.0
NGC 3266	S0	1.21	0.005447		0.871	107.0
NGC 3267	S0	0.73	0.012449		0.471	155.0
NGC 3268	E	2.62	0.009384		0.749	71.0
NGC 3269	S0-a	1.02	0.012601		0.406	9.0
NGC 327	SBbc	0.63	0.018283		0.453	2.0
NGC 3270	SABb	0.62	0.020846		0.265	12.0
NGC 3271	S0	1.67	0.012544		0.555	109.0
NGC 3273	S0	0.88	0.008384		0.461	96.0
NGC 3274	Scd	0.81	0.001785		0.497	93.0
NGC 3275	Sab	2.05	0.010600		0.730	121.0
NGC 3276	S0	0.74	0.015720		0.587	69.0
NGC 3277	Sab	1.59	0.004730		0.754	29.0
NGC 3278	Sc	1.04	0.009937		0.770	60.0
NGC 3279	Sc	0.41	0.004630		0.165	151.0
NGC 328	SBa	0.71	0.024494		0.289	103.0
NGC 3280A	E-S0	0.57	0.028320		0.877	29.0
NGC 3280B	S0	0.58	0.029791		0.569	122.0
NGC 3280C	E-S0	0.54	0.028620		0.439	22.0
NGC 3281	Sab	1.27	0.010732		0.410	140.0
NGC 3281A	S0	0.89	0.007640		0.712	121.0
NGC 3281B	E-S0	0.64	0.008115		0.489	65.0
NGC 3281C	S0	0.41	0.009313		0.363	159.0
NGC 3281D	SBcd	0.39	0.008768		0.189	159.0
NGC 3282	S0	0.65	0.012264		0.367	81.0
NGC 3283	S0	2.07	0.009458		0.724	166.0
NGC 3284	E	0.83	0.027210		0.610	80.0
NGC 3285	Sa	1.52	0.011381		0.512	109.0
NGC 3285A	Sc	0.87	0.012081		0.719	174.0
NGC 3285B	Sb	1.04	0.010120		0.634	52.0
NGC 3287	SBd	0.85	0.004339		0.478	18.0
NGC 3288	SABb	0.70	0.027160		0.787	8.0
NGC 3289	S0-a	0.47	0.009229		0.236	152.0
NGC 329	Sb	0.64	0.017530		0.403	10.0
NGC 3290	Sbc	0.60	0.035338		0.571	58.0
NGC 3292	S0	0.85	0.007527		0.766	178.0
NGC 3293			-0.000040			
NGC 3294	SABc	1.60	0.005230		0.519	119.0
NGC 3296	E	0.99	0.029691		0.892	56.0
NGC 3297	S0	0.51	0.030681		0.586	161.0
NGC 3298	E	0.70	0.045070		0.636	157.0
NGC 3299	SABd	1.32	0.002098		0.737	3.0
NGC 330		2.50		In the Small Magellanic Cloud.	0.893	120.0
NGC 3300	S0	0.78	0.010070		0.510	174.0
NGC 3301	S0-a	1.06	0.004450		0.292	53.0
NGC 3302	S0	1.28	0.013263		0.663	115.0
NGC 3303 NED01	Sbc	0.35	0.020780		0.593	97.0
NGC 3303 NED02	Sa	0.74	0.020707		0.673	157.0
NGC 3304	Sa	0.53	0.023200		0.342	160.0
NGC 3305	E	1.11	0.013349		0.949	130.0
NGC 3306	SBcd	0.45	0.009950		0.433	136.0
NGC 3307	S0-a	0.32	0.012650		0.337	28.0
NGC 3308	E-S0	0.72	0.011860		0.595	34.0
NGC 3309	E	1.57	0.013630		0.863	94.0
NGC 331	Sbc	0.60	0.024126	NGC identification is very uncertain.	0.625	127.0
NGC 3310	SABb	1.73	0.003366		0.961	10.0
NGC 3311	E-S0	2.33	0.012953		0.886	57.0
NGC 3312	Sb	1.07	0.009473		0.323	172.0
NGC 3313	Sab	2.02	0.012442		0.682	110.0
NGC 3314A	SBab	0.64	0.009323		0.547	145.0
NGC 3314B	Sc	0.46	0.015684		0.719	46.0
NGC 3315	E-S0	1.04	0.012650		0.867	119.0
NGC 3316	S0	0.78	0.013240		0.813	8.0
NGC 3318	Sbc	1.36	0.009384		0.540	82.0
NGC 3318A	SABc	0.58			0.450	4.0
NGC 3318B	Sc	1.12	0.009210		0.727	113.0
NGC 3319	SBc	1.77	0.002420		0.488	38.0
NGC 332	E-S0	1.31	0.017389		0.956	155.0
NGC 3320	Sc	0.87	0.007590		0.446	24.0
NGC 3321	SABc	1.11	0.008327		0.483	29.0
NGC 3323	SBbc	0.52	0.017330		0.547	171.0
NGC 3324			-0.000024			
NGC 3325	E	1.07	0.018700		0.849	64.0
NGC 3326	Sa	0.87	0.027130		0.897	154.0
NGC 3327	Sb	0.86	0.021030		0.683	81.0
NGC 3328				NGC identification is not certain.		
NGC 3329	Sb	1.14	0.006211		0.597	139.0
NGC 3330			-0.000020			
NGC 3331	SBc	0.95	0.012145		0.798	9.0
NGC 3332	E-S0	1.14	0.019460		0.832	145.0
NGC 3333	Sbc	0.41	0.014466		0.285	159.0
NGC 3334	S0	1.13	0.024080		0.934	150.0
NGC 3335	S0-a	0.91	0.012442		0.827	117.0
NGC 3336	SABc	1.74	0.013343		0.883	117.0
NGC 3337	E-S0	0.57	0.026870		0.491	51.0
NGC 3338	Sc	0.71	0.004342		0.577	98.0
NGC 333A	E-S0	0.34			0.829	131.0
NGC 333B	S0	0.80	0.055671		0.533	116.0
NGC 334	SBb	0.65	0.030728		0.602	178.0
NGC 3340	SBbc	0.94			0.729	166.0
NGC 3341		0.31	0.027340		0.290	23.0
NGC 3343	E	0.93	0.021008		0.694	55.0
NGC 3344	Sbc	6.37	0.001951		0.951	150.0
NGC 3346	Sc	2.20	0.004174		0.833	119.0
NGC 3347	SBb	1.14	0.009077		0.281	177.0
NGC 3347A	SBc	0.84	0.008916		0.380	179.0
NGC 3347B	SBcd	0.57	0.010644		0.191	91.0
NGC 3347C	Scd	0.94	0.008896		0.696	25.0
NGC 3348	E	2.13	0.009457		1.000	65.0
NGC 3349	Sbc	0.64	0.027490		0.914	70.0
NGC 335	Sbc	0.41	0.018856		0.320	135.0
NGC 3350	S0-a	0.60	0.034580		0.923	80.0
NGC 3352	S0	0.95	0.019170		0.664	179.0
NGC 3353	SABb	0.98	0.003137		0.721	76.0
NGC 3354	Sc	0.82	0.010054		0.804	169.0
NGC 3355	SABm	0.93	0.003997	Identification as NGC 3355 is very uncertain; N3355 may be ESO 501- G 080.	0.744	51.0
NGC 3356	Sbc	0.82	0.020518		0.485	98.0
NGC 3357	E	0.83	0.032590		0.806	88.0
NGC 3358	S0-a	1.82	0.010074		0.503	140.0
NGC 3359	Sc	2.83	0.003373		0.695	167.0
NGC 336	S0-a	0.30	0.016000		0.400	38.0
NGC 3360	Sc	0.81	0.028196		0.786	54.0
NGC 3361	SABc	0.77	0.006440		0.345	155.0
NGC 3362	SABc	1.08	0.027650		0.818	82.0
NGC 3363	Sbc	0.63	0.019280		0.733	179.0
NGC 3364	SABc	1.22	0.009040		0.878	68.0
NGC 3365	Sc	0.69	0.003296		0.171	160.0
NGC 3366	SBb	1.31	0.009738		0.482	36.0
NGC 3367	Sc	2.83	0.009900		0.983	70.0
NGC 3369	E-S0	0.54	0.012591		0.750	118.0
NGC 337	SBcd	1.89	0.005526		0.647	158.0
NGC 3370	SABc	1.42	0.004276		0.582	147.0
NGC 3372		120.00			1.000	
NGC 3374	Sc	0.88	0.024930		0.721	161.0
NGC 3375	S0	1.26	0.008082		0.846	130.0
NGC 3376	S0-a	0.53	0.019396		0.469	166.0
NGC 3377	E	1.87	0.002322		0.483	36.0
NGC 3377A	SABm	1.37	0.001898		0.958	0.0
NGC 3378	SABb	1.35	0.016419		0.900	93.0
NGC 337A	SABd	1.73	0.003589		0.658	8.0
NGC 338	Sab	0.66	0.015938		0.377	107.0
NGC 3380	SBa	1.40	0.005385		0.897	21.0
NGC 3381	SBbc	1.82	0.005445		0.901	76.0
NGC 3382				Identification as NGC 3382 is very uncertain.		
NGC 3383	SBbc	1.11	0.011868		0.766	5.0
NGC 3384	E-S0	2.37	0.002442	Identification as NGC 3371 is not certain.	0.452	53.0
NGC 3385	S0	0.88	0.025880		0.547	98.0
NGC 3386	E	1.00	0.034290		0.943	95.0
NGC 3389	Sc	1.18	0.004330	Identification as NGC 3373 is not certain.	0.440	104.0
NGC 339		2.90			1.000	
NGC 3390	Sb	0.69	0.009457		0.222	179.0
NGC 3391	Sb	0.56	0.009877		0.644	31.0
NGC 3392	E	0.67	0.010780		0.744	117.0
NGC 3393	SBa	1.70	0.012575		0.872	13.0
NGC 3394	Sc	1.36	0.011410		0.768	43.0
NGC 3395	Sc	0.89	0.005450		0.556	40.0
NGC 3396	Sm	1.27	0.005400		0.410	97.0
NGC 3398	SABb	0.32	0.009700		0.372	76.0
NGC 3399	E-S0	1.38	0.022690		0.908	30.0
NGC 340	Sb	0.39	0.020525		0.415	78.0
NGC 3400	SBa	0.91	0.004727		0.595	97.0
NGC 3401				Nothing at this position.		
NGC 3402	E	1.78	0.016470		0.962	170.0
NGC 3403	Sbc	1.04	0.004190		0.374	73.0
NGC 3404	SBab	0.60	0.015463		0.291	81.0
NGC 3405 NED01	E	0.98	0.021740		0.760	74.0
NGC 3405 NED02	E-S0	0.50	0.020610		0.758	95.0
NGC 3406 NED01	E	1.00	0.024990		0.690	84.0
NGC 3406 NED02	S0	0.55	0.023520		0.491	11.0
NGC 3407	E-S0	0.67	0.016750		0.496	17.0
NGC 3408	Sc	0.72	0.031580		0.847	150.0
NGC 3409	SBc	0.32	0.020739		0.230	9.0
NGC 341	Sbc	1.14	0.015291		0.912	145.0
NGC 3410	SABb	0.59	0.027610		0.678	40.0
NGC 3412	S0	2.17	0.002885		0.548	155.0
NGC 3413	S0-a	0.85	0.002195		0.421	177.0
NGC 3414	S0	1.37	0.004850		0.513	9.0
NGC 3415	S0-a	0.78	0.010858		0.578	10.0
NGC 3416	Sc	0.25	0.011090		0.424	31.0
NGC 3417	SBb	0.52	0.021740		0.642	87.0
NGC 3418	S0-a	0.94	0.004203		0.855	77.0
NGC 3419	S0-a	0.63	0.010140		0.840	117.0
NGC 3419A	SBbc	0.34	0.010270		0.204	136.0
NGC 342	E	0.43	0.019403		0.473	100.0
NGC 3420	SBa	1.13	0.020121		0.974	120.0
NGC 3421	SBa	1.24	0.014924		0.785	65.0
NGC 3422	S0-a	0.44	0.014556		0.331	54.0
NGC 3423	Sc	3.03	0.003340		0.851	4.0
NGC 3424	SBb	0.78	0.005013		0.313	111.0
NGC 3425	S0	1.01	0.022089		0.871	65.0
NGC 3426	E	1.39	0.020394		0.813	104.0
NGC 3427	S0-a	0.83	0.021290		0.638	77.0
NGC 3428	Sb	0.60	0.026660		0.429	167.0
NGC 343	Sc	0.27	0.056905		0.375	9.0
NGC 3430	Sc	2.22	0.005297		0.556	32.0
NGC 3431	SABb	0.40	0.018488		0.267	133.0
NGC 3432	SBm	2.08	0.002064		0.281	33.0
NGC 3433	Sc	2.40	0.009020		0.956	170.0
NGC 3434	Sb	1.09	0.012100		0.752	178.0
NGC 3435	SBb	1.17	0.017135		0.669	33.0
NGC 3436	Sab	0.60	0.021810		0.698	79.0
NGC 3437	SABc	0.82	0.004190		0.349	119.0
NGC 3438	E?	0.83	0.021630		0.933	65.0
NGC 3439	Sbc	0.35	0.020600		0.795	135.0
NGC 344		0.20		NGC identification is not certain.	0.714	42.0
NGC 3440	Sbc	0.47	0.006400		0.232	51.0
NGC 3441	Sbc	0.43	0.021740		0.544	6.0
NGC 3442	Sab	0.36	0.005784		0.667	18.0
NGC 3443	SABc	0.89	0.003780		0.503	146.0
NGC 3444	Sbc	0.16	0.031300		0.118	19.0
NGC 3445	SABm	1.28	0.006900		0.908	130.0
NGC 3447A	Sm	1.95	0.003555		0.577	14.0
NGC 3447B	IB	0.79	0.003606		0.530	107.0
NGC 3448	S?	0.88	0.004570		0.296	65.0
NGC 3449	SABa	0.96	0.010941		0.262	145.0
NGC 345	Sa	0.58	0.017590		0.592	100.0
NGC 3450	Sb	2.29	0.013256		0.877	110.0
NGC 3451	Sc	0.78	0.004463		0.470	50.0
NGC 3452	Sa	0.31	0.027596		0.248	65.0
NGC 3453	SBbc	0.56	0.013264		0.514	13.0
NGC 3454	SBc	0.53	0.003673		0.220	116.0
NGC 3455	SABb	1.42	0.003730		0.626	70.0
NGC 3456	Sc	1.26	0.014313		0.720	105.0
NGC 3457	E	0.93	0.003853	Identification as NGC 3457 is not certain.	0.959	175.0
NGC 3458	S0	0.73	0.006131		0.529	7.0
NGC 3459	SBab	0.55	0.014200		0.379	149.0
NGC 346		8.50			1.000	
NGC 3461	Sbc	0.43	0.041910		0.843	66.0
NGC 3462	S0	1.16	0.021722		0.659	62.0
NGC 3463	Sb	0.70	0.013129		0.464	77.0
NGC 3464	Sc	1.55	0.012490		0.654	111.0
NGC 3465	Sb	0.80	0.024086		0.842	65.0
NGC 3466	SBab	0.56	0.033010		0.560	53.0
NGC 3467	S0	0.81	0.031490		0.880	20.0
NGC 3468	S0	0.73	0.025090		0.487	9.0
NGC 3469	Sab	1.05	0.015444		0.673	142.0
NGC 347		0.46	0.018630		0.767	105.0
NGC 3470	Sab	1.16	0.021760		0.853	161.0
NGC 3471	SBa	0.92	0.007050		0.514	12.0
NGC 3472				Nothing at this position.		
NGC 3473	SBb	0.84	0.030530		0.800	36.0
NGC 3474	E	0.82	0.030230		0.774	160.0
NGC 3475	Sa	0.70	0.021315		0.619	60.0
NGC 3476	E	0.90	0.034400	Identification as NGC 3480 is not certain.	0.891	146.0
NGC 3477	S0-a	0.31	0.034410		0.220	72.0
NGC 3478	SBbc	0.85	0.022170		0.415	127.0
NGC 3479	Sbc	1.07	0.015160		0.699	3.0
NGC 348	Sb	0.72	0.029480		0.857	93.0
NGC 3481	Sab	0.56	0.008352		0.691	125.0
NGC 3482	SBa	1.36	0.009757		0.735	16.0
NGC 3483	S0-a	1.35	0.011919		0.754	98.0
NGC 3484				Nothing at this position.		
NGC 3485	Sb	2.05	0.004807		0.945	50.0
NGC 3486	Sc	4.12	0.002272		0.708	80.0
NGC 3487	Sab	0.38	0.029300		0.427	152.0
NGC 3488	Sc	0.72	0.009990		0.477	172.0
NGC 3489	S0-a	2.03	0.002325		0.590	70.0
NGC 349	E-S0	1.16	0.019133		0.866	60.0
NGC 3490	E	0.72	0.035600		0.809	26.0
NGC 3491	E-S0	0.90	0.021190		0.978	140.0
NGC 3492 NED01	E	0.76	0.037290		0.776	27.0
NGC 3492 NED02	E	0.76	0.037911		0.650	100.0
NGC 3493	SBc	0.34	0.029804		0.347	85.0
NGC 3495	SABc	1.00	0.003750		0.215	20.0
NGC 3496			0.000032			
NGC 3497	S0	1.56	0.012322		0.605	57.0
NGC 3499	S0-a	0.71	0.005070		0.855	20.0
NGC 35	Sb	0.62	0.020096		0.816	138.0
NGC 350	E-S0	0.52	0.020463		0.658	85.0
NGC 3500	Sab	0.42	0.024682		0.483	48.0
NGC 3501	Sc	0.65	0.003773		0.151	27.0
NGC 3503		3.00			1.000	
NGC 3504	Sab	2.24	0.005104		0.903	150.0
NGC 3506	Sc	1.04	0.021311		0.897	175.0
NGC 3507	SBb	2.51	0.003266		0.860	95.0
NGC 3508	Sb	0.80	0.013049	Identification as NGC 3505 is not certain.	0.800	23.0
NGC 3509	Sbc	0.51	0.025590		0.264	37.0
NGC 351	S0-a	0.75	0.014010		0.490	140.0
NGC 3510	SBm	0.71	0.002380		0.458	163.0
NGC 3511	SABc	2.00	0.003751		0.331	76.0
NGC 3512	Sc	1.36	0.004570		0.855	141.0
NGC 3513	SBc	1.28	0.004011		0.456	113.0
NGC 3514	SABc	0.99	0.011467		0.811	100.0
NGC 3515	Sbc	0.69	0.029450		0.704	51.0
NGC 3516	S0	1.62	0.008816		0.848	55.0
NGC 3517	Sab	0.81	0.027519		0.853	91.0
NGC 3519			-0.000081			
NGC 352	SBb	0.78	0.017472		0.341	170.0
NGC 3520	E	0.75	0.072299		0.789	51.0
NGC 3521	SABb	4.47	0.002663		0.537	162.0
NGC 3522	E	0.62	0.004153		0.530	115.0
NGC 3523	Sbc	0.97	0.023723		0.851	160.0
NGC 3524	S0-a	0.43	0.004483		0.293	14.0
NGC 3526	Sc	0.56	0.004737		0.235	55.0
NGC 3527	Sa	1.00	0.033210		0.847	171.0
NGC 3529	SBb	0.92	0.012505		0.829	104.0
NGC 353	SBab	0.46	0.013896		0.365	23.0
NGC 3530	S0-a	0.27	0.006488		0.333	99.0
NGC 3532			0.000016			
NGC 3533	SABb	0.73	0.010459		0.253	70.0
NGC 3534	Sab	0.45	0.021990		0.312	88.0
NGC 3534B	Sb	0.38	0.038010		0.413	169.0
NGC 3535	Sa	0.51	0.023110		0.440	178.0
NGC 3536	Sa	0.68	0.036310		0.810	161.0
NGC 3537 NED01	Sab	1.20	0.027682		0.889	30.0
NGC 3537 NED02		1.23	0.024500		0.891	170.0
NGC 3539	S0-a	0.41	0.032300		0.325	5.0
NGC 354	SBb	0.40	0.015721		0.444	33.0
NGC 3540	S0	1.19	0.021289		0.902	63.0
NGC 3541	SABc	1.18	0.020928		0.908	90.0
NGC 3542	SBbc	0.35	0.030230		0.432	45.0
NGC 3543	Sbc	0.25	0.005553		0.207	9.0
NGC 3544	Sa	0.97	0.012125		0.317	94.0
NGC 3545A	E-S0	1.16	0.029917		1.000	69.0
NGC 3545B	E	0.44	0.028887		1.000	60.0
NGC 3546	E-S0	0.90	0.014867		0.471	101.0
NGC 3547	Sb	0.77	0.005311		0.443	6.0
NGC 3549	SBc	0.86	0.009500		0.326	39.0
NGC 355	S0	0.33	0.024220		0.452	76.0
NGC 3550 NED01	E-S0	0.83	0.034810		0.954	20.0
NGC 3550 NED02	S0	1.02	0.034810		0.953	50.0
NGC 3551	E	0.95	0.031830		0.688	38.0
NGC 3552	E-S0	0.77	0.033170		0.939	55.0
NGC 3553	SBab	0.27	0.032090		0.500	2.0
NGC 3554	E	0.61	0.029020		0.824	57.0
NGC 3555	E	0.29	0.031470		0.483	32.0
NGC 3557	E	3.43	0.010130		0.787	32.0
NGC 3557B	E	0.52	0.009507		0.284	110.0
NGC 3558	E	0.91	0.032080		0.919	115.0
NGC 3559	SBc	0.91	0.010790		0.607	51.0
NGC 356	SABb	0.94	0.019547		0.537	65.0
NGC 3561	S0-a	1.71	0.028750		1.000	175.0
NGC 3562	E	1.26	0.022566		0.746	165.0
NGC 3563A	S0-a	0.50	0.035870		0.862	41.0
NGC 3563B	S0	0.82	0.033520		0.726	15.0
NGC 3564	S0	1.09	0.008200		0.559	16.0
NGC 3565	E-S0	0.52	0.012612		0.765	126.0
NGC 3567	S0	0.46	0.021071		0.377	115.0
NGC 3568	Sc	1.18	0.008181		0.437	6.0
NGC 3569	S0	1.07	0.024941		0.930	50.0
NGC 357	S0-a	1.69	0.008176		0.801	4.0
NGC 3570	S0	0.99	0.035000		0.934	100.0
NGC 3572			-0.000028			
NGC 3573	S0-a	1.08	0.008323		0.424	4.0
NGC 3574	E	0.59	0.033940		0.808	31.0
NGC 3576		3.00			1.000	
NGC 3577	Sa	1.01	0.017800		0.871	61.0
NGC 3578				Nothing at this position.		
NGC 3579		15.00			0.750	
NGC 3580	S0	0.29	0.022500		0.341	175.0
NGC 3583	Sb	1.26	0.006660		0.562	127.0
NGC 3585	E	3.27	0.004700		0.495	104.0
NGC 3588	Sa	0.55			1.000	10.0
NGC 3589	SABc	0.76	0.006565		0.510	50.0
NGC 359	E-S0	0.85	0.017890		0.664	136.0
NGC 3590			-0.000024			
NGC 3591	S0-a	0.77	0.018179		0.631	151.0
NGC 3592	Sc	0.57	0.004316		0.268	118.0
NGC 3593	S0-a	1.85	0.002091		0.394	91.0
NGC 3594	S0	1.06	0.033130	NGC identification is not certain.	0.848	8.0
NGC 3595	S0	0.63	0.007418		0.417	176.0
NGC 3596	SABc	3.37	0.003973		0.949	65.0
NGC 3597	S0-a	1.06	0.011725		0.711	84.0
NGC 3598	E-S0	1.26	0.020384		0.783	38.0
NGC 3599	S0	2.18	0.002699		0.908	105.0
NGC 36	SABb	1.32	0.020103		0.617	15.0
NGC 360	Sbc	0.57	0.007732		0.143	146.0
NGC 3600	SBa	0.59	0.002382		0.316	4.0
NGC 3601	SBab	0.43	0.026760		0.843	17.0
NGC 3602	SBa	0.43	0.020260		0.413	48.0
NGC 3603			0.000094			
NGC 3604	Sa	0.75	0.005304		0.536	11.0
NGC 3605	E	0.71	0.002228		0.568	19.0
NGC 3606	E	1.49	0.009987		0.937	10.0
NGC 3607	E-S0	4.03	0.003190		0.878	120.0
NGC 3608	E	2.67	0.003959		0.840	78.0
NGC 3609	SABa	0.97	0.027020		0.829	49.0
NGC 361		2.60		In the Small Magellanic Cloud.	1.000	
NGC 3610	E	2.37	0.005904		0.992	135.0
NGC 3612	Scd	0.64	0.027830		0.688	169.0
NGC 3613	E	1.78	0.006738		0.501	100.0
NGC 3614	SABc	1.74	0.007760		0.696	88.0
NGC 3614A	Sm	0.62	0.024360		0.899	34.0
NGC 3615	E	0.91	0.022305		0.603	40.0
NGC 3617	E	1.22	0.007278		0.682	137.0
NGC 3618	SABb	0.77	0.022670		0.865	3.0
NGC 3619	S0-a	3.08	0.005240		0.792	25.0
NGC 362			0.000745			
NGC 3620	SBab	0.84	0.005952		0.266	80.0
NGC 3621	SBcd	4.03	0.002437		0.412	161.0
NGC 3622	Scd	0.51	0.004393		0.408	9.0
NGC 3624	SBb	0.51	0.036870		0.560	166.0
NGC 3625	Sb	0.50	0.006460		0.262	151.0
NGC 3626	S0-a	1.94	0.004977		0.660	157.0
NGC 3628	SBb	3.44	0.002880		0.312	104.0
NGC 3629	SABc	1.14	0.005036		0.644	35.0
NGC 363	S0	0.60	0.037379		0.732	43.0
NGC 3630	S0	0.88	0.004963		0.458	38.0
NGC 3631	Sc	3.08	0.003840		0.828	118.0
NGC 3633	Sa	0.44	0.008660		0.370	71.0
NGC 3634	E	0.21			0.600	
NGC 3635	SABb	1.35	0.023270		1.000	55.0
NGC 3636	E	1.29	0.005844		0.514	91.0
NGC 3637	S0	2.14	0.006017		0.873	20.0
NGC 3638	Sb	0.38	0.023650		0.237	140.0
NGC 3639	Sab	0.85	0.017870		0.773	27.0
NGC 364	S0	0.57	0.017070		0.407	33.0
NGC 3640	E	3.81	0.004396		0.880	98.0
NGC 3641	E	0.82	0.005827		0.828	178.0
NGC 3642	Sbc	3.65	0.005294		0.855	120.0
NGC 3643	S0-a	0.74	0.005850		0.779	107.0
NGC 3644	Sa	0.61	0.023830		0.427	65.0
NGC 3646	Sc	1.48	0.014180		0.479	45.0
NGC 3647	E	0.38	0.049060		0.974	75.0
NGC 3648	S0	0.73	0.006838		0.613	73.0
NGC 3649	SBa	0.54	0.014000		0.711	141.0
NGC 365	SBbc	0.60	0.033256		0.594	5.0
NGC 3650	Sb	0.32	0.014717		0.168	54.0
NGC 3651 NED01	E	1.10	0.025190		0.815	137.0
NGC 3651 NED02	S0	0.36	0.025448		0.462	99.0
NGC 3652	Sc	0.77	0.006677		0.310	153.0
NGC 3653	S0	0.65	0.029630		0.537	79.0
NGC 3654	Sbc	0.84	0.005250		0.575	45.0
NGC 3655	Sc	1.00	0.005010		0.690	32.0
NGC 3656	S?	0.97	0.009580		0.664	168.0
NGC 3657	SABc	0.88	0.004053		0.889	169.0
NGC 3658	S0	1.59	0.006818		0.924	30.0
NGC 3659	Sd	1.04	0.004280		0.531	59.0
NGC 366			0.000000			
NGC 3660	Sbc	2.17	0.012340		0.848	105.0
NGC 3661	S0-a	0.75	0.022325		0.424	139.0
NGC 3662	Sbc	0.76	0.018726		0.576	19.0
NGC 3663	Sbc	1.43	0.016932		0.722	85.0
NGC 3664	SBm	0.94	0.004556		0.648	34.0
NGC 3664A	Sm	0.51	0.004423		0.810	1.0
NGC 3665	S0	3.00	0.006650		0.739	29.0
NGC 3666	SBc	0.99	0.003535		0.288	97.0
NGC 3667	Sab	1.20	0.017849		0.571	82.0
NGC 3667A	Sb	0.68	0.017170		0.739	41.0
NGC 3668	SBbc	1.11	0.011490		0.610	133.0
NGC 3669	Scd	0.45	0.006200		0.251	154.0
NGC 367	Sc	0.35	0.025999		0.365	17.0
NGC 3670	S0-a	0.66	0.023620		0.623	36.0
NGC 3671	E-S0	0.67	0.059970		0.817	1.0
NGC 3672	Sc	1.69	0.006264		0.583	7.0
NGC 3673	Sb	2.32	0.006496		0.667	74.0
NGC 3674	S0	0.47	0.006731		0.296	32.0
NGC 3675	Sb	3.27	0.002542		0.554	178.0
NGC 3676	E-S0	0.76	0.019221		0.752	151.0
NGC 3677	S0-a	1.29	0.024890		0.866	130.0
NGC 3678	Sbc	0.68	0.024040		0.958	50.0
NGC 3679	E	0.95	0.028200	NGC identification is not certain.	0.785	90.0
NGC 368	S0-a	0.62	0.029630		0.861	160.0
NGC 3680			0.000006			
NGC 3681	Sbc	1.68	0.004140		0.966	10.0
NGC 3682	S0-a	1.41	0.005150		0.632	93.0
NGC 3683	SBc	0.71	0.005760		0.408	124.0
NGC 3683A	Sc	1.48	0.008106		0.729	68.0
NGC 3684	Sbc	1.50	0.003879		0.655	126.0
NGC 3685	E	0.38	0.028680		0.507	147.0
NGC 3686	SBbc	2.18	0.003853		0.757	21.0
NGC 3687	Sbc	0.49	0.008150		0.350	173.0
NGC 3688	SBb	0.93	0.022365		0.838	168.0
NGC 3689	SABc	0.97	0.009136		0.655	94.0
NGC 369	Sb	0.77	0.020985		0.811	48.0
NGC 3690A	Sm	0.15	0.001000		0.714	164.0
NGC 3690B	SBm	1.86	0.010361		0.775	41.0
NGC 3691	SBb	1.04	0.003566		0.698	20.0
NGC 3692	Sb	0.75	0.005680		0.233	93.0
NGC 3693	Sb	0.75	0.016635		0.322	86.0
NGC 3694	E	0.78	0.007345		0.780	116.0
NGC 3695	SBbc	0.67	0.034531		0.691	165.0
NGC 3696	SABc	0.73	0.018035	Identification as NGC 3696 is very uncertain.	0.811	102.0
NGC 3697	Sb	0.61	0.021107		0.295	93.0
NGC 3699			-0.000053			
NGC 37	S0	0.68	0.032610		0.613	30.0
NGC 3700	Sab	0.71	0.030340		0.724	146.0
NGC 3701	Sbc	0.77	0.009336		0.481	143.0
NGC 3702	SABa	0.95	0.022696		0.736	158.0
NGC 3703	S0	0.42	0.038202	Identification as NGC 3703 is uncertain.	0.700	110.0
NGC 3704	E	1.44	0.017752	The identification with IC 0703 is not certain.	0.929	30.0
NGC 3705	SABa	1.74	0.003356		0.404	121.0
NGC 3705A	Sc	0.28			0.315	128.0
NGC 3705B	SBbc	0.27			0.458	69.0
NGC 3706	E-S0	2.10	0.009970		0.677	78.0
NGC 3707	E	0.53	0.017763	The identification with IC 0704 is not certain.	0.791	77.0
NGC 3708				Nothing at this position on the POSS.		
NGC 3709				Nothing at this position.		
NGC 371		3.80			0.905	60.0
NGC 3710	E	0.45	0.021575		0.369	99.0
NGC 3711	SABb	0.46	0.013429		0.484	155.0
NGC 3712	SBd	0.70	0.005284		0.355	159.0
NGC 3713	E-S0	0.80	0.023189		0.661	123.0
NGC 3714	S0	0.85	0.023560		0.691	65.0
NGC 3715	SBbc	0.81	0.007224		0.659	133.0
NGC 3716	S0	0.78	0.022106		0.848	152.0
NGC 3717	Sb	2.04	0.005780		0.313	32.0
NGC 3718	Sa	2.34	0.003306		0.498	9.0
NGC 3719	Sbc	1.11	0.019796		0.665	24.0
NGC 3720	Sab	0.99	0.019807		0.925	125.0
NGC 3721	S0-a	0.53	0.021019	Identification as NGC 3721 is uncertain.	0.582	130.0
NGC 3722	E	0.81	0.021649		0.730	58.0
NGC 3723	E-S0	1.10	0.021045		0.846	75.0
NGC 3724	S0-a	0.35	0.020601	Identification as NGC 3724 is uncertain.	0.240	63.0
NGC 3725	SBc	1.27	0.011050		0.825	144.0
NGC 3726	Sc	3.54	0.002872		0.672	14.0
NGC 3727	S0	0.63	0.015409		0.685	87.0
NGC 3728	Sb	0.85	0.023130		0.545	22.0
NGC 3729	Sa	2.09	0.003396		0.723	14.0
NGC 373	E	0.45	0.018350		0.865	146.0
NGC 3730	S0	1.06	0.018572	Identification as NGC 3730 is uncertain.	0.746	13.0
NGC 3731	E	0.85	0.010660		0.876	45.0
NGC 3732	S0-a	1.10	0.005675		0.859	89.0
NGC 3733	SABc	1.07	0.003966		0.315	167.0
NGC 3734	SABb	0.97	0.030328		0.874	59.0
NGC 3735	Sc	0.80	0.009010		0.226	130.0
NGC 3736	Sbc	0.55	0.042606		0.478	151.0
NGC 3737	S0	0.95	0.019290		0.864	89.0
NGC 3738	I	1.63	0.000720		0.721	156.0
NGC 3739	SBbc	0.35	0.032060		0.287	18.0
NGC 374	S0-a	0.58	0.016785		0.446	177.0
NGC 3740	Sb	0.69	0.011000		0.548	109.0
NGC 3741	I	0.81	0.000780		0.862	2.0
NGC 3742	Sab	1.83	0.009296		0.704	113.0
NGC 3743	E	0.48	0.036490		0.857	3.0
NGC 3744	Sa	0.32	0.023750		0.438	13.0
NGC 3745	E-S0	0.33	0.031580		0.569	102.0
NGC 3746	Sab	0.53	0.030070		0.469	115.0
NGC 3747		0.23			0.479	110.0
NGC 3748	S0	0.31	0.030458		0.365	138.0
NGC 3749	Sa	0.48	0.009272		0.170	109.0
NGC 375	E	0.38	0.019530		0.792	100.0
NGC 3750	E-S0	0.73	0.030260		0.695	154.0
NGC 3751	E-S0	0.53	0.031360		0.582	9.0
NGC 3752	SABa	0.68	0.006400		0.420	152.0
NGC 3753	SBab	0.46	0.029060		0.287	109.0
NGC 3754	SBb	0.45	0.029950		0.818	1.0
NGC 3755	Sc	1.16	0.005244		0.400	124.0
NGC 3756	SABb	0.97	0.004290		0.508	179.0
NGC 3757	S0	0.89	0.004236		0.781	125.0
NGC 3758	Sb	0.57	0.029811		0.814	54.0
NGC 3759	S0	0.95	0.018536		0.922	10.0
NGC 3759A	Sbc	0.97	0.019190		0.898	35.0
NGC 376		1.80		In the Small Magellanic Cloud.	1.000	
NGC 3761	E	0.83	0.023430		0.761	63.0
NGC 3762	SBa	0.42	0.011468		0.230	166.0
NGC 3763	SABc	0.95	0.019597		0.888	159.0
NGC 3764 NED01	Sc	0.56	0.011254		0.812	132.0
NGC 3764 NED02	Sd	0.19			0.792	25.0
NGC 3765	SBbc	0.57	0.034050		0.671	61.0
NGC 3766			-0.000052			
NGC 3767	S0	0.70	0.021195		0.714	88.0
NGC 3768	S0	0.84	0.011191		0.618	154.0
NGC 3769	Sb	0.89	0.002350		0.316	150.0
NGC 3769A	SBm	0.37			0.402	107.0
NGC 377	Sb	0.27	0.053540		0.276	24.0
NGC 3770	SBa	0.63	0.010761		0.663	119.0
NGC 3771	E	0.86	0.019891	NGC identification is not certain.	0.585	10.0
NGC 3772	Sa	0.69	0.011850		0.527	14.0
NGC 3773	S0	0.97	0.003296		0.789	161.0
NGC 3774	Sb	0.67	0.020729	NGC identification is not certain.	0.604	79.0
NGC 3775	S0-a	0.50	0.022352		0.391	30.0
NGC 3776	Sb	0.38	0.037840		0.792	155.0
NGC 3777	SABa	0.63	0.014204		0.534	35.0
NGC 3778	E-S0	0.99	0.014613		0.818	40.0
NGC 3779	SBcd	0.82	0.005637		0.506	92.0
NGC 378	Sc	1.11	0.032062		0.730	75.0
NGC 3780	Sc	2.17	0.007980		0.822	74.0
NGC 3781	S0	0.55	0.022330		0.809	25.0
NGC 3782	Scd	0.64	0.002472		0.520	178.0
NGC 3783	SBa	1.94	0.009755		0.902	163.0
NGC 3784	SABa	0.50	0.022950		0.538	137.0
NGC 3785	S0	0.44	0.030090		0.396	27.0
NGC 3786	SABa	1.00	0.008930		0.510	72.0
NGC 3787	S0	0.70	0.023150		0.933	25.0
NGC 3788	Sab	0.58	0.008680		0.290	179.0
NGC 3789	S0-a	0.52	0.018460		0.289	178.0
NGC 379	S0	0.68	0.018610		0.482	2.0
NGC 3790	S0-a	0.36	0.011441		0.350	154.0
NGC 3791	S0	0.92	0.018562		0.687	165.0
NGC 3794	SABc	1.12			0.552	118.0
NGC 3795	Sbc	0.55	0.003906		0.262	54.0
NGC 3795A	SABc	1.48	0.003827		0.729	71.0
NGC 3796	E-S0	0.88	0.004176		0.603	126.0
NGC 3798	S0	1.01	0.011900		0.470	60.0
NGC 3799	SBb	0.38	0.011048		0.567	105.0
NGC 38	Sa	1.05	0.026802		0.921	170.0
NGC 380	E	1.35	0.014810		0.931	80.0
NGC 3800	SABb	0.58	0.011048		0.347	53.0
NGC 3801	S0	1.29	0.011590		0.558	120.0
NGC 3802	Sb	0.24	0.010941		0.231	85.0
NGC 3803	SBcd	0.50	0.011950		0.806	19.0
NGC 3805	E-S0	1.25	0.021800		0.817	62.0
NGC 3806	Sb	0.94	0.011640		0.825	170.0
NGC 3808A	SABc	0.73	0.023603		0.777	135.0
NGC 3808B	SBc	0.33	0.023860		0.440	46.0
NGC 3809	S0	1.12	0.011475		0.918	125.0
NGC 381			-0.000075			
NGC 3810	Sc	2.29	0.003300		0.684	28.0
NGC 3811	SBc	1.51	0.010560		0.744	172.0
NGC 3812	E	0.52	0.011840		0.304	25.0
NGC 3813	Sb	1.22	0.004890		0.575	85.0
NGC 3814		0.42	0.011760		0.532	172.0
NGC 3815	Sab	0.77	0.012180		0.535	70.0
NGC 3816	S0	0.90	0.018826		0.529	68.0
NGC 3817	S0-a	0.85	0.020260		0.773	122.0
NGC 3818	E	1.55	0.005540		0.635	96.0
NGC 3819	E	0.63	0.020740		0.700	145.0
NGC 382	E	0.23	0.017490		0.958	90.0
NGC 3820	Sbc	0.52	0.020330		0.754	25.0
NGC 3821	S0-a	1.01	0.018986		0.743	175.0
NGC 3822	S0-a	0.76	0.020688		0.559	176.0
NGC 3823	E	1.18	0.022085		0.611	86.0
NGC 3824	SBa	0.69	0.018790		0.561	115.0
NGC 3825	Sa	0.89	0.021600		0.659	147.0
NGC 3826	E	0.79	0.030320		0.745	68.0
NGC 3827	Sd	0.73	0.010470		0.723	74.0
NGC 3828	E	0.55	0.034440		0.714	51.0
NGC 3829	Sb	0.55	0.018746		0.529	97.0
NGC 383	E-S0	2.00	0.017000		0.837	8.0
NGC 3831	S0-a	0.63	0.017560		0.276	23.0
NGC 3832	Sc	1.51	0.023010		0.807	7.0
NGC 3833	Sc	0.67	0.020220		0.500	29.0
NGC 3834	E-S0	0.60	0.022610		0.698	133.0
NGC 3835	Sab	0.64	0.008150		0.335	62.0
NGC 3835A	E?	1.08	0.011918		0.982	170.0
NGC 3836 NED01		0.18			0.419	111.0
NGC 3836 NED02	Sc	0.93	0.012378		0.775	138.0
NGC 3837	E	0.84	0.021020		0.903	6.0
NGC 3838	S0-a	0.59	0.004370		0.413	141.0
NGC 3839	Scd	0.51	0.019730		0.490	85.0
NGC 384	E	0.78	0.014120		0.709	135.0
NGC 3840	Sa	0.68	0.024550		0.861	67.0
NGC 3841	E-S0	0.65	0.021090		0.657	119.0
NGC 3842	E	1.49	0.020800		0.696	177.0
NGC 3843	S0-a	0.37	0.019720		0.374	43.0
NGC 3844	S0-a	0.30	0.022680		0.259	28.0
NGC 3845	S0-a	0.47	0.018840		0.495	125.0
NGC 3846	SBbc	0.63	0.032470		0.649	134.0
NGC 3846A	IB	1.55	0.004761		0.799	47.0
NGC 3847	E	1.36	0.031780	Identification as NGC 3856 is not certain.	0.895	130.0
NGC 3849	S0-a	0.40	0.020130		0.597	29.0
NGC 385	E	0.91	0.016590		0.752	160.0
NGC 3850	Sc	0.69	0.003857		0.404	124.0
NGC 3851	E-S0	0.48	0.021130		0.762	83.0
NGC 3853	E	0.82	0.010840		0.573	140.0
NGC 3854	SABb	1.64	0.019000		0.877	57.0
NGC 3855	Sb	0.95	0.031060	Identification as NGC 3855 is not certain.	0.779	73.0
NGC 3857	S0-a	0.55	0.020930		0.611	48.0
NGC 3858	SBa	0.77	0.019296		0.546	71.0
NGC 3859	Sm	0.33	0.018240		0.314	58.0
NGC 386	E	0.37	0.018530		0.804	0.0
NGC 3860	Sab	0.72	0.018700		0.545	40.0
NGC 3861	Sb	1.01	0.016880		0.495	61.0
NGC 3862	E	1.09	0.021600		1.000	155.0
NGC 3863	SBbc	0.52	0.014930		0.207	74.0
NGC 3864	Sab	0.58	0.022820		0.753	82.0
NGC 3867	Sab	0.82	0.025080		0.569	176.0
NGC 3868	S0-a	0.44	0.021270		0.524	80.0
NGC 3869	Sa	0.46	0.010010		0.275	136.0
NGC 387	E	0.36	0.016090		0.857	69.0
NGC 3870	S0-a	0.75	0.002412		0.728	24.0
NGC 3871	Sb	0.20	0.032250		0.213	104.0
NGC 3872	E	1.77	0.010541		0.741	4.0
NGC 3873	E	1.06	0.017950		0.930	0.0
NGC 3875	S0-a	0.36	0.023720		0.226	86.0
NGC 3876	Sab	0.64	0.009540		0.571	105.0
NGC 3877	Sc	1.23	0.003020		0.229	36.0
NGC 3878	E	0.60	0.033250		1.000	145.0
NGC 3879	Sd	0.50	0.004663		0.245	131.0
NGC 388	E	0.38	0.018160		0.655	168.0
NGC 3880	E	0.90	0.033453		0.957	115.0
NGC 3881	E-S0	1.04	0.031270		0.867	15.0
NGC 3882	SBbc	1.82	0.006145		0.548	107.0
NGC 3883	Sb	1.56	0.023460		0.881	159.0
NGC 3884	Sa	1.41	0.023130		0.738	10.0
NGC 3885	S0-a	1.11	0.006500		0.405	120.0
NGC 3886	E-S0	0.71	0.019450		0.526	125.0
NGC 3887	Sbc	2.57	0.004029		0.786	10.0
NGC 3888	SABc	1.31	0.008014		0.814	119.0
NGC 3889	E-S0	0.41	0.054680		0.562	123.0
NGC 389	S0-a	0.46	0.017706		0.365	54.0
NGC 3890	Sab	0.78	0.022742		0.897	50.0
NGC 3891	Sbc	1.29	0.020980		0.750	71.0
NGC 3892	S0-a	2.70	0.005982		0.877	98.0
NGC 3893	SABc	1.43	0.003242		0.532	158.0
NGC 3894	E	1.83	0.010797		0.688	18.0
NGC 3895	SBa	0.81	0.010710		0.681	124.0
NGC 3896	SBa	0.86	0.003039		0.619	129.0
NGC 3897	SBbc	1.16	0.021310		0.758	107.0
NGC 3898	Sab	2.11	0.003929		0.608	107.0
NGC 3899	Sb	0.67	0.005951		0.444	4.0
NGC 39	Sc	0.99	0.016165		0.900	87.0
NGC 3900	S0-a	1.25	0.005971		0.490	2.0
NGC 3901	Sc	0.67	0.005661		0.489	166.0
NGC 3902	SABb	0.82	0.011990		0.646	89.0
NGC 3903	SABc	1.11	0.009963		0.867	133.0
NGC 3904	E	2.51	0.005344		0.723	11.0
NGC 3905	Sc	1.29	0.019217		0.683	63.0
NGC 3906	SBcd	0.84	0.003152		0.622	80.0
NGC 3907	E-S0	0.67	0.019210		0.632	40.0
NGC 3907B	SBb	0.41	0.020400		0.275	71.0
NGC 3908	E	0.52	0.084000	NGC identification is not certain.	0.800	79.0
NGC 391	E	0.74	0.017830		0.755	38.0
NGC 3910	E-S0	0.94	0.026115		0.657	144.0
NGC 3911	SABb	0.71	0.019910		0.816	112.0
NGC 3913	Scd	1.38	0.003170	HOLM 296B does not exist (it is probably a plate defect).	0.841	146.0
NGC 3914	SBb	0.39	0.020380		0.464	37.0
NGC 3915	S0-a	0.43	0.005605	The identification as NGC 3915 is very uncertain.	0.226	96.0
NGC 3916	Sb	0.31	0.019300		0.256	47.0
NGC 3917	Sc	1.03	0.003030		0.223	76.0
NGC 3918			-0.000055			
NGC 3919	E	0.87	0.020400		0.916	150.0
NGC 392	E-S0	0.93	0.015708		0.684	52.0
NGC 3920	Sbc	0.89	0.012142		0.848	131.0
NGC 3921	S0-a	1.20	0.019680		0.594	30.0
NGC 3922	S0-a	0.65	0.003120		0.340	39.0
NGC 3923	E	4.55	0.005767		0.660	48.0
NGC 3925	SABa	0.82	0.026842		0.667	15.0
NGC 3926A	E-S0	0.51			0.823	86.0
NGC 3926B	E	0.38	0.025660		0.458	135.0
NGC 3928	E	1.25	0.003288		0.919	0.0
NGC 3929	S0	0.44	0.023766		0.759	85.0
NGC 393	E	1.34	0.020257		0.817	22.0
NGC 3930	Sc	1.98	0.003067		0.744	38.0
NGC 3931	E-S0	0.88	0.003010		0.779	157.0
NGC 3933	SBab	0.50	0.012360		0.495	83.0
NGC 3934	Sab	0.67	0.012070		0.728	73.0
NGC 3935	Sab	0.60	0.010230		0.583	112.0
NGC 3936	SBbc	0.78	0.006735		0.171	64.0
NGC 3937	E-S0	1.54	0.022210		0.880	20.0
NGC 3938	Sc	3.44	0.002910		0.969	28.0
NGC 394	S0	0.34	0.015014		0.531	130.0
NGC 3940	E	1.04	0.021525		0.852	99.0
NGC 3941	S0	2.33	0.003075		0.664	10.0
NGC 3942	SABc	0.69	0.012495		0.515	124.0
NGC 3943	SBab	0.91	0.021750		0.938	130.0
NGC 3944	E-S0	0.76	0.012175		0.710	30.0
NGC 3945	S0-a	3.29	0.004153		0.593	15.0
NGC 3946	S0-a	0.54	0.022260		0.818	83.0
NGC 3947	Sb	0.80	0.020700		0.584	106.0
NGC 3949	Sbc	1.32	0.002665		0.584	116.0
NGC 395		1.10			0.733	
NGC 3950	E	0.34		NGC identification is not certain.	0.850	52.0
NGC 3951	Sab	0.51	0.021530		0.500	175.0
NGC 3952	SBm	0.41	0.005292		0.252	84.0
NGC 3953	Sbc	3.13	0.003509		0.510	14.0
NGC 3954	E	0.75	0.023220		0.824	19.0
NGC 3955	S0-a	1.21	0.005000		0.292	166.0
NGC 3956	SBc	1.00	0.005523		0.289	64.0
NGC 3957	S0-a	0.61	0.005651		0.188	176.0
NGC 3958	Sa	0.51	0.011060		0.405	30.0
NGC 3959	Sa	0.59	0.019083		0.670	153.0
NGC 396		0.30			0.484	70.0
NGC 3960			-0.000075			
NGC 3961	SBa	1.28	0.022672		0.985	165.0
NGC 3962	E	3.00	0.006074		0.719	10.0
NGC 3963	Sbc	2.22	0.010630		0.881	96.0
NGC 3964	S0-a	0.67	0.028596		0.753	78.0
NGC 3965	S0-a	0.39	0.048860		0.650	123.0
NGC 3966	S0-a	0.52	0.010830		0.210	109.0
NGC 3967	E-S0	1.01	0.018830		0.789	108.0
NGC 3968	Sbc	1.31	0.021220		0.686	17.0
NGC 3969	S0-a	1.16	0.022139		0.879	64.0
NGC 397	S0	0.50	0.016511		0.769	71.0
NGC 3970	S0	0.52	0.019320		0.437	101.0
NGC 3971	S0	0.91	0.022680		0.867	76.0
NGC 3972	SABb	0.99	0.002799		0.270	117.0
NGC 3973	S0-a	0.42	0.020570		0.609	166.0
NGC 3974	S0-a	0.96	0.018303		0.814	170.0
NGC 3975	SABb	0.42	0.033400		0.553	94.0
NGC 3976	Sb	0.90	0.008980		0.288	57.0
NGC 3977	Sab	1.19	0.019340		0.778	177.0
NGC 3978	SABb	1.46	0.033180		0.924	25.0
NGC 3979	S0	0.65	0.019890		0.528	99.0
NGC 398	S0	0.49	0.016630		0.590	136.0
NGC 3981	Sbc	2.11	0.005827		0.636	15.0
NGC 3982	SABb	1.87	0.003710		0.878	25.0
NGC 3983	S0-a	0.27	0.014030		0.231	113.0
NGC 3985	Sm	0.70	0.003160		0.660	67.0
NGC 3987	SBb	0.68	0.015070		0.250	59.0
NGC 3988	E	0.59	0.021810		0.776	50.0
NGC 3989	Sbc	0.38	0.014910		0.500	123.0
NGC 399	Sa	0.76	0.017409		0.679	41.0
NGC 3990	E-S0	0.81	0.002355		0.587	42.0
NGC 3991 NED01	IB	0.29	0.010590		0.248	31.0
NGC 3991 NED02	Sab	0.50	0.010871		0.602	15.0
NGC 3993	Sb	0.51	0.016080		0.304	140.0
NGC 3994	Sc	0.46	0.010280		0.541	10.0
NGC 3995	SABm	0.95	0.011080		0.367	38.0
NGC 3996	Sb	0.64	0.023140		0.771	51.0
NGC 3997	SBb	0.56	0.015661		0.509	126.0
NGC 3998	S0	2.26	0.003646		0.813	139.0
NGC 3999	E	0.40	0.013850		0.635	86.0
NGC 4	S?	0.24			0.453	32.0
NGC 40			-0.000068			
NGC 4000	SBbc	0.37	0.015140		0.356	1.0
NGC 4001	Sbc	0.40	0.000000		0.678	149.0
NGC 4002	Sa	0.61	0.022089		0.455	111.0
NGC 4003	S0	0.61	0.021850		0.587	160.0
NGC 4004	IB	0.51	0.011180		0.436	8.0
NGC 4004B	E-S0	0.47	0.011190	Identification as IC 2982 is very uncertain.	0.618	75.0
NGC 4005	S0-a	0.74	0.014850		0.661	92.0
NGC 4006	E	0.96	0.019580		0.632	13.0
NGC 4008	E	1.11	0.012075		0.536	166.0
NGC 4010	SBcd	0.65	0.003040		0.212	66.0
NGC 4011	Sc	0.37	0.014080		0.481	35.0
NGC 4012	SABb	0.52	0.013890		0.301	151.0
NGC 4013	SABb	1.23	0.002722		0.252	58.0
NGC 4014	S0-a	0.99	0.012140		0.607	119.0
NGC 4015 NED01	E-S0	1.26	0.014480		0.778	156.0
NGC 4015 NED02	Sc	0.16	0.014500		0.205	35.0
NGC 4016	Sd	0.47			0.618	155.0
NGC 4017	Sbc	1.08	0.011500		0.688	69.0
NGC 4018	Sab	0.41	0.014960		0.295	162.0
NGC 4019	Sbc	0.30	0.005110		0.203	145.0
NGC 4020	Scd	0.82	0.002542		0.439	19.0
NGC 4021	E	0.84	0.033450		0.903	81.0
NGC 4022	S0	0.96	0.014520		0.960	105.0
NGC 4023	Sb	0.75	0.014704		0.815	30.0
NGC 4024	E-S0	1.51	0.005564		0.863	64.0
NGC 4025	SBc	0.92	0.010750		0.648	34.0
NGC 4026	S0	0.87	0.003142		0.197	178.0
NGC 4027	SBd	2.80	0.005559		0.791	163.0
NGC 4027A	IB	0.57	0.005827		0.514	165.0
NGC 4029	SABb	0.60	0.020430		0.480	156.0
NGC 403	S0-a	0.79	0.016932		0.329	86.0
NGC 4030	Sbc	2.65	0.004906		0.701	19.0
NGC 4031	Sb	0.47	0.026145		0.701	48.0
NGC 4032	I	1.06	0.004240		0.785	179.0
NGC 4033	E	1.30	0.005300		0.502	44.0
NGC 4034	Sc	0.87	0.007945		0.600	11.0
NGC 4035	SABb	1.11	0.005267		0.902	22.0
NGC 4036	S0	2.08	0.004777		0.429	83.0
NGC 4037	Sb	2.22	0.003060		0.933	30.0
NGC 4038	SBm	3.78	0.005593		0.697	80.0
NGC 4039	SBm	2.73	0.005474		0.509	50.0
NGC 404	E-S0	3.37	-0.000107		0.991	90.0
NGC 4040	E	0.61	0.023036		0.508	140.0
NGC 4041	Sbc	2.39	0.004030		0.930	70.0
NGC 4042	E	0.32	0.023940	NGC identification is not certain.	0.780	124.0
NGC 4043	S0-a	0.63	0.021420		0.663	136.0
NGC 4044	E	1.03	0.020450		0.920	5.0
NGC 4045	Sa	1.58	0.006621		0.620	86.0
NGC 4045A	S0	0.42	0.017260		0.457	146.0
NGC 4047	Sb	1.17	0.011440		0.765	100.0
NGC 4048	S0	0.52	0.015898		0.776	92.0
NGC 4049	Sm	0.72	0.002790		0.621	51.0
NGC 4050	Sab	2.14	0.005900		0.624	89.0
NGC 4051	SABb	4.26	0.002160		0.871	146.0
NGC 4052			-0.000009			
NGC 4053	Sab	0.62	0.024233		0.585	107.0
NGC 4054 NED01	Sbc	0.43	0.034090		0.662	91.0
NGC 4054 NED02	Sc	0.19	0.034030		0.442	167.0
NGC 4054 NED03	S0	0.44	0.034370		0.710	121.0
NGC 4055	E	0.79	0.024450		0.859	1.0
NGC 4056	E	0.53	0.024660	NGC identification is not certain.	0.841	133.0
NGC 4057	E	0.99	0.021060		0.767	120.0
NGC 4058	S0-a	0.69	0.019323		0.496	167.0
NGC 406	SBc	1.10	0.005035		0.451	162.0
NGC 4060	E	0.35	0.022750	NGC identification is not certain.	0.636	88.0
NGC 4062	SABc	1.61	0.002536		0.389	101.0
NGC 4063	S0-a	0.40	0.016380		0.435	8.0
NGC 4064	SBa	1.31	0.003110		0.407	151.0
NGC 4066	E	1.09	0.024540		0.940	170.0
NGC 4067	SBb	0.82	0.008062		0.726	38.0
NGC 4068	I	1.16	0.000704		0.604	29.0
NGC 4069	E	0.35	0.025520	NGC identification is not certain.	0.714	25.0
NGC 407	S0-a	0.29	0.018620		0.145	0.0
NGC 4070	E	0.99	0.023920		0.798	46.0
NGC 4071			0.000037			
NGC 4072	S0	0.22	0.021800		0.500	29.0
NGC 4073	E	1.70	0.019720		0.813	99.0
NGC 4074	S0-a	0.31	0.022620		0.564	110.0
NGC 4075	S0-a	0.66	0.021840		0.545	110.0
NGC 4076	Sb	0.79	0.020690		0.908	78.0
NGC 4077	S0	0.86	0.023510		0.683	19.0
NGC 4078	S0	0.58	0.008386		0.496	17.0
NGC 4079	SABb	1.18	0.020234		0.682	135.0
NGC 4080	SBm	0.58	0.001825		0.472	121.0
NGC 4081	Sa	0.63	0.004885		0.441	130.0
NGC 4082	Sb	0.35	0.023330		0.449	70.0
NGC 4083	S0	0.46	0.033450		0.523	35.0
NGC 4084	E	1.07	0.022600		0.991	120.0
NGC 4085	SABc	0.57	0.002502		0.257	78.0
NGC 4086	S0	0.87	0.023640		0.744	85.0
NGC 4087	E-S0	1.69	0.011028		0.845	40.0
NGC 4088	SABc	2.65	0.002515		0.378	44.0
NGC 4089	E	0.84	0.024130		0.977	75.0
NGC 409	E	1.15	0.021952		0.846	164.0
NGC 4090	Sab	0.50	0.024390		0.446	38.0
NGC 4091	Sb	0.24	0.025580		0.255	42.0
NGC 4092	Sab	0.99	0.022490		0.980	40.0
NGC 4093	E	0.61	0.023790		0.813	50.0
NGC 4094	Sc	1.51	0.004816		0.343	62.0
NGC 4095	E	1.07	0.023890		0.787	149.0
NGC 4096	SABc	1.43	0.001850		0.253	20.0
NGC 4097	S0	0.92	0.020941		0.754	94.0
NGC 4098 NED01	Sab	0.85	0.024420		0.644	156.0
NGC 4098 NED02	Sb	0.79	0.025740		0.642	161.0
NGC 41	Sc	0.53	0.019710		0.564	125.0
NGC 410	E	1.60	0.017612		0.675	34.0
NGC 4100	Sbc	1.30	0.003582		0.285	167.0
NGC 4101	S0-a	0.74	0.020420		0.627	59.0
NGC 4102	SABb	1.67	0.002830		0.568	37.0
NGC 4103			-0.000040			
NGC 4104	S0	1.09	0.028605		0.436	34.0
NGC 4105	E	3.41	0.006300		0.788	136.0
NGC 4106	S0-a	3.33	0.007258		0.804	94.0
NGC 4108	Sc	1.33	0.008386		0.816	105.0
NGC 4108A	Sbc	0.56	0.007587		0.438	12.0
NGC 4108B	Scd	1.02	0.008599		0.767	122.0
NGC 4109	Sa	0.53	0.023440		0.757	146.0
NGC 411		1.90		In the Small Magellanic Cloud.	0.905	
NGC 4110	SBb	0.65	0.023980		0.496	128.0
NGC 4111	S0-a	0.64	0.002635		0.360	152.0
NGC 4112	Sb	0.99	0.009053		0.582	5.0
NGC 4113	SBa	0.47	0.026530		0.580	62.0
NGC 4114	SABa	1.07	0.013599		0.495	135.0
NGC 4115				NGC identification is not certain.		
NGC 4116	SBcd	1.49			0.580	152.0
NGC 4117	S0	0.63	0.003110		0.399	20.0
NGC 4118	S0-a	0.38	0.002205		0.551	148.0
NGC 4119	S0-a	1.10	0.005810	Identification as NGC 4119 is not certain.	0.696	120.0
NGC 4120	Sc	0.38	0.007480		0.242	167.0
NGC 4121	E	0.46	0.007328		0.885	65.0
NGC 4123	Sc	2.32	0.004290		0.730	125.0
NGC 4125	E	4.58	0.004483		0.780	95.0
NGC 4126	S0	0.61	0.022650		0.753	4.0
NGC 4127	Sc	0.82	0.006160		0.543	134.0
NGC 4128	S0	0.67	0.007802		0.303	62.0
NGC 4129	SBab	0.71	0.003936		0.275	94.0
NGC 413	SBc	0.67	0.019393		0.638	148.0
NGC 4131	S0-a	0.59	0.012905		0.434	69.0
NGC 4132	Sab	0.41	0.013340		0.360	21.0
NGC 4133	SABb	1.09	0.004376		0.657	132.0
NGC 4134	Sb	0.79	0.012290		0.427	149.0
NGC 4135	SABb	0.54	0.037540		0.711	96.0
NGC 4136	Sc	2.18	0.002038		0.932	30.0
NGC 4137	Sc	0.52	0.037220		0.658	175.0
NGC 4138	S0-a	1.64	0.002955		0.562	150.0
NGC 4139	S0	0.48	0.018680		0.400	159.0
NGC 414 NED01	S0	0.34	0.015830		0.459	23.0
NGC 414 NED02	E-S0	0.38	0.017005		0.844	90.0
NGC 4141	Sc	0.75	0.006330		0.636	70.0
NGC 4142	SBcd	0.91	0.003843		0.517	174.0
NGC 4143	S0	1.68	0.003075		0.615	144.0
NGC 4144	SABc	1.00	0.000880		0.191	103.0
NGC 4145	Scd	2.11	0.003379		0.457	100.0
NGC 4146	Sab	1.17	0.021760		0.907	75.0
NGC 4147			0.000599			
NGC 4148	S0-a	1.07	0.022490		0.656	163.0
NGC 4149	SABb	0.27	0.010200		0.197	86.0
NGC 415	SBb	0.74	0.021792		0.471	49.0
NGC 4150	S0	1.33	0.000781		0.668	148.0
NGC 4151	Sab	2.21	0.003262		0.767	50.0
NGC 4152	SABc	0.89	0.007170		0.654	138.0
NGC 4155	E	1.05	0.024900		0.847	76.0
NGC 4156	Sb	0.95	0.022620		0.856	71.0
NGC 4157	SABb	1.14	0.002608		0.183	65.0
NGC 4158	SABb	1.14	0.008210		0.786	77.0
NGC 4159	Scd	0.55	0.005837		0.404	34.0
NGC 416		1.70		In the Small Magellanic Cloud.	1.000	
NGC 4160				Identification as NGC 4160 is uncertain.		
NGC 4161	Sbc	0.68	0.016250		0.642	51.0
NGC 4162	Sbc	1.37	0.008960		0.601	173.0
NGC 4163	I	1.12	0.000551		0.671	8.0
NGC 4164	E	0.46	0.064880		0.648	114.0
NGC 4165	SABa	0.67	0.006230		0.540	161.0
NGC 4166	S0	0.52	0.023233		0.495	34.0
NGC 4168	E	2.28	0.007600		0.781	121.0
NGC 4169	S0	0.81	0.012640		0.494	151.0
NGC 417	E-S0	0.81	0.043310		0.750	24.0
NGC 4170				Identification as NGC 4170 is uncertain.		
NGC 4171				Identification as NGC 4171 is uncertain.		
NGC 4172	Sab	1.16	0.031080		0.943	0.0
NGC 4173	SBcd	0.52	0.003750		0.222	134.0
NGC 4174	S0-a	0.41	0.013430		0.451	50.0
NGC 4175	SBb	0.33	0.013710		0.205	130.0
NGC 4176	Sb	0.46	0.018783		0.657	76.0
NGC 4177	Sc	1.27	0.013713		0.698	61.0
NGC 4178	Scd	1.24	0.001470		0.266	32.0
NGC 4179	S0	1.22	0.004110		0.272	146.0
NGC 418	Sc	1.30	0.019192		0.657	23.0
NGC 4180	SABa	0.49	0.007540	Identification as NGC 4182 is not certain.	0.338	21.0
NGC 4181	E	0.77	0.032100		0.688	8.0
NGC 4183	Sc	0.63	0.003094		0.147	166.0
NGC 4184			-0.000101			
NGC 4185	SBbc	1.26	0.012970		0.681	165.0
NGC 4186	Sab	0.79	0.026260		0.775	57.0
NGC 4187	E	1.05	0.030760		0.640	147.0
NGC 4188	Sb	0.55	0.014230		0.821	110.0
NGC 4189	Sc	1.79	0.007020		0.814	87.0
NGC 419		2.80		In the Small Magellanic Cloud.	1.000	
NGC 4190	IB	1.41	0.000781		0.922	30.0
NGC 4191	S0	1.23	0.008800		0.809	3.0
NGC 4193	SABb	0.99	0.008210		0.444	90.0
NGC 4194	SBm	1.14	0.008180		0.695	170.0
NGC 4195	Sc	1.32	0.014540		0.874	173.0
NGC 4196	S0	0.81	0.013190		0.711	59.0
NGC 4197	SABc	0.73	0.006888		0.257	36.0
NGC 4198	S0-a	0.43	0.031020		0.537	137.0
NGC 4199A	E?	0.69	0.060050		0.676	49.0
NGC 4199B	S0-a	0.41			0.482	83.0
NGC 42	E-S0	0.50	0.019927		0.581	114.0
NGC 420	S0	1.05	0.016665		0.761	173.0
NGC 4200	S0	0.86	0.007810		0.601	97.0
NGC 4201	S0	0.73	0.017876		0.730	81.0
NGC 4202	SABb	0.56	0.019194		0.544	129.0
NGC 4203	E-S0	1.43	0.003700		0.418	10.0
NGC 4204	SBd	4.06	0.002940		1.000	120.0
NGC 4205	SBc	0.66	0.004800		0.395	31.0
NGC 4206	Sbc	0.88	0.002360		0.188	0.0
NGC 4207	Sd	0.77	0.002130		0.513	122.0
NGC 4208	Sc	1.69	-0.000520		0.604	74.0
NGC 4209				Identification as NGC 4209 is uncertain; N4209 may be NGC 4185.		
NGC 421				Nothing at this position.		
NGC 4210	Sb	1.39	0.009040		0.716	96.0
NGC 4211	S0-a	0.60	0.021999		0.583	123.0
NGC 4211A	S0-a	0.29	0.022250		0.659	157.0
NGC 4213	E	1.10	0.022400		0.701	67.0
NGC 4214	I	5.28	0.000977		0.778	128.0
NGC 4215	S0-a	0.57	0.006911		0.337	174.0
NGC 4216	SABb	1.84	-0.000250		0.235	20.0
NGC 4217	Sb	1.61	0.003419		0.297	50.0
NGC 4218	SABa	0.62	0.002660		0.646	135.0
NGC 4219	Sbc	1.23	0.006657		0.328	31.0
NGC 4219A	SBc	0.56	0.020154		0.434	31.0
NGC 422		1.00		In the Small Magellanic Cloud.	1.000	
NGC 4220	S0-a	0.99	0.003060		0.300	140.0
NGC 4221	S0-a	1.21	0.004390		0.654	24.0
NGC 4222	Scd	0.42	0.000757		0.148	56.0
NGC 4223	S0-a	1.25	0.007480		0.619	131.0
NGC 4224	SABa	1.17	0.008660		0.403	55.0
NGC 4225	S0-a	0.61	0.017319		0.726	66.0
NGC 4226	SBa	0.53	0.024170		0.473	123.0
NGC 4227	S0-a	0.82	0.021565		0.550	71.0
NGC 4229	S0	0.79	0.022580		0.637	9.0
NGC 423	S0-a	0.60	0.005300		0.667	114.0
NGC 4231	S0-a	0.63	0.024740		0.808	3.0
NGC 4232	Sb	0.54	0.024190		0.439	152.0
NGC 4233	S0	0.98	0.007630		0.419	177.0
NGC 4234	Sm	1.11	0.006870		0.965	25.0
NGC 4235	Sa	0.89	0.007420		0.202	49.0
NGC 4236	SBd	6.85	-0.000003		0.291	161.0
NGC 4237	SABb	1.18			0.648	106.0
NGC 4238	SABc	0.53	0.009240		0.306	35.0
NGC 4239	E	0.79	0.003050		0.581	117.0
NGC 424	S0-a	0.68	0.011840		0.410	61.0
NGC 4240	E	1.28	0.006471		0.871	90.0
NGC 4241	Sc	1.03	0.002530		0.705	164.0
NGC 4242	Sd	2.67	0.001760		0.703	23.0
NGC 4244	Sc	7.24	0.000814		0.446	45.0
NGC 4245	S0-a	1.62	0.002719		0.635	145.0
NGC 4246	Sc	1.09	0.012370		0.509	84.0
NGC 4247	SABa	0.84	0.013060		0.848	43.0
NGC 4248	SBm	0.90	0.001758		0.448	108.0
NGC 4249	E-S0	0.84	0.008700		0.977	100.0
NGC 425	Sc	0.84	0.021395		0.944	65.0
NGC 4250	S0-a	0.94	0.007160		0.503	166.0
NGC 4251	S0	1.23	0.003562		0.526	100.0
NGC 4252	Sbc	0.41	0.002930		0.345	49.0
NGC 4253	SBa	0.64	0.012710		0.719	73.0
NGC 4255	S0	0.62	0.006520		0.459	113.0
NGC 4256	Sb	0.76	0.008456		0.196	41.0
NGC 4257	Sab	0.18	0.009050		0.383	66.0
NGC 4259	S0	0.45	0.008260		0.433	143.0
NGC 426	E	0.89	0.017540		0.742	146.0
NGC 4260	SBa	1.15	0.005960		0.458	58.0
NGC 4261	E	3.35	0.007310		0.788	160.0
NGC 4262	E-S0	1.52	0.004536		0.874	145.0
NGC 4263	SABb	0.55	0.014008		0.474	116.0
NGC 4264	S0-a	0.67	0.008400		0.779	110.0
NGC 4266	SBa	0.50	0.005137		0.250	74.0
NGC 4267	E-S0	1.76	0.003170		0.690	143.0
NGC 4268	S0-a	0.64	0.006690		0.424	47.0
NGC 4269	S0-a	0.93	0.006942		0.762	130.0
NGC 427	SBa	0.66	0.033750		0.600	16.0
NGC 4270	S0	0.78	0.007835		0.415	110.0
NGC 4271	E-S0	1.36	0.015801		0.768	59.0
NGC 4272	E	0.83	0.028170		0.814	117.0
NGC 4273	Sc	1.95	0.007820		0.890	11.0
NGC 4274	SBab	1.70	0.003120		0.468	102.0
NGC 4275	SABb	0.81	0.007755		0.931	120.0
NGC 4276	Sc	1.18	0.008840		0.881	80.0
NGC 4277	S0-a	0.32			0.421	132.0
NGC 4278	E	2.83	0.002250		0.979	35.0
NGC 4279	S0-a	0.72	0.014597		0.615	26.0
NGC 428	SABm	2.08	0.003848		0.738	114.0
NGC 4280				Three Galactic stars.  Identification as NGC 4280 is uncertain.		
NGC 4281	S0-a	1.43	0.008950		0.502	86.0
NGC 4282	S0-a	0.56	0.003130		0.636	100.0
NGC 4283	E	1.13	0.003589		0.919	140.0
NGC 4284	Sbc	0.86	0.013973		0.453	101.0
NGC 4285	Sa	0.46	0.025401		0.495	43.0
NGC 4286	Sa	0.38	0.002120		0.352	144.0
NGC 4287	Sbc	0.39	0.007152		0.320	71.0
NGC 4288	SBcd	1.35	0.001801		0.794	138.0
NGC 4288A	S0-a	0.64	0.023320		0.889	155.0
NGC 4289	SBc	0.46	0.008730		0.108	1.0
NGC 429	S0	0.31	0.018770		0.205	19.0
NGC 4290	Sb	1.47	0.010070		0.671	70.0
NGC 4291	E	1.62	0.005944		0.839	108.0
NGC 4292	S0	1.11	0.007560		0.694	10.0
NGC 4293	S0-a	3.72	0.003110		0.596	72.0
NGC 4294	SBc	1.02	0.001230		0.379	148.0
NGC 4295	S0-a	0.44	0.028310		0.863	152.0
NGC 4296	S0	0.79	0.013309		0.549	16.0
NGC 4297	S0-a	0.31	0.013090		0.484	171.0
NGC 4298	Sc	1.40	0.003810		0.551	137.0
NGC 4299	SABd	1.38			0.932	0.0
NGC 43	S0	1.21	0.015938		0.871	100.0
NGC 430	E	0.81	0.018020		0.686	163.0
NGC 4300	Sa	0.72	0.007580		0.402	40.0
NGC 4301	Sc	1.09	0.004290		0.956	15.0
NGC 4302	Sc	1.13	0.003720		0.188	178.0
NGC 4304	Sbc	2.43	0.008778		0.980	105.0
NGC 4305	Sa	1.19	0.006440		0.517	30.0
NGC 4306	S0	1.06	0.005070		0.711	142.0
NGC 4307	SBb	0.81	0.003280		0.235	24.0
NGC 4307A	SABc	0.69	0.019460		0.908	90.0
NGC 4308	E	0.69	0.002065		0.734	21.0
NGC 4309	S0-a	0.92	0.003520		0.477	86.0
NGC 431	S0	0.67	0.019180		0.578	28.0
NGC 4310	S0-a	0.76	0.003027		0.394	148.0
NGC 4311				NGC identification is uncertain.		
NGC 4312	Sab	1.15	0.000600		0.229	170.0
NGC 4313	Sab	0.99	0.004810		0.261	141.0
NGC 4314	Sa	3.56	0.003292		0.962	150.0
NGC 4316	Sc	0.58	0.004180		0.235	112.0
NGC 4317				Nothing at this position.		
NGC 4318	E	0.50	0.004010		0.685	65.0
NGC 4319	SBab	0.97	0.004540		0.396	154.0
NGC 432	E-S0	1.07	0.026939		0.811	126.0
NGC 4320	Sbc	0.66	0.025890		0.702	149.0
NGC 4322			0.006170			
NGC 4323	S0	0.71	0.006170		0.577	133.0
NGC 4324	S0-a	1.21	0.005560		0.409	55.0
NGC 4325	E	0.77	0.025490		0.626	0.0
NGC 4326	Sab	1.07	0.023690		0.947	110.0
NGC 4327				Identification as NGC 4327 is uncertain.		
NGC 4328	E-S0	1.23	0.001600		0.769	99.0
NGC 4329	E	0.59	0.014583		0.546	49.0
NGC 433			-0.000123			
NGC 4330	Sc	0.60	0.004920		0.262	60.0
NGC 4331	I	0.37	0.005237		0.234	2.0
NGC 4332	SBa	1.43	0.009220		0.726	137.0
NGC 4333	SBab	0.75	0.023410		0.938	90.0
NGC 4334	Sab	0.91	0.014280		0.455	135.0
NGC 4335	E	1.37	-0.000370		0.741	149.0
NGC 4336	S0-a	0.81	0.003500		0.526	162.0
NGC 4337			-0.000052			
NGC 4339	E	2.20	0.004303		0.948	50.0
NGC 434	Sab	1.24	0.016104		0.554	9.0
NGC 4340	S0-a	1.79	0.003069		0.635	87.0
NGC 4341	S0	0.51	0.003050		0.305	95.0
NGC 4342	E-S0	0.64	0.001520		0.512	165.0
NGC 4343	Sb	1.92	0.003330		1.000	130.0
NGC 4344	S0	1.30	0.003880		0.970	56.0
NGC 4346	S0	1.13	0.002592		0.361	99.0
NGC 4347				Identification as NGC 4347 is uncertain; N4347 may be NGC 4348.		
NGC 4348	Sbc	0.50	0.006705		0.187	31.0
NGC 4349			-0.000038			
NGC 434A	S0-a	0.24	0.015850		0.202	57.0
NGC 435	SABc	0.43	0.034250		0.391	17.0
NGC 4350	S0	1.33	0.004120		0.475	28.0
NGC 4351	SBb	1.28	0.007670		0.810	72.0
NGC 4352	S0	0.77	0.006950		0.470	102.0
NGC 4353	IB	0.81			0.771	67.0
NGC 4355	SABa	0.68	0.007080		0.482	64.0
NGC 4356	Sc	0.73	0.003786		0.363	40.0
NGC 4357	Sbc	1.27	0.013738		0.365	77.0
NGC 4358	S0	0.92	0.014930		0.800	167.0
NGC 4359	SBc	0.83	0.004096		0.601	108.0
NGC 436			-0.000248			
NGC 4360	E	1.20	0.023026		0.857	148.0
NGC 4360B	S?	0.41	0.022590		0.820	151.0
NGC 4361			0.000033			
NGC 4362	S0-a	0.49	0.015030		0.383	41.0
NGC 4363	Sb	0.63	0.004760		0.797	10.0
NGC 4365	E	3.66	-0.000220		0.715	40.0
NGC 4366	E	0.31	0.004250		0.365	41.0
NGC 4369	SBa	1.89	0.003490		0.955	175.0
NGC 437	S0-a	1.37	0.017646		0.792	138.0
NGC 4370	SBa	1.06	0.002600		0.654	79.0
NGC 4371	S0-a	1.81	0.003142		0.466	96.0
NGC 4372			0.000252			
NGC 4373	E-S0	2.11	0.011348		0.530	54.0
NGC 4373A	S0	1.04	0.009974		0.371	152.0
NGC 4373B	SBd	0.80	0.010670		0.777	95.0
NGC 4375	SBab	0.85	0.030150		0.733	14.0
NGC 4376	I	0.79	0.003750		0.598	152.0
NGC 4377	E-S0	1.24	0.004700		0.775	179.0
NGC 4378	Sa	1.93	0.008540		0.923	155.0
NGC 4379	E-S0	1.52	0.003449		0.813	103.0
NGC 438	Sb	0.77	0.011558		0.570	140.0
NGC 4380	SABa	1.78	0.003190		0.531	158.0
NGC 4383	Sa	0.90	0.005700		0.539	31.0
NGC 4384	Sa	0.99	0.008410		0.780	85.0
NGC 4385	S0-a	1.16	0.007180		0.540	91.0
NGC 4386	S0	1.44	0.005724		0.571	135.0
NGC 4387	E	0.94	0.001830		0.595	138.0
NGC 4388	SBb	1.29	0.008560		0.240	91.0
NGC 4389	SBbc	1.67	0.002380		0.665	98.0
NGC 439	E-S0	2.14	0.019173		0.633	156.0
NGC 4390	Sc	1.13	0.003630		0.743	99.0
NGC 4391	E-S0	1.24	0.004410		0.992	125.0
NGC 4392	S0	1.16	0.024260		0.734	75.0
NGC 4393	Scd	2.70	0.002622		0.925	15.0
NGC 4394	SBb	3.35	0.003340		0.963	145.0
NGC 4395	Sm	1.39	0.001060		0.333	128.0
NGC 4396	Scd	1.04	-0.000360		0.350	124.0
NGC 440	Sbc	0.64	0.016782		0.604	37.0
NGC 4402	Sb	1.00	0.000770		0.284	89.0
NGC 4403	SBab	0.61	0.017345		0.386	17.0
NGC 4404	E-S0	1.00	0.018346		0.641	139.0
NGC 4405	S0-a	1.02	0.005790		0.671	21.0
NGC 4407	Sab	1.46	0.000290		0.702	53.0
NGC 4408	E	0.52	0.025090		0.839	36.0
NGC 4409	SBc	0.89	0.005740		0.489	9.0
NGC 441	S0-a	1.36	0.018886		0.901	100.0
NGC 4410A	Sa	0.45	0.025070		0.726	135.0
NGC 4410B	S0-a	0.53	0.025350		0.914	105.0
NGC 4410C	S0-a	0.56	0.024890		0.659	93.0
NGC 4411	Sc	0.98	0.004280		0.601	19.0
NGC 4411B	SABc	1.72	0.004210		0.896	90.0
NGC 4412	Sb	1.35	0.007650		0.900	109.0
NGC 4414	Sc	1.12	0.002395		0.574	162.0
NGC 4415	S0-a	1.13	0.003030		0.883	6.0
NGC 4416	Sc	1.37	0.004840		0.873	112.0
NGC 4417	S0	1.09	0.002825		0.353	49.0
NGC 4419	Sa	1.30	-0.000200		0.334	133.0
NGC 442	S0-a	0.69	0.018580		0.595	158.0
NGC 4421	S0-a	1.97	0.005180		0.761	9.0
NGC 4422	E-S0	1.43	0.025358		0.966	80.0
NGC 4423	Sd	0.41	0.003730		0.200	20.0
NGC 4424	Sa	1.57	0.001620		0.516	95.0
NGC 4425	S0-a	1.26	0.006340		0.409	26.0
NGC 4428	SABc	0.67	0.009900		0.414	93.0
NGC 4429	S0-a	2.42	0.003759		0.457	98.0
NGC 443	S0-a	0.72	0.015960		0.878	17.0
NGC 4430	Sb	1.50	0.004910		0.743	75.0
NGC 4431	S0	0.88	0.002632		0.575	179.0
NGC 4432	SABb	0.49	0.021350		0.766	4.0
NGC 4433	SABa	0.67	0.010010		0.335	3.0
NGC 4434	E	1.36	0.003566		0.958	75.0
NGC 4435	S0	2.14	0.002800		0.706	12.0
NGC 4436	S0	0.79	0.003720		0.476	114.0
NGC 4438	Sa	4.02	0.000330		0.439	27.0
NGC 444	Sc	0.34	0.016174		0.217	160.0
NGC 4440	Sa	1.44	0.002418		0.814	120.0
NGC 4441	S0-a	2.96	0.008879		0.717	171.0
NGC 4442	S0	1.61	0.001170		0.373	87.0
NGC 4444	SABb	1.85	0.009771		0.815	68.0
NGC 4445	Sab	0.50	0.001220		0.197	105.0
NGC 4446	Sc	0.59	0.024380		0.602	89.0
NGC 4447	S0	0.62	0.023920		0.827	117.0
NGC 4448	SBab	1.04	0.002208		0.658	92.0
NGC 4449	IB	2.71	0.000680		0.582	51.0
NGC 445	S0	0.53	0.038236		0.671	140.0
NGC 4450	Sab	3.78	0.006444		0.692	173.0
NGC 4451	Sb	0.86	0.002620		0.637	166.0
NGC 4452	S0	0.60	0.000540		0.179	32.0
NGC 4453 NED01	Sbc	0.30	0.039586		0.476	157.0
NGC 4453 NED02	Scd	0.22	0.084390		0.647	42.0
NGC 4454	S0-a	1.99	0.007820		0.917	25.0
NGC 4455	SBcd	0.56	0.001990		0.348	16.0
NGC 4456	Sbc	0.69	0.020508		0.535	154.0
NGC 4457	S0-a	2.37	0.002940		0.849	79.0
NGC 4458	E	1.48	0.002252		0.931	175.0
NGC 4459	S0	3.16	0.003996		0.758	109.0
NGC 446	S0	1.60	0.018166		0.777	110.0
NGC 4460	S0-a	1.05	0.001681		0.267	40.0
NGC 4461	S0-a	1.23	0.006418	Identification as NGC 4443 is not certain.	0.341	8.0
NGC 4462	SBab	1.33	0.006081		0.369	124.0
NGC 4463			-0.000082			
NGC 4464	E-S0	0.76	0.004246		0.752	11.0
NGC 4465	Sc	0.21	0.024842		0.808	108.0
NGC 4466	Sb	0.57	0.002500		0.613	101.0
NGC 4467	E	0.49	0.004810		0.831	55.0
NGC 4468	E-S0	1.00	0.002990		0.649	72.0
NGC 4469	S0-a	1.05	0.001970		0.367	87.0
NGC 447	S0-a	2.15	0.018653		0.973	15.0
NGC 4470	Sab	0.86	0.007870		0.672	1.0
NGC 4471	E	0.43	0.002910		0.977	150.0
NGC 4473	E	2.51	0.007800		0.588	100.0
NGC 4474	S0	1.57	0.005060		0.674	79.0
NGC 4475	SBbc	0.61	0.024640		0.555	9.0
NGC 4476	E-S0	1.15	0.006570		0.676	27.0
NGC 4477	S0	3.22	0.004490		0.870	26.0
NGC 4478	E	1.43	0.004690		0.817	144.0
NGC 4479	S0	1.25	0.002830		0.874	14.0
NGC 448	S0	0.76	0.006404		0.475	115.0
NGC 4480	SABc	0.97	0.008100		0.513	173.0
NGC 4481	Sab	0.52	0.007800		0.423	146.0
NGC 4482	E	0.85	0.006170		0.563	137.0
NGC 4483	S0-a	0.85	0.002950		0.515	70.0
NGC 4484	Sc	1.10	0.016894		0.873	72.0
NGC 4485	I	1.34	0.001600		0.667	2.0
NGC 4486A	E	0.81	0.000610		0.880	25.0
NGC 4486B	E	0.37	0.005144		0.974	20.0
NGC 4487	Sc	1.90	0.003443		0.549	74.0
NGC 4488	S0-a	0.76	0.003290		0.276	167.0
NGC 4489	E	1.56	0.003180		0.907	125.0
NGC 449	SBa	0.39	0.016044		0.574	78.0
NGC 4490	SBcd	1.65	0.001960		0.246	133.0
NGC 4491	SBa	0.86	0.001594		0.524	147.0
NGC 4492	Sa	1.86	0.005912		0.882	65.0
NGC 4493	E	0.74	0.023080		0.487	139.0
NGC 4494	E	4.13	0.004406		0.949	173.0
NGC 4495	Sab	0.57	0.015240		0.425	132.0
NGC 4496A	Scd	2.78	0.005770		0.825	68.0
NGC 4496B	SBm	0.91	0.015110		0.867	112.0
NGC 4497	S0-a	1.03	0.003480		0.515	62.0
NGC 4498	Sc	1.53	0.004940		0.531	131.0
NGC 4499	SBbc	1.29	0.011948		0.642	102.0
NGC 45	SABd	4.44	0.001553		0.718	159.0
NGC 450	SABc	1.95	0.005891		0.663	72.0
NGC 4500	Sa	1.06	0.011000		0.693	135.0
NGC 4502	Sc	0.54	0.005380		0.519	43.0
NGC 4503	S0	1.58	0.004543		0.454	12.0
NGC 4504	SABc	1.97	0.003318		0.619	163.0
NGC 4506	SABa	1.11	0.001700		0.681	107.0
NGC 4507	Sab	1.19	0.011907		0.856	50.0
NGC 4509	Sb	0.37	0.003050		0.552	161.0
NGC 451	Sc	0.53	0.016430		0.768	19.0
NGC 4510	E	0.84	0.009120		0.575	151.0
NGC 4511	Sb	0.57	0.015350		0.620	7.0
NGC 4512	S0-a	0.50	0.008430		0.195	166.0
NGC 4513	S0	1.35	0.007625		0.655	16.0
NGC 4514	Sbc	0.80	0.026950		0.800	62.0
NGC 4515	E-S0	1.06	0.003220		0.785	6.0
NGC 4516	SBa	0.97	0.003170		0.554	175.0
NGC 4517	Sc	1.42	0.003788		0.157	84.0
NGC 4517A	Sd	0.98	0.005110		0.478	30.0
NGC 4518	S0-a	0.58	0.021820		0.492	179.0
NGC 4519	Scd	1.77	0.004040		0.760	147.0
NGC 4519A	I	0.30	0.004795		0.517	45.0
NGC 452	SBab	0.50	0.016660		0.251	39.0
NGC 4520	E-S0	0.46	0.025776		0.582	98.0
NGC 4522	Sc	0.91	0.007700		0.259	34.0
NGC 4523	Sm	1.15	0.001120		0.927	0.0
NGC 4524	SABb	0.70	0.016031		0.560	80.0
NGC 4525	Sc	1.03	0.003933		0.515	53.0
NGC 4526	S0	3.32	0.001876		0.344	113.0
NGC 4527	SABb	1.72	0.005280		0.273	69.0
NGC 4528	S0	0.86	0.004543		0.537	5.0
NGC 4529	Sc	0.25	0.008450	Identification as NGC 4529 is uncertain; N4529 may be CGCG 129-006.	0.225	98.0
NGC 4531	S0-a	1.97	0.000310		0.650	155.0
NGC 4532	I	0.88	0.006880		0.353	161.0
NGC 4533	Scd	0.43	0.005840		0.236	165.0
NGC 4534	SABd	1.64	0.002734		0.590	120.0
NGC 4535	Sc	7.48	0.006530		0.918	27.0
NGC 4536	SABb	2.55	0.006030		0.360	121.0
NGC 4537	S0-a	0.76	0.039730		0.567	21.0
NGC 4538	Sc	0.40	0.015630		0.563	80.0
NGC 4539	Sa	1.08	0.004160		0.394	94.0
NGC 454 NED01	E?	1.64	0.012169		1.000	0.0
NGC 454 NED02	S0	0.81	0.012193		0.420	81.0
NGC 4540	SABc	1.83	0.004160		0.836	43.0
NGC 4541	SABb	0.64	0.022630		0.393	91.0
NGC 4543	E	0.63	0.007960		0.618	178.0
NGC 4544	SBa	0.60	0.003830		0.311	163.0
NGC 4545	Sc	1.37	0.008790		0.564	9.0
NGC 4546	E-S0	1.76	0.003492		0.557	90.0
NGC 4547	E	0.92	0.042740		0.773	38.0
NGC 4549	SABb	0.27	0.045060		0.450	100.0
NGC 455	S0	1.49	0.017602		0.578	158.0
NGC 4550	S0	0.71	0.001338		0.225	179.0
NGC 4551	E	1.26	0.003930		0.737	67.0
NGC 4553	S0-a	1.34	0.010394		0.517	175.0
NGC 4554				Identification as NGC 4554 is very uncertain.		
NGC 4555	E	1.04	0.022210		0.743	121.0
NGC 4556	E	0.87	0.025221		0.664	81.0
NGC 4558	S0-a	0.31	0.026250		0.425	95.0
NGC 4559	Sc	4.82	0.002719		0.456	148.0
NGC 4559A	Sa	0.21	0.024930		0.525	133.0
NGC 4559B	SBab	0.25	0.025820		0.403	3.0
NGC 456		2.90			0.763	110.0
NGC 4561	SBcd	1.12	0.004540		0.848	61.0
NGC 4562	SBcd	0.64	0.004513		0.332	49.0
NGC 4563	E	0.40	0.024500		0.714	106.0
NGC 4564	E	1.68	0.003779		0.537	48.0
NGC 4565	Sb	2.89	0.004210		0.173	135.0
NGC 4565B	Sbc	0.45	0.021400		0.562	139.0
NGC 4565C	Scd	0.14	0.021198		0.146	141.0
NGC 4566	SBb	0.75	0.017864		0.694	72.0
NGC 4567	Sbc	2.15	0.007600		0.785	89.0
NGC 4568	Sbc	1.87	0.007440		0.434	29.0
NGC 457			-0.000039			
NGC 4570	S0	0.94	0.005814		0.242	160.0
NGC 4571	Sc	3.31	0.001137		0.930	35.0
NGC 4572	Sc	0.42	0.007300		0.286	168.0
NGC 4573	S0-a	1.89	0.009743		0.759	125.0
NGC 4574	SABc	1.14	0.009920		0.623	112.0
NGC 4575	SBbc	1.24	0.009916		0.602	109.0
NGC 4576	SABb	0.66	0.017850		0.541	152.0
NGC 4577	SBb	0.78	0.008100	Identification as NGC 4577 is uncertain.	0.549	39.0
NGC 4578	S0	1.75	0.007605		0.700	34.0
NGC 458		2.30		In the Small Magellanic Cloud.	0.885	140.0
NGC 4580	SABa	1.28	0.003450		0.684	156.0
NGC 4581	E	1.06	0.006160		0.654	172.0
NGC 4583	S0	1.51	0.023020		1.000	95.0
NGC 4584	Sa	1.11	0.005830		0.689	8.0
NGC 4585	SBb	0.47	0.024330		0.595	105.0
NGC 4586	Sa	1.12	0.002600		0.327	116.0
NGC 4587	S0	0.75	0.003010		0.568	47.0
NGC 4588	Sc	0.46	0.018690		0.387	60.0
NGC 4589	E	2.31	0.006511		0.788	84.0
NGC 459	Sbc	0.55	0.042379		0.948	20.0
NGC 4592	Sd	1.17	0.003586		0.285	94.0
NGC 4593	Sb	2.04	0.008344		0.850	38.0
NGC 4595	SABb	0.97	0.002260		0.638	110.0
NGC 4596	S0-a	3.30	0.006600		0.840	120.0
NGC 4597	Sm	1.42	0.003468		0.400	70.0
NGC 4598	S0	1.15	0.006540		0.767	131.0
NGC 4599	S0-a	0.72	0.006220		0.421	145.0
NGC 46			-0.000004			
NGC 460		1.50			0.577	20.0
NGC 4600	S0	1.01	0.002630		0.711	59.0
NGC 4601	S0-a	0.50	0.011423		0.275	18.0
NGC 4602	SABb	0.79	0.008533		0.612	88.0
NGC 4603	SABc	1.84	0.008682		0.708	18.0
NGC 4603A	SBc	0.63	0.012359		0.342	90.0
NGC 4603B	SBb	0.26	0.014420		0.200	38.0
NGC 4603C	S0	0.44	0.010487		0.240	159.0
NGC 4603D	SABc	0.97	0.009130		0.599	75.0
NGC 4604	IB	0.44	0.008065		0.415	104.0
NGC 4605	SBc	2.29	0.000484		0.390	122.0
NGC 4606	SBa	1.36	0.005680		0.551	14.0
NGC 4607	SBbc	0.58	0.007610		0.203	2.0
NGC 4608	S0	2.49	0.006038		0.865	25.0
NGC 4609			0.000073			
NGC 461	Sc	1.01	0.019207		0.835	38.0
NGC 4611	Sbc	0.38	0.020430		0.306	125.0
NGC 4612	S0	1.77	0.006208		0.689	138.0
NGC 4613	Sbc	0.49	0.016440		0.942	15.0
NGC 4614	S0-a	0.86	0.015940		0.860	152.0
NGC 4615	Sc	0.46	0.015810		0.299	120.0
NGC 4616	E	1.06	0.015054		0.809	50.0
NGC 4617	SABb	0.52	0.015500		0.185	0.0
NGC 4618	SBm	2.29	0.001730		0.643	32.0
NGC 4619	Sb	1.33	0.023300		0.971	0.0
NGC 462		0.45	0.046500		0.938	115.0
NGC 4620	S0	1.45	0.003790		0.906	52.0
NGC 4622	Sa	1.56	0.013747		0.862	9.0
NGC 4622A	E-S0	0.58	0.015910		0.829	119.0
NGC 4622B	S0	0.77			0.670	68.0
NGC 4623	S0-a	0.74	0.006101		0.332	175.0
NGC 4625	SABm	1.06	0.002090		0.752	27.0
NGC 4626	SBbc	0.49	0.009380		0.301	39.0
NGC 4627	E	1.66	0.002710		0.703	21.0
NGC 4628	Sb	0.57	0.009494		0.348	46.0
NGC 4629	SABm	0.71	0.003706		0.689	90.0
NGC 463	S0-a	0.39	0.021001		0.375	5.0
NGC 4630	I	1.21	0.002440		0.729	10.0
NGC 4631	SBcd	2.20	0.002021		0.152	86.0
NGC 4632	Sc	0.98	0.005756		0.383	59.0
NGC 4633	SABd	0.75	0.001020		0.424	33.0
NGC 4634	SBc	0.60	0.000780		0.243	156.0
NGC 4635	SABc	1.40	0.003210		0.722	178.0
NGC 4636	E	4.70	0.003070		0.740	150.0
NGC 4637	S0	0.71	0.005080	NGC identification is not certain.	0.550	91.0
NGC 4638	E-S0	1.50	0.003793	Identification as NGC 4667 is not certain.	0.649	123.0
NGC 4639	Sbc	1.88	0.003640		0.655	138.0
NGC 4640	S0-a	0.89	0.005790		0.553	53.0
NGC 4641	S0	1.05	0.006700		0.820	172.0
NGC 4642	Sbc	0.53	0.008830		0.342	27.0
NGC 4643	S0-a	1.75	0.004400		0.781	132.0
NGC 4644	Sb	0.63	0.016440		0.417	51.0
NGC 4645	E	0.89	0.008650		0.452	46.0
NGC 4645A	S0	0.97	0.010601		0.320	30.0
NGC 4645B	S0	0.89	0.007424		0.412	158.0
NGC 4646	E	0.28	0.015324		0.444	17.0
NGC 4647	SABc	2.36	0.004720		0.858	139.0
NGC 4648	E	1.16	0.004973		0.823	73.0
NGC 465		4.00		In the Small Magellanic Cloud.	0.800	
NGC 4650	S0-a	2.04	0.009490		0.669	111.0
NGC 4650A	S0-a	0.33	0.009748		0.226	172.0
NGC 4651	Sc	2.58	0.002330		0.667	77.0
NGC 4652	Sb	0.38	0.043160		0.345	40.0
NGC 4653	SABc	2.08	0.008832		0.900	17.0
NGC 4654	Sc	2.49	0.003480		0.528	123.0
NGC 4655	E	0.79	0.024100		0.919	10.0
NGC 4656 NED01	SBm	0.66	0.002360		0.102	36.0
NGC 4657	Sm	0.63	0.002048		0.339	71.0
NGC 4658	Sbc	0.86	0.007966		0.623	3.0
NGC 4659	S0-a	1.24	0.001590		0.709	176.0
NGC 466	S0-a	1.34	0.017545		0.832	108.0
NGC 4660	E	1.57	0.003623		0.751	100.0
NGC 4661	E-S0	0.41	0.008398		0.350	116.0
NGC 4662	Sbc	1.48	0.023266		0.809	60.0
NGC 4663	S0	0.85	0.008029		0.794	170.0
NGC 4664	S0-a	4.52	0.002622		1.000	5.0
NGC 4666	SABc	1.97	0.005152		0.396	40.0
NGC 4668	Scd	0.92	0.005420		0.579	3.0
NGC 4669	Sb	0.38	0.016100		0.248	2.0
NGC 467	S0	1.49	0.018323		0.898	125.0
NGC 4670	SBa	0.83	0.003630		0.856	90.0
NGC 4671	E	1.26	0.009795		0.746	138.0
NGC 4672	Sa	0.50	0.011033		0.243	59.0
NGC 4673	E	0.84	0.022969		0.785	171.0
NGC 4674	Sa	0.70	0.004683		0.391	105.0
NGC 4675	SBb	0.43	0.015950		0.321	92.0
NGC 4676A	S0-a	1.26	0.021860		0.583	179.0
NGC 4676B	S0-a	0.66	0.021780		0.673	169.0
NGC 4677	S0-a	0.84	0.010434		0.564	166.0
NGC 4678	S?	0.51	0.004731		0.526	85.0
NGC 4679	SBc	0.88	0.015591		0.362	5.0
NGC 468	S0-a	0.48	0.016908		0.565	175.0
NGC 4680	S0-a	0.76	0.007692		0.559	40.0
NGC 4681	Sab	1.17	0.010941		0.836	171.0
NGC 4682	SABc	1.19	0.007817		0.461	86.0
NGC 4683	E-S0	1.33	0.011935		0.924	130.0
NGC 4684	S0-a	0.96	0.005233		0.323	18.0
NGC 4685	E-S0	0.87	0.022569		0.547	155.0
NGC 4686	Sa	0.67	0.016752		0.349	2.0
NGC 4687	E	0.90	0.014230		0.938	95.0
NGC 4688	Sc	3.42	0.003230		0.919	35.0
NGC 4689	Sc	2.86	0.005420		0.749	163.0
NGC 469	S?	0.60	0.013747		0.741	173.0
NGC 4690	E-S0	1.14	0.009310		0.712	150.0
NGC 4691	S0-a	2.46	0.003760		0.812	28.0
NGC 4692	E	0.94	0.026580		0.940	85.0
NGC 4693	Sc	0.56	0.005564		0.560	34.0
NGC 4694	S0	1.11	0.003930		0.555	135.0
NGC 4695	SABb	0.65	0.016348		0.580	79.0
NGC 4696	E	2.56	0.009734		0.665	88.0
NGC 4696A	SBb	0.57	0.007843		0.328	174.0
NGC 4696B	E-S0	0.81	0.010140		0.609	40.0
NGC 4696C	Sb	0.37	0.011965		0.161	140.0
NGC 4696D	S0	0.54	0.008643		0.391	129.0
NGC 4696E	S0	0.71	0.006084		0.504	178.0
NGC 4697	E	4.16	0.004044		0.583	83.0
NGC 4698	Sab	1.55	0.003440		0.407	170.0
NGC 4699	SABb	3.02	0.004673		0.757	35.0
NGC 47	SBbc	1.09	0.019254		0.807	85.0
NGC 470	Sb	1.62	0.008659		0.566	156.0
NGC 4700	SBc	0.47	0.004717		0.173	51.0
NGC 4701	Sc	1.28	0.002510		0.736	39.0
NGC 4702	Sd	0.33	0.019950		0.569	176.0
NGC 4703	Sb	0.41	0.014688		0.241	155.0
NGC 4704	SBbc	0.95	0.027260		0.941	40.0
NGC 4705	SABb	1.09	0.014408		0.299	106.0
NGC 4706	S0	0.75	0.012552		0.510	26.0
NGC 4707	Sm	2.00	0.001561		0.913	25.0
NGC 4708	SABa	0.91	0.013750		0.728	30.0
NGC 4709	E	1.51	0.015590		0.489	107.0
NGC 471	S0	0.79	0.013750		0.745	79.0
NGC 4710	S0-a	1.13	0.003970		0.257	26.0
NGC 4711	SBb	0.68	0.013727		0.562	41.0
NGC 4712	Sbc	0.75	0.014623		0.481	162.0
NGC 4713	Scd	1.52	0.002160		0.916	50.0
NGC 4714	E-S0	1.11	0.014303		0.555	152.0
NGC 4715	S0-a	0.99	0.023076		0.739	18.0
NGC 4716	S0	0.85	0.015177		0.752	94.0
NGC 4717	Sa	0.68	0.015714		0.422	2.0
NGC 4718	Sb	0.70	0.015861		0.347	97.0
NGC 4719	SBb	1.25	0.023590		0.880	159.0
NGC 472	Sb	0.68	0.017646		0.756	125.0
NGC 4720	E-S0	0.73	0.005027		0.593	107.0
NGC 4721	S0	0.24	0.025510		0.286	113.0
NGC 4722	S0-a	0.69	0.004300		0.348	32.0
NGC 4723	SABm	0.55	0.004351		0.539	43.0
NGC 4724	E-S0	0.54			0.568	95.0
NGC 4725	SABa	7.10	0.004033		0.731	36.0
NGC 4726		0.24	0.025430		0.218	76.0
NGC 4727	Sbc	1.54	0.025400		0.570	127.0
NGC 4728	E	0.60	0.021390		0.769	107.0
NGC 4729	E	0.90	0.011086		0.457	145.0
NGC 473	S0-a	1.02	0.007185		0.576	153.0
NGC 4730	E-S0	1.05	0.006935		0.820	28.0
NGC 4731	SBc	2.14	0.004978		0.339	97.0
NGC 4732	E	0.56	0.033040		0.463	8.0
NGC 4733	E	1.82	0.003189		0.924	70.0
NGC 4734	Sc	0.80	0.025040		0.825	60.0
NGC 4735	SBc	0.51	0.021545		0.773	117.0
NGC 4737	S0-a	0.97	0.022616		0.713	49.0
NGC 4738	Sc	0.26	0.015850		0.143	33.0
NGC 4739	E	1.37	0.012555		0.913	115.0
NGC 474	S0	2.44	0.008080		0.921	45.0
NGC 4741	Sc	0.76	0.029530		0.650	171.0
NGC 4742	E	1.39	0.004245		0.650	76.0
NGC 4743	S0	0.66	0.009823		0.382	176.0
NGC 4744	S0-a	0.95	0.011234		0.388	126.0
NGC 4745	S0	0.56	0.024400		0.918	25.0
NGC 4746	Sb	0.42	0.005850		0.207	120.0
NGC 4747	SBcd	1.00	0.003966		0.478	33.0
NGC 4748	S?	0.82	0.013753		0.646	66.0
NGC 4749	Sb	0.53	0.005784		0.333	156.0
NGC 475	E-S0	0.55	0.053700		0.679	121.0
NGC 4750	Sab	2.06	0.005404		0.858	142.0
NGC 4751	E-S0	0.63	0.006511		0.380	175.0
NGC 4752	SBab	0.45	0.037570	Identification as NGC 4752 is uncertain.	0.474	153.0
NGC 4753	S0-a	3.06	0.004213		0.471	86.0
NGC 4754	S0	1.95	0.004250		0.469	22.0
NGC 4755			-0.000067			
NGC 4756	E-S0	1.56	0.013600		0.684	47.0
NGC 4757	S0	0.26	0.013660		0.325	58.0
NGC 4758	SBm	0.77	0.004155		0.280	159.0
NGC 476	S0	0.55	0.021365		0.655	95.0
NGC 4760	E	2.01	0.015571		0.782	9.0
NGC 4761	S?	0.65	0.014647		0.419	168.0
NGC 4762	S0	3.52	0.002870		0.426	32.0
NGC 4763	SBa	1.16	0.013619		0.624	105.0
NGC 4764	E	0.37	0.013849	NGC identification is not certain.	0.804	78.0
NGC 4765	Sa	0.85	0.002380		0.733	80.0
NGC 4766	S0	0.23	0.013375		0.235	129.0
NGC 4767	E	1.39	0.009904		0.493	141.0
NGC 4767A	Sc	0.27	0.009600		0.458	110.0
NGC 4767B	SBc	1.17	0.011595		0.796	96.0
NGC 477	Sc	0.55	0.019771		0.355	135.0
NGC 4770	S0-a	1.11	0.012165		0.642	88.0
NGC 4771	Sc	0.98	0.003829		0.316	133.0
NGC 4772	SABa	2.00	0.003430		0.485	155.0
NGC 4773	E	0.52	0.011686		0.612	77.0
NGC 4774 NED01	Sbc	0.27	0.027900		0.675	143.0
NGC 4774 NED02	Sc	0.35	0.027793		0.583	125.0
NGC 4775	Scd	1.96	0.005245		0.883	59.0
NGC 4776	S0	1.08	0.012253		0.551	65.0
NGC 4777	SABa	0.79	0.011905		0.429	8.0
NGC 4778	S0	2.09	0.014634		0.777	120.0
NGC 4779	SBc	1.31	0.009540		0.704	54.0
NGC 478	Sb	0.69	0.022857		0.821	118.0
NGC 4780	SABc	0.50	0.011762		0.255	173.0
NGC 4780A		0.25	0.014681		0.338	26.0
NGC 4781	Scd	1.48	0.004232		0.404	120.0
NGC 4782	E	0.87	0.013279		0.588	171.0
NGC 4783	E	0.69	0.013330		0.489	134.0
NGC 4784	S0	0.41	0.004212		0.246	103.0
NGC 4785	SBb	0.97	0.012299		0.475	80.0
NGC 4786	E	1.51	0.015467		0.763	171.0
NGC 4787	S0-a	0.32	0.025210		0.314	1.0
NGC 4788	S0-a	0.32	0.021480		0.352	141.0
NGC 4789	S0	1.12	0.027903		0.675	174.0
NGC 4789A	I	1.24	0.001248		0.653	37.0
NGC 479	SBbc	0.73	0.017569		0.802	128.0
NGC 4790	SBc	0.93	0.004546		0.550	87.0
NGC 4791	SBa	0.70	0.008410		0.660	66.0
NGC 4792	S0	0.42	0.015214		0.494	143.0
NGC 4793	Sc	0.94	0.008752		0.516	54.0
NGC 4794	Sa	0.51	0.013306		0.455	151.0
NGC 4795	SBa	1.42	0.009090		0.657	119.0
NGC 4796	E-S0	1.73	0.008020		0.961	110.0
NGC 4797	E-S0	0.85	0.026160		0.739	34.0
NGC 4799	Sab	0.62	0.009270		0.431	91.0
NGC 48	SABb	0.61	0.016760		0.455	15.0
NGC 480	Sa	0.29	0.042930		0.500	65.0
NGC 4800	Sb	1.16	0.002715		0.703	21.0
NGC 4801	E-S0	0.67	0.053820		0.496	138.0
NGC 4802	S0	2.30	0.003379		0.871	18.0
NGC 4803	E-S0	0.42	0.009073		0.553	15.0
NGC 4806	Sc	1.15	0.008004		0.852	52.0
NGC 4807	E-S0	0.65	0.023270		0.739	22.0
NGC 4808	SABc	0.93	0.002900		0.394	127.0
NGC 4809	IAB	0.64	0.003250		0.405	65.0
NGC 481	E-S0	1.08	0.018460	Identification as NGC 0481 is not certain.	0.740	72.0
NGC 4810	IAB	0.43	0.003047		0.500	167.0
NGC 4811	S0-a	0.89	0.010481		0.674	40.0
NGC 4812	S0	0.63	0.011325		0.420	34.0
NGC 4813	S0	0.86	0.004835		0.541	26.0
NGC 4814	Sb	2.00	0.008408		0.727	128.0
NGC 4815			-0.000098			
NGC 4816	E-S0	0.63	0.023083		0.457	90.0
NGC 4817	E	0.60	0.022130		0.870	120.0
NGC 4818	SABa	1.28	0.002200		0.300	178.0
NGC 4819	Sa	0.78	0.021500		0.780	150.0
NGC 482	Sab	0.53	0.021922		0.257	84.0
NGC 4820	S0	0.42	0.015535		0.353	106.0
NGC 4821	E	0.34	0.023500		0.576	8.0
NGC 4822	E-S0	0.97	0.013179		0.703	93.0
NGC 4823	S0-a	0.22	0.015360		0.272	178.0
NGC 4825	E-S0	1.64	0.014540		0.610	139.0
NGC 4827	E-S0	0.97	0.025310		0.795	34.0
NGC 4828	S0	0.70	0.020870		0.933	155.0
NGC 4829	E	0.37	0.012970		0.638	106.0
NGC 483	Sb	0.79	0.015560		0.908	115.0
NGC 4830	E-S0	1.49	0.011148		0.645	164.0
NGC 4831	E-S0	0.87	0.011074		0.554	177.0
NGC 4832	S0	1.48	0.012188		0.692	35.0
NGC 4833			0.000674			
NGC 4834	Sa	0.46	0.037520		0.426	109.0
NGC 4835	Sbc	0.68	0.007320		0.206	150.0
NGC 4835A	Sc	0.38	0.011291		0.129	178.0
NGC 4836	SABc	1.08	0.017390		0.730	8.0
NGC 4837 NED01	I	0.54	0.028560		0.409	64.0
NGC 4837 NED02	Sd	0.28	0.028590		0.848	
NGC 4838	Sb	1.41	0.016874		0.788	9.0
NGC 4839	E	1.24	0.024480		0.459	65.0
NGC 484	E-S0	1.26	0.017255		0.700	90.0
NGC 4840	E	0.70	0.020130		0.959	125.0
NGC 4841A	E	1.38	0.022570		0.952	60.0
NGC 4841B	E	0.79	0.020870		0.790	169.0
NGC 4842A	E	0.57	0.024390		0.983	70.0
NGC 4842B	E	0.29	0.024130		0.690	49.0
NGC 4843	S0-a	0.44	0.017130		0.222	91.0
NGC 4844				NGC identification is not certain.		
NGC 4845	SABa	1.20	0.003700	Identification as NGC 4910 is uncertain.	0.218	82.0
NGC 4846	SBbc	0.50	0.015107		0.413	62.0
NGC 4847	E	0.63	0.016209		0.759	155.0
NGC 4848	Sc	0.42	0.023431		0.331	157.0
NGC 4849	S0	0.99	0.019660		0.707	176.0
NGC 485	Sbc	0.61	0.007495		0.372	2.0
NGC 4850	S0	0.64	0.020050		0.970	130.0
NGC 4851	S0	0.33	0.026280		0.825	94.0
NGC 4852			-0.000017			
NGC 4853	E-S0	0.57	0.025640		0.838	76.0
NGC 4854	S0	0.67	0.027960		0.705	44.0
NGC 4855	E-S0	1.24	0.016071		0.738	170.0
NGC 4856	S0-a	1.57	0.004453		0.369	38.0
NGC 4857	SABb	0.66	0.028620		0.574	118.0
NGC 4858	SBb	0.42	0.031410		0.824	28.0
NGC 4859	S0-a	0.65	0.023860		0.430	93.0
NGC 486		0.28	0.047213		0.778	70.0
NGC 4860	E	0.94	0.026450		0.879	121.0
NGC 4861	Sm	1.45	0.002438		0.381	18.0
NGC 4862	Sc	0.89	0.021518	IC identification is not certain.	0.817	147.0
NGC 4863	S0-a	0.40	0.014587		0.211	23.0
NGC 4864	E	0.47	0.022796		0.610	90.0
NGC 4865	E	0.42	0.015280		0.477	113.0
NGC 4866	S0-a	0.98	0.006615		0.170	88.0
NGC 4867	E	0.50	0.016080		0.769	13.0
NGC 4868	Sab	1.30	0.015597		0.909	155.0
NGC 4869	E	0.73	0.022879		0.948	0.0
NGC 487	SBa	0.70	0.019780		0.642	113.0
NGC 4870	Sbc	0.31	0.035340		0.341	2.0
NGC 4871	S0	0.57	0.022670		0.740	160.0
NGC 4872	E-S0	0.41	0.023950		0.612	124.0
NGC 4873	S0	0.52	0.019430		0.642	103.0
NGC 4874	E	1.98	0.023910		0.865	49.0
NGC 4875	S0	0.36	0.026710		0.750	117.0
NGC 4876	E	0.42	0.022350		0.750	26.0
NGC 4877	Sab	0.94	0.016515		0.398	8.0
NGC 4878	S0-a	1.43	0.012759	NGC identification is not certain.	0.935	70.0
NGC 4879				NGC identification is not certain.		
NGC 488	Sb	3.66	0.007579		0.725	13.0
NGC 4880	S0-a	1.97	0.004590		0.749	164.0
NGC 4881	E	0.91	0.022370		0.929	15.0
NGC 4883	E-S0	0.61	0.027190		0.792	83.0
NGC 4885	Sab	0.66	0.011151		0.776	100.0
NGC 4886	E	0.70	0.021250		0.875	112.0
NGC 4887	S0-a	0.59	0.009006		0.518	155.0
NGC 4888	Sa	0.79	0.012900		0.510	107.0
NGC 4889	E	1.68	0.021500		0.649	80.0
NGC 489	Sc	0.35	0.008329		0.226	120.0
NGC 4890	Sm	0.79	0.010117		0.823	93.0
NGC 4892	S0-a	0.26	0.019760		0.186	12.0
NGC 4893	E	0.70	0.036044		0.636	3.0
NGC 4893A	E?	0.39	0.035750		0.696	177.0
NGC 4894	S0	0.28	0.015470		0.467	36.0
NGC 4895	S0	0.56	0.028440		0.337	152.0
NGC 4895A	E	0.32	0.022520		0.542	99.0
NGC 4896	E-S0	0.48	0.019870		0.565	5.0
NGC 4897	Sbc	2.12	0.008554		0.800	153.0
NGC 4898A	E	0.31	0.022910		0.456	96.0
NGC 4898B	E-S0	0.47			0.770	155.0
NGC 4899	SABc	1.17	0.008895		0.579	15.0
NGC 49	S0	0.59	0.016730		0.634	161.0
NGC 490	Sb	0.55	0.007420		0.833	1.0
NGC 4900	Sc	2.02	0.003220		0.948	150.0
NGC 4901	E	1.10	0.028870		0.957	155.0
NGC 4902	Sb	2.37	0.008817		0.901	78.0
NGC 4903	Sc	1.41	0.016000		0.820	90.0
NGC 4904	Sc	1.24	0.003960		0.623	7.0
NGC 4905	S0-a	0.50	0.017395		0.323	174.0
NGC 4906	E	0.64	0.025020		0.914	0.0
NGC 4907	Sb	0.90	0.019370		0.900	32.0
NGC 4908	E	0.77	0.016620		0.647	97.0
NGC 4909	Sa	1.80	0.011285		0.918	30.0
NGC 491	SBb	0.99	0.012956		0.733	95.0
NGC 4911	SABb	0.96	0.026590		0.828	130.0
NGC 4912	S0	0.53	0.024530		0.500	135.0
NGC 4913	SABa	0.40	0.023730		0.276	88.0
NGC 4914	E	1.31	0.015550		0.487	154.0
NGC 4915	E	1.55	0.010117		0.945	65.0
NGC 4916	S0-a	0.23	0.024320		0.235	156.0
NGC 4917	Sb	0.81	0.024580		0.609	152.0
NGC 4918	S0-a	0.33	0.033355		0.371	77.0
NGC 4919	S0	0.58	0.024350		0.523	142.0
NGC 491A	Scd	0.85	0.012041		0.452	97.0
NGC 492	SABb	0.56	0.047450		0.836	97.0
NGC 4920	I	0.83			0.769	170.0
NGC 4921	Sab	1.80	0.018250		0.918	135.0
NGC 4922 NED01	E	1.17	0.023953		0.951	137.0
NGC 4922 NED02	S?	0.34	0.023400		0.586	123.0
NGC 4923	E-S0	0.67	0.018220		0.931	60.0
NGC 4924	S0-a	1.35	0.016296		0.763	58.0
NGC 4925	S0	0.87	0.011535		0.737	119.0
NGC 4926	E-S0	1.04	0.026210		0.846	64.0
NGC 4926A	S0	0.44	0.023010		0.698	87.0
NGC 4927	E-S0	0.64	0.025750		0.634	12.0
NGC 4928	Sbc	0.80	0.005745		0.762	73.0
NGC 4929	E	0.68	0.020760		0.829	48.0
NGC 493	Sc	0.95	0.007848		0.316	60.0
NGC 4930	Sbc	2.84	0.008629		0.802	44.0
NGC 4931	S0	0.62	0.017940		0.376	77.0
NGC 4932	Sc	1.08	0.023700		0.750	1.0
NGC 4933A	E	0.74	0.010860		1.000	40.0
NGC 4933B	S0-a	1.88	0.010860		0.430	46.0
NGC 4933C	Sd	0.52	0.010691		0.800	146.0
NGC 4934	S0-a	0.16	0.020320		0.160	103.0
NGC 4935	Sb	0.92	0.021330		0.844	84.0
NGC 4936	E	2.43	0.010249		0.853	6.0
NGC 4938	SBb	0.78	0.027550		0.897	44.0
NGC 4939	Sbc	2.30	0.010382		0.403	6.0
NGC 494	Sab	0.59	0.018388		0.317	100.0
NGC 4940	Sa	1.00	0.017162		0.885	28.0
NGC 4941	SABa	2.70	0.003703		0.821	23.0
NGC 4942	SABc	1.22	0.005837	The IC identification is not certain.	0.726	25.0
NGC 4943	S0	0.54	0.018770		0.684	105.0
NGC 4944	Sa	0.43	0.023240		0.309	88.0
NGC 4945	SBc	4.03	0.001797		0.173	44.0
NGC 4945A	Sm	1.62	0.004553		0.616	57.0
NGC 4946	E	1.67	0.010174		0.835	135.0
NGC 4947	Sb	1.34	0.008110		0.506	11.0
NGC 4947A	SBm	0.51	0.008630		0.398	23.0
NGC 4948	SBcd	0.82	0.003741	The IC identification is not certain; HOLM 505B is a double star.	0.357	140.0
NGC 4948A	SBd	1.04	0.005140		0.722	0.0
NGC 4949	Sb	0.38	0.022770		0.528	102.0
NGC 495	S0-a	0.77	0.013679		0.706	169.0
NGC 4950	S0	0.79	0.009316		0.859	99.0
NGC 4951	SABc	1.16	0.003935		0.369	90.0
NGC 4952	E	0.97	0.019740		0.606	22.0
NGC 4953	S0-a	0.99	0.016470		0.538	51.0
NGC 4954	S0	0.65	0.030908		0.657	68.0
NGC 4955	E	1.72	0.011528		0.735	15.0
NGC 4956	S0	1.52	0.015881		0.974	60.0
NGC 4957	E	0.93	0.022960		0.762	97.0
NGC 4958	S0	1.20	0.004690		0.251	7.0
NGC 4959	S0-a	0.64	0.032430		0.865	178.0
NGC 496	Sbc	0.33	0.020258		0.371	36.0
NGC 4961	Sc	0.88	0.008526	Identification as NGC 4960 is not certain.	0.793	106.0
NGC 4963	Sa	0.81	0.023830		0.942	55.0
NGC 4964	SABa	0.69	0.008466		0.627	134.0
NGC 4965	SABc	2.05	0.007582		0.823	142.0
NGC 4966	SABa	0.49	0.023380		0.476	142.0
NGC 4967	E	0.87	0.029590		0.757	117.0
NGC 4968	S0	1.04	0.009967		0.456	57.0
NGC 4969 NED01	E	0.74	0.027350		0.949	77.0
NGC 4969 NED02	E-S0	0.66	0.027250		0.971	82.0
NGC 497	SBbc	0.86	0.027120		0.417	134.0
NGC 4970	S0	1.14	0.010821		0.637	138.0
NGC 4971	E-S0	0.68	0.020890		0.872	101.0
NGC 4973	E	0.82	0.029700		0.854	94.0
NGC 4974	E	1.11	0.029440		0.707	123.0
NGC 4975	S0	0.61	0.018000		0.629	29.0
NGC 4976	E	3.27	0.004710		0.561	161.0
NGC 4977	Sb	1.02	0.027710		0.971	45.0
NGC 4978	S0-a	0.63	0.021628		0.417	142.0
NGC 4979	Sb	0.74	0.021090		0.860	102.0
NGC 498		0.41	0.020518		0.804	125.0
NGC 4980	Sa	0.78	0.004774		0.441	165.0
NGC 4981	Sbc	1.97	0.005602		0.730	155.0
NGC 4983	SBa	0.57	0.021680		0.548	122.0
NGC 4984	S0-a	2.50	0.004116		0.742	45.0
NGC 4985	S0	0.82	0.027770		0.713	126.0
NGC 4986	SBb	0.93	0.016008		0.600	82.0
NGC 4987	E	0.71	0.015680		0.573	33.0
NGC 4988	S0-a	0.64	0.007154		0.344	26.0
NGC 4989	S0	0.55	0.010120		0.390	175.0
NGC 499	E-S0	1.05	0.014691		0.625	77.0
NGC 4990	S0	0.81	0.010533		0.900	48.0
NGC 4991	SBb	0.48	0.056830		0.814	101.0
NGC 4992	SBa	0.60	0.025150		0.566	11.0
NGC 4993	E-S0	1.35	0.009787		0.871	173.0
NGC 4995	SABb	1.49	0.005937		0.613	99.0
NGC 4996	S0-a	1.36	0.018140		0.751	16.0
NGC 4997	E-S0	0.89	0.007790		0.553	85.0
NGC 4998	Sc	0.87	0.029740		0.853	19.0
NGC 4999	Sb	2.11	0.018810		0.844	98.0
NGC 5	E	0.59	0.016792		0.602	111.0
NGC 50	E-S0	1.17	0.018329		0.574	154.0
NGC 500	E	0.65	0.041128		0.714	95.0
NGC 5000	Sbc	1.02	0.018650		0.797	63.0
NGC 5001	SBb	0.42	0.030200		0.365	157.0
NGC 5002	Sm	0.71	0.003562		0.511	179.0
NGC 5003	Sa	0.77	0.035810		0.748	148.0
NGC 5004	S0	0.96	0.023520		0.722	167.0
NGC 5004A	Sab	0.55	0.024260		0.440	173.0
NGC 5004B	SBb	0.48	0.021200		0.593	175.0
NGC 5005	SABb	1.52	0.003212		0.315	70.0
NGC 5006	S0-a	1.66	0.009313		0.802	2.0
NGC 5007	E-S0	0.57	0.027900		0.613	136.0
NGC 5008	Sc	0.83	0.031020		0.776	165.0
NGC 5009	Sb	0.62	0.031869		0.574	67.0
NGC 501	E	0.49	0.016561		0.942	80.0
NGC 5010	S0-a	0.75	0.009881		0.750	115.0
NGC 5011	E	2.43	0.010254		0.832	154.0
NGC 5011A	SABc	0.81	0.010320		0.513	92.0
NGC 5012	Sc	1.44	0.008690		0.545	10.0
NGC 5013	SBbc	0.51	0.027650		0.689	148.0
NGC 5014	Sa	0.73	0.003720		0.346	100.0
NGC 5015	Sa	0.79	0.010560		0.395	62.0
NGC 5016	SABb	1.14	0.008700		0.726	56.0
NGC 5017	E	1.29	0.008449		0.860	29.0
NGC 5018	E	2.17	0.009413		0.622	99.0
NGC 5019	SABc	0.72	0.021440		0.847	101.0
NGC 502	S0	1.52	0.008279		0.927	55.0
NGC 5020	Sbc	2.42	0.011160		0.900	85.0
NGC 5021	SBb	0.60			0.403	78.0
NGC 5022	Sbc	0.49	0.009984		0.199	19.0
NGC 5023	Sc	0.78	0.001348		0.125	28.0
NGC 5025	Sb	0.51	0.021140		0.246	59.0
NGC 5026	Sa	1.79	0.011018		0.509	50.0
NGC 5027	Sb	1.01	0.023510		0.918	0.0
NGC 5028	E	1.38	0.021505		0.651	118.0
NGC 5029	E	0.93	0.029000		0.612	147.0
NGC 503	S0	0.49	0.019750		0.778	39.0
NGC 5030	S0-a	1.16	0.008412		0.652	173.0
NGC 5031	S0-a	0.30	0.009346		0.159	110.0
NGC 5032	Sb	1.08	0.021320		0.554	18.0
NGC 5033	Sc	4.58	0.002840		0.465	172.0
NGC 5034	Sbc	0.65	0.028983		0.730	20.0
NGC 5035	S0-a	0.99	0.007285		0.635	171.0
NGC 5036	E-S0	0.57	0.022655		0.826	73.0
NGC 5037	Sa	0.47	0.006351		0.233	44.0
NGC 5038	S0	0.38	0.007439		0.212	94.0
NGC 5039	Sa	0.19			0.345	133.0
NGC 504	S0	0.39	0.014096		0.252	45.0
NGC 5040	Sab	0.48	0.025140		0.466	70.0
NGC 5041	Sc	0.97	0.024964		0.770	143.0
NGC 5042	SABc	2.20	0.004650		0.530	19.0
NGC 5044	E	3.17	0.009000		0.866	41.0
NGC 5045		11.00	-0.000056		0.550	
NGC 5046	E	0.85	0.007413		0.833	42.0
NGC 5047	S0	0.29	0.021115		0.101	84.0
NGC 5048	E-S0	0.92	0.014553		0.586	43.0
NGC 5049	S0	0.40	0.009153		0.199	115.0
NGC 505	S0	0.68	0.018486		0.636	55.0
NGC 5050	S0-a	0.44	0.019700		0.314	32.0
NGC 5051	SABb	0.71	0.014935		0.430	48.0
NGC 5052	S0-a	1.02	0.022000		0.745	150.0
NGC 5053			0.000143			
NGC 5054	Sbc	2.90	0.005855		0.575	171.0
NGC 5056	SABc	0.82	0.018850		0.506	1.0
NGC 5057	S0	0.99	0.019520		0.756	0.0
NGC 5058	Scd	0.56	0.003250		0.737	13.0
NGC 5059	Sc	0.41	0.048980		0.366	6.0
NGC 5060	SBb	0.95	0.020868		0.812	61.0
NGC 5061	E	3.05	0.006808		0.813	109.0
NGC 5062	S0	1.18	0.010974		0.439	132.0
NGC 5063	Sa	1.63	0.010491		0.807	146.0
NGC 5064	Sb	1.40	0.010061		0.519	36.0
NGC 5065	SABc	0.73	0.018513		0.598	87.0
NGC 5066	Sa	0.56	0.009356		0.700	0.0
NGC 5068	Sc	6.70	0.002232		0.896	138.0
NGC 507	E-S0	1.66	0.016430		0.678	71.0
NGC 5070	E-S0	0.98	0.022983		0.838	90.0
NGC 5071	S0	0.57	0.044360		0.740	142.0
NGC 5073	SBc	0.56	0.009212		0.148	149.0
NGC 5074	SABb	0.41	0.018693		0.500	145.0
NGC 5075	E	0.76	0.021700		0.745	57.0
NGC 5076	S0-a	0.97	0.009984		0.719	31.0
NGC 5077	E	2.07	0.009016		0.781	4.0
NGC 5078	Sa	0.62	0.007145		0.242	147.0
NGC 5079	SBbc	0.89	0.009487		0.645	31.0
NGC 508	E	0.96	0.018350		0.889	25.0
NGC 5080	S0	1.17	0.021530		0.893	93.0
NGC 5081	Sb	0.73	0.022035		0.384	101.0
NGC 5082	S0	1.04	0.013026		0.601	33.0
NGC 5083	Sc	0.83	0.023730		0.761	136.0
NGC 5084	S0	2.46	0.005743		0.248	80.0
NGC 5085	Sc	3.26	0.006870		0.803	42.0
NGC 5087	E-S0	2.52	0.006098		0.843	6.0
NGC 5088	SABb	0.51	0.004797		0.274	0.0
NGC 5089	Sb	0.65	0.007280		0.684	122.0
NGC 509	S0-a	0.68	0.007580		0.428	81.0
NGC 5090	E	2.76	0.011254		0.786	106.0
NGC 5090A	S0	0.73	0.011648		0.382	142.0
NGC 5090B	SBb	0.85	0.014380		0.356	128.0
NGC 5091	Sb	1.33	0.012422		0.619	122.0
NGC 5092	E	0.96	0.023000		0.950	50.0
NGC 5093	SBa	0.53	0.023770		0.465	139.0
NGC 5094	E	1.13	0.020918		0.743	99.0
NGC 5095	S0-a	0.41	0.019300		0.318	122.0
NGC 5096 NED01	E-S0	0.71	0.039250		0.816	7.0
NGC 5096 NED02	E	0.49	0.039400		0.742	79.0
NGC 5096 NED03	E	0.48			0.738	60.0
NGC 5097	E	0.39	0.007998		0.722	38.0
NGC 5098 NED01	E	0.65	0.037440		0.823	61.0
NGC 5098 NED02	E	0.98	0.036060		0.891	61.0
NGC 5099	E	0.59	0.004402		0.855	50.0
NGC 51	S0	0.80	0.018620		0.571	32.0
NGC 5100 NED01	SBbc	0.42	0.032000		0.636	146.0
NGC 5101	S0-a	5.52	0.006261		0.936	123.0
NGC 5102	E-S0	3.71	0.001548		0.382	49.0
NGC 5103	S0	0.98	0.004253		0.616	142.0
NGC 5104	Sa	0.46	0.018420		0.383	170.0
NGC 5105	Sc	1.37	0.009756		0.710	140.0
NGC 5106	Sb	0.67	0.033000		0.713	22.0
NGC 5107	SBcd	0.51	0.003100		0.298	128.0
NGC 5108	SBbc	0.37	0.028900		0.280	2.0
NGC 5109	Sc	0.43	0.007100		0.269	155.0
NGC 511	E	0.98	0.037230		0.831	70.0
NGC 5110	E-S0	2.10	0.018568		0.798	108.0
NGC 5112	SBc	1.83	0.003270		0.612	127.0
NGC 5114	E-S0	1.12	0.011972		0.619	78.0
NGC 5115	Sc	0.63	0.024260		0.553	97.0
NGC 5116	SBc	0.67	0.009620		0.344	39.0
NGC 5117	Sc	0.76	0.007997		0.494	154.0
NGC 5118	SABc	0.82	0.023140		0.863	91.0
NGC 5119	S0	0.41	0.009593		0.275	22.0
NGC 512	Sab	0.34	0.016175		0.233	115.0
NGC 5121	Sa	1.67	0.004900		0.773	30.0
NGC 5121A	SABd	0.38	0.004788		0.314	106.0
NGC 5122	S0-a	1.00	0.009657		0.870	126.0
NGC 5123	Sc	1.05	0.027660		0.890	154.0
NGC 5124	E	0.80	0.013806		0.323	12.0
NGC 5125	Sb	1.37	0.023240		0.774	169.0
NGC 5126	S0-a	0.64	0.015379		0.344	57.0
NGC 5127	E	1.58	0.016180		0.725	72.0
NGC 5128	S0	19.77	0.001826		0.764	33.0
NGC 5129	E	1.29	0.022970		0.782	7.0
NGC 513	Sc	0.31	0.019560		0.500	81.0
NGC 5130	S0-a	0.82	0.019636		0.739	45.0
NGC 5131	Sa	0.39	0.022840		0.867	77.0
NGC 5132	S0-a	0.88	0.024233		0.672	63.0
NGC 5133	E-S0	0.65	0.021264		0.591	25.0
NGC 5134	SABb	1.53	0.005845		0.567	159.0
NGC 5135	Sab	2.20	0.013754		0.917	125.0
NGC 5136	E	1.17	0.022100		0.893	89.0
NGC 5137	S0-a	0.55	0.024310		0.714	120.0
NGC 5138			-0.000032			
NGC 5139			0.000782			
NGC 514	SABc	2.50	0.008250		0.714	106.0
NGC 5140	E-S0	1.98	0.012900		0.839	47.0
NGC 5141	S0	1.10	0.017490		0.692	78.0
NGC 5142	S0	1.04	0.017870		0.881	14.0
NGC 5143	SBd	0.34	0.019490		0.642	101.0
NGC 5144 NED01		0.40			0.449	55.0
NGC 5144 NED02	Sc	0.81	0.010387		0.810	151.0
NGC 5145	S0-a	1.45	0.004090		0.736	84.0
NGC 5146	E-S0	1.39	0.022536		0.644	33.0
NGC 5147	Sd	1.36	0.003659		0.925	160.0
NGC 5148	SBcd	0.60	0.022360		0.909	0.0
NGC 5149	SBbc	0.95	0.018700		0.586	153.0
NGC 515	S0	0.64	0.017000		0.696	89.0
NGC 5150	SBbc	1.03	0.013229		0.736	117.0
NGC 5151	E	0.82	0.027500		0.901	175.0
NGC 5152	SBb	1.04	0.014657		0.512	110.0
NGC 5153	E	1.89	0.014377		0.775	17.0
NGC 5154	Sc	1.26	0.018533		0.933	60.0
NGC 5155			-0.000124			
NGC 5156	SBb	2.08	0.010007		0.819	115.0
NGC 5157	Sa	1.11	0.024380		0.841	116.0
NGC 5158	Sab	0.93	0.022010		0.949	30.0
NGC 5159	Sc	0.35	0.021050		0.282	162.0
NGC 516	S0	0.46	0.008110		0.284	45.0
NGC 5161	Sc	1.62	0.007987		0.302	77.0
NGC 5162	SBc	1.60	0.022720		0.541	162.0
NGC 5163	E	0.72	0.029840		0.637	10.0
NGC 5164	SBb	0.90	0.024010		0.909	35.0
NGC 5165	E-S0	0.91	0.022986		0.555	2.0
NGC 5166	SABb	0.37	0.015484		0.174	67.0
NGC 5167	SBb	0.96	0.024920		0.960	15.0
NGC 5168			-0.000115			
NGC 5169	Sbc	0.60	0.008339		0.397	104.0
NGC 517	S0	0.60	0.014003		0.411	20.0
NGC 5170	Sc	1.41	0.005052		0.177	123.0
NGC 5171	E-S0	0.78	0.022836		0.729	5.0
NGC 5172	SABc	1.34	0.013443		0.563	101.0
NGC 5173	E	1.04	0.008540		0.945	130.0
NGC 5176	E	0.38	0.023400		1.000	130.0
NGC 5177	Sa	0.23	0.021550		0.267	134.0
NGC 5178	S0-a	0.66	0.020830		0.641	94.0
NGC 5179	E-S0	0.73	0.024130		0.664	40.0
NGC 518	Sa	0.55	0.009053		0.353	97.0
NGC 5180	S0	0.89	0.022406		0.712	34.0
NGC 5181	E	0.90	0.025010		0.865	30.0
NGC 5182	Sbc	1.60	0.014740		0.777	12.0
NGC 5183	Sb	0.60	0.014350		0.349	118.0
NGC 5184	SABb	0.94	0.013280		0.599	128.0
NGC 5185	SBb	0.74	0.024680		0.370	58.0
NGC 5186	Sb	0.49	0.044700		0.671	160.0
NGC 5187	Sb	0.54	0.023940		0.667	45.0
NGC 5188	Sb	2.41	0.007879		0.707	98.0
NGC 5189			-0.000027			
NGC 519	E	0.29	0.017756		0.547	135.0
NGC 5190	Sb	0.76	0.014100		0.784	155.0
NGC 5191	S0	0.67	0.021780		0.650	89.0
NGC 5192	Sa	0.30	0.036040		0.492	12.0
NGC 5193	E	1.89	0.012436		0.913	65.0
NGC 5193A	S0	0.53	0.011755		0.356	48.0
NGC 5195	SBa	4.36	0.001910		0.793	79.0
NGC 5196	E-S0	0.80	0.021570		0.920	165.0
NGC 5197	S0-a	0.19	0.021318		0.221	148.0
NGC 5198	E	1.68	0.008466		0.828	15.0
NGC 5199	S0	0.91	0.023700		0.717	130.0
NGC 52	Sbc	0.61	0.018049		0.270	126.0
NGC 520 NED01	Sa	1.61	0.007100		0.394	130.0
NGC 520 NED02	Sc	0.59	0.007621		0.378	120.0
NGC 5201	Sb	0.99	0.029090		0.627	127.0
NGC 5202	Sb	0.29	0.021470		0.433	178.0
NGC 5203	E-S0	1.05	0.022532		0.633	90.0
NGC 5204	Sm	2.82	0.000677		0.627	5.0
NGC 5205	SBbc	0.94	0.005824		0.595	168.0
NGC 5206	E-S0	2.81	0.001918		0.660	28.0
NGC 5207	Sb	0.88	0.025481		0.503	142.0
NGC 5208	S0	0.60	0.022690		0.355	161.0
NGC 5209	E	0.88	0.023380		0.704	111.0
NGC 521	Sbc	2.59	0.016902		0.935	145.0
NGC 5210	Sa	1.25	0.022810		0.828	12.0
NGC 5211	Sab	1.55	0.012350		0.775	30.0
NGC 5212	Sc	0.47	0.025270		0.922	90.0
NGC 5213	Sb	0.71			0.763	133.0
NGC 5214	Sc	0.83	0.027280		0.798	131.0
NGC 5215A	S0	0.35	0.012743		0.223	135.0
NGC 5215B	S0	0.88	0.013390		0.710	85.0
NGC 5216	E	1.10	0.009746		0.651	54.0
NGC 5217	E	0.53	0.026850		0.340	16.0
NGC 5218	SBb	1.21	0.009660		0.658	93.0
NGC 522	Sbc	0.31	0.009256		0.130	33.0
NGC 5220	Sa	1.21	0.013996		0.462	95.0
NGC 5221	SABb	0.77	0.023270		0.494	109.0
NGC 5222 NED01	E	1.00	0.023120		0.662	12.0
NGC 5222 NED02	Sab	0.59	0.022700		0.634	33.0
NGC 5223	E	1.42	0.024070		0.664	170.0
NGC 5224	E	0.76	0.022700		0.874	139.0
NGC 5225	E	0.73	0.015453		1.000	60.0
NGC 5226	E	0.26	0.024440		0.520	17.0
NGC 5227	Sb	1.29	0.017450		0.854	161.0
NGC 5228	E-S0	0.98	0.025760		0.852	20.0
NGC 5229	SBcd	0.63	0.001214		0.276	169.0
NGC 523	Sbc	0.71	0.016223		0.282	104.0
NGC 5230	SABc	1.48	0.022910		0.955	0.0
NGC 5231	SBa	0.76	0.021770		0.661	133.0
NGC 5232	S0-a	1.34	0.023335		0.779	65.0
NGC 5233	Sab	0.76	0.026390		0.521	80.0
NGC 5234	S0-a	0.87	0.012376		0.576	46.0
NGC 5235	SBb	0.57	0.021970		0.435	115.0
NGC 5237	E-S0	1.57	0.001245		0.671	111.0
NGC 5238	SABd	1.44			0.823	162.0
NGC 5239	Sbc	1.75	0.023410		0.972	150.0
NGC 524	S0-a	3.35	0.008106		0.994	55.0
NGC 5240	SBc	1.26	0.007463		0.689	57.0
NGC 5241	SBab	0.46	0.022277		0.438	50.0
NGC 5242				Nothing at this position on the POSS.		
NGC 5243	Sbc	0.45	0.013800		0.446	126.0
NGC 5244	Sbc	1.49	0.008466		0.671	18.0
NGC 5245	S0-a	0.21	0.023045		0.375	90.0
NGC 5246	SBb	0.65	0.023060		0.765	85.0
NGC 5247	SABb	4.26	0.004530		0.801	170.0
NGC 5248	SABb	2.38	0.003843		0.585	120.0
NGC 5249	S0	0.93	0.025870		0.624	176.0
NGC 525	S0	0.63	0.007158		0.420	7.0
NGC 5250	S0	0.85	0.015148		0.914	110.0
NGC 5251	S0-a	0.76	0.036560		0.844	54.0
NGC 5252	S0	0.75	0.022940		0.581	11.0
NGC 5253	SBm	2.12	0.001345		0.423	43.0
NGC 5254	Sc	1.44	0.007699		0.430	127.0
NGC 5255	Sa	0.40	0.023100		0.284	26.0
NGC 5256		0.83			0.874	
NGC 5256 NED01	Sbc	0.19	0.028566		0.864	117.0
NGC 5256 NED02	Sab	1.29	0.027390		0.872	9.0
NGC 5257	SABb	0.77	0.022670		0.520	85.0
NGC 5258	SBb	1.24	0.022630		0.838	178.0
NGC 5259 NED01	E	0.55			0.663	101.0
NGC 5259 NED02	E	0.69	0.061000		0.793	132.0
NGC 5260	Sc	1.60	0.021700		0.976	160.0
NGC 5261	Sa	0.45	0.023170		0.523	131.0
NGC 5262	E-S0	0.69	0.030374		0.566	177.0
NGC 5263	Sc	0.39	0.016228		0.342	26.0
NGC 5264	IB	2.20	0.001598		0.741	64.0
NGC 5265	SBc	0.85	0.019090		0.895	140.0
NGC 5266	S0	2.09	0.010042		0.716	98.0
NGC 5266A	SBc	1.69	0.009591		0.885	30.0
NGC 5267	SBb	0.55	0.019740		0.359	53.0
NGC 5269			-0.000123			
NGC 526A	S0	0.79	0.018970		0.465	110.0
NGC 526B	S0	0.45	0.018800		0.570	158.0
NGC 527	S0-a	0.43	0.019243		0.240	15.0
NGC 5270	SBb	0.76	0.023520		0.760	20.0
NGC 5271	SBa	0.67	0.037030		0.798	80.0
NGC 5273	S0	1.52	0.003420		0.658	6.0
NGC 5274	E	0.54	0.044280		0.900	111.0
NGC 5275	S0-a	0.67	0.042749		0.761	79.0
NGC 5276	Sb	0.60	0.018120		0.698	156.0
NGC 5277	Sbc	0.45	0.039721		0.776	119.0
NGC 5278	Sb	0.60	0.025970		0.789	73.0
NGC 5279	SBa	0.35	0.025663		0.574	24.0
NGC 527B	Sbc	0.27	0.018500		0.310	29.0
NGC 528	S0	1.04	0.016084		0.588	57.0
NGC 5280	E	0.81	0.036352		0.964	100.0
NGC 5281			-0.000053			
NGC 5282	E	0.62	0.040400		0.939	80.0
NGC 5283	S0	1.03	0.009573		0.866	132.0
NGC 5285	E	0.64	0.072120		0.831	61.0
NGC 5286			0.000208			
NGC 5287	E	0.45	0.061900		0.662	116.0
NGC 5288			-0.000079			
NGC 5289	SABa	0.70	0.008330		0.300	100.0
NGC 529	E-S0	1.96	0.016352		0.883	162.0
NGC 5290	Sbc	0.90	0.008500		0.278	95.0
NGC 5291	E-S0	1.24	0.014645		0.701	173.0
NGC 5292	Sab	1.33	0.014770		0.581	51.0
NGC 5293	Sc	1.07	0.019310		0.677	122.0
NGC 5294	I	0.65	0.006586		0.516	125.0
NGC 5295	E-S0	0.62	0.023130		0.984	70.0
NGC 5296	S0-a	0.55	0.007872		0.579	11.0
NGC 5297	Sc	0.91	0.008310		0.245	147.0
NGC 5298	SBb	0.87	0.014520		0.468	69.0
NGC 53	SBb	0.95	0.015284		0.617	178.0
NGC 530	S0-a	0.36	0.016692		0.202	133.0
NGC 5300	SABc	1.84	0.003910		0.650	147.0
NGC 5301	SBc	0.84	0.005026		0.212	150.0
NGC 5302	S0-a	0.59	0.011850		0.562	162.0
NGC 5303	Sb	0.44	0.004617		0.512	90.0
NGC 5304	E-S0	1.39	0.012399		0.728	140.0
NGC 5305	Sb	1.02	0.018950		0.699	26.0
NGC 5306	S0	1.24	0.024524		0.639	33.0
NGC 5307			0.000140			
NGC 5308	S0	0.57	0.006755		0.132	60.0
NGC 5309		0.56	0.039470	Identification as NGC 5309 is very uncertain.	0.889	125.0
NGC 531	S0-a	0.47	0.015667		0.266	33.0
NGC 5311	S0-a	1.66	0.008936		0.826	102.0
NGC 5312	S0-a	0.57	0.014300		0.523	39.0
NGC 5313	SABb	1.05	0.008539		0.580	42.0
NGC 5314	Sa	0.49	0.032000		0.516	86.0
NGC 5315			-0.000077			
NGC 5316			-0.000048			
NGC 5318	S0	1.12	0.014340		0.742	165.0
NGC 5319	Sbc	0.27	0.050450		0.415	68.0
NGC 532	Sab	0.94	0.007620		0.431	30.0
NGC 5320	SABc	0.92	0.008771		0.505	17.0
NGC 5321	S0-a	0.63	0.015440		0.708	49.0
NGC 5322	E	3.49	0.006081		0.621	95.0
NGC 5323	Sab	0.44	0.006635		0.419	164.0
NGC 5324	Sc	1.09	0.010188		0.491	15.0
NGC 5325	Sc	0.62	0.011340		0.721	108.0
NGC 5326	Sa	1.03	0.008529		0.472	136.0
NGC 5327	Sb	0.95	0.014500		0.590	93.0
NGC 5328	E	1.71	0.015794		0.557	78.0
NGC 5329	E	0.71	0.023710		0.480	170.0
NGC 533	E	2.41	0.018443		0.701	50.0
NGC 5330	E	0.93	0.016298		0.816	165.0
NGC 5331 NED01	SABb	0.58	0.033590		0.542	132.0
NGC 5331 NED02	Sb	0.29	0.033020		0.518	50.0
NGC 5332	E-S0	0.77	0.022420		0.726	55.0
NGC 5333	S0	1.09	0.009240		0.500	51.0
NGC 5334	Sc	2.44	0.004590		0.722	17.0
NGC 5335	Sb	1.32	0.015450		0.910	155.0
NGC 5336	SABc	0.92	0.007796		0.754	101.0
NGC 5337	SBab	0.80	0.007100		0.482	22.0
NGC 5338	S0	0.85	0.002690		0.438	98.0
NGC 5339	Sa	1.50	0.008990		0.824	85.0
NGC 534	S0	1.07	0.019417		0.899	110.0
NGC 5340	E	0.64	0.035990		0.762	85.0
NGC 5341	SBm	0.58	0.012170		0.542	159.0
NGC 5342	S0	0.30	0.007375		0.326	154.0
NGC 5343	E-S0	0.93	0.008768		0.756	78.0
NGC 5344	E	0.47			0.870	100.0
NGC 5345	Sa	0.91	0.024200		0.607	157.0
NGC 5346	SABc	0.64	0.008372		0.410	160.0
NGC 5347	Sab	1.19	0.007900		0.735	122.0
NGC 5348	SBbc	0.73	0.004800		0.188	175.0
NGC 5349	SBb	0.48	0.018800		0.300	81.0
NGC 535	S0-a	0.34	0.016351		0.351	57.0
NGC 5350	Sbc	1.66	0.008086		0.617	35.0
NGC 5351	SBb	1.31	0.012390		0.539	101.0
NGC 5352	E-S0	1.24	0.026540		0.873	92.0
NGC 5353	S0	1.18	0.007610		0.498	152.0
NGC 5354	S0	1.15	0.007730		0.380	174.0
NGC 5355	S0	0.72	0.007900		0.626	30.0
NGC 5356	Sbc	0.67	0.004590		0.237	16.0
NGC 5357	E	1.87	0.016351		0.858	24.0
NGC 5358	S0-a	0.38	0.008070		0.339	138.0
NGC 536	Sb	1.49	0.017322		0.510	67.0
NGC 5360	S0-a	0.62	0.003920	Identification as IC 0958 is not certain.	0.564	63.0
NGC 5361	S0-a	0.42	0.018740		0.553	64.0
NGC 5362	Sb	0.78	0.007308		0.413	87.0
NGC 5363	S0-a	2.75	0.003773		0.659	133.0
NGC 5364	Sbc	1.66	0.004143		0.437	45.0
NGC 5365	S0	2.14	0.008172		0.552	174.0
NGC 5365A	SBb	0.68	0.009158		0.239	94.0
NGC 5365B	Sab	0.42	0.008259		0.235	51.0
NGC 5366	S0-a	0.57	0.029690		0.712	43.0
NGC 5367		2.00			1.000	
NGC 5368	Sab	0.75	0.015330		0.758	19.0
NGC 5369	E	0.87	0.009960		0.806	110.0
NGC 5370	S0	1.29	0.010140		0.942	65.0
NGC 5371	Sbc	2.45	0.008500	Identification as NGC 5390 is not certain.	0.616	7.0
NGC 5372	E?	0.37	0.005630		0.536	137.0
NGC 5373	E-S0	0.52	0.039690		0.867	45.0
NGC 5374	SBbc	1.32	0.014480		0.815	45.0
NGC 5375	SBab	1.73	0.007913		0.739	179.0
NGC 5376	SABa	0.92	0.006895		0.622	66.0
NGC 5377	Sa	1.42	0.005954		0.390	34.0
NGC 5378	Sa	1.57	0.009960		0.773	73.0
NGC 5379	S0	0.72	0.005884		0.350	60.0
NGC 538	SBab	0.54	0.017756		0.391	36.0
NGC 5380	E-S0	0.99	0.010364		0.495	95.0
NGC 5381			-0.000129			
NGC 5382	S0	1.08	0.014370		0.745	24.0
NGC 5383	Sb	1.88	0.008142		0.758	98.0
NGC 5384	S0	0.74	0.016990		0.411	56.0
NGC 5386	S0-a	0.45	0.014317		0.459	47.0
NGC 5387	SBbc	0.37	0.017420		0.316	24.0
NGC 5388				Nothing at this position.		
NGC 5389	S0-a	0.71	0.006114		0.217	4.0
NGC 539	Sc	1.10	0.032528		0.833	175.0
NGC 5391	E	0.30	0.062870		0.588	38.0
NGC 5392	S0-a	0.74	0.024477		0.779	145.0
NGC 5393	SBa	0.62	0.020150		0.653	5.0
NGC 5394	SBb	1.07	0.011525		0.407	60.0
NGC 5395	SABb	1.16	0.011580		0.466	171.0
NGC 5397	E-S0	1.01	0.013746		0.623	65.0
NGC 5398	Sd	1.65	0.004077		0.598	174.0
NGC 5399	Sbc	0.32	0.012130		0.281	87.0
NGC 54	SBa	0.49	0.017699		0.363	93.0
NGC 540	S0	0.39	0.034287		0.476	5.0
NGC 5400	E-S0	1.25	0.024840		0.893	104.0
NGC 5401	SABa	0.31	0.012595		0.212	81.0
NGC 5402	SBc	0.28	0.010100		0.248	166.0
NGC 5403	SBb	0.89	0.009590		0.324	143.0
NGC 5405	Sc	0.76	0.023010		0.916	145.0
NGC 5406	Sbc	1.22	0.017680		0.722	115.0
NGC 5407	E	0.89	0.018000		0.650	97.0
NGC 5408	IB	1.53	0.001676		0.539	66.0
NGC 5409	SABb	1.00	0.020790		0.641	51.0
NGC 541	E	1.50	0.018110		0.694	69.0
NGC 5410	Sc	0.65	0.012430		0.565	63.0
NGC 5411	E-S0	0.79	0.019710		0.523	138.0
NGC 5412	E-S0	0.95	0.023800		0.812	22.0
NGC 5413	E	1.00	0.032076		0.775	27.0
NGC 5414	E?	0.66	0.014130		0.680	165.0
NGC 5415	E	0.63	0.029490		0.724	126.0
NGC 5416	Sc	0.73	0.020870		0.566	105.0
NGC 5417	Sa	0.84	0.016230		0.503	118.0
NGC 5418	SBb	0.41	0.015180		0.432	45.0
NGC 5419	E	2.95	0.013853		0.741	78.0
NGC 542	Sbc	0.23	0.015531		0.225	143.0
NGC 5420	Sb	0.70	0.016413		0.368	135.0
NGC 5421 NED01	Sc	0.68	0.026400		0.581	156.0
NGC 5421 NED02	S0	0.55	0.026600		0.550	168.0
NGC 5422	S0-a	0.59	0.006084		0.210	153.0
NGC 5423	E-S0	0.90	0.019720		0.588	75.0
NGC 5424	S0	1.18	0.019910		0.808	108.0
NGC 5425	Sc	0.44	0.006908		0.278	127.0
NGC 5426	Sc	1.21	0.008834		0.395	1.0
NGC 5427	SABc	3.27	0.009110		0.906	178.0
NGC 543	E-S0	0.37	0.017575		0.457	90.0
NGC 5430	SBb	1.46	0.010140		0.670	177.0
NGC 5431	SBbc	0.38	0.020010		0.422	83.0
NGC 5433	SBcd	0.36	0.014500		0.237	4.0
NGC 5434	Sc	1.39	0.015490		0.939	35.0
NGC 5436	S0-a	0.53	0.022390		0.427	124.0
NGC 5437	Sb	0.54	0.023430		0.505	1.0
NGC 5438	E	1.11	0.023166		0.941	70.0
NGC 5439	Sa	0.40	0.006303		0.315	10.0
NGC 544	E-S0	1.03	0.020034		0.701	173.0
NGC 5440	Sa	1.45	0.012422		0.511	48.0
NGC 5441	Sbc	0.38	0.044190		0.864	111.0
NGC 5442	SBb	0.56	0.028800		0.471	162.0
NGC 5443	Sb	0.57	0.006019		0.339	31.0
NGC 5444	E	1.94	0.013570		0.782	87.0
NGC 5445	S0	0.56	0.012989		0.359	26.0
NGC 5447			0.000507			
NGC 5448	Sa	1.95	0.006757		0.517	109.0
NGC 545	E-S0	1.95	0.017824		0.648	55.0
NGC 5451		0.31			0.596	58.0
NGC 5452	SABc	0.80	0.006891		0.640	110.0
NGC 5454	S0	0.79	0.025360		0.590	113.0
NGC 5455		0.49			0.778	178.0
NGC 5456	S0	1.10	0.023826		0.809	174.0
NGC 5459	S0	1.11	0.017320		0.874	7.0
NGC 546	SBb	0.60	0.021922		0.444	38.0
NGC 5460			-0.000015			
NGC 5461		0.98	0.000995		0.605	49.0
NGC 5462		0.11			0.846	80.0
NGC 5463	S0	0.45	0.023943		0.360	48.0
NGC 5464	SBm	0.73	0.009034		0.529	82.0
NGC 5466			0.000357			
NGC 5468	SABc	2.13	0.009526		0.934	155.0
NGC 5469	S0	0.78	0.023960	Identification as NGC 5469 is uncertain.	0.848	135.0
NGC 547	E	1.93	0.018390		0.629	103.0
NGC 5470	Sb	0.42	0.003412		0.162	62.0
NGC 5471		0.61			0.744	
NGC 5472	Sab	0.29	0.009502		0.199	29.0
NGC 5473	E-S0	1.54	0.006558		0.774	156.0
NGC 5474	Sc	1.57	0.000980		0.657	100.0
NGC 5475	Sa	0.58	0.005597		0.299	166.0
NGC 5476	SABd	1.31	0.008896		0.929	130.0
NGC 5477	Sm	0.78	0.001057		0.703	87.0
NGC 5478	Sbc	0.66	0.024950		0.680	22.0
NGC 5479	E	0.76	0.031860		0.817	20.0
NGC 548	E	0.74	0.018020		0.822	153.0
NGC 5480	Sc	1.28	0.006380		0.766	177.0
NGC 5481	E	1.22	0.006911		0.693	113.0
NGC 5482	S0	0.81	0.023710		0.692	88.0
NGC 5483	Sc	3.08	0.005921		0.901	16.0
NGC 5484	E	0.46	0.006791		0.979	5.0
NGC 5485	S0	1.75	0.006350		0.697	170.0
NGC 5486	SABm	0.82	0.004560		0.603	69.0
NGC 5487	SABb	0.52	0.024260		0.495	67.0
NGC 5488	SABb	0.73	0.014999		0.278	26.0
NGC 5489	Sa	1.28	0.009956		0.559	126.0
NGC 549	SBa	0.55	0.020477		0.932	100.0
NGC 5490	E	1.29	0.016575		0.777	2.0
NGC 5490C	SBbc	0.61	0.018860		0.813	34.0
NGC 5491	Sbc	0.75	0.019650		0.568	78.0
NGC 5492	Sb	0.38	0.007589		0.241	151.0
NGC 5493	S0	1.92	0.008903		0.885	125.0
NGC 5494	Sc	2.18	0.008715		0.936	50.0
NGC 5495	Sc	1.26	0.022456		0.829	44.0
NGC 5496	SBc	0.58	0.005174		0.216	176.0
NGC 5497	SBb	0.49	0.025708		0.817	62.0
NGC 5498	E-S0	0.84	0.032060		0.683	118.0
NGC 5499	S0-a	0.74	0.028100		0.661	143.0
NGC 55	SBm	3.05	0.000430		0.102	101.0
NGC 550	SBa	0.69	0.019560		0.379	120.0
NGC 5500	E	0.76	0.006370		0.826	136.0
NGC 5501	S0-a	0.65	0.025170		0.730	65.0
NGC 5502	S0	0.34	0.029400		0.540	81.0
NGC 5504	Sbc	1.03	0.017280		0.873	114.0
NGC 5504B	SBbc	0.38	0.017450		0.679	112.0
NGC 5504C	Sd	0.32	0.017520		0.395	78.0
NGC 5505	SBa	0.71	0.014220		0.798	127.0
NGC 5506	SABa	0.76	0.005890		0.264	89.0
NGC 5507	S0	0.79	0.006615		0.494	80.0
NGC 5508	S0	0.65	0.038020		0.663	135.0
NGC 5509	S0	0.74	0.028630		0.622	92.0
NGC 551	SBbc	0.59	0.017352		0.396	137.0
NGC 5510	SBm	0.65	0.004816		0.684	32.0
NGC 5511	E?	0.24	0.024520		0.353	166.0
NGC 5512	E	0.56	0.014460		0.836	74.0
NGC 5513	S0	1.09	0.016648		0.540	114.0
NGC 5514 NED01	Sbc	0.65	0.024630		0.565	97.0
NGC 5514 NED02	Sbc	0.74	0.024630		0.871	111.0
NGC 5515	Sab	0.64	0.025830		0.525	107.0
NGC 5516	E-S0	1.56	0.014880		0.653	162.0
NGC 5517	S0-a	0.71	0.027913		0.703	123.0
NGC 5518	E	1.09	0.015870		0.852	121.0
NGC 5519	SBa	1.08	0.024840	Identification as NGC 5570 is uncertain.	0.610	76.0
NGC 552				NGC identification is not certain.		
NGC 5520	Sb	0.80	0.006240		0.497	66.0
NGC 5521	Sbc	0.49	0.019280		0.803	40.0
NGC 5522	SBb	0.42	0.015270		0.225	50.0
NGC 5523	SABc	0.89	0.003482		0.436	92.0
NGC 5524				NGC identification is not certain.		
NGC 5525	S0	0.66	0.018450		0.545	21.0
NGC 5526	Sbc	0.30	0.006720		0.273	135.0
NGC 5527	Sb	0.69	0.027400		0.734	153.0
NGC 5528	Sbc	0.55	0.024360		0.556	17.0
NGC 5529	SABc	0.68	0.009626		0.117	114.0
NGC 553	S0	0.30	0.016865	NGC identification is not certain.	0.330	13.0
NGC 5530	SABb	2.18	0.004010		0.449	127.0
NGC 5531	S0	0.60			0.561	170.0
NGC 5532	S0	1.94	0.024710		0.829	144.0
NGC 5533	SABa	1.58	0.012820		0.552	28.0
NGC 5534	Sab	1.23	0.008802		0.904	65.0
NGC 5535	E	0.42	0.056800		0.636	15.0
NGC 5536	Sa	0.64	0.019490		0.771	11.0
NGC 5537	Sb	0.40	0.028820		0.426	32.0
NGC 5538	Sbc	0.31	0.023440		0.348	62.0
NGC 5539	S0	0.75	0.058510		0.652	35.0
NGC 5540	E	0.88	0.036590		0.800	17.0
NGC 5541	Sc	0.59	0.025680		0.641	31.0
NGC 5542	E	0.35	0.025790		0.583	164.0
NGC 5543	Sab	0.42	0.023943		0.532	140.0
NGC 5544	S0-a	0.96	0.010150		0.932	57.0
NGC 5545	Sbc	0.33	0.010400		0.340	59.0
NGC 5546	E	1.29	0.024610		0.822	22.0
NGC 5547		0.30	0.039067		0.405	61.0
NGC 5548	S0-a	1.05	0.016270		0.789	118.0
NGC 5549	S0	0.75	0.025590		0.490	119.0
NGC 554A	S0	1.04	0.031910		0.732	170.0
NGC 554B	S0	0.20			1.000	0.0
NGC 555	S0-a	0.69	0.034433		0.932	15.0
NGC 5550	SBb	0.81	0.024810		0.736	98.0
NGC 5551	E	0.59	0.025331		0.728	116.0
NGC 5552	Sbc	0.39	0.025626		0.429	172.0
NGC 5553	Sa	0.25	0.015191		0.217	87.0
NGC 5554	SBb	0.45	0.025090		0.692	38.0
NGC 5555	Sb	0.37	0.036886		0.607	113.0
NGC 5556	Scd	2.75	0.004634		0.797	145.0
NGC 5557	E	1.12	0.010764		0.491	97.0
NGC 5559	Sb	0.38	0.017170		0.290	65.0
NGC 556	E-S0	0.40	0.032510		0.889	144.0
NGC 5560	Sb	0.85	0.005838		0.246	109.0
NGC 5561	Sb	0.52	0.039750		0.800	161.0
NGC 5562	S0-a	0.74	0.030500		0.925	10.0
NGC 5563	E	0.45	0.023190		0.474	77.0
NGC 5565				Identification as NGC 5565 is uncertain.		
NGC 5566	SBab	2.08	0.005150		0.388	35.0
NGC 5567	E-S0	0.92	0.028366		0.868	53.0
NGC 5568	Sc	0.57	0.028220		0.770	117.0
NGC 5569	SABc	0.87	0.005922		0.784	56.0
NGC 557	S0-a	0.47	0.018706		0.324	136.0
NGC 5572	Sb	0.72	0.024750		0.809	178.0
NGC 5573	Sbc	0.37	0.024999		0.298	106.0
NGC 5574	E-S0	0.83	0.005378		0.629	61.0
NGC 5575	S0	0.75	0.025240		0.824	95.0
NGC 5576	E	1.87	0.005050		0.661	91.0
NGC 5577	Sbc	0.73	0.004983		0.255	61.0
NGC 5579	Sc	1.12	0.011990		0.752	177.0
NGC 558	E	0.26	0.016578		0.419	112.0
NGC 5580	S0	1.38	0.011010	Identification as NGC 5590 is not certain.	0.896	137.0
NGC 5581	E	0.48	0.015370		0.800	0.0
NGC 5582	E	1.40	0.004810		0.636	24.0
NGC 5583	E	0.64	0.016752		0.762	81.0
NGC 5584	SABc	2.34	0.005525		0.748	154.0
NGC 5585	SABc	2.62	0.001010		0.614	33.0
NGC 5586				Nothing at this position on the POSS.		
NGC 5587	S0-a	0.67	0.007640		0.315	162.0
NGC 5588	Sa	0.80	0.011360	Identification as NGC 5588 is not certain.	0.842	58.0
NGC 559			-0.000258			
NGC 5591 NED01	Sc	0.48	0.025480		0.565	79.0
NGC 5591 NED02	Sc	0.25	0.025824		0.245	64.0
NGC 5592	Sbc	0.75	0.014500		0.460	88.0
NGC 5594	E	0.70	0.037240		0.476	152.0
NGC 5595	SABc	1.01	0.009016		0.476	54.0
NGC 5596	S0	0.72	0.010610		0.692	95.0
NGC 5597	Sc	1.55	0.009000		0.775	65.0
NGC 5598	S0	0.99	0.018110		0.639	51.0
NGC 5599	Sb	0.51	0.024070		0.381	158.0
NGC 56				Nothing at this position.		
NGC 560	S0	0.44	0.018289		0.211	178.0
NGC 5600	SABc	1.57	0.007580		0.981	135.0
NGC 5601	Sa	0.33	0.017490		0.398	4.0
NGC 5602	Sa	0.68	0.007415		0.519	167.0
NGC 5603	S0	1.04	0.018570		0.937	90.0
NGC 5604	SABa	0.92	0.009199		0.511	6.0
NGC 5605	SABc	1.23	0.011281		0.820	66.0
NGC 5606			-0.000125			
NGC 5607	Sab	0.73	0.025384		0.839	71.0
NGC 5608	IB	0.74	0.002198		0.446	98.0
NGC 5609	E	0.39	0.100580		0.813	116.0
NGC 561	Sa	1.28	0.015330		0.914	145.0
NGC 5610	SBab	0.60	0.016890		0.347	105.0
NGC 5611	S0	0.59	0.006304		0.434	65.0
NGC 5612	Sab	1.15	0.009220		0.593	64.0
NGC 5613	S0-a	0.37	0.028300		0.661	30.0
NGC 5614	Sab	2.00	0.012970		0.823	150.0
NGC 5615		0.16	0.013274		1.000	162.0
NGC 5616	SBbc	0.41	0.027990		0.192	158.0
NGC 5617			-0.000116			
NGC 5618	SBc	0.78	0.023800		0.538	4.0
NGC 5619	Sb	0.93	0.027880		0.406	12.0
NGC 5619B	Sbc	0.44	0.026850		0.419	121.0
NGC 562	Sc	0.86	0.034224		0.945	40.0
NGC 5622	Sb	0.76	0.012920		0.567	86.0
NGC 5623	E	1.08	0.011318		0.655	17.0
NGC 5624	I	0.68	0.006428		0.667	7.0
NGC 5625 NED01	Sbc	0.28			0.583	144.0
NGC 5625 NED02	Sc	0.78	0.025300		0.780	67.0
NGC 5626	S0-a	1.05	0.022929		0.766	102.0
NGC 5627	S0	0.78	0.026919		0.609	121.0
NGC 5628	E	0.63	0.019040		0.649	173.0
NGC 5629	S0	1.58	0.015097		0.924	110.0
NGC 5630	SBd	0.52	0.008920		0.351	96.0
NGC 5631	S0	1.95	0.006608		1.000	140.0
NGC 5633	Sb	0.72	0.007740		0.661	11.0
NGC 5634			-0.000054			
NGC 5635	Sb	1.00	0.014397		0.382	64.0
NGC 5636	S0-a	0.89	0.005530		0.654	56.0
NGC 5637	Sb	0.44	0.017365		0.524	7.0
NGC 5638	E	1.71	0.005554		0.881	154.0
NGC 5639	Sc	0.81	0.011882		0.643	108.0
NGC 564	E	1.20	0.019203		0.698	141.0
NGC 5640		0.47	0.047390		0.603	22.0
NGC 5641	Sab	1.03	0.014400		0.498	160.0
NGC 5642	E	1.13	0.014443		0.638	126.0
NGC 5643	Sc	4.60	0.003990		0.873	88.0
NGC 5644	S0	1.14	0.025550		0.919	150.0
NGC 5645	SBcd	1.09	0.004557		0.540	85.0
NGC 5646	Sb	0.45	0.028660		0.378	79.0
NGC 5647	SABa	0.24	0.024753		0.235	0.0
NGC 5648	Sb	0.63	0.017160		0.818	175.0
NGC 565	Sa	0.41	0.014910		0.281	35.0
NGC 5650	Sbc	0.24	0.024910		0.229	114.0
NGC 5653	Sb	1.33	0.011905		0.831	120.0
NGC 5654	S0-a	0.73	0.029072		0.584	133.0
NGC 5655	SBc	0.47	0.017290		0.644	152.0
NGC 5656	Sab	0.89	0.010490		0.706	57.0
NGC 5657	Sb	0.71	0.013250		0.406	168.0
NGC 5659	SBb	0.51	0.014957		0.285	45.0
NGC 566	S0	0.32	0.018086		0.264	179.0
NGC 5660	SABc	2.43	0.007742		0.920	30.0
NGC 5661	Sb	0.61	0.007890		0.535	22.0
NGC 5662			-0.000071			
NGC 5663	E-S0	0.87	0.022792		0.946	60.0
NGC 5664	Sa	0.39	0.015090		0.459	27.0
NGC 5665	Sc	1.17	0.007400		0.622	150.0
NGC 5666	S0	0.75	0.007410		0.773	150.0
NGC 5667	Sc	0.82	0.006600		0.506	170.0
NGC 5668	Scd	1.61			0.843	107.0
NGC 5669	Sc	1.46	0.004650		0.568	54.0
NGC 567	S0	0.45	0.023330		0.372	127.0
NGC 5670	S0	1.18	0.009663		0.456	67.0
NGC 5671	Sb	1.02	0.030017		0.723	62.0
NGC 5672	Sb	0.75	0.011800		0.824	49.0
NGC 5673	Sc	0.45	0.006978		0.193	134.0
NGC 5674	Sc	0.30	0.024997		0.261	6.0
NGC 5675	SBab	0.72	0.013250		0.317	135.0
NGC 5676	Sc	1.61	0.007030		0.448	46.0
NGC 5677	SBbc	0.70	0.016111		0.745	136.0
NGC 5678	SABb	1.55	0.006336		0.524	2.0
NGC 5679A	Sc	0.47	0.024870		0.603	133.0
NGC 5679B	Sb	0.62	0.028820		0.574	124.0
NGC 5679C	Scd	0.18			0.667	11.0
NGC 568	E-S0	1.24	0.018823		0.608	137.0
NGC 5680	E-S0	0.67	0.029470		0.698	21.0
NGC 5681	Sbc	0.61	0.026480		0.709	2.0
NGC 5682	Sb	0.24			0.369	136.0
NGC 5683	S0-a	0.49	0.036640		0.860	95.0
NGC 5684	S0	1.12	0.013650		0.794	101.0
NGC 5685	E	0.94	0.034650		0.895	20.0
NGC 5686	SBa	0.73	0.013890		0.948	80.0
NGC 5687	E-S0	1.37	0.007228		0.568	103.0
NGC 5688	Sc	1.91	0.009364		0.462	86.0
NGC 5689	S0-a	0.91	0.007218		0.249	86.0
NGC 569	Sbc	0.48	0.019887		0.485	163.0
NGC 5690	Sc	0.99	0.005630		0.309	145.0
NGC 5691	Sa	1.40	0.006304		0.753	101.0
NGC 5692	Sbc	0.60	0.005360		0.632	36.0
NGC 5693	Scd	1.07	0.007631		0.682	50.0
NGC 5694			-0.000465			
NGC 5695	SBab	0.49	0.014150		0.495	139.0
NGC 5696	SBbc	0.84	0.018200		0.694	42.0
NGC 5697	Sc	0.64	0.018120		0.640	26.0
NGC 5698	Sb	0.74	0.012110		0.428	61.0
NGC 5699	E	0.56	0.073435		0.918	40.0
NGC 57	E	1.60	0.018113		0.758	47.0
NGC 570	Sa	1.09	0.018440		0.673	166.0
NGC 5700	SBb	0.55	0.007252		0.556	37.0
NGC 5701	S0-a	1.60	0.005017		0.800	4.0
NGC 5702	S0	0.91	0.018130		0.765	137.0
NGC 5703	Sa	0.44	0.012390		0.291	103.0
NGC 5704	Scd	0.57	0.009040	Identification as NGC 5704 is not certain.	0.365	177.0
NGC 5705	SBcd	0.60	0.005900		0.444	77.0
NGC 5707	Sab	0.60	0.007402		0.252	33.0
NGC 571	Sbc	0.66	0.015537		0.930	150.0
NGC 5710	E	1.03	0.030170		0.725	174.0
NGC 5711	SBa	0.46	0.030210		0.447	71.0
NGC 5712	E	0.68	0.022660		0.944	110.0
NGC 5713	SABb	1.70	0.005896		0.688	11.0
NGC 5714	SBc	0.50	0.007460		0.176	82.0
NGC 5715			-0.000087			
NGC 5716	SBc	1.19	0.014000		0.758	89.0
NGC 5717	S0-a	0.63	0.036892		0.618	33.0
NGC 5718	E-S0	1.09	0.027370		0.708	96.0
NGC 5719	SABa	1.29	0.006048		0.419	99.0
NGC 572	S0-a	0.84	0.030791		0.944	170.0
NGC 5720	SBb	1.23	0.026102		0.647	132.0
NGC 5721	E	0.28	0.036270		0.800	147.0
NGC 5722	E-S0	0.63	0.035860		0.875	114.0
NGC 5723	E	0.23	0.036360		0.359	0.0
NGC 5725	SBcd	0.57	0.005430		0.600	31.0
NGC 5726	E-S0	0.93	0.011541		0.775	151.0
NGC 5727	SABd	0.31	0.005000		0.397	141.0
NGC 5728	Sa	1.87	0.009467		0.584	15.0
NGC 5729	Sb	0.62	0.006099		0.251	175.0
NGC 573	Sab	0.33	0.009300		0.846	120.0
NGC 5730	Sm	0.38	0.008430		0.189	89.0
NGC 5731	Sc	0.37	0.008390	The IC identification is uncertain.	0.247	115.0
NGC 5732	Sbc	0.65	0.012590		0.528	42.0
NGC 5733	Sc	0.34	0.005650		0.343	29.0
NGC 5734	S0	0.92	0.013656		0.657	45.0
NGC 5735	Sbc	1.47	0.012420		0.735	51.0
NGC 5736	S0-a	0.62	0.028110		0.646	97.0
NGC 5737	Sb	0.78	0.031740		0.684	177.0
NGC 5738	S0	0.48	0.005750		0.511	71.0
NGC 5739	S0-a	1.26	0.018459		0.720	44.0
NGC 574	SBb	0.83	0.019147		0.722	24.0
NGC 5740	Sb	1.34	0.005268		0.496	165.0
NGC 5741	E	0.99	0.026485		0.943	145.0
NGC 5742	S0	0.87	0.013429		0.744	72.0
NGC 5743	Sb	0.47	0.013790		0.364	92.0
NGC 5744	Sa	0.69	0.008896	NGC identification is not certain.	0.657	97.0
NGC 5745	Sa	0.81			0.500	79.0
NGC 5746	Sb	1.08	0.005750		0.149	172.0
NGC 5747 NED01	SBa	0.20	0.029060		0.465	161.0
NGC 5747 NED02	SBbc	0.78	0.030117		0.780	174.0
NGC 5748	Sb	0.63	0.041020		0.656	150.0
NGC 5749			-0.000060			
NGC 575	Sc	1.35	0.010504		0.931	5.0
NGC 5750	S0-a	1.37	0.005540		0.517	70.0
NGC 5751	SBc	0.68	0.010970		0.523	53.0
NGC 5752	SABb	0.24	0.015150		0.312	122.0
NGC 5753	Sab	0.43	0.059700		0.796	156.0
NGC 5754	SBb	1.10	0.014490		0.859	96.0
NGC 5755	SBcd	0.31	0.032090		0.674	103.0
NGC 5756	Sbc	1.13	0.007138	HOLM 676B does not exist (it is probably a plate defect).	0.383	52.0
NGC 5757	Sb	1.39	0.009189		0.665	178.0
NGC 5758	E-S0	0.81	0.030390		0.730	84.0
NGC 5759	Scd	0.51			0.464	138.0
NGC 576	S0-a	0.81	0.010563		0.818	110.0
NGC 5760	Sa	0.65	0.019940		0.414	95.0
NGC 5761	S0	1.41	0.013616	NGC identification is not certain.	0.788	85.0
NGC 5762	Sab	0.97	0.005940		0.724	141.0
NGC 5763	E	0.55	0.047450		0.859	90.0
NGC 5764			-0.000108			
NGC 5765A	Sc	0.35			0.437	96.0
NGC 5765B	SABb	0.56	0.027540		0.691	144.0
NGC 5766	Sbc	0.63	0.011208		0.656	145.0
NGC 5767	Sab	0.68	0.025951		0.716	160.0
NGC 5768	SABc	0.97	0.006457		0.758	111.0
NGC 5769	E	0.79	0.035520		0.806	102.0
NGC 577	Sa	1.28	0.019927		0.883	130.0
NGC 5770	S0	0.90	0.004857		0.818	105.0
NGC 5771	E	0.75	0.022913		0.872	168.0
NGC 5772	Sb	0.52	0.016244		0.377	32.0
NGC 5773	Sa	0.89	0.023246		1.000	30.0
NGC 5774	Scd	1.06	0.005217		0.624	123.0
NGC 5775	SBc	0.85	0.005670		0.230	148.0
NGC 5776	E	0.80	0.027240		0.661	121.0
NGC 5777	Sb	0.42	0.007150		0.142	145.0
NGC 5778	E	0.79	0.059210		0.642	11.0
NGC 5779	S0	0.69	0.037960		0.945	50.0
NGC 578	Sc	2.92	0.005439		0.606	114.0
NGC 5780	Sab	0.45	0.022860		0.652	124.0
NGC 5781	SBb	0.70	0.006381		0.543	20.0
NGC 5782	S0	0.84	0.031680		0.884	153.0
NGC 5783	Sc	1.49	0.007920		0.608	176.0
NGC 5784	S0	1.36	0.018126		0.919	65.0
NGC 5786	Sbc	1.32	0.010060		0.550	79.0
NGC 5787	S0-a	1.04	0.018300		0.904	85.0
NGC 5788	SBab	0.59	0.036890		0.808	33.0
NGC 5789	SBd	1.03	0.006017		0.896	92.0
NGC 579	Sc	0.85	0.016655		0.787	160.0
NGC 5790	S0-a	0.78	0.036940		0.661	73.0
NGC 5791	E	1.43	0.011048		0.528	172.0
NGC 5792	Sb	1.38	0.006433		0.389	88.0
NGC 5793	Sb	0.65	0.011535		0.335	148.0
NGC 5794	S0-a	0.91	0.013970		0.850	143.0
NGC 5795	Sc	0.33	0.007650		0.423	63.0
NGC 5796	E	2.18	0.009500		0.823	90.0
NGC 5797	S0-a	1.01	0.013306		0.639	108.0
NGC 5798	I	0.83	0.005974		0.669	46.0
NGC 5799	S0-a	1.09	0.010310		0.908	135.0
NGC 5801	Sb	0.53	0.027287		0.746	40.0
NGC 5802	S0	0.81	0.025465		0.628	101.0
NGC 5803	E-S0	0.50	0.025735		0.746	111.0
NGC 5804	SBb	1.05	0.013410		0.897	5.0
NGC 5805 NED01	E	0.41	0.065072		0.621	148.0
NGC 5805 NED02	E	0.38			1.000	166.0
NGC 5806	Sb	1.63	0.004500		0.538	172.0
NGC 5807	E	0.65	0.028346		0.833	83.0
NGC 5808	Sbc	0.78	0.024203		0.821	88.0
NGC 5809	S0-a	0.60	0.009469		0.364	150.0
NGC 5810	SBb	0.52	0.010994		0.531	17.0
NGC 5811	SBm	0.91			0.892	96.0
NGC 5812	E	2.29	0.006568		0.861	73.0
NGC 5813	E	2.70	0.006411		0.654	143.0
NGC 5814	Sab	0.56	0.035130		0.683	40.0
NGC 5815	Sb	0.26	0.009979		0.333	5.0
NGC 5816	S0-a	0.66	0.023480	NGC identification is not certain.	0.695	103.0
NGC 5817	S0	0.85	0.024130	NGC identification is not certain.	0.817	15.0
NGC 5818	S0	0.77	0.026231		0.778	152.0
NGC 582	SBb	0.49	0.014513		0.237	58.0
NGC 5820	S0	1.13	0.010904		0.681	94.0
NGC 5821	Sc	0.79	0.011302		0.530	146.0
NGC 5822			-0.000099			
NGC 5823			-0.000066			
NGC 5824			-0.000084			
NGC 5826	S0	1.04	0.002970		0.748	26.0
NGC 5827	Sb	0.75	0.022039		0.721	131.0
NGC 5828	SBc	0.29	0.013540		0.345	46.0
NGC 5829	Sc	1.08	0.018970		0.761	41.0
NGC 583	S0	0.66	0.023506		0.917	30.0
NGC 5830	Sb	0.48	0.028210		0.533	172.0
NGC 5831	E	1.98	0.005561		0.884	130.0
NGC 5832	Sb	0.78	0.001494		0.419	42.0
NGC 5833	SBbc	0.98	0.010157		0.316	129.0
NGC 5835	SABa	0.78	0.026993		0.690	163.0
NGC 5836	Sb	0.93	0.023900		0.802	38.0
NGC 5837	Sb	0.62	0.028870		0.620	23.0
NGC 5838	E-S0	1.29	0.004556		0.334	40.0
NGC 5839	S0	1.29	0.004086		0.896	103.0
NGC 584	E	2.51	0.006134		0.664	104.0
NGC 5840				Nothing at this position.		
NGC 5841	S0-a	0.49	0.004190		0.412	150.0
NGC 5842	Sbc	0.50	0.034670		0.962	50.0
NGC 5843	SBb	1.24	0.013853		0.633	68.0
NGC 5844			0.000200			
NGC 5845	E	0.71	0.005110		0.710	152.0
NGC 5846	E	4.05	0.005720		0.948	35.0
NGC 5846A	E	2.22	0.007122		0.703	112.0
NGC 5847	Sb	0.47	0.037400		0.671	153.0
NGC 5849	S0	0.78	0.023850		0.743	35.0
NGC 585	SBa	0.48	0.018060		0.200	86.0
NGC 5850	Sb	2.37	0.008520		0.707	119.0
NGC 5851	Sc	0.38	0.021570		0.355	44.0
NGC 5852	S0-a	0.71	0.022270		0.645	127.0
NGC 5853	SBbc	0.65	0.029760		0.591	140.0
NGC 5854	S0-a	0.71	0.005631		0.235	55.0
NGC 5855	E	0.61	0.036037		0.735	62.0
NGC 5857	SBab	0.57	0.016130		0.500	137.0
NGC 5858	E	1.19	0.007032		0.551	140.0
NGC 5859	SBbc	0.63	0.015880		0.247	134.0
NGC 586	Sa	0.78	0.006454		0.484	179.0
NGC 5860 NED01	E	0.95	0.018280		0.888	79.0
NGC 5860 NED02	E-S0	0.28			1.000	25.0
NGC 5861	SABc	1.11	0.006303		0.399	149.0
NGC 5862	E	0.51	0.029220		0.662	35.0
NGC 5863	SABa	1.16	0.014150		0.800	27.0
NGC 5864	S0	0.77	0.006058		0.309	67.0
NGC 5865	E-S0	1.03	0.039074		0.824	165.0
NGC 5866	S0-a	2.72	0.002528		0.431	126.0
NGC 5866B	SABd	1.66	0.002809		0.712	16.0
NGC 5867	Sb	0.36			0.818	58.0
NGC 5869	S0	1.39	0.006980		0.641	114.0
NGC 587	SABb	0.66	0.015197		0.296	68.0
NGC 5871				NGC identification is not certain.		
NGC 5872	S0	0.96	0.024947		0.542	10.0
NGC 5873			-0.000435			
NGC 5874	SABc	1.56	0.010460		0.655	51.0
NGC 5875	Sb	1.08	0.011700		0.446	143.0
NGC 5876	SBab	1.16	0.010850		0.472	48.0
NGC 5878	Sb	1.21	0.006645		0.370	6.0
NGC 5879	Sbc	1.42	0.002540		0.375	1.0
NGC 588		0.43			0.717	
NGC 5880	E	0.67	0.025205		0.770	145.0
NGC 5881	Sbc	0.58	0.021892		0.716	61.0
NGC 5882			0.000026			
NGC 5883	S0	0.85	0.025205		0.659	122.0
NGC 5885	SABc	2.59	0.006701		0.844	58.0
NGC 5886	E-S0	0.60	0.027840		0.698	92.0
NGC 5887	S0-a	1.08	0.029310		0.783	166.0
NGC 5888	Sbc	0.81	0.029050		0.609	157.0
NGC 5889	Sbc	0.27	0.043040		0.386	40.0
NGC 589	S0-a	0.65	0.017492		0.855	87.0
NGC 5890	S0-a	1.08	0.006831		0.692	85.0
NGC 5891	Sbc	0.54	0.010544		0.651	140.0
NGC 5892	SABc	2.39	0.007639		0.784	165.0
NGC 5893	SBb	0.97	0.017949		0.924	20.0
NGC 5894	Scd	0.47	0.008220		0.158	14.0
NGC 5895	Sc	0.23	0.017860		0.264	23.0
NGC 5896	Sc	0.26	0.065610		0.897	65.0
NGC 5897			0.000338			
NGC 5898	E	2.37	0.007262		0.891	51.0
NGC 5899	Sc	0.85	0.008800		0.405	21.0
NGC 59	E-S0	1.24	0.001224		0.521	121.0
NGC 590	SBa	0.77	0.016732		0.362	147.0
NGC 5900	Sb	0.54	0.008539		0.362	130.0
NGC 5902	S0-a	1.11	0.036920		0.881	100.0
NGC 5903	E	2.23	0.008379		0.743	164.0
NGC 5905	Sb	2.60	0.011240		0.807	131.0
NGC 5907	SABc	1.75	0.002225		0.155	156.0
NGC 5908	SBb	1.61	0.011168		0.478	153.0
NGC 5909	Sbc	0.56	0.023523		0.560	53.0
NGC 591	S0-a	1.14	0.015124		0.797	0.0
NGC 5910 NED01	E	0.56	0.039910		0.757	119.0
NGC 5910 NED02	E	0.47	0.040420		0.409	110.0
NGC 5910 NED03	E-S0	0.36	0.041787		0.655	121.0
NGC 5911	E-S0	0.69	0.036752		0.633	44.0
NGC 5912	E-S0	0.91	0.024137		0.875	100.0
NGC 5913	Sa	0.75	0.006720		0.405	173.0
NGC 5914	Sab	0.36	0.019500		0.391	156.0
NGC 5914B	Sbc	0.43			0.860	26.0
NGC 5915	SBb	1.23	0.007650		0.737	125.0
NGC 5916	SBa	0.70	0.007492		0.227	21.0
NGC 5916A	SBc	0.44	0.007675		0.319	145.0
NGC 5917	Sb	1.05	0.006472		0.625	90.0
NGC 5918	Sc	0.84	0.017170		0.418	85.0
NGC 5919	E	0.59	0.046290		0.590	103.0
NGC 5920	S0	0.70	0.044200		0.547	100.0
NGC 5921	Sbc	2.03	0.004700		0.672	137.0
NGC 5923	SABb	1.22	0.018650		0.917	45.0
NGC 5924	SBa	0.33	0.031300		0.508	16.0
NGC 5925			-0.000069			
NGC 5926	Sbc	0.91	0.020889		1.000	20.0
NGC 5927			-0.000347			
NGC 5928	S0	1.08	0.014804		0.659	103.0
NGC 5929	Sa	0.83	0.008506		0.922	45.0
NGC 593	S0-a	0.27	0.017300		0.307	12.0
NGC 5930	SABa	0.79	0.008780		0.427	173.0
NGC 5931	S0	0.93	0.043680		0.589	40.0
NGC 5932	E	1.06	0.038040		0.964	160.0
NGC 5933	E	0.59	0.036230		0.720	26.0
NGC 5934	SBa	0.29	0.018560		0.475	5.0
NGC 5935	SBa	0.40	0.017780		0.471	37.0
NGC 5936	SBb	1.12	0.013510		0.949	60.0
NGC 5937	SABb	1.08	0.009346		0.571	175.0
NGC 5938	SBbc	1.59	0.011745		0.688	15.0
NGC 5939	SABc	0.43	0.022229		0.524	33.0
NGC 594	Sbc	0.65	0.018228		0.524	28.0
NGC 5940	Sab	0.74	0.033690		0.949	170.0
NGC 5941	E	0.71	0.033939	NGC identification is not certain.	0.789	55.0
NGC 5942	E	0.67	0.036224		0.944	80.0
NGC 5943	S0	1.11	0.019280		0.895	170.0
NGC 5944	Sb	0.21	0.034118		0.244	112.0
NGC 5945	Sab	0.72	0.018320		0.434	20.0
NGC 5946			0.000458			
NGC 5947	SBbc	0.82	0.019800		0.701	45.0
NGC 5949	Sbc	0.76	0.001414		0.413	148.0
NGC 595		0.90			0.520	
NGC 5950	SBb	0.63	0.008696		0.504	38.0
NGC 5951	SBc	0.66	0.005937		0.218	4.0
NGC 5952	E	0.43	0.038990		0.768	131.0
NGC 5953	S0-a	1.12	0.006660		0.762	50.0
NGC 5954	SABc	0.48	0.006556		0.471	19.0
NGC 5955	Sb	0.50	0.032980		0.694	31.0
NGC 5956	SBc	1.49	0.006350		1.000	30.0
NGC 5957	Sb	2.34	0.006050		0.959	95.0
NGC 5958	SABc	1.00	0.006741		0.935	175.0
NGC 5959	E	1.44	0.024140		0.689	1.0
NGC 596	E	1.58	0.006211		0.738	36.0
NGC 5960	Sab	0.71	0.039620		0.807	99.0
NGC 5961	Sb	0.33	0.005850		0.407	103.0
NGC 5962	Sc	1.61	0.006555		0.649	108.0
NGC 5963	SABb	2.47	0.002188		0.787	58.0
NGC 5964	SBcd	2.56			0.749	147.0
NGC 5965	SABb	0.78	0.011270		0.154	52.0
NGC 5966	E	0.98	0.015110		0.641	88.0
NGC 5967	Sc	1.55	0.009691		0.654	90.0
NGC 5967A	Sc	1.14	0.009300		0.760	36.0
NGC 5968	SABb	2.13	0.018408		0.930	20.0
NGC 5969	E	0.65	0.039440		0.823	160.0
NGC 597	SBbc	1.21	0.017037		0.924	45.0
NGC 5970	SBc	1.91	0.006610		0.690	88.0
NGC 5971	Sa	0.53	0.011210		0.424	132.0
NGC 5972	S0-a	0.57	0.029640		0.814	10.0
NGC 5973	S0-a	0.26	0.012118		0.283	138.0
NGC 5974	Scd	0.33	0.006720		0.569	111.0
NGC 5975	Sbc	0.24	0.014640	HOLM 718B does not exist (it is probably a plate defect).	0.258	171.0
NGC 5976	S0	0.33			0.337	125.0
NGC 5977	S0	0.82	0.026960		0.901	80.0
NGC 5978	Sa	0.74	0.024357		0.914	135.0
NGC 5979			0.000077			
NGC 5980	Sbc	0.52	0.013629		0.319	14.0
NGC 5981	SBbc	0.37			0.136	139.0
NGC 5982	E	2.00	0.009660		0.651	110.0
NGC 5983	E	0.92	0.041150		0.948	55.0
NGC 5984	Sc	0.57	0.003699		0.230	144.0
NGC 5985	Sb	2.01	0.008372		0.505	15.0
NGC 5986			0.000338			
NGC 5987	Sb	1.32	0.010040		0.344	60.0
NGC 5988	Sc	0.77	0.035260		0.688	110.0
NGC 5989	Sc	0.82	0.009570		0.932	130.0
NGC 599	E-S0	1.16	0.018253		0.758	128.0
NGC 5990	SABa	0.95	0.012560		0.597	107.0
NGC 5991	E	0.78	0.022669		0.780	129.0
NGC 5992	SBb	0.47	0.031785		0.681	156.0
NGC 5993	Sb	0.60	0.031969		0.632	140.0
NGC 5994	SBbc	0.30	0.011280		0.500	93.0
NGC 5995	SABa	0.79	0.025350		0.775	147.0
NGC 5996	SBbc	0.68	0.011291		0.453	1.0
NGC 5997	E	0.30	0.041270		0.441	87.0
NGC 5999			-0.000103			
NGC 6	E-S0	1.34	0.016601		0.775	141.0
NGC 60	Sc	0.66	0.039400		0.641	29.0
NGC 600	Scd	2.56	0.006178		0.973	25.0
NGC 6000	SBbc	1.66	0.007354		0.869	159.0
NGC 6001	SABc	0.95	0.033260		0.896	163.0
NGC 6002				NGC identification is not certain.		
NGC 6003	S0	0.87	0.013523		0.897	101.0
NGC 6004	Sc	1.49	0.012720		0.788	95.0
NGC 6005			-0.000083			
NGC 6006	S0-a	0.42	0.034940		0.592	157.0
NGC 6007	SABc	1.19	0.035120		0.768	53.0
NGC 6008	Sb	0.89	0.016210		0.767	94.0
NGC 6009	S0-a	0.26	0.034970		0.394	167.0
NGC 601		0.38	0.018749		0.950	25.0
NGC 6010	S0-a	0.40	0.006685		0.220	100.0
NGC 6011	Sb	0.48	0.025600		0.271	108.0
NGC 6012	SBab	1.27	0.006000		0.718	164.0
NGC 6013	SBb	0.76	0.015260		0.528	174.0
NGC 6014	S0	1.42	0.008026		0.811	20.0
NGC 6015	Sc	2.57	0.002779		0.442	28.0
NGC 6016	SABc	0.48	0.021660		0.490	25.0
NGC 6017	E	0.75	0.005957		0.938	140.0
NGC 6018	S0-a	0.62	0.017460		0.470	67.0
NGC 6019		0.39			0.907	135.0
NGC 602		2.90			0.906	90.0
NGC 6020	E	1.10	0.014523		0.632	136.0
NGC 6021	E	0.91	0.015607		0.587	158.0
NGC 6022	SBbc	0.57	0.035400		0.712	62.0
NGC 6023	E	1.16	0.037010		0.720	67.0
NGC 6024	E	0.73	0.030280		0.745	130.0
NGC 6025			-0.000026			
NGC 6026			-0.000290			
NGC 6027	S0-a	1.02	0.014660		0.622	18.0
NGC 6027A	S0-a	1.73	0.013990		0.966	75.0
NGC 6027B	S0	0.41	0.013927		0.451	
NGC 6027C	SBc	0.22	0.015250		0.200	174.0
NGC 6027D	Scd	0.26	0.068411		0.867	110.0
NGC 6027E	S0-a	1.29	0.014660		0.566	81.0
NGC 6028	S0-a	1.18	0.014930		0.901	54.0
NGC 6029	S0-a	0.45	0.034550		0.562	14.0
NGC 6030	S0	0.94	0.014710		0.729	43.0
NGC 6031			-0.000021			
NGC 6032	Sb	0.51	0.014373		0.614	1.0
NGC 6033	Sbc	0.91	0.030945		0.910	144.0
NGC 6034	E	0.83	0.034020		0.722	64.0
NGC 6035	Sc	0.85	0.007445		0.876	137.0
NGC 6036	S0-a	0.39	0.018540		0.375	146.0
NGC 6037	S0-a	0.67	0.019373		0.893	64.0
NGC 6038	Sc	1.05	0.031260		0.868	63.0
NGC 6039	E-S0	0.81	0.035610		0.810	46.0
NGC 604		1.20			0.622	
NGC 6040	SABc	0.44			0.312	47.0
NGC 6041	E-S0	1.17			0.791	44.0
NGC 6043	E-S0	0.50			0.676	35.0
NGC 6044	S0	0.60	0.033190		0.923	150.0
NGC 6045	Sc	0.32	0.033420		0.229	78.0
NGC 6047	E	0.73	0.031260		0.619	117.0
NGC 6048	E	1.32	0.025880		0.677	137.0
NGC 6049			-0.000068			
NGC 605	S0	0.56	0.017012		0.424	148.0
NGC 6050	Sc	0.57	0.031930		0.663	114.0
NGC 6050B	Sc	0.42	0.036810		0.677	9.0
NGC 6051	E	0.79	0.032366		0.294	166.0
NGC 6052 NED01		0.65	0.015620		0.783	5.0
NGC 6052 NED02	Scd	0.30			0.435	2.0
NGC 6054	E	0.48	0.034100		0.578	71.0
NGC 6055	E	0.52	0.035390		0.765	135.0
NGC 6056	S0-a	0.59	0.039350		0.602	56.0
NGC 6057	S0-a	0.69	0.037780		0.566	41.0
NGC 6058			0.000003			
NGC 6059				Nothing at this position.		
NGC 606	Sc	0.77	0.033253		0.762	137.0
NGC 6060	SABc	1.02	0.014660		0.540	103.0
NGC 6061	E-S0	0.95	0.036900		0.841	94.0
NGC 6062	Sbc	0.79	0.039110		0.664	21.0
NGC 6062B	Sc	0.49	0.038810		0.907	150.0
NGC 6063	Sc	0.85	0.009480		0.521	157.0
NGC 6065	E-S0	0.94	0.033730		0.959	150.0
NGC 6066	E	0.77	0.034280		0.770	112.0
NGC 6067			-0.000133			
NGC 6068	SBbc	0.79	0.013200		0.612	158.0
NGC 6068A	S0	0.35	0.013419		0.372	1.0
NGC 6069	E	1.02	0.038440		0.936	140.0
NGC 6070	Sc	1.84	0.006706		0.527	63.0
NGC 6071	E	0.56	0.025210		0.747	105.0
NGC 6072			0.000040			
NGC 6073	Sc	0.65	0.015521		0.496	127.0
NGC 6074 NED01	E	0.36			0.783	45.0
NGC 6074 NED02	E	0.71	0.033669		0.835	0.0
NGC 6075	S0	0.80	0.032070		0.777	93.0
NGC 6076 NED01		0.46	0.033400		0.460	62.0
NGC 6076 NED02		0.53			0.930	48.0
NGC 6077	E	1.09	0.031930		0.940	45.0
NGC 6078	E	0.48	0.031102		0.516	15.0
NGC 6079	E	0.94	0.025290		0.686	150.0
NGC 608	S0-a	0.55	0.016998		0.663	33.0
NGC 6080 NED01	Sab	1.17			0.951	30.0
NGC 6080 NED02	S0	0.66	0.025171		0.550	179.0
NGC 6081	S0	0.56	0.017040		0.361	131.0
NGC 6082				Five Galactic stars.  Ident as N6082 is uncertain; N6082 may be IC 4597.		
NGC 6083	SBbc	0.56	0.031010		0.709	33.0
NGC 6084	Sa	0.79	0.030270		0.637	29.0
NGC 6085	Sa	1.09	0.034120		0.832	161.0
NGC 6086	E	1.23	0.032486		0.647	2.0
NGC 6087			0.000004			
NGC 6088 NED01	E?	0.62	0.032720		0.579	170.0
NGC 6088 NED02	E-S0	0.72	0.031840		0.923	96.0
NGC 6089 NED01	S0	0.68	0.032030		0.800	17.0
NGC 6089 NED02	S?	0.71	0.031510		0.504	45.0
NGC 609			-0.000150			
NGC 6090 NED01	Sa	0.74	0.029427		0.871	96.0
NGC 6090 NED02	Sab	0.19	0.029480		0.432	
NGC 6091	E	0.66	0.022980		0.710	113.0
NGC 6094	S0	1.38	0.025411		0.746	113.0
NGC 6095	E-S0	1.25	0.030791		0.658	154.0
NGC 6096	Sb	0.50	0.032810	HOLM 735B does not exist (it is probably a plate defect).	0.505	124.0
NGC 6097	S0-a	0.59	0.033280		0.527	159.0
NGC 6098	E	1.10	0.031690		0.705	154.0
NGC 6099	E	0.97	0.030430		0.683	139.0
NGC 610				Nothing at this position.		
NGC 6100	S0-a	0.99	0.016151		0.697	112.0
NGC 6101			0.001223			
NGC 6102	Sbc	0.57	0.025050		0.731	68.0
NGC 6103	Sc	0.45	0.031550		0.625	77.0
NGC 6104	SBb	0.69	0.027840		0.793	62.0
NGC 6105	SBa	0.57	0.029143		0.803	110.0
NGC 6106	Sc	1.18	0.004847		0.539	139.0
NGC 6107	E	1.02	0.030848		0.642	36.0
NGC 6108	SBab	0.64	0.031020		0.674	105.0
NGC 6109	E	0.97	0.029810		0.951	85.0
NGC 611				Nothing at this position.		
NGC 6110	Sa	0.33	0.030530		0.478	105.0
NGC 6111	E	0.72			0.847	12.0
NGC 6112	E	0.73	0.031360		0.936	135.0
NGC 6113	S0	0.58	0.029820		0.472	153.0
NGC 6114	Sab	0.53	0.029360		0.570	112.0
NGC 6116	SABb	0.58	0.029730		0.617	15.0
NGC 6117	Sc	0.87	0.028580		0.829	84.0
NGC 6118	Sc	1.78	0.005236		0.400	59.0
NGC 6119	Sc	0.46	0.030680		0.767	73.0
NGC 612	S0-a	1.34	0.029911		0.899	160.0
NGC 6120	Sb	0.37	0.030655		0.771	35.0
NGC 6122	Sb	0.25	0.033470		0.227	160.0
NGC 6123	S0-a	0.32	0.013269		0.352	4.0
NGC 6124			-0.000069			
NGC 6125	E	1.38	0.015431		1.000	40.0
NGC 6126	E-S0	0.77	0.032556		0.828	22.0
NGC 6129	E	0.84	0.033060		0.903	120.0
NGC 613	Sbc	4.51	0.004951		0.823	125.0
NGC 6130	Sbc	0.78	0.016885		0.639	32.0
NGC 6131	SABc	1.04	0.017696		0.963	25.0
NGC 6132	Sab	0.43	0.016570		0.336	127.0
NGC 6133				Triple star.  Ident as N6133 is uncertain; N6133 may be CGCG 276-012.		
NGC 6134			-0.000087			
NGC 6135		0.35	0.012160	Identification as NGC 6135 is uncertain.	0.347	45.0
NGC 6136	Sc	0.49	0.029550		0.538	94.0
NGC 6137	E	0.92	0.030790		0.517	0.0
NGC 6139			0.000081			
NGC 614	S0	1.44	0.017145	Identification as NGC 0618 is uncertain; NGC 0618 could be NGC 0608.	0.947	120.0
NGC 6140	Sc	1.78	0.003035		0.852	83.0
NGC 6141	SBa	0.35	0.029980		0.814	150.0
NGC 6142	Sb	0.48	0.033840		0.322	165.0
NGC 6143	SABb	0.99	0.017710		0.900	175.0
NGC 6144			0.000653			
NGC 6145	Sb	0.51	0.028670		0.520	2.0
NGC 6146	E	1.26	0.029889		0.759	83.0
NGC 6147	SABb	0.48	0.028940		0.842	50.0
NGC 6148	Sb	0.24	0.051240		0.571	54.0
NGC 6149	S0	0.43	0.008036		0.347	18.0
NGC 615	Sb	1.16	0.006160		0.365	164.0
NGC 6150	E	0.85	0.029180		0.528	74.0
NGC 6152			-0.000119			
NGC 6153			0.000130			
NGC 6154	Sa	1.00	0.019890		0.714	150.0
NGC 6155	SBbc	0.85	0.008050		0.639	147.0
NGC 6156	Sc	1.60	0.010940		0.856	149.0
NGC 6157	E	0.74	0.030580		0.822	19.0
NGC 6158	E	0.99	0.029510		0.811	81.0
NGC 6159	E-S0	1.02	0.031380		0.680	126.0
NGC 6160	E	1.22	0.031730		0.682	72.0
NGC 6161	S?	0.26	0.033270		0.361	153.0
NGC 6162	S0	0.72	0.038004		0.649	49.0
NGC 6163	S0	0.61	0.034640		0.678	24.0
NGC 6164		0.60	-0.000180		0.426	
NGC 6165		0.50	-0.000180		0.200	
NGC 6166	E	1.54	0.031180		0.720	35.0
NGC 6166B	Sc	0.35	0.029420		0.814	176.0
NGC 6166C	E	0.71	0.029150		0.959	90.0
NGC 6167			-0.000116			
NGC 6168	Sd	0.48	0.008449		0.291	111.0
NGC 6169			0.000021			
NGC 617	Sab	0.52	0.040810		0.881	4.0
NGC 6170	E	0.67	0.030710		0.838	85.0
NGC 6172	E	0.89	0.016830		0.989	80.0
NGC 6173	E	1.40	0.029340		0.690	145.0
NGC 6174				Identification as NGC 6174 is very uncertain.		
NGC 6174 NED01	E	0.29	0.028230	Identification as NGC 6174 is very uncertain.  Is this component a star?	0.707	150.0
NGC 6174 NED02	S0	0.65	0.028030		0.903	123.0
NGC 6175 NED01	Sbc	0.85	0.028830		0.586	97.0
NGC 6175 NED02	I	1.05	0.028830		0.795	121.0
NGC 6177	SBb	1.09	0.030960		0.673	19.0
NGC 6178			0.000012			
NGC 6179	S0-a	0.31	0.037380		0.861	24.0
NGC 6180	E	0.85	0.030060		0.780	22.0
NGC 6181	SABc	0.99	0.007912		0.414	177.0
NGC 6182	Sa	0.56	0.017580		0.371	144.0
NGC 6183	Sa	0.80	0.016413		0.339	37.0
NGC 6184	SABb	0.56	0.027330		0.602	121.0
NGC 6185	Sa	0.80	0.034304		0.544	3.0
NGC 6186	Sa	0.70	0.009800		0.446	59.0
NGC 6187	S0-a	0.62	0.018270		0.827	140.0
NGC 6188		12.00			0.600	
NGC 6189	SABc	0.75	0.018723		0.503	27.0
NGC 619	SBb	1.03	0.028470		0.620	107.0
NGC 6190	Sc	1.04	0.011138		0.732	77.0
NGC 6191	SBbc	0.49	0.030600	NGC identification is very uncertain; N6191 could by N6187, N6189, or N6190.	0.377	0.0
NGC 6192			-0.000026			
NGC 6193			-0.000133			
NGC 6194	E	0.70	0.031060		0.778	112.0
NGC 6195	Sb	0.97	0.029990		0.674	41.0
NGC 6196	E-S0	0.82	0.031350		0.719	140.0
NGC 6197	SBab	0.38	0.032110		0.507	38.0
NGC 6198	E	0.60	0.017650		0.682	92.0
NGC 61A	S0	1.14	0.026919		0.770	179.0
NGC 61B	S0	1.04	0.026866		0.776	
NGC 62	SBa	0.73	0.021799		0.737	125.0
NGC 620	Scd	0.77	0.008279		0.939	30.0
NGC 6200			-0.000069			
NGC 6201		0.48	0.036199		0.857	50.0
NGC 6202	Sab	0.40	0.018720	Identification as NGC 6202 is very uncertain.	0.556	69.0
NGC 6203	E	1.07	0.036996		1.000	0.0
NGC 6204			0.000039			
NGC 6206	S0	0.63	0.016800		0.875	94.0
NGC 6207	Sc	1.61	0.002842		0.465	17.0
NGC 6208			-0.000107			
NGC 6209	SABb	1.54	0.019747		0.730	14.0
NGC 621	S0	1.06	0.017202		0.946	105.0
NGC 6210			-0.000119			
NGC 6211	S0	0.95	0.019900		0.731	95.0
NGC 6212	E	0.81	0.030180		0.890	84.0
NGC 6213		0.31	0.017936		0.449	62.0
NGC 6214	Sb	0.82	0.025441		0.854	156.0
NGC 6215	Sc	2.34	0.005191		0.886	83.0
NGC 6215A	Sb	0.64	0.009680		0.327	11.0
NGC 6216			-0.000116			
NGC 6217	Sbc	1.63	0.004556		0.728	155.0
NGC 6219	S0	0.65	0.031570		0.812	158.0
NGC 622	Sb	0.83	0.017210		0.638	55.0
NGC 6220	Sab	0.97	0.023263		0.634	134.0
NGC 6221	Sc	3.15	0.005012		0.651	1.0
NGC 6223	E-S0	2.33	0.019247		0.737	90.0
NGC 6224	E-S0	1.01	0.030208		0.918	140.0
NGC 6225	E-S0	0.79	0.032623		0.669	149.0
NGC 6227			-0.000210			
NGC 6228	Sb	0.39	0.034210		0.419	133.0
NGC 6229			-0.000462			
NGC 623	E	1.46	0.029871		0.753	87.0
NGC 6230 NED01	E	0.35	0.032590		0.603	124.0
NGC 6230 NED02	E	0.52	0.031132		0.722	60.0
NGC 6231			-0.000064			
NGC 6232	Sa	1.16	0.014814		0.789	176.0
NGC 6233	S0	0.73	0.036060		0.500	28.0
NGC 6234	E	0.67	0.032293		0.905	39.0
NGC 6235			0.000423			
NGC 6236	SABc	1.07	0.004270		0.588	12.0
NGC 6237				Nothing at this position.		
NGC 6238	Sc	0.41	0.019740		0.603	16.0
NGC 6239	SBb	1.07	0.003119		0.465	113.0
NGC 624	SBb	0.67	0.019789		0.515	91.0
NGC 6240	S0-a	1.03	0.024323		0.468	12.0
NGC 6241	Sbc	0.36	0.030128		0.692	80.0
NGC 6242			0.000131			
NGC 6243	Sa	0.60	0.035810		0.496	152.0
NGC 6244	Sa	0.34	0.014712		0.221	139.0
NGC 6245				Nothing at this position.		
NGC 6246	Sb	0.73	0.017800		0.529	46.0
NGC 6246A	Sc	1.28	0.017565		0.590	164.0
NGC 6247	Sb	0.28	0.014980		0.315	56.0
NGC 6248	SBc	0.76			0.618	157.0
NGC 6249			-0.000126			
NGC 625	SBm	2.05	0.001320		0.313	92.0
NGC 6250			-0.000056			
NGC 6251	E	1.44	0.020000		0.862	20.0
NGC 6252	Sab	0.36	0.021676		0.474	63.0
NGC 6253			-0.000093			
NGC 6255	SBc	1.37	0.002949		0.442	95.0
NGC 6256			-0.000338			
NGC 6257	SBc	0.27	0.015660		0.310	122.0
NGC 6258	E	0.67	0.010420		0.770	65.0
NGC 6259			-0.000110			
NGC 626	Sc	1.30	0.019141		0.903	30.0
NGC 6260	Sbc	0.77	0.021910		0.828	130.0
NGC 6261	S0-a	0.44	0.035180		0.404	85.0
NGC 6262	E-S0	0.32	0.011400	NGC identification is very uncertain; N6262 could be CGCG 277-010.	0.410	77.0
NGC 6263	E	0.31	0.034541		0.295	109.0
NGC 6264	SBb	0.52	0.033730		0.634	24.0
NGC 6265	S0	0.57	0.032439		0.648	35.0
NGC 6267	Sc	0.99	0.009934		0.762	33.0
NGC 6268			-0.000050			
NGC 6269	E	1.32	0.034891		0.717	80.0
NGC 6270		0.47	0.032422		0.653	93.0
NGC 6271	E-S0	0.54	0.035308		0.806	20.0
NGC 6272	Sa	0.29	0.035041		0.518	159.0
NGC 6274 NED01	SBb	0.43	0.040229		0.717	16.0
NGC 6274 NED02	SBab	0.17	0.039528		0.205	117.0
NGC 6275	SBd	0.47	0.022550		0.618	146.0
NGC 6276	Sa	0.55	0.009760		0.859	130.0
NGC 6278	S0	0.86	0.010220		0.497	128.0
NGC 6279	S0	0.87	0.024190		0.837	34.0
NGC 6280	E	0.62			0.873	137.0
NGC 6281			-0.000051			
NGC 6282	SBbc	0.54	0.035246		0.740	45.0
NGC 6283	Sc	0.98	0.003643		0.883	56.0
NGC 6284			0.000094			
NGC 6285	S0-a	0.57	0.018613		0.528	110.0
NGC 6286	Sb	1.12	0.018520		0.918	35.0
NGC 6287			-0.000983			
NGC 6288	E-S0	0.52	0.034230		0.722	110.0
NGC 6289	E	0.76	0.036610		0.691	14.0
NGC 6290	Sa	0.90	0.041028		0.909	135.0
NGC 6291	E	0.50	0.017346		0.806	176.0
NGC 6292	SABb	0.63	0.011378		0.477	102.0
NGC 6293			-0.000479			
NGC 6295	Sb	0.42	0.030490		0.429	77.0
NGC 6296	SABb	0.70	0.022506		0.787	124.0
NGC 6297	S0	0.45	0.016735		0.703	84.0
NGC 6299	E	0.59	0.019860		0.621	50.0
NGC 63	E-S0	1.04	0.003883		0.605	108.0
NGC 630	E-S0	1.40	0.020102		0.737	54.0
NGC 6300	SBb	3.37	0.003683		0.632	119.0
NGC 6301	Sc	1.00	0.028158		0.565	113.0
NGC 6302			-0.000119			
NGC 6303	E	0.67	0.040500		0.456	61.0
NGC 6304			-0.000362			
NGC 6305	E-S0	1.32	0.009020		0.781	137.0
NGC 6306	SBab	0.49	0.009920		0.371	161.0
NGC 6307	S0-a	1.03	0.010184		0.757	153.0
NGC 6308	SABc	0.95	0.029400		0.798	156.0
NGC 6309			-0.000133			
NGC 631	E	0.83	0.018793		0.892	135.0
NGC 6310	Sb	0.35	0.011409		0.208	70.0
NGC 6311	E	1.17	0.035750		0.951	5.0
NGC 6312	E	0.74	0.035020		0.851	5.0
NGC 6313	Sab	0.52	0.024200		0.359	156.0
NGC 6314	Sa	0.70	0.022070		0.511	174.0
NGC 6315	Sc	0.59	0.022429		0.776	5.0
NGC 6316			0.000333			
NGC 6317	SBc	0.61	0.027067		0.635	44.0
NGC 6319	E	1.14	0.027350		0.974	170.0
NGC 632	S0-a	0.86	0.010567		0.869	168.0
NGC 6320	Sbc	0.82	0.027630		0.651	98.0
NGC 6321	Sbc	0.91	0.020690		0.910	95.0
NGC 6322			-0.000190			
NGC 6323	SBab	0.55	0.025920		0.458	175.0
NGC 6324	Sbc	0.52	0.016230		0.531	74.0
NGC 6325			0.000099			
NGC 6326			0.000036			
NGC 6327	E	0.56			0.966	120.0
NGC 6328	SABa	1.56	0.014604		0.969	160.0
NGC 6329	E	1.15	0.027185		0.975	75.0
NGC 633	SBb	0.95	0.017202		0.864	178.0
NGC 6330	SBb	0.55	0.028990		0.462	165.0
NGC 6331	E	1.00	0.052800		0.962	30.0
NGC 6332	Sa	0.89	0.028050		0.511	45.0
NGC 6334			-0.000024			
NGC 6336	Sa	0.73	0.027125		0.695	167.0
NGC 6337			-0.000236			
NGC 6338	S0	1.04	0.027300		0.601	16.0
NGC 6339	Sc	1.17	0.007032		0.629	170.0
NGC 634	Sa	0.61	0.016230		0.345	167.0
NGC 6340	S0-a	2.88	0.004073		0.947	155.0
NGC 6342			0.000389			
NGC 6343	E	0.94	0.027610		0.758	130.0
NGC 6345	SBa	0.39	0.034390		0.411	35.0
NGC 6346	E-S0	0.58	0.029510		0.637	94.0
NGC 6347	SBb	0.57	0.020491		0.467	98.0
NGC 6348	S0-a	0.57	0.006418		0.671	118.0
NGC 6349	S0-a	0.25	0.038510		0.234	80.0
NGC 635	Sbc	0.53	0.048115		0.883	129.0
NGC 6350	S0	1.04	0.032549		0.839	89.0
NGC 6351 NED01	SBab	0.27			0.871	110.0
NGC 6351 NED02	E	0.07			0.875	43.0
NGC 6352			-0.000419			
NGC 6355			-0.000647			
NGC 6356			0.000130			
NGC 6357			-0.000027			
NGC 6358	S0-a	0.40	0.030910		0.400	110.0
NGC 6359	E-S0	0.75	0.009920		0.708	141.0
NGC 636	E	2.30	0.006181		0.852	6.0
NGC 6361	Sb	0.56	0.013310		0.272	52.0
NGC 6362			-0.000049			
NGC 6363	E	0.84	0.029514		0.824	145.0
NGC 6364	S0	1.08	0.022836		0.783	7.0
NGC 6365A	SBc	0.78	0.028320		0.796	150.0
NGC 6365B	Sd	0.24	0.026760		0.212	32.0
NGC 6366			-0.000402			
NGC 6367	Sab	0.79	0.026440		0.798	161.0
NGC 6368	Sb	0.80	0.009230		0.233	43.0
NGC 6369			-0.000354			
NGC 637			-0.000153			
NGC 6370	E	1.08	0.027446		0.824	112.0
NGC 6371	S0-a	0.55	0.021391		0.764	165.0
NGC 6372	Sbc	0.94	0.015841		0.584	75.0
NGC 6373	Sc	0.70	0.011020		0.673	84.0
NGC 6375	E	1.48	0.020201		0.967	145.0
NGC 6376	Sc	0.29	0.028600		0.558	172.0
NGC 6377	Sab	0.27	0.028530		0.422	64.0
NGC 6378	Sb	0.77	0.022382		0.681	2.0
NGC 6379	Sc	0.85	0.019917		0.817	36.0
NGC 638	E?	0.62	0.011124		0.660	18.0
NGC 6380			-0.000022			
NGC 6381	Sc	0.85	0.010881		0.697	34.0
NGC 6382	E	0.71	0.029550		0.612	95.0
NGC 6384	Sbc	1.11	0.005621		0.453	20.0
NGC 6385	SBa	1.08	0.011160		0.947	70.0
NGC 6386	Sb	0.97	0.023560		1.000	75.0
NGC 6387	SBb	0.15			0.484	63.0
NGC 6388			0.000276			
NGC 6389	Sbc	0.92	0.010404		0.767	135.0
NGC 639	Sa	0.30	0.019524		0.288	32.0
NGC 6390	SBbc	0.45	0.010621		0.511	11.0
NGC 6391	E	0.52	0.027040		0.693	87.0
NGC 6392	SABa	1.71	0.012409		0.881	60.0
NGC 6393	Sbc	0.40	0.022050	NGC identification is uncertain; often called NGC 6394.	0.930	126.0
NGC 6394	SBb	0.43	0.028360		0.377	40.0
NGC 6395	SBc	0.73	0.003899		0.324	17.0
NGC 6396			-0.000045			
NGC 6397			0.000061			
NGC 6398	SBa	0.85	0.018055		0.348	161.0
NGC 6399	S0-a	0.58	0.035910		0.479	13.0
NGC 64	SBbc	0.90	0.024685		0.652	35.0
NGC 640	SBa	0.43	0.025020		0.566	147.0
NGC 6400			-0.000044			
NGC 6401			-0.000331			
NGC 6403	S0	0.89			0.774	19.0
NGC 6404			0.000033			
NGC 6407	S0	1.93	0.015347		0.781	56.0
NGC 6408	Sa	1.26	0.013142		0.813	155.0
NGC 6409	Sbc	0.61	0.020561		0.847	55.0
NGC 641	E	1.68	0.021081		0.923	80.0
NGC 6411	E	1.15	0.012275		0.653	69.0
NGC 6412	SABc	1.84	0.004413		0.864	142.0
NGC 6414	S0-a	0.47	0.055541		0.470	141.0
NGC 6416			-0.000037			
NGC 6417	SBb	1.17	0.010880		0.824	27.0
NGC 6418	SBab	0.52	0.028700		0.800	171.0
NGC 6419	Sa	0.25	0.026500		0.258	131.0
NGC 642	SBc	1.09	0.019746		0.606	18.0
NGC 6420	E	0.56	0.027100		0.549	62.0
NGC 6422	E	0.93	0.025600		0.795	58.0
NGC 6423	SBb	0.59	0.024200		0.937	170.0
NGC 6424	E	0.78	0.026060		0.963	75.0
NGC 6425			0.000018			
NGC 6426			-0.000702			
NGC 6427	E-S0	0.52	0.010841		0.335	36.0
NGC 6429	SBa	0.70	0.011218		0.385	32.0
NGC 643		2.20		In the Small Magellanic Cloud.	1.000	
NGC 6430	Sab	0.58	0.010187		0.345	96.0
NGC 6433	Sb	0.50	0.024940		0.262	162.0
NGC 6434	Sbc	0.86	0.008236		0.411	95.0
NGC 6435	E	0.58	0.028330		0.667	7.0
NGC 6436	Sc	0.60	0.021118		0.577	168.0
NGC 6438	S0	1.49	0.008513		0.847	131.0
NGC 6438A	I	1.36	0.007641		0.395	48.0
NGC 6439			-0.000364			
NGC 643A				In the Small Magellanic Cloud.		
NGC 643B	S0-a	0.47	0.013447		0.269	116.0
NGC 643C	Sc	0.23	0.014610		0.164	153.0
NGC 644	SBc	0.68	0.020731		0.523	154.0
NGC 6440			-0.000231			
NGC 6441			0.000058			
NGC 6442	E	0.97			0.683	135.0
NGC 6443	Sab	0.50	0.030474		0.442	127.0
NGC 6445			-0.000027			
NGC 6446	Sab	0.42	0.022809		0.724	29.0
NGC 6447	SABb	0.73	0.022460		0.541	150.0
NGC 6448				Nothing at this position.		
NGC 6449	Sc	0.75	0.017552		0.833	136.0
NGC 645	Sb	0.68	0.011028		0.297	120.0
NGC 6450				Nothing at this position.		
NGC 6451			-0.000077			
NGC 6452		0.55	0.029610		0.786	10.0
NGC 6453			-0.000304			
NGC 6454	E	1.07	0.030000		0.759	0.0
NGC 6455				NGC identification is not certain.		
NGC 6456	E	0.41	0.041270		0.804	145.0
NGC 6457	E-S0	0.72	0.027159		0.667	131.0
NGC 6458	S0	0.72	0.010670		0.667	147.0
NGC 6459	S0	0.46	0.029060		0.535	75.0
NGC 646		1.02			0.675	121.0
NGC 646 NED01	SBc	0.97	0.027212		0.789	127.0
NGC 646 NED02	E-S0	0.45	0.027100		0.750	64.0
NGC 6460	Sc	0.98	0.011111		0.570	154.0
NGC 6461	Sab	0.47	0.040930		0.573	21.0
NGC 6462	E	0.52	0.038400		0.945	85.0
NGC 6463	E	0.81	0.040840		0.853	161.0
NGC 6464	SBc	0.53	0.033150		0.946	175.0
NGC 6466	E-S0	0.41	0.022660		0.586	120.0
NGC 6467	Sab	0.75	0.010127	HOLM 772B does not exist (it is probably a plate defect).	0.532	76.0
NGC 6469			-0.000011			
NGC 647	S0	0.98	0.042090		0.772	19.0
NGC 6470	SBb	0.69	0.027379		0.639	157.0
NGC 6471 NED01	Sc	0.31	0.027090		0.333	172.0
NGC 6471 NED02	E-S0	0.47			0.904	70.0
NGC 6472		0.45			0.692	10.0
NGC 6473	E	0.71	0.028340		0.780	40.0
NGC 6474	Sb	0.42	0.028250		0.483	72.0
NGC 6477		0.35			0.636	126.0
NGC 6478	Sc	0.44	0.022770		0.303	35.0
NGC 6479	Sc	0.83	0.022219		0.883	151.0
NGC 648	E-S0	0.63	0.035981		0.578	118.0
NGC 6482	E	1.71	0.013102		0.842	68.0
NGC 6483	E	1.49	0.016465		0.814	117.0
NGC 6484	Sb	0.91	0.010054		0.523	77.0
NGC 6485	Sbc	1.16	0.015748		0.943	15.0
NGC 6486	E	0.56	0.026860		0.918	70.0
NGC 6487	E	1.57	0.025674		0.872	20.0
NGC 6488	E	0.25	0.028870		0.385	82.0
NGC 6489	E-S0	0.40	0.027700		0.784	32.0
NGC 649	Sa	0.39	0.024910		0.364	22.0
NGC 6490	E-S0	0.78	0.010834		0.772	112.0
NGC 6491	Sab	0.46	0.020720		0.368	37.0
NGC 6492	Sbc	1.38	0.014289		0.580	79.0
NGC 6493	SABc	1.02	0.019810		0.953	25.0
NGC 6495	E	1.07	0.010541		0.743	75.0
NGC 6496			-0.000449			
NGC 6497	Sb	0.66	0.020323		0.455	110.0
NGC 65	E-S0	0.83	0.024494		0.814	168.0
NGC 6500	Sab	1.65	0.009954		0.793	45.0
NGC 6501	S0-a	1.52	0.009753		0.879	15.0
NGC 6502	E	1.23	0.018390		0.879	45.0
NGC 6503	Sc	1.98	0.000143		0.333	123.0
NGC 6504	Sa	0.41	0.015808		0.211	95.0
NGC 6505	E	0.84	0.038900		0.730	149.0
NGC 6508	E	1.09	0.025137		0.845	23.0
NGC 6509	SABc	1.24	0.006021		0.855	104.0
NGC 6510	SBbc	0.48	0.014280		0.578	15.0
NGC 6512	E	0.66	0.027943		0.815	36.0
NGC 6513	S0	0.77	0.019847		0.713	32.0
NGC 6515	E	1.14	0.022846		0.745	17.0
NGC 6516	S0-a	0.32	0.025300		0.432	146.0
NGC 6517			-0.000124			
NGC 6518	E	0.64	0.022460		0.800	53.0
NGC 652	Sab	0.51	0.017640		0.543	52.0
NGC 6520			-0.000092			
NGC 6521	E	1.01	0.027362		0.652	157.0
NGC 6522			-0.000046			
NGC 6524	E-S0	0.99	0.018743		0.607	156.0
NGC 6526		40.00			1.000	
NGC 6527	Sa	1.13	0.018156		0.764	146.0
NGC 6528			0.000702			
NGC 653	Sab	0.23	0.018029		0.154	40.0
NGC 6530			-0.000006			
NGC 6532	Sc	0.66	0.018299		0.391	120.0
NGC 6534		0.49	0.027793	Identification as NGC 6534 is very uncertain.	0.527	17.0
NGC 6535			-0.000716			
NGC 6536	SBb	0.92	0.026145		0.807	125.0
NGC 6537			-0.000058			
NGC 6538	Sbc	0.52	0.004460		0.553	50.0
NGC 6539			0.000119			
NGC 654			-0.000129			
NGC 6540			-0.000060			
NGC 6541			-0.000547			
NGC 6542	S0-a	0.40	0.002340		0.290	97.0
NGC 6543			-0.000219			
NGC 6544			-0.000127			
NGC 6545	E	0.97	0.014176		0.874	151.0
NGC 6546			-0.000098			
NGC 6547	S0-a	0.58	0.009013		0.356	134.0
NGC 6548	S0	2.37	0.007268		0.894	155.0
NGC 6549	Sb	0.30	0.022125		0.246	52.0
NGC 655	S0	0.65	0.029093		0.580	88.0
NGC 6551				Nothing in this position.  Is NGC 6551 = NGC 6522?		
NGC 6552	SBab	0.73	0.026555		0.689	103.0
NGC 6553			0.000002			
NGC 6554			0.000050			
NGC 6555	SABc	1.61	0.007425		0.821	115.0
NGC 6557	S0	0.92	0.018519		0.667	77.0
NGC 6558			-0.000649			
NGC 6559		10.00			0.667	
NGC 656	S0	1.08	0.013129		0.850	32.0
NGC 6560	SABa	0.61	0.023486		0.545	62.0
NGC 6561			-0.000067			
NGC 6562	E	0.95	0.022020		0.950	60.0
NGC 6563			-0.000103			
NGC 6565			-0.000016			
NGC 6566	E	0.60	0.017680		0.896	21.0
NGC 6567			0.000400			
NGC 6568			-0.000146			
NGC 6569			-0.000166			
NGC 6570	SBm	0.86	0.007615		0.541	24.0
NGC 6571	E	0.58	0.015918		0.734	50.0
NGC 6572			-0.000029			
NGC 6573				NGC identification is very uncertain.		
NGC 6574	SABb	1.20	0.007662		0.764	160.0
NGC 6575	E	1.08	0.023116		0.720	64.0
NGC 6576	S0	0.65	0.017119		0.855	139.0
NGC 6577	E	1.06	0.017360		0.862	179.0
NGC 6578			0.000015			
NGC 6579		0.78			0.678	33.0
NGC 658	Sb	0.89	0.009890		0.601	21.0
NGC 6580	Sbc	0.82	0.019490		0.590	98.0
NGC 6581	E	0.44	0.014990		0.733	5.0
NGC 6582 NED01	E-S0	0.76	0.049343		1.000	113.0
NGC 6582 NED02	E	1.00	0.048280		0.690	146.0
NGC 6583			-0.000008			
NGC 6584			0.000870			
NGC 6585	Sbc	0.45	0.009410		0.224	50.0
NGC 6586	Sab	0.59	0.010501		0.513	104.0
NGC 6587	E-S0	1.82	0.010420		1.000	20.0
NGC 6589		3.00		The IC identification as IC 4690 is not certain; this is not IC 1283.	0.750	
NGC 6590		3.00			0.750	
NGC 6591		0.21		Two Galactic stars superposed.  NGC identification is not certain.	0.389	54.0
NGC 6592	E	0.65	0.027100		0.802	116.0
NGC 6593	E-S0	0.67	0.016435		0.827	0.0
NGC 6594	Sab	0.50	0.026960		0.581	93.0
NGC 6596			0.000430			
NGC 6597	E-S0	0.50	0.027690		0.562	87.0
NGC 6598	Sa	0.87	0.027710		0.737	35.0
NGC 6599	S0	1.14	0.010094	Identification as NGC 6600 is not certain.	0.927	35.0
NGC 66	SBb	0.50	0.025368		0.403	35.0
NGC 660	Sa	1.69	0.002842		0.370	13.0
NGC 6601	E-S0	0.49	0.027397		0.620	45.0
NGC 6602	SABb	0.57	0.010270		0.740	178.0
NGC 6603			0.000060			
NGC 6604			0.000055			
NGC 6606	Sa	0.71	0.019193		0.780	87.0
NGC 6607	Sbc	0.48	0.022600		0.873	54.0
NGC 6608	Scd	0.19	0.022672		0.221	43.0
NGC 6609	E	0.72	0.027180		0.867	81.0
NGC 661	E	1.40	0.012836		0.733	56.0
NGC 6612		0.66	0.021397		0.647	170.0
NGC 6614	E-S0	1.26	0.015077		0.768	69.0
NGC 6615	S0-a	0.87	0.009020		0.635	170.0
NGC 6616	Sab	0.57	0.018100		0.422	55.0
NGC 6617	Sc	0.52	0.022662		0.578	73.0
NGC 6619	E	0.89	0.016820		0.645	104.0
NGC 662	Sb	0.55	0.018860		0.679	13.0
NGC 6620			0.000242			
NGC 6621	Sb	0.87	0.019820		0.405	143.0
NGC 6622	Sab	0.87	0.021570		0.897	117.0
NGC 6623 NED01		0.15			1.000	
NGC 6623 NED02	E	1.20	0.016155		0.889	140.0
NGC 6624			0.000181			
NGC 6625				NGC identification is not certain.		
NGC 6627	SBb	0.96	0.017532		0.897	75.0
NGC 6628	S0	0.91	0.015310		0.599	89.0
NGC 6629			0.000043			
NGC 663			-0.000108			
NGC 6630	E-S0	0.68	0.008966		0.840	102.0
NGC 6631			0.000126			
NGC 6632	Sbc	1.16	0.015858		0.483	156.0
NGC 6633			-0.000097			
NGC 6635	S0	1.03	0.018280		0.904	5.0
NGC 6636 NED01	Sc	0.46			0.241	6.0
NGC 6636 NED02	Sab	0.39	0.015000		0.542	8.0
NGC 6638			0.000029			
NGC 6639			0.000023			
NGC 664	Sb	0.93	0.018096		0.782	70.0
NGC 6640	Sc	0.18	0.022839		0.217	146.0
NGC 6641	Sc	0.81	0.013900		0.871	100.0
NGC 6642			-0.000111			
NGC 6643	Sc	1.63	0.004967		0.491	37.0
NGC 6644			0.000647			
NGC 6645			-0.000013			
NGC 6646	Sa	1.25	0.019240		0.839	67.0
NGC 6649			-0.000030			
NGC 665	S0	0.95	0.018079		0.586	119.0
NGC 6650	E	0.66	0.023540		0.904	40.0
NGC 6651	Sbc	0.71	0.019230		0.530	32.0
NGC 6652			-0.000330			
NGC 6653	E	1.41	0.017259		0.860	56.0
NGC 6654	S0-a	2.23	0.006368		0.766	5.0
NGC 6654A	SBcd	0.44			0.209	59.0
NGC 6655				NGC identification is not certain.		
NGC 6657	SBc	0.44	0.023400		0.571	135.0
NGC 6658	S0-a	0.25	0.013719		0.167	5.0
NGC 666	E	0.52	0.015904		0.675	81.0
NGC 6660	S0-a	1.13	0.014190		0.579	143.0
NGC 6662	Sab	0.51	0.018293		0.309	18.0
NGC 6663	SABc	0.74	0.022970		0.860	147.0
NGC 6664			0.000062			
NGC 6665	Sab	0.47	0.016205		0.495	25.0
NGC 6666				Nothing at this position.		
NGC 6667	SABa	1.05	0.008613		0.559	99.0
NGC 667	S0	0.57	0.040090		0.803	83.0
NGC 6670 NED03		0.17			0.630	72.0
NGC 6670A		0.32	0.029080		0.471	116.0
NGC 6670B	Sc	0.25	0.028519		0.321	69.0
NGC 6671	Sb	1.39	0.010760		1.000	5.0
NGC 6673	E	1.44	0.003793		0.554	27.0
NGC 6674	Sb	2.04	0.011438		0.509	144.0
NGC 6675	Sbc	0.94	0.008322		0.718	131.0
NGC 6676	Sbc	0.37	0.023050		0.247	141.0
NGC 6677	Sbc	0.35	0.022600		0.417	103.0
NGC 6679	E	0.35	0.022860		0.583	99.0
NGC 668	Sb	0.82	0.015004		0.683	32.0
NGC 6680		0.41	0.013513		0.651	60.0
NGC 6684	S0	2.96	0.002845		0.706	29.0
NGC 6684A	IB	1.34	0.003361		0.687	140.0
NGC 6685	E-S0	0.70	0.022150		0.737	38.0
NGC 6686	E	0.56	0.023580		0.889	153.0
NGC 6687	Scd	0.94	0.011250		0.752	46.0
NGC 6688	S0-a	1.59	0.018449		0.970	40.0
NGC 6689	SABc	0.91	0.001631		0.277	171.0
NGC 669	Sab	0.57	0.015410		0.244	36.0
NGC 6691	Sbc	1.37	0.019634		0.932	35.0
NGC 6692	E-S0	0.55			0.524	119.0
NGC 6695	SBb	0.67	0.018369		0.554	13.0
NGC 6696		0.23	0.025710		0.253	1.0
NGC 6697	E	0.95	0.015610		0.798	65.0
NGC 6699	SABb	1.71	0.011382		0.983	95.0
NGC 67		0.33	0.020954		0.673	111.0
NGC 670	S0	0.74	0.012429		0.339	171.0
NGC 6700	SBc	1.01	0.015287		0.664	114.0
NGC 6701	Sa	1.36	0.013209		0.958	120.0
NGC 6702	E	1.42	0.015998		0.866	58.0
NGC 6703	E-S0	2.38	0.007852		0.979	85.0
NGC 6704			0.000085			
NGC 6706	E-S0	0.77	0.012675		0.453	124.0
NGC 6707	SBc	1.05	0.009052		0.401	143.0
NGC 6708	Sb	0.86	0.008606		0.741	163.0
NGC 6709			-0.000026			
NGC 671	Sa	0.43	0.018360		0.398	56.0
NGC 6710	S0-a	0.93	0.015191		0.554	38.0
NGC 6711	Sbc	0.94	0.015581		0.913	70.0
NGC 6712			-0.000358			
NGC 6713		0.44	0.017520		0.917	110.0
NGC 6714				Nothing at this position.		
NGC 6716			0.000020			
NGC 6717			0.000108			
NGC 6718	SBb	0.74	0.014110		0.500	171.0
NGC 6719	SBc	0.84	0.012743		0.506	109.0
NGC 672	SBc	2.71	0.001454		0.387	69.0
NGC 6721	E	1.58	0.014704		0.832	155.0
NGC 6722	Sb	0.51	0.015548		0.174	164.0
NGC 6723			-0.000314			
NGC 6724				NGC identification is not certain.		
NGC 6725	S0	0.52	0.012088		0.196	40.0
NGC 6726		7.00			0.778	
NGC 6727		80.00			1.000	
NGC 6728			0.000038	NGC identification is not certain.		
NGC 6729		20.00			0.800	
NGC 673	SABc	1.30	0.017240		0.734	1.0
NGC 6730	E	1.83	0.013940		0.832	31.0
NGC 6732	E	0.68	0.027035		0.723	103.0
NGC 6733	E-S0	1.39	0.016305		0.709	109.0
NGC 6734	E-S0	0.90	0.014251		0.652	14.0
NGC 6736	E	0.88	0.014300		0.793	67.0
NGC 6738			-0.000116			
NGC 6739	S0	0.89	0.014166		0.336	173.0
NGC 674	SABc	1.26	0.010394		0.331	105.0
NGC 6740	Sc	0.76	0.014350		0.697	31.0
NGC 6741			0.000143			
NGC 6742			-0.000530			
NGC 6744	Sbc	9.75	0.002800		0.622	15.0
NGC 6744A	IB	0.60			0.366	106.0
NGC 6745 NED01		0.46	0.015154		0.484	32.0
NGC 6745 NED02		0.22			0.319	174.0
NGC 6745 NED03		0.18			0.545	7.0
NGC 6746	E	1.09	0.013900		0.699	170.0
NGC 6747	E	0.50	0.038770		0.769	126.0
NGC 6749			-0.000195			
NGC 675	Sa	0.44	0.017420		0.423	101.0
NGC 6750	Sc	0.69	0.012360		0.639	2.0
NGC 6751			-0.000143			
NGC 6752			-0.000088	Identity as NGC 6777 is uncertain.		
NGC 6753	Sb	2.60	0.010521		0.875	25.0
NGC 6754	Sb	1.08	0.010854		0.535	77.0
NGC 6755			0.000090			
NGC 6757	S0-a	1.15	0.007700		0.673	92.0
NGC 6758	E	2.14	0.011361		0.778	111.0
NGC 6759	Sa	0.67			0.691	40.0
NGC 676	S0-a	0.69	0.004983		0.251	173.0
NGC 6760			-0.000001			
NGC 6761	SBab	1.42	0.019027		0.871	22.0
NGC 6762	S0-a	0.34	0.010013		0.219	119.0
NGC 6764	SBbc	1.22	0.008046		0.490	64.0
NGC 6765			-0.000200			
NGC 6768	E	1.00	0.018616		0.794	36.0
NGC 6769	SABb	2.19	0.012699		0.766	120.0
NGC 677	E	1.81	0.016930		1.000	35.0
NGC 6770	Sb	1.72	0.012929		0.720	33.0
NGC 6771	S0-a	0.54	0.013703		0.227	121.0
NGC 6772			0.000000			
NGC 6774			0.000139			
NGC 6776	E	1.62	0.018409		0.810	14.0
NGC 6776A	SBc	0.36	0.012735		0.250	83.0
NGC 6778			0.000304			
NGC 678	SBb	0.77	0.009453		0.250	78.0
NGC 6780	SABc	1.55	0.011717		0.771	4.0
NGC 6781			0.000014			
NGC 6782	Sa	1.49	0.013160		0.608	18.0
NGC 6783	E	0.62	0.030200		0.939	135.0
NGC 6784	E-S0	0.56			0.538	46.0
NGC 6784A	E-S0	0.54	0.017860		0.568	167.0
NGC 6786	SABb	0.48	0.025020		0.593	20.0
NGC 6787	SABb	0.74	0.039317		0.925	70.0
NGC 6788	Sab	1.05	0.010227		0.328	69.0
NGC 6789	I	0.84	-0.000494		0.866	145.0
NGC 679	E-S0	1.00	0.016842		0.758	85.0
NGC 6790			0.000139			
NGC 6791			-0.000158			
NGC 6792	SBb	1.11	0.015471		0.534	24.0
NGC 6793			-0.000036			
NGC 6794	Sab	1.26	0.020027		0.834	85.0
NGC 6796	Sbc	0.40	0.007165		0.231	1.0
NGC 6798	S0	0.80	0.008169		0.449	147.0
NGC 6799	E-S0	1.36	0.011366		0.743	107.0
NGC 68	E-S0	1.20	0.019130		0.930	45.0
NGC 680	E	1.56	0.009550		0.923	160.0
NGC 6800			-0.000044			
NGC 6801	Sc	0.71	0.014513		0.522	38.0
NGC 6802			0.000045			
NGC 6803			0.000044			
NGC 6804			-0.000043			
NGC 6805	E	1.03	0.019880		0.888	159.0
NGC 6806	Sc	0.96	0.019335		0.787	52.0
NGC 6807			-0.000226			
NGC 6808	Sa	0.25	0.011269		0.312	42.0
NGC 681	SABa	1.77	0.005877		0.717	66.0
NGC 6810	Sab	1.05	0.006350		0.277	175.0
NGC 6811			0.000024			
NGC 6812	S0	1.12	0.015151		0.640	87.0
NGC 6814	SABb	0.74	0.005227		0.240	110.0
NGC 6816	E-S0	1.40	0.020143		0.814	80.0
NGC 6817 NED01		0.18			0.692	47.0
NGC 6817 NED02	Sbc	0.55	0.041304		0.833	115.0
NGC 6818			-0.000046			
NGC 6819			0.000009			
NGC 682	E-S0	0.25	0.018623		0.338	115.0
NGC 6820		0.50			1.000	
NGC 6821	Scd	0.93	0.005023		0.903	130.0
NGC 6822	IB	16.75	-0.000190		0.964	27.0
NGC 6823			0.000057			
NGC 6824	Sab	1.39	0.011359		0.728	53.0
NGC 6825		0.32			0.444	170.0
NGC 6826			-0.000021			
NGC 6827			0.000079			
NGC 6828			-0.000070			
NGC 6829	Sb	0.35	0.011018		0.235	31.0
NGC 683	Sb	0.60	0.017510		0.909	50.0
NGC 6830			-0.000103			
NGC 6831	S0	1.17	0.011455		0.907	115.0
NGC 6833			-0.000363			
NGC 6834			-0.000023			
NGC 6835	SBa	0.61	0.005416		0.223	70.0
NGC 6836	SABm	1.11	0.005434		0.782	119.0
NGC 684	Sb	0.82	0.011755		0.278	90.0
NGC 6841	E	1.46	0.019380		0.896	162.0
NGC 6842			-0.000017			
NGC 6844	Sb	0.97	0.010199		0.770	5.0
NGC 6845A	SBbc	0.61	0.021441		0.565	47.0
NGC 6845B	SBb	0.60	0.022526		0.769	24.0
NGC 6845C	S0-a	0.31	0.022792		0.330	138.0
NGC 6845D	S0	0.22	0.023868		0.278	157.0
NGC 6846			-0.000143			
NGC 6847		10.00		Identification as NGC 6847 is very uncertain.	1.000	
NGC 6848	Sa	1.38	0.014603		0.590	158.0
NGC 6849	E-S0	1.42	0.020174		0.660	19.0
NGC 685	Sc	2.30	0.004558		0.764	62.0
NGC 6850	S0-a	1.09	0.016369		0.537	146.0
NGC 6851	E	1.70	0.010190		0.780	161.0
NGC 6851A	Sbc	0.70	0.011417		0.519	50.0
NGC 6851B	SBcd	0.18	0.011484		0.161	67.0
NGC 6852			-0.000037			
NGC 6854	E-S0	1.62	0.018898		0.711	166.0
NGC 6855	S0-a	0.95	0.014603		0.748	95.0
NGC 6857		0.63			1.000	
NGC 686	E-S0	1.06	0.015487		0.791	5.0
NGC 6860	SBb	0.75	0.015250		0.573	32.0
NGC 6861	E-S0	2.36	0.009360		0.742	133.0
NGC 6861B	S0	0.40	0.009420		0.331	100.0
NGC 6861C	S0	0.42	0.008710		0.378	34.0
NGC 6861D	E-S0	0.85	0.008503		0.360	157.0
NGC 6861E	Sab	0.31	0.008479		0.209	37.0
NGC 6861F	SBd	0.35	0.010732		0.192	85.0
NGC 6862	SBbc	1.32	0.014116		0.923	125.0
NGC 6865	S0	0.48	0.015880		0.762	135.0
NGC 6866			0.000042			
NGC 6867	SBbc	0.55	0.014795		0.342	156.0
NGC 6868	E	3.13	0.009427		0.874	81.0
NGC 6869	S0	1.44	0.009113		1.000	100.0
NGC 687	S0	1.16	0.017015		0.913	90.0
NGC 6870	SABa	1.08	0.009166		0.422	86.0
NGC 6871			-0.000035			
NGC 6872	SBb	1.80	0.015511		0.383	45.0
NGC 6875	E-S0	1.30	0.010377		0.605	22.0
NGC 6875A	SBbc	0.61	0.010581		0.205	74.0
NGC 6876	E	3.00	0.012878		0.867	110.0
NGC 6876A	SBb	0.46	0.013740		0.333	178.0
NGC 6877	E	1.14	0.013335		0.479	163.0
NGC 6878	SABb	1.26	0.019467		0.783	98.0
NGC 6878A	SABb	0.86	0.017933		0.460	69.0
NGC 6879			0.000024			
NGC 688	Sb	0.38	0.013930		0.427	153.0
NGC 6880	S0-a	1.06	0.013193		0.431	25.0
NGC 6881			-0.000050			
NGC 6882			-0.000060	Identification as NGC 6682 is not certain.		
NGC 6883			-0.000035			
NGC 6884			-0.000119			
NGC 6886			-0.000121			
NGC 6887	Sbc	1.18	0.009094		0.343	103.0
NGC 6888		10.00			0.500	
NGC 6889	SBbc	1.08	0.008462		0.632	60.0
NGC 689	SABa	0.66	0.014020		0.617	70.0
NGC 6890	SBb	1.27	0.008000		0.799	155.0
NGC 6891			0.000140			
NGC 6893	S0	1.78	0.010194		0.620	9.0
NGC 6894			-0.000193			
NGC 6896				NGC identification is not certain.		
NGC 6897	Sbc	0.60	0.017756		0.638	39.0
NGC 6898	Sa	0.94	0.018943		0.913	145.0
NGC 6899	Sbc	0.89	0.019515		0.497	112.0
NGC 69	E-S0	0.43	0.022290		0.717	5.0
NGC 690	SABc	0.70	0.017400		0.636	158.0
NGC 6900	Sb	0.74	0.017078		0.787	100.0
NGC 6901	SBab	0.49	0.016011		0.392	62.0
NGC 6902	SBab	2.11	0.009363	The IC identification is not certain.	0.784	158.0
NGC 6902A	SBm	0.74	0.055538		0.755	57.0
NGC 6902B	SABc	1.20	0.009917		0.909	160.0
NGC 6903	E-S0	2.04	0.011018		0.911	145.0
NGC 6905			-0.000014			
NGC 6906	SBbc	0.48	0.016200		0.429	45.0
NGC 6907	Sbc	2.68	0.010649		0.805	67.0
NGC 6908	S0	1.01	0.010690		0.540	65.0
NGC 6909	E	1.29	0.009053		0.547	69.0
NGC 691	Sbc	1.85	0.008744		0.690	92.0
NGC 6910			-0.000109			
NGC 6911	SBb	1.01	0.008299		0.549	122.0
NGC 6912	SBc	1.03	0.023575		0.792	77.0
NGC 6914		3.00			1.000	
NGC 6915	Sab	1.15	0.018895		0.697	85.0
NGC 6916	SBbc	1.11	0.010344		0.677	89.0
NGC 6917	Sbc	0.45	0.015657		0.405	48.0
NGC 6918	S0-a	0.76	0.017563		0.768	5.0
NGC 6919	SABc	1.11	0.022342		0.799	132.0
NGC 692	Sbc	1.41	0.021372		0.723	84.0
NGC 6920	S0	1.86	0.008778		0.809	132.0
NGC 6921	S0-a	0.35	0.015230		0.324	141.0
NGC 6922	Sc	0.92	0.019083		0.786	139.0
NGC 6923	SBb	1.24	0.009439		0.488	76.0
NGC 6924	E-S0	1.45	0.020167		0.853	140.0
NGC 6925	Sbc	1.16	0.009317	Identification as IC 5015 is not certain.	0.248	4.0
NGC 6926	Sc	0.37	0.019847		0.278	178.0
NGC 6927	S0	0.20	0.014740		0.333	5.0
NGC 6927A	E	0.13	0.014570		0.342	20.0
NGC 6928	SBab	0.51	0.015718		0.245	106.0
NGC 6929	S0-a	0.33	0.020574		0.767	81.0
NGC 693	S0-a	1.09	0.005230		0.517	106.0
NGC 6930	SBab	0.46	0.015594		0.322	9.0
NGC 6931	Sb	0.46	0.012000		0.362	125.0
NGC 6932	S0-a	1.44	0.012362		0.588	105.0
NGC 6934			-0.001354			
NGC 6935	SABa	1.91	0.015399		0.876	14.0
NGC 6936	E-S0	0.91	0.019595		0.500	5.0
NGC 6937	Sbc	1.69	0.015781		0.663	155.0
NGC 6939			-0.000063			
NGC 694	S0	0.34	0.009860		0.596	163.0
NGC 6940			0.000026			
NGC 6941	Sb	1.20	0.021005		0.694	126.0
NGC 6942	S0-a	1.71	0.010947		0.763	134.0
NGC 6943	Sc	2.22	0.010468		0.592	125.0
NGC 6944	E-S0	0.79	0.014887		0.705	48.0
NGC 6944A	Scd	0.69	0.013996		0.711	67.0
NGC 6945	E-S0	1.01	0.012595		0.639	121.0
NGC 6946	SABc	10.84	0.000150		0.951	52.0
NGC 6947	Sb	0.69	0.018690		0.397	41.0
NGC 6948	Sa	0.95	0.010959		0.475	113.0
NGC 6949	Sc	1.05	0.009193		0.802	95.0
NGC 695	S0	0.42	0.032456		0.875	51.0
NGC 6951	SABb	2.09	0.004750		0.655	149.0
NGC 6953				Group of Galactic stars.  NGC identification is not certain.		
NGC 6954	S0-a	0.80	0.013473		0.630	84.0
NGC 6955	SABb	0.98	0.027426		0.772	115.0
NGC 6956	Sb	1.37	0.015561		0.783	112.0
NGC 6957	Sc	0.57	0.027189		0.919	150.0
NGC 6958	E	1.88	0.008996		0.770	97.0
NGC 6959	S0	0.34	0.012220		0.680	63.0
NGC 696	S0-a	0.72	0.026819		0.400	25.0
NGC 6960		160.00			0.762	
NGC 6961	E	0.73	0.012400		0.961	150.0
NGC 6962	SABa	2.00	0.014010		0.741	68.0
NGC 6964	E	1.26	0.012650		0.750	165.0
NGC 6965	S0	0.63	0.014100		0.863	68.0
NGC 6967	S0-a	0.71	0.012570		0.597	95.0
NGC 6968	E-S0	1.18	0.020570		0.599	135.0
NGC 6969	Sa	0.37	0.013343		0.306	15.0
NGC 6970	SBa	0.87	0.017632		0.565	115.0
NGC 6971	Sb	0.87	0.018253		0.829	60.0
NGC 6972	S0-a	0.49	0.015044		0.398	142.0
NGC 6974				NGC identification is not certain.		
NGC 6975	SABb	0.92	0.020501		0.902	165.0
NGC 6977	Sa	0.93	0.020252		0.744	168.0
NGC 6978	Sb	0.57	0.020331		0.377	126.0
NGC 6979		3.00			0.429	
NGC 698	Sab	0.79	0.027826		0.849	170.0
NGC 6982	SBa	0.49	0.015826		0.490	66.0
NGC 6983	Sab	0.66	0.016902		0.776	151.0
NGC 6984	Sc	1.16	0.015386		0.644	101.0
NGC 6985	SBa	0.51	0.018681		0.408	106.0
NGC 6985A		0.44	0.019480		0.431	160.0
NGC 6986	E-S0	0.64	0.028460		0.653	6.0
NGC 6987	E	1.63	0.017555		0.803	125.0
NGC 6988	E	0.59	0.015164		0.868	21.0
NGC 699	SBbc	0.37	0.018538		0.264	132.0
NGC 6990	Sa	0.56	0.006806		0.452	179.0
NGC 6991			-0.000042			
NGC 6992		8.00			0.133	
NGC 6993	SBc	1.17	0.020304	NGC identification is not certain; ESO 529- ? 015 applies to nominal pos.	0.796	98.0
NGC 6995		12.00			1.000	
NGC 6997			-0.000065			
NGC 6998	E	0.89	0.040142		0.947	135.0
NGC 6999	S0	0.99	0.037356		0.818	1.0
NGC 7	Sc	0.53	0.005033		0.215	23.0
NGC 70	Sbc	1.39	0.023820		0.822	3.0
NGC 700	S0	0.40	0.015264		0.833	41.0
NGC 7000		30.00			0.250	
NGC 7001	SABa	1.03	0.023730		0.746	169.0
NGC 7002	E	1.66	0.024520		0.790	12.0
NGC 7003	Sbc	0.66	0.017726		0.667	116.0
NGC 7004	S0-a	0.48	0.025284		0.381	70.0
NGC 7006			-0.001278			
NGC 7007	E-S0	1.23	0.009930		0.363	1.0
NGC 7008			-0.000243			
NGC 7009		0.52	-0.000155		0.743	70.0
NGC 701	SBc	1.11	0.006135		0.496	49.0
NGC 7010	E	1.12	0.028698		0.514	47.0
NGC 7012	E	0.81	0.029294		0.491	98.0
NGC 7013	Sa	1.33	0.002602		0.320	158.0
NGC 7014	E	1.77	0.016179		0.872	130.0
NGC 7015	Sbc	1.51	0.016278		0.888	170.0
NGC 7016	E	0.86	0.037408		0.843	90.0
NGC 7017	S0	0.60			0.706	85.0
NGC 7018	E	0.59			0.634	93.0
NGC 7019	SBb	0.39	0.037931		0.527	127.0
NGC 702 NED01		0.17			0.447	95.0
NGC 702 NED02	SBbc	0.72	0.036239		0.699	136.0
NGC 7020	S0-a	1.67	0.010094		0.407	165.0
NGC 7022	S0	1.08	0.007742		0.711	7.0
NGC 7023		8.00			0.800	
NGC 7025	Sa	1.32	0.016496		0.653	45.0
NGC 7026			-0.000134			
NGC 7027			0.000030			
NGC 7028	Sc	0.27	0.016325	Identification as NGC 7028 is very uncertain.	0.422	5.0
NGC 7029	E	1.57	0.009373		0.571	68.0
NGC 703	E-S0	0.69	0.018660		0.697	48.0
NGC 7030	SBab	0.65	0.029500		0.756	36.0
NGC 7031			0.000001			
NGC 7032	Sc	0.99	0.010000		0.846	20.0
NGC 7033	S0-a	0.60	0.030291		0.682	4.0
NGC 7034	E	0.70	0.029714		0.729	122.0
NGC 7035A	S0	0.65	0.031477		0.730	110.0
NGC 7035B	S0	0.91			0.740	88.0
NGC 7038	SABc	1.69	0.016581		0.525	127.0
NGC 7039			-0.000039			
NGC 7040	Sbc	0.74	0.020317		0.712	155.0
NGC 7041	E-S0	1.47	0.006391		0.425	84.0
NGC 7042	Sb	1.56	0.017052		0.876	138.0
NGC 7043	Sa	0.64	0.016908		0.780	129.0
NGC 7044			-0.000162			
NGC 7046	Sc	0.77	0.013873		0.700	113.0
NGC 7047	Sb	0.65	0.019290		0.485	104.0
NGC 7048			-0.000167			
NGC 7049	S0	2.69	0.007315		0.683	64.0
NGC 704A		0.39			0.709	105.0
NGC 704B	E-S0	0.69	0.015770		0.627	139.0
NGC 705	S0-a	0.69	0.014990		0.479	112.0
NGC 7051	Sa	0.92	0.008629		0.736	75.0
NGC 7052	E	0.90	0.015844		0.495	66.0
NGC 7053	S0-a	1.47	0.016630		0.936	25.0
NGC 7056	SBbc	1.03			0.936	60.0
NGC 7057	E-S0	0.81	0.017052		0.596	107.0
NGC 7058			-0.000065	NGC identification is not certain.		
NGC 7059	SABc	1.31	0.005809		0.355	101.0
NGC 706	Sc	1.06	0.016615		0.822	153.0
NGC 7060	SABa	1.09	0.016090		0.540	153.0
NGC 7061	E	0.94	0.030231		0.577	138.0
NGC 7062			-0.000074			
NGC 7063			0.000015			
NGC 7064	SBc	0.70	0.002872		0.187	92.0
NGC 7065	SBab	0.79	0.024941		0.790	29.0
NGC 7065A	Sc	1.04	0.024670		0.945	130.0
NGC 7066	Sa	0.81			0.976	160.0
NGC 7067			-0.000216			
NGC 7068	Sa	0.33	0.017289		0.434	175.0
NGC 7069	E-S0	0.70	0.030985		0.609	17.0
NGC 707	E-S0	0.73	0.017940		0.557	82.0
NGC 7070	Sc	2.16	0.007969		0.864	178.0
NGC 7070A	S0-a	1.70	0.007909		0.769	6.0
NGC 7072	SABc	0.63	0.016615		0.768	81.0
NGC 7072A	SABc	0.61	0.016910		0.762	108.0
NGC 7073	Sb	0.81	0.018548		0.880	170.0
NGC 7074	S0	0.48	0.011695		0.578	120.0
NGC 7075	E	1.09	0.018189		0.752	114.0
NGC 7077	E	0.56	0.003743		0.622	12.0
NGC 7079	S0	1.44	0.009160		0.626	77.0
NGC 708	E	1.23	0.016220		0.480	38.0
NGC 7080	Sb	1.54	0.016111		0.945	100.0
NGC 7081	Sb	0.65	0.010878		0.844	155.0
NGC 7082			-0.000037			
NGC 7083	SBbc	1.98	0.010398		0.556	6.0
NGC 7085	Sb	0.42	0.028925		0.424	148.0
NGC 7086			-0.000067			
NGC 7087	SBab	0.62	0.017366		0.721	47.0
NGC 7088				Nothing at this position.		
NGC 709	E-S0	0.36	0.011928		0.500	128.0
NGC 7090	Sc	1.63	0.002839		0.200	128.0
NGC 7091	Sd	1.31	0.008613		0.704	86.0
NGC 7094			-0.000337			
NGC 7095	SBc	2.21	0.008584		0.815	135.0
NGC 7096	Sa	1.98	0.010270		0.943	125.0
NGC 7096A	Sbc	0.69	0.011129		0.345	104.0
NGC 7097	E	1.36	0.008356		0.720	17.0
NGC 7097A	E	0.44	0.008697		0.629	131.0
NGC 7098	Sa	0.91	0.007936		0.511	62.0
NGC 71	E-S0	1.46	0.022340		0.749	109.0
NGC 710	Sc	0.67	0.020420		0.644	29.0
NGC 7101	E	0.75	0.028420		0.915	165.0
NGC 7102	Sb	0.89	0.016980	The IC identification is uncertain.	0.601	141.0
NGC 7103	E	0.92	0.032410		0.648	63.0
NGC 7104	E	0.73	0.032060		0.924	55.0
NGC 7105	S0	0.74	0.019024		0.490	136.0
NGC 7106	SABc	1.12	0.010959		0.675	85.0
NGC 7107	SBm	0.94	0.007416		0.492	127.0
NGC 7108	E	0.79	0.022960		0.675	53.0
NGC 7109	E	0.81	0.017610		0.931	105.0
NGC 711	S0	0.48	0.016408		0.436	17.0
NGC 7110	Sb	0.73	0.017772		0.521	74.0
NGC 7112	E	0.99	0.019347		1.000	40.0
NGC 7115	Sb	0.59	0.011662		0.309	69.0
NGC 7116	Sc	0.50	0.011781		0.410	105.0
NGC 7117	E-S0	1.00	0.018666		0.585	30.0
NGC 7118	E-S0	1.36	0.017112		0.800	45.0
NGC 7119A	SBbc	0.46	0.033500		0.657	141.0
NGC 7119B	Sc	0.21	0.032510		0.328	24.0
NGC 712	S0	0.71	0.017632		0.657	83.0
NGC 7120	Sb	0.46	0.022891		0.548	136.0
NGC 7121	SBbc	0.62	0.027829		0.530	2.0
NGC 7123	Sa	1.12	0.012459		0.426	145.0
NGC 7124	SBbc	1.06	0.017415		0.414	146.0
NGC 7125	SABc	1.84	0.010057		0.626	95.0
NGC 7126	Sc	1.09	0.010024		0.427	79.0
NGC 7128			-0.000160			
NGC 713	Sb	0.28	0.017350		0.243	95.0
NGC 7130	Sa	1.33	0.016068		0.853	160.0
NGC 7131	S0	0.87	0.018163		0.770	114.0
NGC 7132	Sc	0.72	0.027692		0.800	101.0
NGC 7133				Nothing at this position.		
NGC 7135	E-S0	2.03	0.008748		0.781	45.0
NGC 7137	SABc	1.65	0.005651		0.897	50.0
NGC 7138	SBa	0.62	0.028076		0.517	176.0
NGC 7139			-0.000181			
NGC 714	S0-a	0.35	0.014430		0.240	111.0
NGC 7140	SABb	2.07	0.009952		0.681	18.0
NGC 7142			-0.000166			
NGC 7144	E	3.20	0.006511		0.938	10.0
NGC 7145	E	0.76	0.006304		0.258	150.0
NGC 7146	SABa	0.42	0.029190		0.575	89.0
NGC 7147	S0-a	0.76	0.030728		0.768	90.0
NGC 7149	E	0.86	0.028677		0.662	15.0
NGC 715	Sb	0.36	0.018861		0.409	177.0
NGC 7151	SABc	0.89	0.006253		0.335	73.0
NGC 7152	SBb	0.31	0.021845		0.244	18.0
NGC 7153	Sb	0.28	0.023400		0.147	66.0
NGC 7154	I	1.91	0.008761		0.845	116.0
NGC 7155	S0	1.91	0.006251		0.888	97.0
NGC 7156	SABc	1.22	0.013286		0.871	120.0
NGC 7157	Sa	0.55	0.028953		0.470	12.0
NGC 7159		0.56	0.036270		0.789	115.0
NGC 716	Sa	0.52	0.015410		0.397	59.0
NGC 7160			-0.000068			
NGC 7161				Asterism of Galactic stars.  NGC identification is not certain.		
NGC 7162	Sc	1.10	0.007708		0.362	10.0
NGC 7162A	Sm	1.73	0.007593		0.724	42.0
NGC 7163	Sab	1.04	0.009447		0.479	101.0
NGC 7164	S0-a	0.40	0.064688		0.556	113.0
NGC 7165	Sab	0.92	0.017455		0.821	38.0
NGC 7166	E-S0	0.52	0.008099		0.642	10.0
NGC 7167	SBc	1.30	0.008588		0.710	137.0
NGC 7168	E	1.64	0.009323		0.735	69.0
NGC 7169	E-S0	0.56	0.033600		0.519	75.0
NGC 717	S0-a	0.23	0.016792		0.176	115.0
NGC 7170	E-S0	0.74	0.027624		0.661	166.0
NGC 7171	SBb	1.22	0.009074		0.515	119.0
NGC 7172	Sa	1.82	0.008626		0.662	105.0
NGC 7173	E	1.53	0.009034		0.814	141.0
NGC 7174	Sb	2.20	0.009310		0.876	85.0
NGC 7175			-0.000089			
NGC 7176	E	0.92	0.008458		0.800	75.0
NGC 7177	SABb	1.93	0.003813		0.677	87.0
NGC 7178	SABb	0.45	0.031500		0.385	174.0
NGC 7179	SBbc	1.00	0.009820		0.493	48.0
NGC 718	Sa	2.46	0.005844		0.895	36.0
NGC 7180	E-S0	0.77	0.004917		0.464	65.0
NGC 7181	S0	0.60	0.026365		0.822	69.0
NGC 7182	S0-a	0.43	0.027102		0.544	90.0
NGC 7183	S0-a	1.14	0.008796		0.293	82.0
NGC 7184	SBc	1.26	0.008733		0.211	61.0
NGC 7185	E-S0	1.61	0.006108		0.697	26.0
NGC 7187	S0-a	1.05	0.008906		0.913	65.0
NGC 7188	SBbc	0.74	0.005767		0.420	49.0
NGC 7189	SBb	0.64	0.030090		0.646	121.0
NGC 719	S0	0.71	0.030528		0.703	157.0
NGC 7190	S0-a	0.48	0.029610		0.500	64.0
NGC 7191	SABc	0.73	0.010010		0.399	138.0
NGC 7192	E	2.31	0.009677		0.955	0.0
NGC 7194	E	0.89	0.027180		0.679	18.0
NGC 7195	S0-a	0.53	0.026340		0.768	46.0
NGC 7196	E	2.06	0.009767		0.746	59.0
NGC 7197	Sa	0.85	0.015014		0.509	111.0
NGC 7198	S0	0.75	0.015704		0.765	0.0
NGC 7199	SBa	0.90	0.009609		0.744	30.0
NGC 72	Sab	1.06	0.023130		0.914	85.0
NGC 720	E	2.37	0.005400		0.528	142.0
NGC 7200	E	1.00	0.009667		0.781	45.0
NGC 7201	Sa	0.55	0.015000		0.331	128.0
NGC 7203	S0-a	0.58	0.013686		0.537	68.0
NGC 7204A	SBab	0.44	0.008677		0.473	78.0
NGC 7204B	S0-a	0.28	0.008677		0.262	88.0
NGC 7205	Sbc	1.71	0.005640		0.462	63.0
NGC 7205A	SABc	0.84	0.024130		0.730	72.0
NGC 7206	S0	0.92	0.031572		0.773	142.0
NGC 7207	S0	0.26	0.029760		0.394	102.0
NGC 7208	S0	0.60	0.008863		0.659	136.0
NGC 7209			-0.000032			
NGC 721	Sbc	0.83	0.018566		0.593	124.0
NGC 7211	S0	0.63	0.027953		0.818	74.0
NGC 7212	Sb	0.46			0.341	32.0
NGC 7213	Sa	3.89	0.005869		0.804	121.0
NGC 7214	Sbc	1.35	0.023055		0.696	45.0
NGC 7215	S0	0.37	0.013370		0.407	90.0
NGC 7216	E	1.10	0.011608		0.683	127.0
NGC 7217	Sab	3.84	0.003166		0.850	90.0
NGC 7218	Sc	1.07	0.005551		0.420	35.0
NGC 7219	SABa	1.10	0.009955		0.601	38.0
NGC 722	Sb	0.47	0.016375		0.416	137.0
NGC 7220	S0	0.72	0.017789		0.800	7.0
NGC 7221	Sbc	1.46	0.014641		0.638	13.0
NGC 7222	SBab	1.06	0.041429		0.991	65.0
NGC 7223	SBc	1.13	0.015537		0.801	126.0
NGC 7224	E	0.91	0.040601		0.603	108.0
NGC 7225	S0-a	1.02	0.016338		0.520	140.0
NGC 7226			-0.000253			
NGC 7227	S0	0.59	0.021768		0.476	9.0
NGC 7228	SBa	0.84	0.021748		0.609	145.0
NGC 7229	Sc	1.25	0.014416		0.856	116.0
NGC 723	Sbc	1.04	0.004973		0.776	135.0
NGC 7230	SBbc	0.91	0.014766		0.910	10.0
NGC 7231	SBa	0.60	0.003536		0.355	87.0
NGC 7232	S0-a	1.04	0.006375		0.364	100.0
NGC 7232A	SBab	0.31	0.008019		0.143	110.0
NGC 7232B	SBm	1.48	0.007215		0.881	1.0
NGC 7233	S0-a	1.55	0.006328		0.891	75.0
NGC 7236	E-S0	0.81	0.026170		0.587	156.0
NGC 7237	E-S0	0.86	0.026210		0.434	143.0
NGC 7238				Nothing at this position.		
NGC 7239	E-S0	0.66	0.026369		0.680	82.0
NGC 7240	E-S0	0.60	0.020164		1.000	125.0
NGC 7241	SBbc	0.72	0.004817		0.262	26.0
NGC 7242 NED01	E	0.31	0.019000		0.252	26.0
NGC 7242 NED02		0.22			0.759	72.0
NGC 7243			-0.000042			
NGC 7244	E?	0.46	0.025174		0.505	0.0
NGC 7245			-0.000245			
NGC 7246	Sa	0.86	0.013849		0.381	174.0
NGC 7247	SBb	0.67	0.008223		0.523	6.0
NGC 7248	E-S0	0.78	0.014735		0.453	133.0
NGC 7249	S0	0.69	0.040406		0.711	132.0
NGC 725	Sc	0.55	0.034988		0.618	77.0
NGC 7250	Scd	0.94	0.003900		0.443	160.0
NGC 7251	Sa	1.48	0.016364		0.886	10.0
NGC 7252	S0	1.71	0.015800		0.924	95.0
NGC 7253A	SABc	0.41	0.015670		0.263	124.0
NGC 7253B	Sc	0.44	0.016160		0.344	68.0
NGC 7254	SBb	0.64	0.009124		0.492	114.0
NGC 7255	Sa	0.31	0.016900		0.211	116.0
NGC 7257	SABb	1.23	0.016700		0.680	5.0
NGC 7258	Sb	0.65	0.012889		0.422	142.0
NGC 7259	Sb	0.97	0.005965		0.776	57.0
NGC 726	SBd	0.44	0.017994		0.407	104.0
NGC 7261			-0.000238			
NGC 7262	S0	0.78	0.027386		0.907	140.0
NGC 7263	S0-a	0.76	0.020634		0.809	55.0
NGC 7264	Sb	0.30	0.014460		0.151	56.0
NGC 7265	E-S0	1.79	0.016902		0.722	166.0
NGC 7266	Sa	0.58	0.016328		0.806	90.0
NGC 7267	SBa	1.50	0.011426		0.867	121.0
NGC 7268 NED01	S0	0.72	0.028791		0.558	78.0
NGC 7268 NED02	E	0.44			0.440	73.0
NGC 7269	SBb	0.74	0.032224		0.725	142.0
NGC 727	Sab	0.62	0.033543		0.525	74.0
NGC 7270	Sab	0.55	0.022222		0.591	88.0
NGC 7271		0.29	0.022040		0.475	118.0
NGC 7272	SBa	0.97	0.034037		0.890	52.0
NGC 7273	S0	0.54	0.016765		0.635	10.0
NGC 7274	E	1.52	0.019757		0.831	60.0
NGC 7275	Sa	0.26	0.021792		0.224	36.0
NGC 7276	E	0.85	0.019934		0.850	156.0
NGC 7277	Sb	0.54	0.013452		0.422	125.0
NGC 7278	SBc	0.38	0.041900		0.500	1.0
NGC 7279	Sc	0.88	0.030244		0.710	67.0
NGC 7280	S0-a	1.29	0.006184		0.642	76.0
NGC 7282	Sb	0.20	0.015150		0.253	40.0
NGC 7283	Sab	0.38	0.024580	NGC identification is very uncertain; N7283 could be a double star.	0.437	15.0
NGC 7284	S0	1.44	0.015575		0.791	64.0
NGC 7285	SBa	1.54	0.014871		0.575	65.0
NGC 7286	S0-a	0.56	0.003222		0.309	97.0
NGC 7287A	S0	0.34	0.039710		0.548	170.0
NGC 7287B		0.32	0.039711		0.516	68.0
NGC 7288	Sa	1.01	0.016382		0.526	83.0
NGC 7289	S0	1.21	0.028240		0.742	141.0
NGC 7290	Sbc	0.72	0.009677		0.483	158.0
NGC 7291	S0	1.05	0.034354		0.648	59.0
NGC 7292	I	1.22	0.002996		0.670	113.0
NGC 7293			-0.000050			
NGC 7294	S0	1.15	0.033880		0.548	42.0
NGC 7297	SBbc	0.49	0.036459		0.583	121.0
NGC 7298	Sc	1.00	0.016986		0.781	4.0
NGC 7299	Sc	0.65	0.030208		0.970	175.0
NGC 72A	E	0.29	0.022752		0.763	155.0
NGC 73	SABb	1.01	0.025785		0.601	145.0
NGC 7300	SABb	0.80	0.016498	The IC identification is not certain.	0.388	162.0
NGC 7301	SBab	0.27	0.024437		0.318	0.0
NGC 7302	E-S0	1.09	0.008779		0.630	95.0
NGC 7303	Sbc	1.19	0.012006		0.773	117.0
NGC 7304				Three Galactic stars.  NGC identification is very uncertain.		
NGC 7305	E	0.83	0.026031		0.965	90.0
NGC 7306	SBb	0.79	0.011876		0.436	60.0
NGC 7307	Sc	0.87	0.006992		0.227	9.0
NGC 7308	E-S0	0.92	0.025995		0.724	152.0
NGC 7309	SABc	1.86	0.013455		0.894	120.0
NGC 731	E	1.50	0.013010		0.882	156.0
NGC 7310	SBbc	0.73	0.032502		0.768	37.0
NGC 7311	Sab	0.68	0.015131		0.463	11.0
NGC 7312	Sb	0.63	0.027562		0.677	79.0
NGC 7313	SBb	0.42	0.019193		0.600	165.0
NGC 7314	SABb	1.71	0.004771		0.406	3.0
NGC 7315	S0	1.58	0.021100		1.000	20.0
NGC 7316	SBbc	1.01	0.018499		0.849	66.0
NGC 7317	E	0.77	0.022260		0.963	150.0
NGC 7318A	E	1.33	0.002610		0.905	90.0
NGC 7318B	SBbc	1.32	0.019449		0.557	24.0
NGC 7319	Sbc	1.04	0.022823		0.623	112.0
NGC 732	S0	0.57	0.019660		0.582	12.0
NGC 7320	Scd	1.40	0.002625		0.549	132.0
NGC 7320C	S0-a	0.48	0.019987		0.814	29.0
NGC 7321	SBb	0.97	0.023984		0.688	18.0
NGC 7322	S0-a	0.62	0.038700		0.596	115.0
NGC 7323	Sb	0.87	0.018706		0.744	175.0
NGC 7324	S0	0.63	0.032556		0.553	163.0
NGC 7327		0.29		NGC identification is very uncertain; N7327 could be a star.	0.569	0.0
NGC 7328	Sab	0.67	0.009376		0.344	87.0
NGC 7329	SBbc	2.37	0.010940		0.760	105.0
NGC 7330	E	1.59	0.017569		0.930	70.0
NGC 7331	Sbc	3.76	0.002732		0.406	170.0
NGC 7332	S0	0.71	0.004069		0.241	154.0
NGC 7335	S0-a	0.54	0.021248		0.429	150.0
NGC 7336	SABa	0.47	0.029797		0.770	131.0
NGC 7337	SBab	0.80	0.022012		0.784	5.0
NGC 7338				NGC identification is not certain.		
NGC 7339	SABb	0.95	0.004483		0.296	92.0
NGC 734	SBab	0.40	0.040733		0.533	60.0
NGC 7340	E	0.55	0.021348		0.640	170.0
NGC 7341	SABa	0.95	0.014660		0.397	93.0
NGC 7342	SBa	1.25	0.026925		0.954	125.0
NGC 7343	Sb	0.73	0.024750		0.802	169.0
NGC 7344	SBab	0.55	0.024490		0.447	10.0
NGC 7345	Sa	0.19	0.026020		0.174	40.0
NGC 7346	E?	0.28	0.039062		0.737	52.0
NGC 7347	Sbc	0.34	0.007479		0.219	131.0
NGC 7348	SABc	0.58	0.024600		0.574	12.0
NGC 7349	SBb	0.41	0.015220		0.342	165.0
NGC 735	Sb	0.41	0.015441		0.256	136.0
NGC 7351	S0	0.84	0.002929		0.525	2.0
NGC 7353	Sc	0.47			0.723	130.0
NGC 7354			-0.000142			
NGC 7355	Sb	0.44	0.040365		0.423	44.0
NGC 7356	Sbc	0.58	0.024283		0.460	75.0
NGC 7357	Sb	0.37	0.023984		0.638	123.0
NGC 7358	S0	0.69	0.011100		0.324	174.0
NGC 7359	S0	0.50	0.011178		0.229	57.0
NGC 736	E	1.64	0.014567		0.896	130.0
NGC 7360	E	0.42	0.015594		0.519	153.0
NGC 7361	Sc	0.85	0.004184		0.271	8.0
NGC 7362	E	0.89	0.025478		0.685	175.0
NGC 7363	SABc	0.86			1.000	35.0
NGC 7364	S0-a	1.12	0.016160		0.679	66.0
NGC 7365	E-S0	1.08	0.010260		0.603	23.0
NGC 7366		0.34	0.038810		1.000	150.0
NGC 7367	Sab	0.37	0.024097		0.259	123.0
NGC 7368	SBb	0.56	0.007869		0.196	130.0
NGC 7369	Sc	0.73	0.022189		0.849	27.0
NGC 7370		0.49	0.029620		0.754	120.0
NGC 7371	S0-a	1.92	0.009011		0.919	160.0
NGC 7372	Sbc	0.73	0.038987		0.723	67.0
NGC 7373	S0	0.55	0.015671		0.529	8.0
NGC 7374	Sbc	0.71	0.023653		0.816	60.0
NGC 7374B	E-S0	0.46	0.024831		0.590	166.0
NGC 7375	S0-a	0.67	0.023279		0.728	57.0
NGC 7376	S0-a	0.44			0.638	140.0
NGC 7377	S0-a	3.13	0.011201		0.798	99.0
NGC 7378	SBab	0.85	0.008666		0.559	0.0
NGC 7379	SBa	0.92	0.017886		0.736	93.0
NGC 738	S0	0.31	0.014610		0.886	
NGC 7380		20.00	-0.000114		0.800	
NGC 7381	Sc	0.47	0.015240		0.691	108.0
NGC 7382	Sa	0.30	0.038680		0.405	109.0
NGC 7383	S0	0.73	0.026759		0.849	166.0
NGC 7385	E	1.19	0.026165		0.617	83.0
NGC 7386	S0	1.30	0.024167		0.637	144.0
NGC 7387	E	0.63	0.023113		0.630	45.0
NGC 7389	SBa	0.71	0.026332		0.490	168.0
NGC 739	S0-a	0.52	0.015050		0.642	133.0
NGC 7390		0.65	0.025895		0.793	173.0
NGC 7391	E	1.29	0.010160		0.866	96.0
NGC 7392	SBbc	1.19	0.010619		0.531	120.0
NGC 7393	SBc	0.60	0.012569		0.294	92.0
NGC 7395	S0	1.04	0.018823		0.904	110.0
NGC 7396	Sa	1.03	0.016430		0.582	98.0
NGC 7397	S0-a	0.47	0.015720		0.662	162.0
NGC 7398	SBa	0.70	0.015700		0.667	74.0
NGC 7399	S0-a	0.73	0.014860		0.646	149.0
NGC 74	Sbc	0.35	0.023933		0.422	131.0
NGC 740	SBb	0.34	0.015434		0.217	138.0
NGC 7400	Sbc	0.57	0.010049		0.236	2.0
NGC 7401	SBab	0.47	0.016450		0.627	90.0
NGC 7402	S0	0.29	0.015430		0.690	46.0
NGC 7404	E-S0	0.93	0.006281		0.571	2.0
NGC 7405	Sc	0.23		The NGC identification is very uncertain.	0.697	95.0
NGC 7406	Sb	0.65	0.005408		0.707	75.0
NGC 7407	Sc	0.79			0.473	154.0
NGC 7408	SBc	0.70	0.011711		0.366	168.0
NGC 7409	S0	0.45	0.022580		0.776	159.0
NGC 741	E	2.33	0.018560		0.823	93.0
NGC 7410	SBa	1.77	0.005581		0.295	43.0
NGC 7411	E	0.90	0.022489		0.900	127.0
NGC 7412	SBb	2.79	0.005713		0.736	75.0
NGC 7412A	SBd	0.42	0.003101		0.712	92.0
NGC 7413	E-S0	0.80	0.032530		0.702	64.0
NGC 7414	S0	0.28	0.032850		0.452	172.0
NGC 7415	Sab	0.21	0.040140		0.256	128.0
NGC 7416	SBb	0.60	0.009567		0.195	110.0
NGC 7417	SBab	1.45	0.010718		0.656	11.0
NGC 7418	Sc	2.83	0.004874		0.773	139.0
NGC 7418A	Scd	0.88	0.007048		0.503	81.0
NGC 7419			-0.000247			
NGC 742	E-S0	0.19	0.019680		1.000	
NGC 7420	Sb	0.77	0.031552		0.906	50.0
NGC 7421	Sbc	1.95	0.006024		0.819	85.0
NGC 7422	SBb	0.63	0.016060		0.759	146.0
NGC 7423			-0.000128			
NGC 7424	Sc	2.69	0.003133		0.537	125.0
NGC 7425	S0-a	0.59	0.024363		0.608	63.0
NGC 7426	E	1.22	0.017746		0.777	72.0
NGC 7427		0.50	0.032370		0.862	102.0
NGC 7428	Sa	0.83	0.010405		0.912	65.0
NGC 743			-0.000061			
NGC 7430	S0	0.27	0.022209		0.450	60.0
NGC 7431		0.20			0.769	125.0
NGC 7432	E	0.92	0.025190		0.586	40.0
NGC 7433	Sbc	0.30	0.025639		0.385	47.0
NGC 7434	E-S0	0.30	0.026650		0.492	80.0
NGC 7435	SBa	0.42	0.024097		0.321	112.0
NGC 7436A	Sbc	0.25	0.025677		0.347	98.0
NGC 7436B	E	1.48	0.024600		0.759	49.0
NGC 7437	SABc	1.64	0.007077		0.959	145.0
NGC 7438			-0.000057			
NGC 7439	S0	0.56	0.031478		0.544	165.0
NGC 744			-0.000085			
NGC 7440	Sa	0.93	0.018890		0.802	50.0
NGC 7441	Sc	0.77	0.014857	The identification as NGC 7441 is not certain.	0.597	160.0
NGC 7442	Sc	0.95	0.024555		0.941	95.0
NGC 7443	S0-a	0.69	0.010924		0.399	41.0
NGC 7444	S0	0.58	0.010167		0.400	1.0
NGC 7445	S0-a	0.17	0.017173		0.254	85.0
NGC 7446	E	1.14	0.018150		0.905	110.0
NGC 7447				Nothing at this position.		
NGC 7448	Sc	0.81	0.007305		0.391	171.0
NGC 7449	E	0.80	0.017102		0.784	130.0
NGC 745 NED01	S0-a	1.11	0.019925		0.634	36.0
NGC 745 NED02		0.11			1.000	0.0
NGC 745 NED03	E-S0	0.41	0.020250		0.363	104.0
NGC 7450	S0-a	1.46	0.010701		0.948	25.0
NGC 7451	Sbc	0.54	0.022342		0.486	65.0
NGC 7452		0.37		NGC identification is not certain.	0.725	25.0
NGC 7454	E	0.75	0.006665		0.487	140.0
NGC 7455		0.40	0.025648		0.571	163.0
NGC 7456	Sc	1.76	0.004018		0.342	22.0
NGC 7457	E-S0	2.25	0.002685		0.570	128.0
NGC 7458	E	0.82	0.016615		0.796	14.0
NGC 7459 NED01	E	0.78	0.041001	NGC identification is not certain.	0.591	61.0
NGC 7459 NED02		0.23		NGC identification is not certain.	0.852	141.0
NGC 746	I	1.29	0.002275		0.709	86.0
NGC 7460	SBb	0.81	0.010767		0.711	25.0
NGC 7461	S0	0.83	0.014253		0.883	166.0
NGC 7462	SBbc	0.84	0.003532		0.168	76.0
NGC 7463	SABb	0.44	0.008670		0.278	92.0
NGC 7464	E	0.49	0.006740		0.942	35.0
NGC 7465	S0	0.64	0.007360		0.604	162.0
NGC 7466	Sb	0.59	0.025235		0.383	25.0
NGC 7467	S0	0.58	0.038861		0.716	26.0
NGC 7468	E	0.67	0.006985		0.817	28.0
NGC 7469	Sa	1.21	0.015880		0.877	126.0
NGC 747	Sb	0.59	0.017900		0.513	177.0
NGC 7470	Sbc	1.02	0.012372		0.658	93.0
NGC 7471				Nominal position for NGC 7471; nothing here.		
NGC 7472	E	0.49	0.016605		0.653	55.0
NGC 7473	S0	0.49	0.023153		0.450	42.0
NGC 7474	E	0.62	0.033850		0.785	8.0
NGC 7475 NED01	E	0.91	0.038021		0.645	62.0
NGC 7475 NED02		0.45	0.036913		1.000	
NGC 7476	SBab	1.06	0.009740		0.797	178.0
NGC 7477		0.17			0.447	23.0
NGC 7478	Sa	0.38			0.884	9.0
NGC 7479	SBbc	2.72	0.007935		0.745	26.0
NGC 748	Sb	1.02	0.017679		0.398	146.0
NGC 7480	S0-a	0.27	0.015934		0.205	101.0
NGC 7481				Nothing at this position.		
NGC 7483	Sa	0.83	0.016478		0.580	116.0
NGC 7484	E	1.00	0.009133		0.917	0.0
NGC 7485	S0	0.76	0.019457		0.503	145.0
NGC 7487	E	1.14	0.031882		0.633	166.0
NGC 7488	E-S0	0.41	0.041850		0.661	22.0
NGC 7489	Sc	0.65	0.020925		0.533	165.0
NGC 749	S0-a	1.27	0.014637		0.614	109.0
NGC 7490	Sb	1.76	0.020724		0.972	70.0
NGC 7491	Sbc	0.58	0.020768		0.690	174.0
NGC 7492			-0.000589			
NGC 7494	E	0.65	0.026680		0.747	85.0
NGC 7495	SABc	1.44	0.016298		0.894	12.0
NGC 7496	Sb	2.17	0.005512		0.638	169.0
NGC 7496A	SBm	1.23	0.005350		0.854	84.0
NGC 7497	Sc	0.97	0.005694		0.353	45.0
NGC 7498	Sa	0.44	0.026043		0.463	3.0
NGC 7499	S0	0.86	0.039470		0.555	11.0
NGC 75	S0	1.82	0.019273		1.000	70.0
NGC 750	E	1.41	0.017520		0.953	170.0
NGC 7500	S0	1.03	0.035435		0.682	121.0
NGC 7501	E	0.90	0.042100		0.882	157.0
NGC 7503	E	0.84	0.044070		0.884	76.0
NGC 7504				NGC identification is not certain.		
NGC 7505	S0-a	0.39	0.022760		0.390	110.0
NGC 7506	S0-a	0.61	0.012989		0.488	94.0
NGC 7507	E	3.20	0.005260		0.961	90.0
NGC 7508	Sa	0.26	0.041471		0.321	160.0
NGC 7509	E	1.22	0.016220		0.924	155.0
NGC 751	E	1.30	0.018127		0.793	139.0
NGC 7510			0.000213			
NGC 7511	Sb	0.51	0.016390		0.505	130.0
NGC 7512	E	1.12	0.023436		0.589	36.0
NGC 7513	SBb	1.92	0.005230		0.602	100.0
NGC 7514	Sbc	0.89	0.016285		0.685	134.0
NGC 7515	Sbc	1.43	0.014917		0.867	10.0
NGC 7516	S0	0.91	0.016705		0.722	99.0
NGC 7517	E	0.35	0.024237		0.614	163.0
NGC 7518	SABa	0.75	0.011781		0.595	117.0
NGC 7519	Sb	0.83	0.035398		0.748	168.0
NGC 752			0.000016			
NGC 7520				Nominal position for NGC 7520; nothing here.  NGC 7520 may be IC 5290.		
NGC 7521	S0	0.40	0.023033		0.769	172.0
NGC 7522				NGC identification is uncertain.		
NGC 7523	Sb	0.29	0.039810		0.220	2.0
NGC 7524	S0-a	0.25	0.023336		0.309	176.0
NGC 7525 NED01	E?	0.10	0.039840		0.833	23.0
NGC 7525 NED02		0.69	0.040902		0.873	16.0
NGC 7527	E	0.79	0.026652		0.658	163.0
NGC 7528		0.48	0.029240		0.738	0.0
NGC 7529	Sbc	0.73	0.015157		0.912	65.0
NGC 753	SABc	0.87	0.016355		0.630	131.0
NGC 7530	S0-a	0.38	0.011798		0.400	115.0
NGC 7531	SABb	1.72	0.005333		0.418	17.0
NGC 7532	S0-a	0.42	0.011898		0.318	161.0
NGC 7533	S0-a	0.22	0.026020		0.333	126.0
NGC 7534	IB	0.52	0.011651		0.525	6.0
NGC 7535	Scd	1.44	0.016280		0.986	40.0
NGC 7536	SBbc	0.70	0.015660		0.440	56.0
NGC 7537	Sbc	0.48	0.009633		0.261	74.0
NGC 7538		7.00	-0.000216		0.875	
NGC 7539	S0	0.95	0.020224		0.819	151.0
NGC 754	E	0.57	0.020446		0.934	80.0
NGC 7540	S0-a	0.48	0.025961		0.727	141.0
NGC 7541	SBc	1.00	0.009470		0.330	102.0
NGC 7542	S0	0.65	0.040313		0.684	112.0
NGC 7543	Sb	0.95	0.023296		0.683	145.0
NGC 7544	S0	0.27	0.023570		0.360	76.0
NGC 7545	Sb	0.78	0.007036		0.609	84.0
NGC 7546	SABb	0.53	0.027516		0.803	12.0
NGC 7547	Sa	0.44	0.017268		0.415	104.0
NGC 7548	S0	0.88	0.026525		0.830	22.0
NGC 7549	Sc	0.75	0.015707		0.405	33.0
NGC 755	SBbc	0.90	0.005490		0.314	53.0
NGC 7550	E-S0	1.41	0.017295		0.972	150.0
NGC 7551		0.47	0.025961		0.758	155.0
NGC 7552	Sab	3.58	0.005407		0.923	95.0
NGC 7553	E	0.52	0.017407	NGC identification is not certain.	0.754	150.0
NGC 7554	E	0.73			0.745	159.0
NGC 7555				Nothing at this position.  N7555 may be N7515, N7536, N7559, N7563, or N7570.		
NGC 7556	E-S0	1.34	0.024954		0.623	104.0
NGC 7556A		0.20			0.714	32.0
NGC 7557	S0	0.62	0.012389		0.912	163.0
NGC 7558	S0-a	0.71	0.030076		0.798	65.0
NGC 7559A	S0-a	0.43	0.015334		0.717	38.0
NGC 7559B	E-S0	1.17	0.015230		0.907	66.0
NGC 756	S0	0.48			0.716	25.0
NGC 7562	E	1.59	0.011958		0.729	84.0
NGC 7562A	Sd	0.32	0.011691		0.242	179.0
NGC 7563	Sa	0.92	0.014330		0.601	143.0
NGC 7565				Nothing at this position on the POSS.		
NGC 7566	SBa	0.65	0.026910		0.411	99.0
NGC 7567	Sd	0.26	0.014383		0.286	73.0
NGC 7568	SBb	0.60	0.028043		0.667	123.0
NGC 7569	S0	0.62	0.021442		0.646	92.0
NGC 7570	Sa	0.80	0.015843		0.506	29.0
NGC 7571	S0	0.91	0.037540		0.758	133.0
NGC 7572	S0-a	0.50			0.495	162.0
NGC 7573	SBc	0.90	0.026695		0.726	33.0
NGC 7575	S0-a	0.40	0.033533	NGC identification is not certain.	0.519	107.0
NGC 7576	S0-a	0.69	0.011902		0.690	160.0
NGC 7577		0.27			0.711	65.0
NGC 7578A	S0	0.59	0.040771		0.855	166.0
NGC 7578B	E	1.20	0.041001		0.690	7.0
NGC 7579		0.33	0.041070		0.733	49.0
NGC 758	S0	0.61	0.043505		0.792	95.0
NGC 7580	Sb	0.65	0.014710		0.823	41.0
NGC 7582	SBab	3.18	0.005264		0.458	156.0
NGC 7583	S0-a	0.91	0.042062		1.000	75.0
NGC 7584		0.77	0.043066		0.906	18.0
NGC 7585	S0-a	1.92	0.011190		0.753	95.0
NGC 7586		0.54	0.026660		0.857	146.0
NGC 7587	SBab	0.27	0.029270		0.241	124.0
NGC 7588	S0-a	0.21	0.036320		0.457	101.0
NGC 7589	SABa	0.57	0.029790		0.594	91.0
NGC 759	E	1.06	0.015570		0.946	10.0
NGC 7590	Sbc	1.23	0.005362		0.406	34.0
NGC 7591	SBbc	0.72	0.016636		0.447	147.0
NGC 7592A		0.24	0.024617		0.429	25.0
NGC 7592B	Sb	0.35	0.024480		0.402	90.0
NGC 7592C		0.15			0.682	56.0
NGC 7593	Sb	0.60	0.013649		0.577	103.0
NGC 7594	Sb	0.72	0.036132		0.558	23.0
NGC 7595	E	0.60	0.041850		0.857	125.0
NGC 7596	S0	0.45	0.023900		0.484	7.0
NGC 7598	E	0.30	0.037800		1.000	90.0
NGC 7599	SBc	1.58	0.005523		0.328	55.0
NGC 76	E	1.00	0.024734		0.781	78.0
NGC 7600	E-S0	0.99	0.011541		0.474	62.0
NGC 7601	SABb	0.75	0.026759		0.743	91.0
NGC 7602	S0-a	0.49	0.039350		0.790	142.0
NGC 7603	Sb	0.63	0.032500		0.525	163.0
NGC 7604		0.26			0.619	102.0
NGC 7606	Sb	4.47	0.007482		0.850	145.0
NGC 7608	Sbc	0.39	0.011658		0.273	19.0
NGC 7609 NED01	E	0.87	0.040472		0.744	88.0
NGC 7609 NED02	Sm	0.34	0.042080		0.459	26.0
NGC 761	SBa	0.51	0.016500		0.345	145.0
NGC 7610	SABc	0.90	0.011855		0.415	79.0
NGC 7611	S0-a	0.79	0.011064		0.465	139.0
NGC 7612	S0	0.72	0.010710		0.442	3.0
NGC 7613				Nothing at this position.		
NGC 7614				Nothing at this position.		
NGC 7615	Sb	0.29	0.014920		0.349	143.0
NGC 7617	S0	0.63	0.014590		0.670	20.0
NGC 7618	E	0.99	0.017385		0.805	5.0
NGC 7619	E	1.97	0.013240		0.779	30.0
NGC 762	Sa	1.09	0.016458		0.879	35.0
NGC 7620	Sc	0.91	0.031962		0.968	105.0
NGC 7621		0.18	0.012872		0.265	175.0
NGC 7622	E-S0	0.43	0.026390		0.319	61.0
NGC 7623	S0	0.95	0.012289		0.709	0.0
NGC 7624	SABc	0.88	0.014250		0.677	31.0
NGC 7625	Sa	1.43	0.005381		0.966	35.0
NGC 7626	E	2.10	0.011371		0.840	21.0
NGC 7627	Sa	0.46	0.026241		0.313	138.0
NGC 7628	E	1.09	0.013963		0.801	123.0
NGC 7629	S0	0.61	0.030414		0.649	179.0
NGC 7630	Sb	0.33	0.041659		0.371	163.0
NGC 7631	Sb	0.83	0.012522		0.446	78.0
NGC 7632	S0	1.29	0.005124		0.504	96.0
NGC 7633	S0-a	1.34	0.012505		0.609	85.0
NGC 7634	S0	0.88	0.010677		0.727	97.0
NGC 7635		8.00			0.533	
NGC 7636	S0	0.42	0.022946		0.408	31.0
NGC 7637	Sc	1.83	0.012466		0.880	5.0
NGC 7638		0.46			0.708	175.0
NGC 7639	E	0.55	0.026882		0.743	141.0
NGC 764				Identification as NGC 0764 is uncertain.		
NGC 7640	Sc	1.67	0.001234		0.206	167.0
NGC 7642	Sa	0.45	0.029860		0.918	65.0
NGC 7643	Sab	0.81	0.012842		0.551	44.0
NGC 7645	SBc	1.08	0.023325		0.684	1.0
NGC 7646	SBc	0.54	0.023540	Identification as NGC 7646 is not certain.	0.557	135.0
NGC 7647	E	0.91	0.041170		0.503	176.0
NGC 7648	S0	0.98	0.011610		0.628	84.0
NGC 7649	E	1.03	0.041610		0.632	76.0
NGC 765	SABb	2.62	0.017058		1.000	25.0
NGC 7650	SBc	0.58	0.011304		0.403	149.0
NGC 7651 NED01	E	1.12	0.042420		0.889	120.0
NGC 7651 NED02		0.41			0.854	50.0
NGC 7652	Sa	0.77	0.033620		0.642	92.0
NGC 7653	Sb	1.40	0.014200		0.864	172.0
NGC 7655	S0	0.66	0.013010		0.868	78.0
NGC 7656	S0	0.33	0.025287		0.340	34.0
NGC 7657	Sd	0.37	0.010648		0.253	110.0
NGC 7658A	S0	0.36	0.036452		0.537	136.0
NGC 7658B	S0-a	0.38	0.035853		0.380	128.0
NGC 7659	S0-a	0.37	0.013249		0.374	109.0
NGC 766	E	1.11	0.027055		0.613	27.0
NGC 7660	E	0.66	0.019026		0.340	26.0
NGC 7661	SBc	1.18	0.006815		0.641	26.0
NGC 7662			-0.000041			
NGC 7663	I	0.27	0.019148		0.692	2.0
NGC 7664	Sc	0.95	0.011630		0.625	88.0
NGC 7665	SBm	0.72	0.016030		0.947	15.0
NGC 7666				Nothing at this position.		
NGC 7667	Sm	0.35	0.009073		0.333	80.0
NGC 7668				Nothing at this position.		
NGC 7669				Nothing at this position.		
NGC 767	SBb	0.35			0.276	164.0
NGC 7670				Nothing at this position.		
NGC 7671	S0	0.74	0.012960		0.532	137.0
NGC 7672	Sb	0.64	0.013609		0.753	60.0
NGC 7673	Sc	0.43	0.011310		0.413	123.0
NGC 7674	SBbc	1.01	0.029447		0.902	165.0
NGC 7675	E-S0	0.48	0.029165		0.640	43.0
NGC 7676	E-S0	0.65	0.011274		0.314	86.0
NGC 7677	SABb	0.61	0.011870		0.540	29.0
NGC 7678	Sc	1.47	0.011670		0.735	17.0
NGC 7679	S0-a	0.78	0.017139		0.634	86.0
NGC 768	SBbc	0.59	0.023340		0.378	29.0
NGC 7680	E-S0	1.67	0.017130		1.000	45.0
NGC 7681	S0	0.67	0.022939		0.465	63.0
NGC 7682	Sab	1.07	0.017078		0.930	160.0
NGC 7683	S0	0.94	0.012392		0.477	140.0
NGC 7684	S0-a	0.46	0.017210		0.291	18.0
NGC 7685	SABc	1.21	0.018820		0.725	174.0
NGC 7686			0.000020			
NGC 7687	S0	0.94	0.015544		0.862	88.0
NGC 7688	S0	0.67			0.713	95.0
NGC 7689	SABc	1.97	0.006578		0.635	141.0
NGC 769	Sc	0.49	0.014800		0.576	70.0
NGC 7690	Sb	0.85	0.005005		0.394	130.0
NGC 7691	Sbc	1.35	0.013450		0.808	161.0
NGC 7692	I	0.42	0.017400		0.840	77.0
NGC 7693	S0-a	0.51	0.008599		0.622	171.0
NGC 7694	I	0.75	0.007636		0.547	92.0
NGC 7695	S?	0.33	0.007415		0.589	68.0
NGC 7696	S0-a	0.42	0.018913		0.553	100.0
NGC 7697	Sb	0.37	0.006738		0.220	86.0
NGC 7698	S0	0.84	0.023423		0.800	171.0
NGC 7699	Sa	0.39	0.018280		0.565	97.0
NGC 77	E-S0	0.44	0.065184		0.917	150.0
NGC 770	E	0.62	0.008820		0.681	15.0
NGC 7700	S0-a	0.38	0.017135		0.186	155.0
NGC 7701	S0-a	0.83	0.017318		0.669	8.0
NGC 7702	S0-a	1.05	0.010594		0.488	118.0
NGC 7703	S0	0.42	0.013289		0.187	145.0
NGC 7704	E-S0	0.84	0.019269		0.764	71.0
NGC 7705	S0	0.42	0.018820		0.724	105.0
NGC 7706	S0	0.89	0.018760		0.788	123.0
NGC 7707	E-S0	1.01	0.018353		0.748	20.0
NGC 7709	S0	0.37	0.006006		0.167	69.0
NGC 771			-0.000061			
NGC 7710	S0	0.52	0.008573		0.441	134.0
NGC 7711	S0	0.94	0.013539		0.387	93.0
NGC 7712	Sc	0.71	0.010174		0.789	109.0
NGC 7713	Scd	2.13	0.002322		0.434	170.0
NGC 7713A	Sc	1.26	0.010087		0.792	81.0
NGC 7714	Sb	1.58	0.009350		0.725	8.0
NGC 7715	I	0.39	0.009190		0.189	79.0
NGC 7716	Sb	1.27	0.008719		0.694	34.0
NGC 7717	S0-a	1.33	0.011388		0.778	5.0
NGC 7718	Sab	0.75	0.031478		0.728	153.0
NGC 7719	Sab	0.51	0.031800		0.567	51.0
NGC 772	Sb	2.52	0.008320		0.551	131.0
NGC 7720 NED01	E	1.26	0.030350		0.834	25.0
NGC 7720A	E	0.66	0.026972		0.971	
NGC 7721	Sc	0.77	0.006736		0.250	16.0
NGC 7722	S0-a	1.60	0.013350		0.758	148.0
NGC 7723	SBb	2.32	0.006261		0.705	55.0
NGC 7724	SBb	1.00	0.006391		0.680	45.0
NGC 7725	S0	0.74	0.020140		0.860	96.0
NGC 7726	Sb	0.56	0.025384	NGC identification is not certain.	0.412	64.0
NGC 7727	SABa	2.75	0.006131		0.762	27.0
NGC 7728	E	1.14	0.031370		0.803	78.0
NGC 7729	SABa	0.57	0.017465		0.337	7.0
NGC 773	SABa	0.72	0.018423		0.522	178.0
NGC 7730	SBbc	0.29	0.031232	Identification as NGC 7730 is not certain.	0.382	135.0
NGC 7731	SBa	0.77	0.010190		0.733	79.0
NGC 7732	Scd	0.47	0.010367		0.315	92.0
NGC 7733	SBb	0.60	0.033977		0.476	104.0
NGC 7734	SBb	1.00	0.035254		0.714	144.0
NGC 7735	E	1.09	0.032015		0.784	86.0
NGC 7736	S0	1.50	0.015050		0.904	77.0
NGC 7737	S0-a	0.46	0.025344		0.422	146.0
NGC 7738	Sb	0.59	0.022645	The NGC identification is very uncertain.	0.496	55.0
NGC 7739	E	0.66	0.022040	The NGC identification is very uncertain.	0.868	92.0
NGC 774	S0	1.06	0.015330		0.828	164.0
NGC 7740	S0	0.68	0.030264		0.630	140.0
NGC 7741	SBc	2.38	0.002475		0.656	158.0
NGC 7742	Sb	1.64	0.005514		0.959	15.0
NGC 7743	S0-a	2.18	0.005644		0.835	86.0
NGC 7744	E-S0	2.11	0.010094		0.851	109.0
NGC 7745		0.68	0.059018		1.000	170.0
NGC 7746	S0	0.84	0.023260		0.724	164.0
NGC 7747	SBb	0.54	0.025850		0.383	38.0
NGC 7748			-0.000041			
NGC 7749	S0	1.17	0.035000		0.669	33.0
NGC 775	SABc	1.28	0.015325		0.757	162.0
NGC 7750	SBc	0.73	0.009724		0.487	175.0
NGC 7751	E	1.45	0.010970		0.980	115.0
NGC 7752	S?	0.46	0.016570		0.500	106.0
NGC 7753	SABb	0.54	0.017320		0.269	61.0
NGC 7754	Sa	0.32	0.025890		0.492	132.0
NGC 7755	Sc	2.27	0.009926		0.614	27.0
NGC 7756				Identification as NGC 7756 is not certain.		
NGC 7757	SABc	1.34	0.009857		0.732	108.0
NGC 7758	E-S0	0.52	0.043643		0.675	108.0
NGC 7759	S0	1.11	0.024743		0.725	103.0
NGC 776	SABa	1.29	0.016371		0.956	135.0
NGC 7760	E	1.05	0.016975		0.921	0.0
NGC 7761	S0	1.08	0.023983		0.878	68.0
NGC 7762			-0.000151			
NGC 7763	E-S0	0.39	0.018708		0.534	161.0
NGC 7764	SBm	1.45	0.005681		0.744	146.0
NGC 7764A	Sc	0.46	0.031043		0.622	77.0
NGC 7765		0.54	0.025207		0.783	113.0
NGC 7766		0.24	0.026632		0.276	31.0
NGC 7767	S0-a	0.25	0.026829		0.227	141.0
NGC 7768	E	0.95	0.027617		0.642	57.0
NGC 7769	Sb	0.67	0.013900		0.383	85.0
NGC 777	E	2.06	0.016708		0.749	148.0
NGC 7770	S0-a	0.85	0.014503		0.876	105.0
NGC 7771	Sa	1.24	0.015574		0.494	68.0
NGC 7773	Sbc	0.99	0.027999		0.900	50.0
NGC 7774 NED01	E	1.20	0.021562		0.909	105.0
NGC 7774 NED02	E-S0	0.74	0.021408		0.813	
NGC 7775	SABc	0.83	0.022450		0.838	28.0
NGC 7776	Sa	0.43	0.030685		0.430	154.0
NGC 7777	S0	0.66	0.023193		0.524	48.0
NGC 7778	E	0.98	0.017530		0.961	55.0
NGC 7779	S0-a	1.07	0.017032		0.718	5.0
NGC 778	S0	0.46	0.018113		0.438	150.0
NGC 7780	SABa	0.54	0.017195		0.545	0.0
NGC 7781	S0-a	0.25	0.018560		0.234	10.0
NGC 7782	Sb	1.41	0.017852		0.580	175.0
NGC 7783 NED01	S0	0.72	0.026140		0.465	109.0
NGC 7783 NED02	E-S0	0.51	0.026630		0.614	153.0
NGC 7784	E	0.58	0.026155		0.795	114.0
NGC 7785	E	1.09	0.012832		0.559	142.0
NGC 7786	E	0.35	0.014480		0.625	7.0
NGC 7787	S0-a	0.43	0.022220		0.394	95.0
NGC 7788			-0.000024			
NGC 7789			-0.000182			
NGC 779	SABb	0.58	0.004631		0.430	160.0
NGC 7790			-0.000267			
NGC 7792	S0-a	0.77	0.043861		1.000	95.0
NGC 7793	Scd	6.05	0.000757		0.581	89.0
NGC 7794	Sc	0.72	0.017555		0.615	10.0
NGC 7796	E	2.38	0.011261		0.872	178.0
NGC 7797	Sbc	0.84	0.029504		0.933	35.0
NGC 7798	SBc	1.33	0.008202		0.917	100.0
NGC 780	Sb	0.81	0.017479		0.491	171.0
NGC 7800	IB	0.72	0.005672		0.414	45.0
NGC 7802	S0	0.80	0.017646		0.678	53.0
NGC 7803	S0-a	0.51	0.017838		0.593	80.0
NGC 7805	S0	0.69	0.016110		0.486	47.0
NGC 7806	SABb	0.65	0.016110		0.537	20.0
NGC 7807	SBab	0.60	0.025530		0.822	35.0
NGC 7808	S0	1.00	0.029610		0.926	60.0
NGC 7809	I	0.38	0.063901		0.844	65.0
NGC 781	Sa	0.41	0.011631		0.279	12.0
NGC 7810	S0	0.64	0.018419		0.667	78.0
NGC 7811	I	0.37	0.025504		0.949	130.0
NGC 7812	SABb	0.73	0.022799		0.664	112.0
NGC 7813	Sb	0.26	0.030198		0.321	158.0
NGC 7814	Sab	1.88	0.003505		0.430	135.0
NGC 7816	Sbc	1.53	0.017550		0.933	105.0
NGC 7817	Sbc	0.73	0.007699		0.222	46.0
NGC 7818	Sc	0.80	0.020644		0.860	162.0
NGC 7819	Sb	0.79	0.016602		0.549	97.0
NGC 782	SBb	2.03	0.020568		0.829	41.0
NGC 7820	S0-a	0.60	0.010200		0.390	167.0
NGC 7821	SABc	0.38	0.024800		0.333	116.0
NGC 7822		4.00		NGC identification is not certain.	0.200	
NGC 7823	SBbc	0.70	0.015257		0.619	30.0
NGC 7824	Sab	1.04	0.020451		0.654	151.0
NGC 7825	Sa	0.37	0.026870		0.389	134.0
NGC 7827	S0	1.18	0.017666		0.915	40.0
NGC 7828	Sd	0.82	0.019296		0.396	137.0
NGC 7829	S0-a	0.82	0.019255		0.396	110.0
NGC 783	Sc	0.75	0.017312		0.543	63.0
NGC 7831	Sb	0.39	0.016855		0.217	40.0
NGC 7832	E	0.38	0.020694		0.226	23.0
NGC 7834	Sc	0.83	0.017435		0.892	16.0
NGC 7835	Sb	0.24	0.040320		0.429	150.0
NGC 7836	E?	0.39	0.016488		0.433	133.0
NGC 7837	Sb	0.38	0.036290		0.567	169.0
NGC 7838	S0-a	0.57	0.038680		0.438	93.0
NGC 784	SBd	1.07	0.000650		0.257	1.0
NGC 7840		0.46			0.676	127.0
NGC 785	E	0.90	0.016601		0.562	77.0
NGC 786	Sc	0.64	0.015100		0.810	150.0
NGC 787	Sb	1.30	0.015978		0.695	91.0
NGC 788	S0-a	1.42	0.013697		0.816	108.0
NGC 789	Sb	0.48	0.017500		0.696	4.0
NGC 78A	S0-a	0.65	0.016920		0.556	75.0
NGC 78B	S0-a	0.82	0.018270		0.820	137.0
NGC 79	E	0.72	0.018326		0.911	140.0
NGC 790	S0	1.21	0.017842		0.877	142.0
NGC 791	E	1.49	0.026702		1.000	5.0
NGC 792	S0	0.67	0.015457		0.528	130.0
NGC 794	E-S0	0.96	0.027446		0.787	53.0
NGC 795	E	0.77	0.019227		0.602	138.0
NGC 796		1.10		In the Small Magellanic Cloud.	0.917	110.0
NGC 797 NED01		0.33			0.688	135.0
NGC 797 NED02	SABa	1.06			0.876	75.0
NGC 798	E	0.44	0.016832		0.370	136.0
NGC 799	SBa	1.44	0.019400		0.842	35.0
NGC 80	E-S0	1.61	0.018946		0.885	5.0
NGC 800	Sc	0.79	0.019870		0.731	11.0
NGC 801	Sc	0.59	0.019187		0.214	151.0
NGC 802	S0-a	0.59	0.004954		0.656	153.0
NGC 803	Sc	0.92	0.007002		0.345	10.0
NGC 804	S0	0.33	0.017639		0.260	8.0
NGC 805	S0	0.68	0.015217		0.648	110.0
NGC 806	SBc	0.38	0.013049		0.281	59.0
NGC 807	E	1.08	0.015871		0.632	142.0
NGC 808	Sbc	0.62	0.016491		0.473	12.0
NGC 809	S0	0.86	0.017810		0.775	173.0
NGC 81		0.30	0.020450		0.732	88.0
NGC 810 NED01	E	0.88	0.025920		0.629	31.0
NGC 810 NED02	E?	0.65	0.024690		0.663	3.0
NGC 811	Scd	0.46	0.006405	Identification as NGC 0811 is uncertain.	0.465	48.0
NGC 812	Sc	0.97	0.017469		0.354	161.0
NGC 813	S0-a	0.95	0.027219		0.669	98.0
NGC 814	S0	0.59	0.005405		0.447	7.0
NGC 815 NED01		0.13			0.867	121.0
NGC 815 NED02		0.35	0.053400		0.778	70.0
NGC 816		0.52	0.036959		0.788	85.0
NGC 817	S0-a	0.40	0.015040		0.449	29.0
NGC 818	Sbc	0.76	0.014156		0.345	112.0
NGC 819	Sbc	0.45	0.021908		0.750	5.0
NGC 820	Sb	0.79	0.014770		0.590	67.0
NGC 821	E	2.10	0.005814		0.857	26.0
NGC 822	E	0.87	0.017856		0.621	77.0
NGC 823	E-S0	1.10	0.014754		0.714	107.0
NGC 824	Sbc	0.38	0.019310		0.255	28.0
NGC 825	Sa	0.66	0.011575		0.320	52.0
NGC 826	E	0.78	0.016134		0.780	16.0
NGC 827	Sb	1.14	0.011478		0.518	84.0
NGC 828	Sa	2.13	0.017729		0.747	115.0
NGC 829	SBc	0.77	0.013613		0.653	104.0
NGC 83	E	1.10	0.021421		0.880	112.0
NGC 830	E-S0	0.82	0.012860		0.586	76.0
NGC 831	Sc	0.34	0.024000		0.773	110.0
NGC 833	SABa	0.67	0.012860		0.411	85.0
NGC 834	Sb	0.50	0.015591		0.476	22.0
NGC 835	Sab	0.73	0.013947		0.839	5.0
NGC 836	S0-a	0.84	0.014637		0.757	106.0
NGC 837	Sb	0.39	0.018673		0.394	13.0
NGC 838	S0-a	0.97	0.012840		0.724	77.0
NGC 839	S0-a	0.64	0.012916		0.430	86.0
NGC 840	Sb	0.78	0.024143		0.448	77.0
NGC 841	Sab	0.87	0.015097		0.500	134.0
NGC 842	S0	0.85	0.012649		0.489	157.0
NGC 844		0.38	0.015097		0.776	45.0
NGC 845	Sb	0.33	0.014850		0.202	148.0
NGC 846	SBab	1.68	0.016940		0.875	129.0
NGC 848	SBab	1.05	0.013436		0.772	147.0
NGC 849	S0	0.44	0.018606		0.746	104.0
NGC 85	S0	0.62	0.018396		0.899	156.0
NGC 850	S0-a	1.00	0.027226		0.820	92.0
NGC 851	S0-a	0.66	0.010411		0.579	135.0
NGC 852	SBbc	1.00	0.021656		0.735	90.0
NGC 853	Sm	1.17	0.005128		0.650	50.0
NGC 854	SBc	0.72	0.020721		0.360	2.0
NGC 855	E	1.08	0.001981		0.367	67.0
NGC 856	Sa	0.94	0.020070		0.790	17.0
NGC 857	S0	1.34	0.011355		0.848	89.0
NGC 858	Sc	1.01	0.041990		0.802	140.0
NGC 85B	Sbc	0.34	0.019447		0.321	122.0
NGC 86	S0-a	0.28	0.018663		0.373	8.0
NGC 860	E	0.52	0.029430		0.825	109.0
NGC 861	Sb	0.42	0.027249		0.284	36.0
NGC 862	E	0.97	0.017659		0.933	70.0
NGC 863	Sa	1.15	0.026090		0.906	35.0
NGC 864	SABc	2.57	0.005204		0.691	21.0
NGC 865	Sbc	0.27	0.010041		0.167	159.0
NGC 867	S0-a	1.11	0.021410		0.895	85.0
NGC 868	E-S0	0.54	0.026790		0.684	111.0
NGC 869			-0.000130			
NGC 87	IB	0.71	0.011828		0.826	6.0
NGC 870		0.34	0.056830		0.919	105.0
NGC 871	SBc	0.33	0.012500		0.327	4.0
NGC 872	SBc	0.55	0.014457		0.311	175.0
NGC 873	Sc	1.07	0.013507		0.723	146.0
NGC 874	Sab	0.48			0.475	175.0
NGC 876	Sc	0.38	0.013166		0.288	26.0
NGC 877	SABc	1.47	0.013413		0.766	138.0
NGC 878	Sa	0.53	0.038542		0.609	110.0
NGC 879	I	0.64	0.013090		0.831	16.0
NGC 88	S0-a	0.49	0.011615		0.576	146.0
NGC 880	S?	0.38	0.041656		0.655	26.0
NGC 881	SABc	1.26	0.017712		0.553	133.0
NGC 882	S0	0.48	0.013152		0.425	83.0
NGC 883	E-S0	1.40	0.018126		0.892	77.0
NGC 884			-0.000149			
NGC 887	SABc	1.34	0.014490		0.807	21.0
NGC 888	E	0.90	0.029190		0.776	85.0
NGC 889	E	0.89	0.017540		0.718	98.0
NGC 89	S0-a	0.56	0.012838		0.452	140.0
NGC 890	E-S0	0.67	0.013800		0.609	45.0
NGC 891	Sb	3.03	0.001763		0.233	22.0
NGC 892	Sab	0.40	0.034205		0.556	5.0
NGC 893	Sc	0.83	0.016840		0.619	123.0
NGC 895	Sc	2.22	0.007651		0.669	109.0
NGC 896		10.00			1.000	
NGC 897	Sa	1.43	0.016008		0.711	25.0
NGC 898	Sab	0.47	0.018146		0.269	170.0
NGC 899	IB	1.21	0.005236		0.742	121.0
NGC 9	Sb	0.31	0.015087		0.443	149.0
NGC 90	SABc	0.81	0.017856		0.827	120.0
NGC 900	S0	0.62	0.032540		0.674	36.0
NGC 901	E	0.55	0.033152		0.705	36.0
NGC 902	SBbc	0.55	0.023437		0.743	26.0
NGC 903		0.40	0.016820		0.541	168.0
NGC 904	E	0.85	0.017956		0.586	129.0
NGC 905	S0-a	0.30	0.045510		0.492	114.0
NGC 906	Sab	1.01	0.015610		0.692	16.0
NGC 907	SBd	0.75	0.005519		0.339	87.0
NGC 908	SABc	2.82	0.004996		0.459	77.0
NGC 909	E	1.02	0.016471		1.000	40.0
NGC 910	E	1.51	0.017614		0.844	17.0
NGC 911	E	0.84	0.018850		0.497	115.0
NGC 912	S0-a	0.60	0.014700		0.759	147.0
NGC 913		0.33	0.016871		0.541	20.0
NGC 914	Sc	1.04	0.018466		0.667	116.0
NGC 915	E	0.76	0.032240		1.000	160.0
NGC 916	S0-a	0.53	0.032409		0.449	9.0
NGC 917	Sab	0.99	0.018059		0.559	57.0
NGC 918	Sc	1.73			0.560	157.0
NGC 919	Sab	0.32	0.034521		0.244	138.0
NGC 92	Sa	0.76	0.011278		0.461	150.0
NGC 920	SBb	0.85	0.020886		0.726	3.0
NGC 921	SBc	0.53	0.022789		0.424	82.0
NGC 922	SBc	1.77	0.010270		0.843	14.0
NGC 923	SABb	0.55	0.019020		0.705	120.0
NGC 924	S0	1.18	0.014954		0.581	52.0
NGC 925	Scd	5.75	0.001846		0.536	107.0
NGC 926	Sbc	0.78	0.021320		0.446	39.0
NGC 927	SBc	1.02	0.027529		0.864	0.0
NGC 928	Sa	0.54	0.017078		0.600	45.0
NGC 929	Sa	0.40	0.016050		0.455	171.0
NGC 93	Sab	0.73	0.017950		0.562	50.0
NGC 931	Sbc	0.69	0.016338		0.282	75.0
NGC 932	Sa	1.85	0.013646	Often misidentified as NGC 0930 (which does not exist).	0.925	145.0
NGC 933	Sbc	0.96	0.087030		0.522	37.0
NGC 934	E-S0	0.80	0.021020		0.702	127.0
NGC 935	Sc	0.98	0.013913		0.620	155.0
NGC 936	S0-a	3.18	0.004096		0.716	133.0
NGC 937	Sc	0.35	0.018963		0.393	115.0
NGC 938	E	1.14	0.013653		0.735	97.0
NGC 939	E	1.16	0.017186		0.699	100.0
NGC 94		0.31	0.019714		0.608	20.0
NGC 940	S0	1.15	0.017172		0.701	20.0
NGC 941	SABc	1.33	0.005398		0.711	171.0
NGC 942	S0	0.87	0.014590		0.489	2.0
NGC 943	S0-a	0.95	0.014590		0.613	26.0
NGC 944	S0-a	0.37	0.012740		0.366	18.0
NGC 945	SBc	1.82	0.014954		0.883	170.0
NGC 946	S0	0.84	0.019020		0.592	66.0
NGC 947	SABc	1.15	0.016629		0.537	59.0
NGC 948	Sc	0.96	0.015020		0.821	30.0
NGC 949	Sb	1.35	0.002033		0.435	144.0
NGC 95	SABc	1.08	0.018030		0.740	85.0
NGC 950	SBb	0.63	0.015775		0.534	47.0
NGC 951	SBab	0.54	0.020514		0.500	22.0
NGC 953	E	1.19	0.015821		0.810	14.0
NGC 954	SBc	0.94	0.017830		0.525	16.0
NGC 955	Sab	0.88	0.005060		0.324	20.0
NGC 957			-0.000143			
NGC 958	SBc	0.72	0.019290		0.287	2.0
NGC 959	Sd	1.11	0.001993		0.594	67.0
NGC 96	E-S0	0.64	0.020630		0.941	130.0
NGC 960	SABb	0.32	0.016233		0.260	125.0
NGC 961	Sm	1.04	0.004282		0.575	96.0
NGC 962	E-S0	1.03	0.015464		0.705	178.0
NGC 963	I	0.79	0.004909		0.988	110.0
NGC 964	Sab	0.50	0.016041		0.229	33.0
NGC 965	SBc	0.77	0.022925		0.819	173.0
NGC 966	E-S0	0.95	0.034502		0.841	107.0
NGC 967	E-S0	1.06	0.028546		0.716	41.0
NGC 968	E	0.45	0.012560		0.375	49.0
NGC 969	S0	1.16	0.015030		0.686	8.0
NGC 97	E	1.16	0.015964		0.879	25.0
NGC 970 NED01		0.20			0.714	72.0
NGC 970 NED02		0.26	0.032700		0.361	53.0
NGC 972	Sab	1.61	0.005147		0.486	151.0
NGC 973	Sb	0.43	0.016730		0.131	49.0
NGC 974	SABb	2.60	0.014947		0.812	15.0
NGC 975	S0-a	0.63	0.020317		0.750	1.0
NGC 976	Sbc	1.44	0.014090		0.935	160.0
NGC 977	Sa	1.17	0.015207		0.643	38.0
NGC 978A	E-S0	1.53	0.015731		0.836	85.0
NGC 978B	S0	0.28	0.015097		0.438	7.0
NGC 979	S0	1.12	0.015930		0.812	108.0
NGC 98	SBbc	1.37	0.020801		0.846	65.0
NGC 980	S0	0.81	0.019310		0.494	110.0
NGC 981	Sc	0.51	0.015147		0.472	6.0
NGC 982	Sa	0.63	0.019323		0.394	132.0
NGC 983	SBb	0.69	0.015794		0.595	136.0
NGC 984	S0-a	1.10	0.014653		0.663	114.0
NGC 985	I	0.66	0.042710		0.767	80.0
NGC 986	Sab	3.03	0.006606		0.804	52.0
NGC 986A		0.29	0.004701		0.157	78.0
NGC 987	S0-a	1.07	0.015020		0.704	36.0
NGC 988	Sc	1.73	0.005075		0.400	119.0
NGC 989	S0	0.84	0.025140		0.913	85.0
NGC 99	Sc	0.88	0.017710		0.838	46.0
NGC 990	E	1.12	0.011701		0.757	41.0
NGC 991	SABc	1.31	0.005197		0.885	75.0
NGC 992	SBc	0.59	0.013760		0.747	8.0
NGC 993	E-S0	0.68	0.023326		0.791	105.0
NGC 995	S0	0.76	0.013390		0.585	36.0
NGC 996	E	1.12	0.015409		0.862	75.0
NGC 997 NED01		0.22			0.667	62.0
NGC 997 NED02	E	1.02	0.021688		0.911	5.0
NGC 998		0.52	0.021840		0.825	175.0
NGC 999	SABa	0.69	0.015097		0.885	61.0
PGC000143	IB	3.55	-0.000434		0.339	5.0
PGC003853	SABc	3.16	0.003668		0.740	57.0
PGC025886	SABb	0.83	0.006250		0.144	30.0
PGC029653	IB	4.47	0.001081		0.851	0.0
PGC088608	E-S0	12.02	0.000748		0.398	56.0
UGC04305	I	5.62	0.000524		0.708	15.0
UGC05373	IB	3.09	0.001015		0.631	101.0
UGC05470	E	8.51	0.000943		0.724	81.0
